[09:47:54] pass 1: --kinds step --cells A,C --methods none,T0,G,GT,PPC --inits 0-9 --headroom --n-envs 10 --t-ramp 5 --k-p 1.0 --out results/c1-e2/grid.jsonl
[robosuite WARNING] No private macro file found! (__init__.py:7)
WARNING:robosuite_logs:No private macro file found!
[robosuite WARNING] It is recommended to use a private macro file (__init__.py:8)
WARNING:robosuite_logs:It is recommended to use a private macro file
[robosuite WARNING] To setup, run: python /workspace/jit-reflex/venv/lib/python3.12/site-packages/robosuite/scripts/setup_macros.py (__init__.py:9)
WARNING:robosuite_logs:To setup, run: python /workspace/jit-reflex/venv/lib/python3.12/site-packages/robosuite/scripts/setup_macros.py
Warning: You are sending unauthenticated requests to the HF Hub. Please set a HF_TOKEN to enable higher rate limits and faster downloads.
WARNING:huggingface_hub.utils._http:Warning: You are sending unauthenticated requests to the HF Hub. Please set a HF_TOKEN to enable higher rate limits and faster downloads.
2600 episodes to run
[info] using task orders [0, 1, 2, 3, 4, 5, 6, 7, 8, 9]
/usr/lib/python3.12/multiprocessing/popen_fork.py:66: DeprecationWarning: This process (pid=163584) is multi-threaded, use of fork() may lead to deadlocks in the child.
  self.pid = os.fork()
[info] using task orders [0, 1, 2, 3, 4, 5, 6, 7, 8, 9]
[info] using task orders [0, 1, 2, 3, 4, 5, 6, 7, 8, 9]
[info] using task orders [0, 1, 2, 3, 4, 5, 6, 7, 8, 9]
[info] using task orders [0, 1, 2, 3, 4, 5, 6, 7, 8, 9]
[info] using task orders [0, 1, 2, 3, 4, 5, 6, 7, 8, 9]
[info] using task orders [0, 1, 2, 3, 4, 5, 6, 7, 8, 9]
[info] using task orders [0, 1, 2, 3, 4, 5, 6, 7, 8, 9]
[info] using task orders [0, 1, 2, 3, 4, 5, 6, 7, 8, 9]
[info] using task orders [0, 1, 2, 3, 4, 5, 6, 7, 8, 9]
[info] using task orders [0, 1, 2, 3, 4, 5, 6, 7, 8, 9]
Local assets not found. Downloading from HuggingFace Hub...
Assets already downloaded at /root/.cache/libero/assets
Local assets not found. Downloading from HuggingFace Hub...
Local assets not found. Downloading from HuggingFace Hub...
Assets already downloaded at /root/.cache/libero/assets
Assets already downloaded at /root/.cache/libero/assets
Local assets not found. Downloading from HuggingFace Hub...
Assets already downloaded at /root/.cache/libero/assets
Local assets not found. Downloading from HuggingFace Hub...
Assets already downloaded at /root/.cache/libero/assets
Local assets not found. Downloading from HuggingFace Hub...
Assets already downloaded at /root/.cache/libero/assets
Local assets not found. Downloading from HuggingFace Hub...
Assets already downloaded at /root/.cache/libero/assets
Local assets not found. Downloading from HuggingFace Hub...Local assets not found. Downloading from HuggingFace Hub...

Local assets not found. Downloading from HuggingFace Hub...
Assets already downloaded at /root/.cache/libero/assetsAssets already downloaded at /root/.cache/libero/assets

Assets already downloaded at /root/.cache/libero/assets
10/2600 episodes, 4.34 s/episode, eta 3.12 h
20/2600 episodes, 6.69 s/episode, eta 4.79 h
30/2600 episodes, 5.38 s/episode, eta 3.84 h
40/2600 episodes, 5.57 s/episode, eta 3.96 h
50/2600 episodes, 5.66 s/episode, eta 4.01 h
60/2600 episodes, 5.14 s/episode, eta 3.63 h
70/2600 episodes, 4.82 s/episode, eta 3.39 h
80/2600 episodes, 4.43 s/episode, eta 3.10 h
90/2600 episodes, 4.20 s/episode, eta 2.93 h
100/2600 episodes, 4.03 s/episode, eta 2.80 h
[info] using task orders [0, 1, 2, 3, 4, 5, 6, 7, 8, 9]
[info] using task orders [0, 1, 2, 3, 4, 5, 6, 7, 8, 9]
[info] using task orders [0, 1, 2, 3, 4, 5, 6, 7, 8, 9]
[info] using task orders [0, 1, 2, 3, 4, 5, 6, 7, 8, 9]
[info] using task orders [0, 1, 2, 3, 4, 5, 6, 7, 8, 9]
[info] using task orders [0, 1, 2, 3, 4, 5, 6, 7, 8, 9]
[info] using task orders [0, 1, 2, 3, 4, 5, 6, 7, 8, 9]
[info] using task orders [0, 1, 2, 3, 4, 5, 6, 7, 8, 9]
[info] using task orders [0, 1, 2, 3, 4, 5, 6, 7, 8, 9]
[info] using task orders [0, 1, 2, 3, 4, 5, 6, 7, 8, 9]
[info] using task orders [0, 1, 2, 3, 4, 5, 6, 7, 8, 9]
Local assets not found. Downloading from HuggingFace Hub...
Assets already downloaded at /root/.cache/libero/assets
Local assets not found. Downloading from HuggingFace Hub...Local assets not found. Downloading from HuggingFace Hub...

Local assets not found. Downloading from HuggingFace Hub...
Assets already downloaded at /root/.cache/libero/assets
Assets already downloaded at /root/.cache/libero/assets
Assets already downloaded at /root/.cache/libero/assets
Local assets not found. Downloading from HuggingFace Hub...
Assets already downloaded at /root/.cache/libero/assets
Local assets not found. Downloading from HuggingFace Hub...
Assets already downloaded at /root/.cache/libero/assets
Local assets not found. Downloading from HuggingFace Hub...
Assets already downloaded at /root/.cache/libero/assets
Local assets not found. Downloading from HuggingFace Hub...
Assets already downloaded at /root/.cache/libero/assets
Local assets not found. Downloading from HuggingFace Hub...
Local assets not found. Downloading from HuggingFace Hub...
Assets already downloaded at /root/.cache/libero/assetsAssets already downloaded at /root/.cache/libero/assets

110/2600 episodes, 4.08 s/episode, eta 2.82 h
120/2600 episodes, 4.22 s/episode, eta 2.91 h
130/2600 episodes, 4.11 s/episode, eta 2.82 h
140/2600 episodes, 4.19 s/episode, eta 2.86 h
150/2600 episodes, 4.22 s/episode, eta 2.87 h
160/2600 episodes, 4.11 s/episode, eta 2.79 h
170/2600 episodes, 4.06 s/episode, eta 2.74 h
180/2600 episodes, 3.92 s/episode, eta 2.64 h
190/2600 episodes, 3.84 s/episode, eta 2.57 h
200/2600 episodes, 3.76 s/episode, eta 2.51 h
[info] using task orders [0, 1, 2, 3, 4, 5, 6, 7, 8, 9]
[info] using task orders [0, 1, 2, 3, 4, 5, 6, 7, 8, 9]
[info] using task orders [0, 1, 2, 3, 4, 5, 6, 7, 8, 9]
[info] using task orders [0, 1, 2, 3, 4, 5, 6, 7, 8, 9]
[info] using task orders [0, 1, 2, 3, 4, 5, 6, 7, 8, 9]
[info] using task orders [0, 1, 2, 3, 4, 5, 6, 7, 8, 9]
[info] using task orders [0, 1, 2, 3, 4, 5, 6, 7, 8, 9]
[info] using task orders [0, 1, 2, 3, 4, 5, 6, 7, 8, 9]
[info] using task orders [0, 1, 2, 3, 4, 5, 6, 7, 8, 9]
[info] using task orders [0, 1, 2, 3, 4, 5, 6, 7, 8, 9]
[info] using task orders [0, 1, 2, 3, 4, 5, 6, 7, 8, 9]
Local assets not found. Downloading from HuggingFace Hub...
Assets already downloaded at /root/.cache/libero/assets
Local assets not found. Downloading from HuggingFace Hub...
Local assets not found. Downloading from HuggingFace Hub...
Assets already downloaded at /root/.cache/libero/assets
Assets already downloaded at /root/.cache/libero/assets
Local assets not found. Downloading from HuggingFace Hub...
Assets already downloaded at /root/.cache/libero/assets
Local assets not found. Downloading from HuggingFace Hub...
Assets already downloaded at /root/.cache/libero/assets
Local assets not found. Downloading from HuggingFace Hub...
Assets already downloaded at /root/.cache/libero/assets
Local assets not found. Downloading from HuggingFace Hub...
Assets already downloaded at /root/.cache/libero/assets
Local assets not found. Downloading from HuggingFace Hub...
Assets already downloaded at /root/.cache/libero/assets
Local assets not found. Downloading from HuggingFace Hub...
Assets already downloaded at /root/.cache/libero/assets
Local assets not found. Downloading from HuggingFace Hub...
Assets already downloaded at /root/.cache/libero/assets
210/2600 episodes, 3.80 s/episode, eta 2.52 h
220/2600 episodes, 3.98 s/episode, eta 2.63 h
230/2600 episodes, 3.93 s/episode, eta 2.58 h
240/2600 episodes, 3.98 s/episode, eta 2.61 h
250/2600 episodes, 4.03 s/episode, eta 2.63 h
260/2600 episodes, 3.98 s/episode, eta 2.58 h
270/2600 episodes, 3.92 s/episode, eta 2.54 h
280/2600 episodes, 3.84 s/episode, eta 2.47 h
290/2600 episodes, 3.78 s/episode, eta 2.43 h
300/2600 episodes, 3.74 s/episode, eta 2.39 h
[info] using task orders [0, 1, 2, 3, 4, 5, 6, 7, 8, 9]
[info] using task orders [0, 1, 2, 3, 4, 5, 6, 7, 8, 9]
[info] using task orders [0, 1, 2, 3, 4, 5, 6, 7, 8, 9]
[info] using task orders [0, 1, 2, 3, 4, 5, 6, 7, 8, 9]
[info] using task orders [0, 1, 2, 3, 4, 5, 6, 7, 8, 9]
[info] using task orders [0, 1, 2, 3, 4, 5, 6, 7, 8, 9]
[info] using task orders [0, 1, 2, 3, 4, 5, 6, 7, 8, 9]
[info] using task orders [0, 1, 2, 3, 4, 5, 6, 7, 8, 9]
[info] using task orders [0, 1, 2, 3, 4, 5, 6, 7, 8, 9]
[info] using task orders [0, 1, 2, 3, 4, 5, 6, 7, 8, 9]
[info] using task orders [0, 1, 2, 3, 4, 5, 6, 7, 8, 9]
Local assets not found. Downloading from HuggingFace Hub...
Assets already downloaded at /root/.cache/libero/assets
Local assets not found. Downloading from HuggingFace Hub...
Assets already downloaded at /root/.cache/libero/assets
Local assets not found. Downloading from HuggingFace Hub...Local assets not found. Downloading from HuggingFace Hub...

Assets already downloaded at /root/.cache/libero/assets
Assets already downloaded at /root/.cache/libero/assets
Local assets not found. Downloading from HuggingFace Hub...
Assets already downloaded at /root/.cache/libero/assets
Local assets not found. Downloading from HuggingFace Hub...
Assets already downloaded at /root/.cache/libero/assets
Local assets not found. Downloading from HuggingFace Hub...
Assets already downloaded at /root/.cache/libero/assets
Local assets not found. Downloading from HuggingFace Hub...
Assets already downloaded at /root/.cache/libero/assets
Local assets not found. Downloading from HuggingFace Hub...
Assets already downloaded at /root/.cache/libero/assets
Local assets not found. Downloading from HuggingFace Hub...
Assets already downloaded at /root/.cache/libero/assets
310/2600 episodes, 3.77 s/episode, eta 2.40 h
320/2600 episodes, 3.91 s/episode, eta 2.48 h
330/2600 episodes, 3.88 s/episode, eta 2.45 h
340/2600 episodes, 3.88 s/episode, eta 2.44 h
350/2600 episodes, 3.97 s/episode, eta 2.48 h
360/2600 episodes, 3.93 s/episode, eta 2.45 h
370/2600 episodes, 3.90 s/episode, eta 2.41 h
380/2600 episodes, 3.83 s/episode, eta 2.36 h
390/2600 episodes, 3.80 s/episode, eta 2.33 h
400/2600 episodes, 3.75 s/episode, eta 2.29 h
[info] using task orders [0, 1, 2, 3, 4, 5, 6, 7, 8, 9]
[info] using task orders [0, 1, 2, 3, 4, 5, 6, 7, 8, 9]
[info] using task orders [0, 1, 2, 3, 4, 5, 6, 7, 8, 9]
[info] using task orders [0, 1, 2, 3, 4, 5, 6, 7, 8, 9]
[info] using task orders [0, 1, 2, 3, 4, 5, 6, 7, 8, 9]
[info] using task orders [0, 1, 2, 3, 4, 5, 6, 7, 8, 9]
[info] using task orders [0, 1, 2, 3, 4, 5, 6, 7, 8, 9]
[info] using task orders [0, 1, 2, 3, 4, 5, 6, 7, 8, 9]
[info] using task orders [0, 1, 2, 3, 4, 5, 6, 7, 8, 9]
[info] using task orders [0, 1, 2, 3, 4, 5, 6, 7, 8, 9]
[info] using task orders [0, 1, 2, 3, 4, 5, 6, 7, 8, 9]
Local assets not found. Downloading from HuggingFace Hub...
Assets already downloaded at /root/.cache/libero/assets
Local assets not found. Downloading from HuggingFace Hub...
Assets already downloaded at /root/.cache/libero/assets
Local assets not found. Downloading from HuggingFace Hub...
Assets already downloaded at /root/.cache/libero/assets
Local assets not found. Downloading from HuggingFace Hub...
Assets already downloaded at /root/.cache/libero/assets
Local assets not found. Downloading from HuggingFace Hub...
Local assets not found. Downloading from HuggingFace Hub...
Assets already downloaded at /root/.cache/libero/assets
Assets already downloaded at /root/.cache/libero/assets
Local assets not found. Downloading from HuggingFace Hub...
Assets already downloaded at /root/.cache/libero/assets
Local assets not found. Downloading from HuggingFace Hub...
Assets already downloaded at /root/.cache/libero/assets
Local assets not found. Downloading from HuggingFace Hub...
Assets already downloaded at /root/.cache/libero/assets
Local assets not found. Downloading from HuggingFace Hub...
Assets already downloaded at /root/.cache/libero/assets
410/2600 episodes, 3.78 s/episode, eta 2.30 h
420/2600 episodes, 3.95 s/episode, eta 2.39 h
430/2600 episodes, 3.93 s/episode, eta 2.37 h
440/2600 episodes, 4.02 s/episode, eta 2.41 h
450/2600 episodes, 4.12 s/episode, eta 2.46 h
460/2600 episodes, 4.08 s/episode, eta 2.43 h
470/2600 episodes, 4.08 s/episode, eta 2.42 h
480/2600 episodes, 4.03 s/episode, eta 2.37 h
490/2600 episodes, 4.03 s/episode, eta 2.36 h
500/2600 episodes, 4.00 s/episode, eta 2.34 h
[info] using task orders [0, 1, 2, 3, 4, 5, 6, 7, 8, 9]
[info] using task orders [0, 1, 2, 3, 4, 5, 6, 7, 8, 9]
[info] using task orders [0, 1, 2, 3, 4, 5, 6, 7, 8, 9]
[info] using task orders [0, 1, 2, 3, 4, 5, 6, 7, 8, 9]
[info] using task orders [0, 1, 2, 3, 4, 5, 6, 7, 8, 9]
[info] using task orders [0, 1, 2, 3, 4, 5, 6, 7, 8, 9]
[info] using task orders [0, 1, 2, 3, 4, 5, 6, 7, 8, 9]
[info] using task orders [0, 1, 2, 3, 4, 5, 6, 7, 8, 9]
[info] using task orders [0, 1, 2, 3, 4, 5, 6, 7, 8, 9]
[info] using task orders [0, 1, 2, 3, 4, 5, 6, 7, 8, 9]
[info] using task orders [0, 1, 2, 3, 4, 5, 6, 7, 8, 9]
Local assets not found. Downloading from HuggingFace Hub...
Assets already downloaded at /root/.cache/libero/assets
Local assets not found. Downloading from HuggingFace Hub...Local assets not found. Downloading from HuggingFace Hub...

Assets already downloaded at /root/.cache/libero/assets
Assets already downloaded at /root/.cache/libero/assets
Local assets not found. Downloading from HuggingFace Hub...
Assets already downloaded at /root/.cache/libero/assets
Local assets not found. Downloading from HuggingFace Hub...
Assets already downloaded at /root/.cache/libero/assets
Local assets not found. Downloading from HuggingFace Hub...
Assets already downloaded at /root/.cache/libero/assets
Local assets not found. Downloading from HuggingFace Hub...
Assets already downloaded at /root/.cache/libero/assets
Local assets not found. Downloading from HuggingFace Hub...
Assets already downloaded at /root/.cache/libero/assets
Local assets not found. Downloading from HuggingFace Hub...
Assets already downloaded at /root/.cache/libero/assets
Local assets not found. Downloading from HuggingFace Hub...
Assets already downloaded at /root/.cache/libero/assets
510/2600 episodes, 4.02 s/episode, eta 2.33 h
520/2600 episodes, 4.12 s/episode, eta 2.38 h
530/2600 episodes, 4.10 s/episode, eta 2.35 h
540/2600 episodes, 4.13 s/episode, eta 2.36 h
550/2600 episodes, 4.19 s/episode, eta 2.38 h
560/2600 episodes, 4.16 s/episode, eta 2.35 h
570/2600 episodes, 4.15 s/episode, eta 2.34 h
580/2600 episodes, 4.10 s/episode, eta 2.30 h
590/2600 episodes, 4.09 s/episode, eta 2.28 h
600/2600 episodes, 4.08 s/episode, eta 2.26 h
[info] using task orders [0, 1, 2, 3, 4, 5, 6, 7, 8, 9]
[info] using task orders [0, 1, 2, 3, 4, 5, 6, 7, 8, 9]
[info] using task orders [0, 1, 2, 3, 4, 5, 6, 7, 8, 9]
[info] using task orders [0, 1, 2, 3, 4, 5, 6, 7, 8, 9]
[info] using task orders [0, 1, 2, 3, 4, 5, 6, 7, 8, 9]
[info] using task orders [0, 1, 2, 3, 4, 5, 6, 7, 8, 9]
[info] using task orders [0, 1, 2, 3, 4, 5, 6, 7, 8, 9]
[info] using task orders [0, 1, 2, 3, 4, 5, 6, 7, 8, 9]
[info] using task orders [0, 1, 2, 3, 4, 5, 6, 7, 8, 9]
[info] using task orders [0, 1, 2, 3, 4, 5, 6, 7, 8, 9]
[info] using task orders [0, 1, 2, 3, 4, 5, 6, 7, 8, 9]
Local assets not found. Downloading from HuggingFace Hub...Local assets not found. Downloading from HuggingFace Hub...Local assets not found. Downloading from HuggingFace Hub...Local assets not found. Downloading from HuggingFace Hub...Local assets not found. Downloading from HuggingFace Hub...




Assets already downloaded at /root/.cache/libero/assets
Assets already downloaded at /root/.cache/libero/assetsAssets already downloaded at /root/.cache/libero/assets

Assets already downloaded at /root/.cache/libero/assetsAssets already downloaded at /root/.cache/libero/assets

Local assets not found. Downloading from HuggingFace Hub...
Assets already downloaded at /root/.cache/libero/assets
Local assets not found. Downloading from HuggingFace Hub...
Assets already downloaded at /root/.cache/libero/assets
Local assets not found. Downloading from HuggingFace Hub...
Assets already downloaded at /root/.cache/libero/assets
Local assets not found. Downloading from HuggingFace Hub...
Assets already downloaded at /root/.cache/libero/assets
Local assets not found. Downloading from HuggingFace Hub...
Assets already downloaded at /root/.cache/libero/assets
610/2600 episodes, 4.09 s/episode, eta 2.26 h
620/2600 episodes, 4.15 s/episode, eta 2.28 h
630/2600 episodes, 4.13 s/episode, eta 2.26 h
640/2600 episodes, 4.16 s/episode, eta 2.27 h
650/2600 episodes, 4.17 s/episode, eta 2.26 h
660/2600 episodes, 4.14 s/episode, eta 2.23 h
670/2600 episodes, 4.12 s/episode, eta 2.21 h
680/2600 episodes, 4.09 s/episode, eta 2.18 h
690/2600 episodes, 4.06 s/episode, eta 2.15 h
700/2600 episodes, 4.04 s/episode, eta 2.13 h
[info] using task orders [0, 1, 2, 3, 4, 5, 6, 7, 8, 9]
[info] using task orders [0, 1, 2, 3, 4, 5, 6, 7, 8, 9]
[info] using task orders [0, 1, 2, 3, 4, 5, 6, 7, 8, 9]
[info] using task orders [0, 1, 2, 3, 4, 5, 6, 7, 8, 9]
[info] using task orders [0, 1, 2, 3, 4, 5, 6, 7, 8, 9]
[info] using task orders [0, 1, 2, 3, 4, 5, 6, 7, 8, 9]
[info] using task orders [0, 1, 2, 3, 4, 5, 6, 7, 8, 9]
[info] using task orders [0, 1, 2, 3, 4, 5, 6, 7, 8, 9]
[info] using task orders [0, 1, 2, 3, 4, 5, 6, 7, 8, 9]
[info] using task orders [0, 1, 2, 3, 4, 5, 6, 7, 8, 9]
[info] using task orders [0, 1, 2, 3, 4, 5, 6, 7, 8, 9]
Local assets not found. Downloading from HuggingFace Hub...Local assets not found. Downloading from HuggingFace Hub...

Assets already downloaded at /root/.cache/libero/assetsAssets already downloaded at /root/.cache/libero/assets

Local assets not found. Downloading from HuggingFace Hub...
Assets already downloaded at /root/.cache/libero/assets
Local assets not found. Downloading from HuggingFace Hub...
Assets already downloaded at /root/.cache/libero/assets
Local assets not found. Downloading from HuggingFace Hub...
Assets already downloaded at /root/.cache/libero/assets
Local assets not found. Downloading from HuggingFace Hub...
Assets already downloaded at /root/.cache/libero/assets
Local assets not found. Downloading from HuggingFace Hub...
Assets already downloaded at /root/.cache/libero/assets
Local assets not found. Downloading from HuggingFace Hub...
Assets already downloaded at /root/.cache/libero/assets
Local assets not found. Downloading from HuggingFace Hub...Local assets not found. Downloading from HuggingFace Hub...

Assets already downloaded at /root/.cache/libero/assetsAssets already downloaded at /root/.cache/libero/assets

710/2600 episodes, 4.05 s/episode, eta 2.13 h
720/2600 episodes, 4.11 s/episode, eta 2.15 h
730/2600 episodes, 4.10 s/episode, eta 2.13 h
740/2600 episodes, 4.10 s/episode, eta 2.12 h
750/2600 episodes, 4.11 s/episode, eta 2.11 h
760/2600 episodes, 4.08 s/episode, eta 2.09 h
770/2600 episodes, 4.06 s/episode, eta 2.06 h
780/2600 episodes, 4.03 s/episode, eta 2.04 h
790/2600 episodes, 4.00 s/episode, eta 2.01 h
800/2600 episodes, 3.97 s/episode, eta 1.98 h
[info] using task orders [0, 1, 2, 3, 4, 5, 6, 7, 8, 9]
[info] using task orders [0, 1, 2, 3, 4, 5, 6, 7, 8, 9]
[info] using task orders [0, 1, 2, 3, 4, 5, 6, 7, 8, 9]
[info] using task orders [0, 1, 2, 3, 4, 5, 6, 7, 8, 9]
[info] using task orders [0, 1, 2, 3, 4, 5, 6, 7, 8, 9]
[info] using task orders [0, 1, 2, 3, 4, 5, 6, 7, 8, 9]
[info] using task orders [0, 1, 2, 3, 4, 5, 6, 7, 8, 9]
[info] using task orders [0, 1, 2, 3, 4, 5, 6, 7, 8, 9]
[info] using task orders [0, 1, 2, 3, 4, 5, 6, 7, 8, 9]
[info] using task orders [0, 1, 2, 3, 4, 5, 6, 7, 8, 9]
[info] using task orders [0, 1, 2, 3, 4, 5, 6, 7, 8, 9]
Local assets not found. Downloading from HuggingFace Hub...
Assets already downloaded at /root/.cache/libero/assets
Local assets not found. Downloading from HuggingFace Hub...
Local assets not found. Downloading from HuggingFace Hub...
Assets already downloaded at /root/.cache/libero/assets
Assets already downloaded at /root/.cache/libero/assets
Local assets not found. Downloading from HuggingFace Hub...
Assets already downloaded at /root/.cache/libero/assets
Local assets not found. Downloading from HuggingFace Hub...
Local assets not found. Downloading from HuggingFace Hub...
Assets already downloaded at /root/.cache/libero/assets
Assets already downloaded at /root/.cache/libero/assets
Local assets not found. Downloading from HuggingFace Hub...
Assets already downloaded at /root/.cache/libero/assets
Local assets not found. Downloading from HuggingFace Hub...
Assets already downloaded at /root/.cache/libero/assets
Local assets not found. Downloading from HuggingFace Hub...
Assets already downloaded at /root/.cache/libero/assets
Local assets not found. Downloading from HuggingFace Hub...
Assets already downloaded at /root/.cache/libero/assets
810/2600 episodes, 3.98 s/episode, eta 1.98 h
820/2600 episodes, 4.04 s/episode, eta 2.00 h
830/2600 episodes, 4.03 s/episode, eta 1.98 h
840/2600 episodes, 4.03 s/episode, eta 1.97 h
850/2600 episodes, 4.05 s/episode, eta 1.97 h
860/2600 episodes, 4.03 s/episode, eta 1.95 h
870/2600 episodes, 4.02 s/episode, eta 1.93 h
880/2600 episodes, 3.99 s/episode, eta 1.91 h
890/2600 episodes, 3.97 s/episode, eta 1.88 h
900/2600 episodes, 3.95 s/episode, eta 1.87 h
[info] using task orders [0, 1, 2, 3, 4, 5, 6, 7, 8, 9]
[info] using task orders [0, 1, 2, 3, 4, 5, 6, 7, 8, 9]
[info] using task orders [0, 1, 2, 3, 4, 5, 6, 7, 8, 9]
[info] using task orders [0, 1, 2, 3, 4, 5, 6, 7, 8, 9]
[info] using task orders [0, 1, 2, 3, 4, 5, 6, 7, 8, 9]
[info] using task orders [0, 1, 2, 3, 4, 5, 6, 7, 8, 9]
[info] using task orders [0, 1, 2, 3, 4, 5, 6, 7, 8, 9]
[info] using task orders [0, 1, 2, 3, 4, 5, 6, 7, 8, 9]
[info] using task orders [0, 1, 2, 3, 4, 5, 6, 7, 8, 9]
[info] using task orders [0, 1, 2, 3, 4, 5, 6, 7, 8, 9]
[info] using task orders [0, 1, 2, 3, 4, 5, 6, 7, 8, 9]
Local assets not found. Downloading from HuggingFace Hub...
Assets already downloaded at /root/.cache/libero/assets
Local assets not found. Downloading from HuggingFace Hub...
Assets already downloaded at /root/.cache/libero/assets
Local assets not found. Downloading from HuggingFace Hub...
Local assets not found. Downloading from HuggingFace Hub...
Assets already downloaded at /root/.cache/libero/assets
Local assets not found. Downloading from HuggingFace Hub...
Assets already downloaded at /root/.cache/libero/assets
Assets already downloaded at /root/.cache/libero/assets
Local assets not found. Downloading from HuggingFace Hub...
Assets already downloaded at /root/.cache/libero/assets
Local assets not found. Downloading from HuggingFace Hub...
Local assets not found. Downloading from HuggingFace Hub...
Assets already downloaded at /root/.cache/libero/assets
Assets already downloaded at /root/.cache/libero/assets
Local assets not found. Downloading from HuggingFace Hub...
Assets already downloaded at /root/.cache/libero/assets
Local assets not found. Downloading from HuggingFace Hub...
Assets already downloaded at /root/.cache/libero/assets
910/2600 episodes, 3.96 s/episode, eta 1.86 h
920/2600 episodes, 3.99 s/episode, eta 1.86 h
930/2600 episodes, 3.98 s/episode, eta 1.85 h
940/2600 episodes, 3.98 s/episode, eta 1.84 h
950/2600 episodes, 4.00 s/episode, eta 1.83 h
960/2600 episodes, 3.98 s/episode, eta 1.81 h
970/2600 episodes, 3.97 s/episode, eta 1.80 h
980/2600 episodes, 3.95 s/episode, eta 1.78 h
990/2600 episodes, 3.93 s/episode, eta 1.76 h
1000/2600 episodes, 3.91 s/episode, eta 1.74 h
[info] using task orders [0, 1, 2, 3, 4, 5, 6, 7, 8, 9]
[info] using task orders [0, 1, 2, 3, 4, 5, 6, 7, 8, 9]
[info] using task orders [0, 1, 2, 3, 4, 5, 6, 7, 8, 9]
[info] using task orders [0, 1, 2, 3, 4, 5, 6, 7, 8, 9]
[info] using task orders [0, 1, 2, 3, 4, 5, 6, 7, 8, 9]
[info] using task orders [0, 1, 2, 3, 4, 5, 6, 7, 8, 9]
[info] using task orders [0, 1, 2, 3, 4, 5, 6, 7, 8, 9]
[info] using task orders [0, 1, 2, 3, 4, 5, 6, 7, 8, 9]
[info] using task orders [0, 1, 2, 3, 4, 5, 6, 7, 8, 9]
[info] using task orders [0, 1, 2, 3, 4, 5, 6, 7, 8, 9]
[info] using task orders [0, 1, 2, 3, 4, 5, 6, 7, 8, 9]
Local assets not found. Downloading from HuggingFace Hub...
Assets already downloaded at /root/.cache/libero/assets
Local assets not found. Downloading from HuggingFace Hub...
Assets already downloaded at /root/.cache/libero/assets
Local assets not found. Downloading from HuggingFace Hub...Local assets not found. Downloading from HuggingFace Hub...

Assets already downloaded at /root/.cache/libero/assetsAssets already downloaded at /root/.cache/libero/assets

Local assets not found. Downloading from HuggingFace Hub...
Assets already downloaded at /root/.cache/libero/assets
Local assets not found. Downloading from HuggingFace Hub...
Assets already downloaded at /root/.cache/libero/assets
Local assets not found. Downloading from HuggingFace Hub...
Assets already downloaded at /root/.cache/libero/assets
Local assets not found. Downloading from HuggingFace Hub...
Assets already downloaded at /root/.cache/libero/assets
Local assets not found. Downloading from HuggingFace Hub...
Assets already downloaded at /root/.cache/libero/assets
Local assets not found. Downloading from HuggingFace Hub...
Assets already downloaded at /root/.cache/libero/assets
1010/2600 episodes, 3.92 s/episode, eta 1.73 h
1020/2600 episodes, 3.94 s/episode, eta 1.73 h
1030/2600 episodes, 3.93 s/episode, eta 1.71 h
1040/2600 episodes, 3.95 s/episode, eta 1.71 h
1050/2600 episodes, 3.96 s/episode, eta 1.71 h
1060/2600 episodes, 3.95 s/episode, eta 1.69 h
1070/2600 episodes, 3.94 s/episode, eta 1.67 h
1080/2600 episodes, 3.91 s/episode, eta 1.65 h
1090/2600 episodes, 3.89 s/episode, eta 1.63 h
1100/2600 episodes, 3.88 s/episode, eta 1.62 h
[info] using task orders [0, 1, 2, 3, 4, 5, 6, 7, 8, 9]
[info] using task orders [0, 1, 2, 3, 4, 5, 6, 7, 8, 9]
[info] using task orders [0, 1, 2, 3, 4, 5, 6, 7, 8, 9]
[info] using task orders [0, 1, 2, 3, 4, 5, 6, 7, 8, 9]
[info] using task orders [0, 1, 2, 3, 4, 5, 6, 7, 8, 9]
[info] using task orders [0, 1, 2, 3, 4, 5, 6, 7, 8, 9]
[info] using task orders [0, 1, 2, 3, 4, 5, 6, 7, 8, 9]
[info] using task orders [0, 1, 2, 3, 4, 5, 6, 7, 8, 9]
[info] using task orders [0, 1, 2, 3, 4, 5, 6, 7, 8, 9]
[info] using task orders [0, 1, 2, 3, 4, 5, 6, 7, 8, 9]
[info] using task orders [0, 1, 2, 3, 4, 5, 6, 7, 8, 9]
Local assets not found. Downloading from HuggingFace Hub...
Assets already downloaded at /root/.cache/libero/assets
Local assets not found. Downloading from HuggingFace Hub...
Local assets not found. Downloading from HuggingFace Hub...
Assets already downloaded at /root/.cache/libero/assets
Assets already downloaded at /root/.cache/libero/assets
Local assets not found. Downloading from HuggingFace Hub...
Assets already downloaded at /root/.cache/libero/assets
Local assets not found. Downloading from HuggingFace Hub...
Assets already downloaded at /root/.cache/libero/assets
Local assets not found. Downloading from HuggingFace Hub...
Assets already downloaded at /root/.cache/libero/assets
Local assets not found. Downloading from HuggingFace Hub...
Assets already downloaded at /root/.cache/libero/assets
Local assets not found. Downloading from HuggingFace Hub...
Assets already downloaded at /root/.cache/libero/assets
Local assets not found. Downloading from HuggingFace Hub...
Assets already downloaded at /root/.cache/libero/assets
Local assets not found. Downloading from HuggingFace Hub...
Assets already downloaded at /root/.cache/libero/assets
[11:00:30] pass 1: --kinds step --cells A,C --methods none,T0,G,GT,PPC --inits 0-9 --headroom --n-envs 10 --t-ramp 5 --k-p 1.0 --out results/c1-e2/grid.jsonl
[robosuite WARNING] No private macro file found! (__init__.py:7)
WARNING:robosuite_logs:No private macro file found!
[robosuite WARNING] It is recommended to use a private macro file (__init__.py:8)
WARNING:robosuite_logs:It is recommended to use a private macro file
[robosuite WARNING] To setup, run: python /workspace/jit-reflex/venv/lib/python3.12/site-packages/robosuite/scripts/setup_macros.py (__init__.py:9)
WARNING:robosuite_logs:To setup, run: python /workspace/jit-reflex/venv/lib/python3.12/site-packages/robosuite/scripts/setup_macros.py
Warning: You are sending unauthenticated requests to the HF Hub. Please set a HF_TOKEN to enable higher rate limits and faster downloads.
WARNING:huggingface_hub.utils._http:Warning: You are sending unauthenticated requests to the HF Hub. Please set a HF_TOKEN to enable higher rate limits and faster downloads.
1500 episodes to run
[info] using task orders [0, 1, 2, 3, 4, 5, 6, 7, 8, 9]
/usr/lib/python3.12/multiprocessing/popen_fork.py:66: DeprecationWarning: This process (pid=167991) is multi-threaded, use of fork() may lead to deadlocks in the child.
  self.pid = os.fork()
[info] using task orders [0, 1, 2, 3, 4, 5, 6, 7, 8, 9]
[info] using task orders [0, 1, 2, 3, 4, 5, 6, 7, 8, 9]
[info] using task orders [0, 1, 2, 3, 4, 5, 6, 7, 8, 9]
[info] using task orders [0, 1, 2, 3, 4, 5, 6, 7, 8, 9]
[info] using task orders [0, 1, 2, 3, 4, 5, 6, 7, 8, 9]
[info] using task orders [0, 1, 2, 3, 4, 5, 6, 7, 8, 9]
[info] using task orders [0, 1, 2, 3, 4, 5, 6, 7, 8, 9]
[info] using task orders [0, 1, 2, 3, 4, 5, 6, 7, 8, 9]
[info] using task orders [0, 1, 2, 3, 4, 5, 6, 7, 8, 9]
[info] using task orders [0, 1, 2, 3, 4, 5, 6, 7, 8, 9]
Local assets not found. Downloading from HuggingFace Hub...
Assets already downloaded at /root/.cache/libero/assets
Local assets not found. Downloading from HuggingFace Hub...
Assets already downloaded at /root/.cache/libero/assets
Local assets not found. Downloading from HuggingFace Hub...
Assets already downloaded at /root/.cache/libero/assets
Local assets not found. Downloading from HuggingFace Hub...
Assets already downloaded at /root/.cache/libero/assets
Local assets not found. Downloading from HuggingFace Hub...
Assets already downloaded at /root/.cache/libero/assets
Local assets not found. Downloading from HuggingFace Hub...
Assets already downloaded at /root/.cache/libero/assets
Local assets not found. Downloading from HuggingFace Hub...
Assets already downloaded at /root/.cache/libero/assets
Local assets not found. Downloading from HuggingFace Hub...
Assets already downloaded at /root/.cache/libero/assets
Local assets not found. Downloading from HuggingFace Hub...
Assets already downloaded at /root/.cache/libero/assets
Local assets not found. Downloading from HuggingFace Hub...
Assets already downloaded at /root/.cache/libero/assets
10/1500 episodes, 5.21 s/episode, eta 2.16 h
20/1500 episodes, 6.75 s/episode, eta 2.78 h
30/1500 episodes, 5.49 s/episode, eta 2.24 h
40/1500 episodes, 5.45 s/episode, eta 2.21 h
50/1500 episodes, 5.64 s/episode, eta 2.27 h
60/1500 episodes, 5.16 s/episode, eta 2.06 h
70/1500 episodes, 4.86 s/episode, eta 1.93 h
80/1500 episodes, 4.43 s/episode, eta 1.75 h
90/1500 episodes, 4.16 s/episode, eta 1.63 h
100/1500 episodes, 4.07 s/episode, eta 1.58 h
[info] using task orders [0, 1, 2, 3, 4, 5, 6, 7, 8, 9]
[info] using task orders [0, 1, 2, 3, 4, 5, 6, 7, 8, 9]
[info] using task orders [0, 1, 2, 3, 4, 5, 6, 7, 8, 9]
[info] using task orders [0, 1, 2, 3, 4, 5, 6, 7, 8, 9]
[info] using task orders [0, 1, 2, 3, 4, 5, 6, 7, 8, 9]
[info] using task orders [0, 1, 2, 3, 4, 5, 6, 7, 8, 9]
[info] using task orders [0, 1, 2, 3, 4, 5, 6, 7, 8, 9]
[info] using task orders [0, 1, 2, 3, 4, 5, 6, 7, 8, 9]
[info] using task orders [0, 1, 2, 3, 4, 5, 6, 7, 8, 9]
[info] using task orders [0, 1, 2, 3, 4, 5, 6, 7, 8, 9]
[info] using task orders [0, 1, 2, 3, 4, 5, 6, 7, 8, 9]
Local assets not found. Downloading from HuggingFace Hub...
Assets already downloaded at /root/.cache/libero/assets
Local assets not found. Downloading from HuggingFace Hub...
Local assets not found. Downloading from HuggingFace Hub...
Local assets not found. Downloading from HuggingFace Hub...
Assets already downloaded at /root/.cache/libero/assetsAssets already downloaded at /root/.cache/libero/assets

Assets already downloaded at /root/.cache/libero/assets
Local assets not found. Downloading from HuggingFace Hub...
Local assets not found. Downloading from HuggingFace Hub...
Local assets not found. Downloading from HuggingFace Hub...Local assets not found. Downloading from HuggingFace Hub...Local assets not found. Downloading from HuggingFace Hub...


Assets already downloaded at /root/.cache/libero/assetsAssets already downloaded at /root/.cache/libero/assetsAssets already downloaded at /root/.cache/libero/assets
Assets already downloaded at /root/.cache/libero/assetsAssets already downloaded at /root/.cache/libero/assets



Local assets not found. Downloading from HuggingFace Hub...
Assets already downloaded at /root/.cache/libero/assets
110/1500 episodes, 4.19 s/episode, eta 1.62 h
120/1500 episodes, 4.46 s/episode, eta 1.71 h
130/1500 episodes, 4.33 s/episode, eta 1.65 h
140/1500 episodes, 4.38 s/episode, eta 1.66 h
150/1500 episodes, 4.50 s/episode, eta 1.69 h
160/1500 episodes, 4.37 s/episode, eta 1.63 h
170/1500 episodes, 4.32 s/episode, eta 1.60 h
180/1500 episodes, 4.16 s/episode, eta 1.52 h
190/1500 episodes, 4.08 s/episode, eta 1.49 h
200/1500 episodes, 3.99 s/episode, eta 1.44 h
[info] using task orders [0, 1, 2, 3, 4, 5, 6, 7, 8, 9]
[info] using task orders [0, 1, 2, 3, 4, 5, 6, 7, 8, 9]
[info] using task orders [0, 1, 2, 3, 4, 5, 6, 7, 8, 9]
[info] using task orders [0, 1, 2, 3, 4, 5, 6, 7, 8, 9]
[info] using task orders [0, 1, 2, 3, 4, 5, 6, 7, 8, 9]
[info] using task orders [0, 1, 2, 3, 4, 5, 6, 7, 8, 9]
[info] using task orders [0, 1, 2, 3, 4, 5, 6, 7, 8, 9]
[info] using task orders [0, 1, 2, 3, 4, 5, 6, 7, 8, 9]
[info] using task orders [0, 1, 2, 3, 4, 5, 6, 7, 8, 9]
[info] using task orders [0, 1, 2, 3, 4, 5, 6, 7, 8, 9]
[info] using task orders [0, 1, 2, 3, 4, 5, 6, 7, 8, 9]
Local assets not found. Downloading from HuggingFace Hub...
Assets already downloaded at /root/.cache/libero/assets
Local assets not found. Downloading from HuggingFace Hub...
Assets already downloaded at /root/.cache/libero/assets
Local assets not found. Downloading from HuggingFace Hub...
Assets already downloaded at /root/.cache/libero/assets
Local assets not found. Downloading from HuggingFace Hub...
Local assets not found. Downloading from HuggingFace Hub...
Local assets not found. Downloading from HuggingFace Hub...
Local assets not found. Downloading from HuggingFace Hub...
Assets already downloaded at /root/.cache/libero/assets
Assets already downloaded at /root/.cache/libero/assets
Assets already downloaded at /root/.cache/libero/assetsAssets already downloaded at /root/.cache/libero/assets

Local assets not found. Downloading from HuggingFace Hub...
Assets already downloaded at /root/.cache/libero/assets
Local assets not found. Downloading from HuggingFace Hub...
Assets already downloaded at /root/.cache/libero/assets
Local assets not found. Downloading from HuggingFace Hub...
Assets already downloaded at /root/.cache/libero/assets
[11:16:00] pass 1: --kinds step --cells A,C --methods none,T0,G,GT,PPC --inits 0-9 --headroom --n-envs 10 --t-ramp 5 --k-p 1.0 --out results/c1-e2/grid.jsonl
[robosuite WARNING] No private macro file found! (__init__.py:7)
WARNING:robosuite_logs:No private macro file found!
[robosuite WARNING] It is recommended to use a private macro file (__init__.py:8)
WARNING:robosuite_logs:It is recommended to use a private macro file
[robosuite WARNING] To setup, run: python /workspace/jit-reflex/venv/lib/python3.12/site-packages/robosuite/scripts/setup_macros.py (__init__.py:9)
WARNING:robosuite_logs:To setup, run: python /workspace/jit-reflex/venv/lib/python3.12/site-packages/robosuite/scripts/setup_macros.py
Warning: You are sending unauthenticated requests to the HF Hub. Please set a HF_TOKEN to enable higher rate limits and faster downloads.
WARNING:huggingface_hub.utils._http:Warning: You are sending unauthenticated requests to the HF Hub. Please set a HF_TOKEN to enable higher rate limits and faster downloads.
1300 episodes to run
[info] using task orders [0, 1, 2, 3, 4, 5, 6, 7, 8, 9]
/usr/lib/python3.12/multiprocessing/popen_fork.py:66: DeprecationWarning: This process (pid=170635) is multi-threaded, use of fork() may lead to deadlocks in the child.
  self.pid = os.fork()
[info] using task orders [0, 1, 2, 3, 4, 5, 6, 7, 8, 9]
[info] using task orders [0, 1, 2, 3, 4, 5, 6, 7, 8, 9]
[info] using task orders [0, 1, 2, 3, 4, 5, 6, 7, 8, 9]
[info] using task orders [0, 1, 2, 3, 4, 5, 6, 7, 8, 9]
[info] using task orders [0, 1, 2, 3, 4, 5, 6, 7, 8, 9]
[info] using task orders [0, 1, 2, 3, 4, 5, 6, 7, 8, 9]
[info] using task orders [0, 1, 2, 3, 4, 5, 6, 7, 8, 9]
[info] using task orders [0, 1, 2, 3, 4, 5, 6, 7, 8, 9]
[info] using task orders [0, 1, 2, 3, 4, 5, 6, 7, 8, 9]
[info] using task orders [0, 1, 2, 3, 4, 5, 6, 7, 8, 9]
Local assets not found. Downloading from HuggingFace Hub...
Assets already downloaded at /root/.cache/libero/assets
Local assets not found. Downloading from HuggingFace Hub...
Assets already downloaded at /root/.cache/libero/assets
Local assets not found. Downloading from HuggingFace Hub...
Local assets not found. Downloading from HuggingFace Hub...
Assets already downloaded at /root/.cache/libero/assets
Assets already downloaded at /root/.cache/libero/assets
Local assets not found. Downloading from HuggingFace Hub...Local assets not found. Downloading from HuggingFace Hub...

Assets already downloaded at /root/.cache/libero/assetsAssets already downloaded at /root/.cache/libero/assets

Local assets not found. Downloading from HuggingFace Hub...
Assets already downloaded at /root/.cache/libero/assets
Local assets not found. Downloading from HuggingFace Hub...
Assets already downloaded at /root/.cache/libero/assets
Local assets not found. Downloading from HuggingFace Hub...
Assets already downloaded at /root/.cache/libero/assets
Local assets not found. Downloading from HuggingFace Hub...
Assets already downloaded at /root/.cache/libero/assets
10/1300 episodes, 5.08 s/episode, eta 1.82 h
20/1300 episodes, 7.03 s/episode, eta 2.50 h
30/1300 episodes, 5.59 s/episode, eta 1.97 h
40/1300 episodes, 5.59 s/episode, eta 1.96 h
50/1300 episodes, 5.62 s/episode, eta 1.95 h
60/1300 episodes, 5.09 s/episode, eta 1.75 h
70/1300 episodes, 4.84 s/episode, eta 1.66 h
80/1300 episodes, 4.42 s/episode, eta 1.50 h
90/1300 episodes, 4.22 s/episode, eta 1.42 h
100/1300 episodes, 4.06 s/episode, eta 1.35 h
[info] using task orders [0, 1, 2, 3, 4, 5, 6, 7, 8, 9]
[info] using task orders [0, 1, 2, 3, 4, 5, 6, 7, 8, 9]
[info] using task orders [0, 1, 2, 3, 4, 5, 6, 7, 8, 9]
[info] using task orders [0, 1, 2, 3, 4, 5, 6, 7, 8, 9]
[info] using task orders [0, 1, 2, 3, 4, 5, 6, 7, 8, 9]
[info] using task orders [0, 1, 2, 3, 4, 5, 6, 7, 8, 9]
[info] using task orders [0, 1, 2, 3, 4, 5, 6, 7, 8, 9]
[info] using task orders [0, 1, 2, 3, 4, 5, 6, 7, 8, 9]
[info] using task orders [0, 1, 2, 3, 4, 5, 6, 7, 8, 9]
[info] using task orders [0, 1, 2, 3, 4, 5, 6, 7, 8, 9]
[info] using task orders [0, 1, 2, 3, 4, 5, 6, 7, 8, 9]
Local assets not found. Downloading from HuggingFace Hub...
Assets already downloaded at /root/.cache/libero/assets
Local assets not found. Downloading from HuggingFace Hub...
Assets already downloaded at /root/.cache/libero/assets
Local assets not found. Downloading from HuggingFace Hub...Local assets not found. Downloading from HuggingFace Hub...

Local assets not found. Downloading from HuggingFace Hub...Local assets not found. Downloading from HuggingFace Hub...

Local assets not found. Downloading from HuggingFace Hub...
Assets already downloaded at /root/.cache/libero/assetsAssets already downloaded at /root/.cache/libero/assetsAssets already downloaded at /root/.cache/libero/assets

Assets already downloaded at /root/.cache/libero/assets

Assets already downloaded at /root/.cache/libero/assets
Local assets not found. Downloading from HuggingFace Hub...
Assets already downloaded at /root/.cache/libero/assets
Local assets not found. Downloading from HuggingFace Hub...
Assets already downloaded at /root/.cache/libero/assets
Local assets not found. Downloading from HuggingFace Hub...
Assets already downloaded at /root/.cache/libero/assets
110/1300 episodes, 4.18 s/episode, eta 1.38 h
120/1300 episodes, 4.43 s/episode, eta 1.45 h
130/1300 episodes, 4.30 s/episode, eta 1.40 h
140/1300 episodes, 4.38 s/episode, eta 1.41 h
150/1300 episodes, 4.48 s/episode, eta 1.43 h
160/1300 episodes, 4.36 s/episode, eta 1.38 h
170/1300 episodes, 4.29 s/episode, eta 1.35 h
180/1300 episodes, 4.14 s/episode, eta 1.29 h
190/1300 episodes, 4.05 s/episode, eta 1.25 h
200/1300 episodes, 4.00 s/episode, eta 1.22 h
[info] using task orders [0, 1, 2, 3, 4, 5, 6, 7, 8, 9]
[info] using task orders [0, 1, 2, 3, 4, 5, 6, 7, 8, 9]
[info] using task orders [0, 1, 2, 3, 4, 5, 6, 7, 8, 9]
[info] using task orders [0, 1, 2, 3, 4, 5, 6, 7, 8, 9]
[info] using task orders [0, 1, 2, 3, 4, 5, 6, 7, 8, 9]
[info] using task orders [0, 1, 2, 3, 4, 5, 6, 7, 8, 9]
[info] using task orders [0, 1, 2, 3, 4, 5, 6, 7, 8, 9]
[info] using task orders [0, 1, 2, 3, 4, 5, 6, 7, 8, 9]
[info] using task orders [0, 1, 2, 3, 4, 5, 6, 7, 8, 9]
[info] using task orders [0, 1, 2, 3, 4, 5, 6, 7, 8, 9]
[info] using task orders [0, 1, 2, 3, 4, 5, 6, 7, 8, 9]
Local assets not found. Downloading from HuggingFace Hub...
Assets already downloaded at /root/.cache/libero/assets
Local assets not found. Downloading from HuggingFace Hub...
Assets already downloaded at /root/.cache/libero/assets
Local assets not found. Downloading from HuggingFace Hub...
Assets already downloaded at /root/.cache/libero/assets
Local assets not found. Downloading from HuggingFace Hub...
Assets already downloaded at /root/.cache/libero/assets
Local assets not found. Downloading from HuggingFace Hub...
Assets already downloaded at /root/.cache/libero/assets
Local assets not found. Downloading from HuggingFace Hub...
Assets already downloaded at /root/.cache/libero/assets
Local assets not found. Downloading from HuggingFace Hub...
Assets already downloaded at /root/.cache/libero/assets
Local assets not found. Downloading from HuggingFace Hub...
Assets already downloaded at /root/.cache/libero/assets
Local assets not found. Downloading from HuggingFace Hub...
Assets already downloaded at /root/.cache/libero/assets
Local assets not found. Downloading from HuggingFace Hub...
Assets already downloaded at /root/.cache/libero/assets
210/1300 episodes, 4.04 s/episode, eta 1.22 h
220/1300 episodes, 4.24 s/episode, eta 1.27 h
230/1300 episodes, 4.18 s/episode, eta 1.24 h
240/1300 episodes, 4.24 s/episode, eta 1.25 h
250/1300 episodes, 4.32 s/episode, eta 1.26 h
260/1300 episodes, 4.25 s/episode, eta 1.23 h
270/1300 episodes, 4.22 s/episode, eta 1.21 h
280/1300 episodes, 4.12 s/episode, eta 1.17 h
290/1300 episodes, 4.06 s/episode, eta 1.14 h
300/1300 episodes, 4.03 s/episode, eta 1.12 h
[info] using task orders [0, 1, 2, 3, 4, 5, 6, 7, 8, 9]
[info] using task orders [0, 1, 2, 3, 4, 5, 6, 7, 8, 9]
[info] using task orders [0, 1, 2, 3, 4, 5, 6, 7, 8, 9]
[info] using task orders [0, 1, 2, 3, 4, 5, 6, 7, 8, 9]
[info] using task orders [0, 1, 2, 3, 4, 5, 6, 7, 8, 9]
[info] using task orders [0, 1, 2, 3, 4, 5, 6, 7, 8, 9]
[info] using task orders [0, 1, 2, 3, 4, 5, 6, 7, 8, 9]
[info] using task orders [0, 1, 2, 3, 4, 5, 6, 7, 8, 9]
[info] using task orders [0, 1, 2, 3, 4, 5, 6, 7, 8, 9]
[info] using task orders [0, 1, 2, 3, 4, 5, 6, 7, 8, 9]
[info] using task orders [0, 1, 2, 3, 4, 5, 6, 7, 8, 9]
Local assets not found. Downloading from HuggingFace Hub...
Local assets not found. Downloading from HuggingFace Hub...
Assets already downloaded at /root/.cache/libero/assets
Assets already downloaded at /root/.cache/libero/assets
Local assets not found. Downloading from HuggingFace Hub...
Local assets not found. Downloading from HuggingFace Hub...
Assets already downloaded at /root/.cache/libero/assetsAssets already downloaded at /root/.cache/libero/assets

Local assets not found. Downloading from HuggingFace Hub...
Assets already downloaded at /root/.cache/libero/assets
Local assets not found. Downloading from HuggingFace Hub...
Assets already downloaded at /root/.cache/libero/assets
Local assets not found. Downloading from HuggingFace Hub...
Local assets not found. Downloading from HuggingFace Hub...
Local assets not found. Downloading from HuggingFace Hub...
Assets already downloaded at /root/.cache/libero/assetsAssets already downloaded at /root/.cache/libero/assets

Assets already downloaded at /root/.cache/libero/assets
Local assets not found. Downloading from HuggingFace Hub...
Assets already downloaded at /root/.cache/libero/assets
310/1300 episodes, 4.06 s/episode, eta 1.12 h
320/1300 episodes, 4.18 s/episode, eta 1.14 h
330/1300 episodes, 4.15 s/episode, eta 1.12 h
340/1300 episodes, 4.20 s/episode, eta 1.12 h
350/1300 episodes, 4.22 s/episode, eta 1.11 h
360/1300 episodes, 4.17 s/episode, eta 1.09 h
370/1300 episodes, 4.15 s/episode, eta 1.07 h
380/1300 episodes, 4.08 s/episode, eta 1.04 h
390/1300 episodes, 4.03 s/episode, eta 1.02 h
400/1300 episodes, 3.98 s/episode, eta 1.00 h
[info] using task orders [0, 1, 2, 3, 4, 5, 6, 7, 8, 9]
[info] using task orders [0, 1, 2, 3, 4, 5, 6, 7, 8, 9]
[info] using task orders [0, 1, 2, 3, 4, 5, 6, 7, 8, 9]
[info] using task orders [0, 1, 2, 3, 4, 5, 6, 7, 8, 9]
[info] using task orders [0, 1, 2, 3, 4, 5, 6, 7, 8, 9]
[info] using task orders [0, 1, 2, 3, 4, 5, 6, 7, 8, 9]
[info] using task orders [0, 1, 2, 3, 4, 5, 6, 7, 8, 9]
[info] using task orders [0, 1, 2, 3, 4, 5, 6, 7, 8, 9]
[info] using task orders [0, 1, 2, 3, 4, 5, 6, 7, 8, 9]
[info] using task orders [0, 1, 2, 3, 4, 5, 6, 7, 8, 9]
[info] using task orders [0, 1, 2, 3, 4, 5, 6, 7, 8, 9]
Local assets not found. Downloading from HuggingFace Hub...
Assets already downloaded at /root/.cache/libero/assets
Local assets not found. Downloading from HuggingFace Hub...
Assets already downloaded at /root/.cache/libero/assets
Local assets not found. Downloading from HuggingFace Hub...
Assets already downloaded at /root/.cache/libero/assets
Local assets not found. Downloading from HuggingFace Hub...
Assets already downloaded at /root/.cache/libero/assets
Local assets not found. Downloading from HuggingFace Hub...
Assets already downloaded at /root/.cache/libero/assets
Local assets not found. Downloading from HuggingFace Hub...
Assets already downloaded at /root/.cache/libero/assets
Local assets not found. Downloading from HuggingFace Hub...
Assets already downloaded at /root/.cache/libero/assets
Local assets not found. Downloading from HuggingFace Hub...Local assets not found. Downloading from HuggingFace Hub...

Assets already downloaded at /root/.cache/libero/assets
Assets already downloaded at /root/.cache/libero/assets
Local assets not found. Downloading from HuggingFace Hub...
Assets already downloaded at /root/.cache/libero/assets
410/1300 episodes, 4.01 s/episode, eta 0.99 h
420/1300 episodes, 4.07 s/episode, eta 1.00 h
430/1300 episodes, 4.05 s/episode, eta 0.98 h
440/1300 episodes, 4.07 s/episode, eta 0.97 h
450/1300 episodes, 4.08 s/episode, eta 0.96 h
460/1300 episodes, 4.05 s/episode, eta 0.94 h
470/1300 episodes, 4.03 s/episode, eta 0.93 h
480/1300 episodes, 3.98 s/episode, eta 0.91 h
490/1300 episodes, 3.94 s/episode, eta 0.89 h
500/1300 episodes, 3.91 s/episode, eta 0.87 h
[info] using task orders [0, 1, 2, 3, 4, 5, 6, 7, 8, 9]
[info] using task orders [0, 1, 2, 3, 4, 5, 6, 7, 8, 9]
[info] using task orders [0, 1, 2, 3, 4, 5, 6, 7, 8, 9]
[info] using task orders [0, 1, 2, 3, 4, 5, 6, 7, 8, 9]
[info] using task orders [0, 1, 2, 3, 4, 5, 6, 7, 8, 9]
[info] using task orders [0, 1, 2, 3, 4, 5, 6, 7, 8, 9]
[info] using task orders [0, 1, 2, 3, 4, 5, 6, 7, 8, 9]
[info] using task orders [0, 1, 2, 3, 4, 5, 6, 7, 8, 9]
[info] using task orders [0, 1, 2, 3, 4, 5, 6, 7, 8, 9]
[info] using task orders [0, 1, 2, 3, 4, 5, 6, 7, 8, 9]
[info] using task orders [0, 1, 2, 3, 4, 5, 6, 7, 8, 9]
Local assets not found. Downloading from HuggingFace Hub...
Assets already downloaded at /root/.cache/libero/assets
Local assets not found. Downloading from HuggingFace Hub...
Local assets not found. Downloading from HuggingFace Hub...
Assets already downloaded at /root/.cache/libero/assetsAssets already downloaded at /root/.cache/libero/assets

Local assets not found. Downloading from HuggingFace Hub...
Local assets not found. Downloading from HuggingFace Hub...
Assets already downloaded at /root/.cache/libero/assets
Assets already downloaded at /root/.cache/libero/assets
Local assets not found. Downloading from HuggingFace Hub...
Assets already downloaded at /root/.cache/libero/assets
Local assets not found. Downloading from HuggingFace Hub...
Assets already downloaded at /root/.cache/libero/assets
Local assets not found. Downloading from HuggingFace Hub...
Assets already downloaded at /root/.cache/libero/assets
Local assets not found. Downloading from HuggingFace Hub...
Assets already downloaded at /root/.cache/libero/assets
Local assets not found. Downloading from HuggingFace Hub...
Assets already downloaded at /root/.cache/libero/assets
510/1300 episodes, 3.93 s/episode, eta 0.86 h
520/1300 episodes, 3.96 s/episode, eta 0.86 h
530/1300 episodes, 3.93 s/episode, eta 0.84 h
540/1300 episodes, 3.94 s/episode, eta 0.83 h
550/1300 episodes, 3.94 s/episode, eta 0.82 h
560/1300 episodes, 3.92 s/episode, eta 0.80 h
570/1300 episodes, 3.89 s/episode, eta 0.79 h
580/1300 episodes, 3.85 s/episode, eta 0.77 h
590/1300 episodes, 3.82 s/episode, eta 0.75 h
600/1300 episodes, 3.79 s/episode, eta 0.74 h
[info] using task orders [0, 1, 2, 3, 4, 5, 6, 7, 8, 9]
[info] using task orders [0, 1, 2, 3, 4, 5, 6, 7, 8, 9]
[info] using task orders [0, 1, 2, 3, 4, 5, 6, 7, 8, 9]
[info] using task orders [0, 1, 2, 3, 4, 5, 6, 7, 8, 9]
[info] using task orders [0, 1, 2, 3, 4, 5, 6, 7, 8, 9]
[info] using task orders [0, 1, 2, 3, 4, 5, 6, 7, 8, 9]
[info] using task orders [0, 1, 2, 3, 4, 5, 6, 7, 8, 9]
[info] using task orders [0, 1, 2, 3, 4, 5, 6, 7, 8, 9]
[info] using task orders [0, 1, 2, 3, 4, 5, 6, 7, 8, 9]
[info] using task orders [0, 1, 2, 3, 4, 5, 6, 7, 8, 9]
[info] using task orders [0, 1, 2, 3, 4, 5, 6, 7, 8, 9]
Local assets not found. Downloading from HuggingFace Hub...
Assets already downloaded at /root/.cache/libero/assets
Local assets not found. Downloading from HuggingFace Hub...
Assets already downloaded at /root/.cache/libero/assets
Local assets not found. Downloading from HuggingFace Hub...
Assets already downloaded at /root/.cache/libero/assets
Local assets not found. Downloading from HuggingFace Hub...
Local assets not found. Downloading from HuggingFace Hub...
Assets already downloaded at /root/.cache/libero/assets
Assets already downloaded at /root/.cache/libero/assets
Local assets not found. Downloading from HuggingFace Hub...
Assets already downloaded at /root/.cache/libero/assets
Local assets not found. Downloading from HuggingFace Hub...
Assets already downloaded at /root/.cache/libero/assets
Local assets not found. Downloading from HuggingFace Hub...
Assets already downloaded at /root/.cache/libero/assets
Local assets not found. Downloading from HuggingFace Hub...
Assets already downloaded at /root/.cache/libero/assets
Local assets not found. Downloading from HuggingFace Hub...
Assets already downloaded at /root/.cache/libero/assets
610/1300 episodes, 3.81 s/episode, eta 0.73 h
620/1300 episodes, 3.88 s/episode, eta 0.73 h
630/1300 episodes, 3.86 s/episode, eta 0.72 h
640/1300 episodes, 3.88 s/episode, eta 0.71 h
650/1300 episodes, 3.94 s/episode, eta 0.71 h
660/1300 episodes, 3.92 s/episode, eta 0.70 h
670/1300 episodes, 3.91 s/episode, eta 0.68 h
680/1300 episodes, 3.87 s/episode, eta 0.67 h
690/1300 episodes, 3.85 s/episode, eta 0.65 h
700/1300 episodes, 3.83 s/episode, eta 0.64 h
[info] using task orders [0, 1, 2, 3, 4, 5, 6, 7, 8, 9]
[info] using task orders [0, 1, 2, 3, 4, 5, 6, 7, 8, 9]
[info] using task orders [0, 1, 2, 3, 4, 5, 6, 7, 8, 9]
[info] using task orders [0, 1, 2, 3, 4, 5, 6, 7, 8, 9]
[info] using task orders [0, 1, 2, 3, 4, 5, 6, 7, 8, 9]
[info] using task orders [0, 1, 2, 3, 4, 5, 6, 7, 8, 9]
[info] using task orders [0, 1, 2, 3, 4, 5, 6, 7, 8, 9]
[info] using task orders [0, 1, 2, 3, 4, 5, 6, 7, 8, 9]
[info] using task orders [0, 1, 2, 3, 4, 5, 6, 7, 8, 9]
[info] using task orders [0, 1, 2, 3, 4, 5, 6, 7, 8, 9]
[info] using task orders [0, 1, 2, 3, 4, 5, 6, 7, 8, 9]
Local assets not found. Downloading from HuggingFace Hub...
Local assets not found. Downloading from HuggingFace Hub...
Assets already downloaded at /root/.cache/libero/assets
Assets already downloaded at /root/.cache/libero/assets
Local assets not found. Downloading from HuggingFace Hub...
Assets already downloaded at /root/.cache/libero/assets
Local assets not found. Downloading from HuggingFace Hub...
Assets already downloaded at /root/.cache/libero/assets
Local assets not found. Downloading from HuggingFace Hub...
Local assets not found. Downloading from HuggingFace Hub...
Assets already downloaded at /root/.cache/libero/assets
Assets already downloaded at /root/.cache/libero/assets
Local assets not found. Downloading from HuggingFace Hub...
Assets already downloaded at /root/.cache/libero/assets
Local assets not found. Downloading from HuggingFace Hub...
Local assets not found. Downloading from HuggingFace Hub...
Assets already downloaded at /root/.cache/libero/assets
Assets already downloaded at /root/.cache/libero/assets
Local assets not found. Downloading from HuggingFace Hub...
Assets already downloaded at /root/.cache/libero/assets
710/1300 episodes, 3.85 s/episode, eta 0.63 h
720/1300 episodes, 3.93 s/episode, eta 0.63 h
730/1300 episodes, 3.92 s/episode, eta 0.62 h
740/1300 episodes, 3.95 s/episode, eta 0.61 h
750/1300 episodes, 3.99 s/episode, eta 0.61 h
760/1300 episodes, 3.98 s/episode, eta 0.60 h
770/1300 episodes, 3.96 s/episode, eta 0.58 h
780/1300 episodes, 3.93 s/episode, eta 0.57 h
790/1300 episodes, 3.91 s/episode, eta 0.55 h
800/1300 episodes, 3.90 s/episode, eta 0.54 h
[info] using task orders [0, 1, 2, 3, 4, 5, 6, 7, 8, 9]
[info] using task orders [0, 1, 2, 3, 4, 5, 6, 7, 8, 9]
[info] using task orders [0, 1, 2, 3, 4, 5, 6, 7, 8, 9]
[info] using task orders [0, 1, 2, 3, 4, 5, 6, 7, 8, 9]
[info] using task orders [0, 1, 2, 3, 4, 5, 6, 7, 8, 9]
[info] using task orders [0, 1, 2, 3, 4, 5, 6, 7, 8, 9]
[info] using task orders [0, 1, 2, 3, 4, 5, 6, 7, 8, 9]
[info] using task orders [0, 1, 2, 3, 4, 5, 6, 7, 8, 9]
[info] using task orders [0, 1, 2, 3, 4, 5, 6, 7, 8, 9]
[info] using task orders [0, 1, 2, 3, 4, 5, 6, 7, 8, 9]
[info] using task orders [0, 1, 2, 3, 4, 5, 6, 7, 8, 9]
Local assets not found. Downloading from HuggingFace Hub...
Assets already downloaded at /root/.cache/libero/assets
Local assets not found. Downloading from HuggingFace Hub...
Assets already downloaded at /root/.cache/libero/assets
Local assets not found. Downloading from HuggingFace Hub...
Assets already downloaded at /root/.cache/libero/assets
Local assets not found. Downloading from HuggingFace Hub...
Local assets not found. Downloading from HuggingFace Hub...
Assets already downloaded at /root/.cache/libero/assets
Assets already downloaded at /root/.cache/libero/assets
Local assets not found. Downloading from HuggingFace Hub...
Assets already downloaded at /root/.cache/libero/assets
Local assets not found. Downloading from HuggingFace Hub...
Assets already downloaded at /root/.cache/libero/assets
Local assets not found. Downloading from HuggingFace Hub...
Local assets not found. Downloading from HuggingFace Hub...
Assets already downloaded at /root/.cache/libero/assets
Assets already downloaded at /root/.cache/libero/assets
Local assets not found. Downloading from HuggingFace Hub...
Assets already downloaded at /root/.cache/libero/assets
810/1300 episodes, 3.91 s/episode, eta 0.53 h
820/1300 episodes, 3.93 s/episode, eta 0.52 h
830/1300 episodes, 3.92 s/episode, eta 0.51 h
840/1300 episodes, 3.93 s/episode, eta 0.50 h
850/1300 episodes, 3.93 s/episode, eta 0.49 h
860/1300 episodes, 3.91 s/episode, eta 0.48 h
870/1300 episodes, 3.89 s/episode, eta 0.46 h
880/1300 episodes, 3.86 s/episode, eta 0.45 h
890/1300 episodes, 3.84 s/episode, eta 0.44 h
900/1300 episodes, 3.81 s/episode, eta 0.42 h
[info] using task orders [0, 1, 2, 3, 4, 5, 6, 7, 8, 9]
[info] using task orders [0, 1, 2, 3, 4, 5, 6, 7, 8, 9]
[info] using task orders [0, 1, 2, 3, 4, 5, 6, 7, 8, 9]
[info] using task orders [0, 1, 2, 3, 4, 5, 6, 7, 8, 9]
[info] using task orders [0, 1, 2, 3, 4, 5, 6, 7, 8, 9]
[info] using task orders [0, 1, 2, 3, 4, 5, 6, 7, 8, 9]
[info] using task orders [0, 1, 2, 3, 4, 5, 6, 7, 8, 9]
[info] using task orders [0, 1, 2, 3, 4, 5, 6, 7, 8, 9]
[info] using task orders [0, 1, 2, 3, 4, 5, 6, 7, 8, 9]
[info] using task orders [0, 1, 2, 3, 4, 5, 6, 7, 8, 9]
[info] using task orders [0, 1, 2, 3, 4, 5, 6, 7, 8, 9]
Local assets not found. Downloading from HuggingFace Hub...
Assets already downloaded at /root/.cache/libero/assets
Local assets not found. Downloading from HuggingFace Hub...
Local assets not found. Downloading from HuggingFace Hub...
Assets already downloaded at /root/.cache/libero/assets
Assets already downloaded at /root/.cache/libero/assets
Local assets not found. Downloading from HuggingFace Hub...
Assets already downloaded at /root/.cache/libero/assets
Local assets not found. Downloading from HuggingFace Hub...
Assets already downloaded at /root/.cache/libero/assets
Local assets not found. Downloading from HuggingFace Hub...
Assets already downloaded at /root/.cache/libero/assets
Local assets not found. Downloading from HuggingFace Hub...
Assets already downloaded at /root/.cache/libero/assets
Local assets not found. Downloading from HuggingFace Hub...
Assets already downloaded at /root/.cache/libero/assets
Local assets not found. Downloading from HuggingFace Hub...
Assets already downloaded at /root/.cache/libero/assets
Local assets not found. Downloading from HuggingFace Hub...
Assets already downloaded at /root/.cache/libero/assets
910/1300 episodes, 3.83 s/episode, eta 0.42 h
920/1300 episodes, 3.87 s/episode, eta 0.41 h
930/1300 episodes, 3.87 s/episode, eta 0.40 h
940/1300 episodes, 3.88 s/episode, eta 0.39 h
950/1300 episodes, 3.91 s/episode, eta 0.38 h
960/1300 episodes, 3.90 s/episode, eta 0.37 h
970/1300 episodes, 3.89 s/episode, eta 0.36 h
980/1300 episodes, 3.86 s/episode, eta 0.34 h
990/1300 episodes, 3.85 s/episode, eta 0.33 h
1000/1300 episodes, 3.83 s/episode, eta 0.32 h
[info] using task orders [0, 1, 2, 3, 4, 5, 6, 7, 8, 9]
[info] using task orders [0, 1, 2, 3, 4, 5, 6, 7, 8, 9]
[info] using task orders [0, 1, 2, 3, 4, 5, 6, 7, 8, 9]
[info] using task orders [0, 1, 2, 3, 4, 5, 6, 7, 8, 9]
[info] using task orders [0, 1, 2, 3, 4, 5, 6, 7, 8, 9]
[info] using task orders [0, 1, 2, 3, 4, 5, 6, 7, 8, 9]
[info] using task orders [0, 1, 2, 3, 4, 5, 6, 7, 8, 9]
[info] using task orders [0, 1, 2, 3, 4, 5, 6, 7, 8, 9]
[info] using task orders [0, 1, 2, 3, 4, 5, 6, 7, 8, 9]
[info] using task orders [0, 1, 2, 3, 4, 5, 6, 7, 8, 9]
[info] using task orders [0, 1, 2, 3, 4, 5, 6, 7, 8, 9]
Local assets not found. Downloading from HuggingFace Hub...
Assets already downloaded at /root/.cache/libero/assets
Local assets not found. Downloading from HuggingFace Hub...
Assets already downloaded at /root/.cache/libero/assets
Local assets not found. Downloading from HuggingFace Hub...
Assets already downloaded at /root/.cache/libero/assets
Local assets not found. Downloading from HuggingFace Hub...
Assets already downloaded at /root/.cache/libero/assets
Local assets not found. Downloading from HuggingFace Hub...Local assets not found. Downloading from HuggingFace Hub...

Assets already downloaded at /root/.cache/libero/assets
Assets already downloaded at /root/.cache/libero/assets
Local assets not found. Downloading from HuggingFace Hub...
Assets already downloaded at /root/.cache/libero/assets
Local assets not found. Downloading from HuggingFace Hub...
Assets already downloaded at /root/.cache/libero/assets
Local assets not found. Downloading from HuggingFace Hub...
Assets already downloaded at /root/.cache/libero/assets
Local assets not found. Downloading from HuggingFace Hub...
Assets already downloaded at /root/.cache/libero/assets
1010/1300 episodes, 3.84 s/episode, eta 0.31 h
1020/1300 episodes, 3.91 s/episode, eta 0.30 h
1030/1300 episodes, 3.91 s/episode, eta 0.29 h
1040/1300 episodes, 3.93 s/episode, eta 0.28 h
1050/1300 episodes, 3.97 s/episode, eta 0.28 h
1060/1300 episodes, 3.95 s/episode, eta 0.26 h
1070/1300 episodes, 3.95 s/episode, eta 0.25 h
1080/1300 episodes, 3.92 s/episode, eta 0.24 h
1090/1300 episodes, 3.91 s/episode, eta 0.23 h
1100/1300 episodes, 3.90 s/episode, eta 0.22 h
[info] using task orders [0, 1, 2, 3, 4, 5, 6, 7, 8, 9]
[info] using task orders [0, 1, 2, 3, 4, 5, 6, 7, 8, 9]
[info] using task orders [0, 1, 2, 3, 4, 5, 6, 7, 8, 9]
[info] using task orders [0, 1, 2, 3, 4, 5, 6, 7, 8, 9]
[info] using task orders [0, 1, 2, 3, 4, 5, 6, 7, 8, 9]
[info] using task orders [0, 1, 2, 3, 4, 5, 6, 7, 8, 9]
[info] using task orders [0, 1, 2, 3, 4, 5, 6, 7, 8, 9]
[info] using task orders [0, 1, 2, 3, 4, 5, 6, 7, 8, 9]
[info] using task orders [0, 1, 2, 3, 4, 5, 6, 7, 8, 9]
[info] using task orders [0, 1, 2, 3, 4, 5, 6, 7, 8, 9]
[info] using task orders [0, 1, 2, 3, 4, 5, 6, 7, 8, 9]
Local assets not found. Downloading from HuggingFace Hub...
Assets already downloaded at /root/.cache/libero/assets
Local assets not found. Downloading from HuggingFace Hub...
Assets already downloaded at /root/.cache/libero/assets
Local assets not found. Downloading from HuggingFace Hub...Local assets not found. Downloading from HuggingFace Hub...

Local assets not found. Downloading from HuggingFace Hub...Local assets not found. Downloading from HuggingFace Hub...Local assets not found. Downloading from HuggingFace Hub...


Local assets not found. Downloading from HuggingFace Hub...
Assets already downloaded at /root/.cache/libero/assetsAssets already downloaded at /root/.cache/libero/assetsAssets already downloaded at /root/.cache/libero/assetsAssets already downloaded at /root/.cache/libero/assets



Assets already downloaded at /root/.cache/libero/assets
Assets already downloaded at /root/.cache/libero/assets
Local assets not found. Downloading from HuggingFace Hub...
Assets already downloaded at /root/.cache/libero/assets
Local assets not found. Downloading from HuggingFace Hub...
Assets already downloaded at /root/.cache/libero/assets
1110/1300 episodes, 3.91 s/episode, eta 0.21 h
1120/1300 episodes, 3.98 s/episode, eta 0.20 h
1130/1300 episodes, 3.97 s/episode, eta 0.19 h
1140/1300 episodes, 3.99 s/episode, eta 0.18 h
1150/1300 episodes, 4.02 s/episode, eta 0.17 h
1160/1300 episodes, 4.00 s/episode, eta 0.16 h
1170/1300 episodes, 4.00 s/episode, eta 0.14 h
1180/1300 episodes, 3.97 s/episode, eta 0.13 h
1190/1300 episodes, 3.96 s/episode, eta 0.12 h
1200/1300 episodes, 3.95 s/episode, eta 0.11 h
[info] using task orders [0, 1, 2, 3, 4, 5, 6, 7, 8, 9]
[info] using task orders [0, 1, 2, 3, 4, 5, 6, 7, 8, 9]
[info] using task orders [0, 1, 2, 3, 4, 5, 6, 7, 8, 9]
[info] using task orders [0, 1, 2, 3, 4, 5, 6, 7, 8, 9]
[info] using task orders [0, 1, 2, 3, 4, 5, 6, 7, 8, 9]
[info] using task orders [0, 1, 2, 3, 4, 5, 6, 7, 8, 9]
[info] using task orders [0, 1, 2, 3, 4, 5, 6, 7, 8, 9]
[info] using task orders [0, 1, 2, 3, 4, 5, 6, 7, 8, 9]
[info] using task orders [0, 1, 2, 3, 4, 5, 6, 7, 8, 9]
[info] using task orders [0, 1, 2, 3, 4, 5, 6, 7, 8, 9]
[info] using task orders [0, 1, 2, 3, 4, 5, 6, 7, 8, 9]
Local assets not found. Downloading from HuggingFace Hub...
Assets already downloaded at /root/.cache/libero/assets
Local assets not found. Downloading from HuggingFace Hub...
Local assets not found. Downloading from HuggingFace Hub...
Assets already downloaded at /root/.cache/libero/assets
Assets already downloaded at /root/.cache/libero/assets
Local assets not found. Downloading from HuggingFace Hub...
Assets already downloaded at /root/.cache/libero/assets
Local assets not found. Downloading from HuggingFace Hub...
Assets already downloaded at /root/.cache/libero/assets
Local assets not found. Downloading from HuggingFace Hub...
Assets already downloaded at /root/.cache/libero/assets
Local assets not found. Downloading from HuggingFace Hub...
Assets already downloaded at /root/.cache/libero/assets
Local assets not found. Downloading from HuggingFace Hub...
Assets already downloaded at /root/.cache/libero/assets
Local assets not found. Downloading from HuggingFace Hub...
Assets already downloaded at /root/.cache/libero/assets
Local assets not found. Downloading from HuggingFace Hub...
Assets already downloaded at /root/.cache/libero/assets
1210/1300 episodes, 3.95 s/episode, eta 0.10 h
1220/1300 episodes, 3.98 s/episode, eta 0.09 h
1230/1300 episodes, 3.97 s/episode, eta 0.08 h
1240/1300 episodes, 3.98 s/episode, eta 0.07 h
1250/1300 episodes, 3.99 s/episode, eta 0.06 h
1260/1300 episodes, 3.97 s/episode, eta 0.04 h
1270/1300 episodes, 3.97 s/episode, eta 0.03 h
1280/1300 episodes, 3.95 s/episode, eta 0.02 h
1290/1300 episodes, 3.94 s/episode, eta 0.01 h
1300/1300 episodes, 3.93 s/episode, eta 0.00 h
[12:42:14] pass 2 skipped: pass 1 exited cleanly, no failed batch
[12:42:14] pass 1: --kinds step --cells A --methods none --inits 10-39 --n-envs 10 --t-ramp 5 --k-p 1.0 --out results/c1-e2/grid.jsonl
[robosuite WARNING] No private macro file found! (__init__.py:7)
WARNING:robosuite_logs:No private macro file found!
[robosuite WARNING] It is recommended to use a private macro file (__init__.py:8)
WARNING:robosuite_logs:It is recommended to use a private macro file
[robosuite WARNING] To setup, run: python /workspace/jit-reflex/venv/lib/python3.12/site-packages/robosuite/scripts/setup_macros.py (__init__.py:9)
WARNING:robosuite_logs:To setup, run: python /workspace/jit-reflex/venv/lib/python3.12/site-packages/robosuite/scripts/setup_macros.py
Warning: You are sending unauthenticated requests to the HF Hub. Please set a HF_TOKEN to enable higher rate limits and faster downloads.
WARNING:huggingface_hub.utils._http:Warning: You are sending unauthenticated requests to the HF Hub. Please set a HF_TOKEN to enable higher rate limits and faster downloads.
780 episodes to run
[info] using task orders [0, 1, 2, 3, 4, 5, 6, 7, 8, 9]
/usr/lib/python3.12/multiprocessing/popen_fork.py:66: DeprecationWarning: This process (pid=177823) is multi-threaded, use of fork() may lead to deadlocks in the child.
  self.pid = os.fork()
[info] using task orders [0, 1, 2, 3, 4, 5, 6, 7, 8, 9]
[info] using task orders [0, 1, 2, 3, 4, 5, 6, 7, 8, 9]
[info] using task orders [0, 1, 2, 3, 4, 5, 6, 7, 8, 9]
[info] using task orders [0, 1, 2, 3, 4, 5, 6, 7, 8, 9]
[info] using task orders [0, 1, 2, 3, 4, 5, 6, 7, 8, 9]
[info] using task orders [0, 1, 2, 3, 4, 5, 6, 7, 8, 9]
[info] using task orders [0, 1, 2, 3, 4, 5, 6, 7, 8, 9]
[info] using task orders [0, 1, 2, 3, 4, 5, 6, 7, 8, 9]
[info] using task orders [0, 1, 2, 3, 4, 5, 6, 7, 8, 9]
[info] using task orders [0, 1, 2, 3, 4, 5, 6, 7, 8, 9]
Local assets not found. Downloading from HuggingFace Hub...
Local assets not found. Downloading from HuggingFace Hub...
Assets already downloaded at /root/.cache/libero/assets
Assets already downloaded at /root/.cache/libero/assets
Local assets not found. Downloading from HuggingFace Hub...
Assets already downloaded at /root/.cache/libero/assets
Local assets not found. Downloading from HuggingFace Hub...
Assets already downloaded at /root/.cache/libero/assets
Local assets not found. Downloading from HuggingFace Hub...
Assets already downloaded at /root/.cache/libero/assets
Local assets not found. Downloading from HuggingFace Hub...
Assets already downloaded at /root/.cache/libero/assets
Local assets not found. Downloading from HuggingFace Hub...
Assets already downloaded at /root/.cache/libero/assets
Local assets not found. Downloading from HuggingFace Hub...
Local assets not found. Downloading from HuggingFace Hub...
Assets already downloaded at /root/.cache/libero/assets
Assets already downloaded at /root/.cache/libero/assets
Local assets not found. Downloading from HuggingFace Hub...
Assets already downloaded at /root/.cache/libero/assets
10/780 episodes, 4.51 s/episode, eta 0.97 h
20/780 episodes, 3.81 s/episode, eta 0.80 h
30/780 episodes, 3.78 s/episode, eta 0.79 h
[info] using task orders [0, 1, 2, 3, 4, 5, 6, 7, 8, 9]
[info] using task orders [0, 1, 2, 3, 4, 5, 6, 7, 8, 9]
[info] using task orders [0, 1, 2, 3, 4, 5, 6, 7, 8, 9]
[info] using task orders [0, 1, 2, 3, 4, 5, 6, 7, 8, 9]
[info] using task orders [0, 1, 2, 3, 4, 5, 6, 7, 8, 9]
[info] using task orders [0, 1, 2, 3, 4, 5, 6, 7, 8, 9]
[info] using task orders [0, 1, 2, 3, 4, 5, 6, 7, 8, 9]
[info] using task orders [0, 1, 2, 3, 4, 5, 6, 7, 8, 9]
[info] using task orders [0, 1, 2, 3, 4, 5, 6, 7, 8, 9]
[info] using task orders [0, 1, 2, 3, 4, 5, 6, 7, 8, 9]
[info] using task orders [0, 1, 2, 3, 4, 5, 6, 7, 8, 9]
Local assets not found. Downloading from HuggingFace Hub...
Assets already downloaded at /root/.cache/libero/assets
Local assets not found. Downloading from HuggingFace Hub...
Local assets not found. Downloading from HuggingFace Hub...Local assets not found. Downloading from HuggingFace Hub...

Assets already downloaded at /root/.cache/libero/assets
Assets already downloaded at /root/.cache/libero/assetsAssets already downloaded at /root/.cache/libero/assets

Local assets not found. Downloading from HuggingFace Hub...
Local assets not found. Downloading from HuggingFace Hub...
Assets already downloaded at /root/.cache/libero/assets
Assets already downloaded at /root/.cache/libero/assets
Local assets not found. Downloading from HuggingFace Hub...
Assets already downloaded at /root/.cache/libero/assets
Local assets not found. Downloading from HuggingFace Hub...
Assets already downloaded at /root/.cache/libero/assets
Local assets not found. Downloading from HuggingFace Hub...
Assets already downloaded at /root/.cache/libero/assets
Local assets not found. Downloading from HuggingFace Hub...
Assets already downloaded at /root/.cache/libero/assets
40/780 episodes, 3.86 s/episode, eta 0.79 h
50/780 episodes, 3.73 s/episode, eta 0.76 h
60/780 episodes, 3.63 s/episode, eta 0.73 h
[info] using task orders [0, 1, 2, 3, 4, 5, 6, 7, 8, 9]
[info] using task orders [0, 1, 2, 3, 4, 5, 6, 7, 8, 9]
[info] using task orders [0, 1, 2, 3, 4, 5, 6, 7, 8, 9]
[info] using task orders [0, 1, 2, 3, 4, 5, 6, 7, 8, 9]
[info] using task orders [0, 1, 2, 3, 4, 5, 6, 7, 8, 9]
[info] using task orders [0, 1, 2, 3, 4, 5, 6, 7, 8, 9]
[info] using task orders [0, 1, 2, 3, 4, 5, 6, 7, 8, 9]
[info] using task orders [0, 1, 2, 3, 4, 5, 6, 7, 8, 9]
[info] using task orders [0, 1, 2, 3, 4, 5, 6, 7, 8, 9]
[info] using task orders [0, 1, 2, 3, 4, 5, 6, 7, 8, 9]
[info] using task orders [0, 1, 2, 3, 4, 5, 6, 7, 8, 9]
Local assets not found. Downloading from HuggingFace Hub...
Assets already downloaded at /root/.cache/libero/assets
Local assets not found. Downloading from HuggingFace Hub...
Assets already downloaded at /root/.cache/libero/assets
Local assets not found. Downloading from HuggingFace Hub...
Local assets not found. Downloading from HuggingFace Hub...
Assets already downloaded at /root/.cache/libero/assets
Assets already downloaded at /root/.cache/libero/assets
Local assets not found. Downloading from HuggingFace Hub...
Assets already downloaded at /root/.cache/libero/assets
Local assets not found. Downloading from HuggingFace Hub...
Assets already downloaded at /root/.cache/libero/assets
Local assets not found. Downloading from HuggingFace Hub...Local assets not found. Downloading from HuggingFace Hub...

Assets already downloaded at /root/.cache/libero/assets
Assets already downloaded at /root/.cache/libero/assetsLocal assets not found. Downloading from HuggingFace Hub...

Assets already downloaded at /root/.cache/libero/assets
Local assets not found. Downloading from HuggingFace Hub...
Assets already downloaded at /root/.cache/libero/assets
70/780 episodes, 3.75 s/episode, eta 0.74 h
80/780 episodes, 3.70 s/episode, eta 0.72 h
90/780 episodes, 3.64 s/episode, eta 0.70 h
[info] using task orders [0, 1, 2, 3, 4, 5, 6, 7, 8, 9]
[info] using task orders [0, 1, 2, 3, 4, 5, 6, 7, 8, 9]
[info] using task orders [0, 1, 2, 3, 4, 5, 6, 7, 8, 9]
[info] using task orders [0, 1, 2, 3, 4, 5, 6, 7, 8, 9]
[info] using task orders [0, 1, 2, 3, 4, 5, 6, 7, 8, 9]
[info] using task orders [0, 1, 2, 3, 4, 5, 6, 7, 8, 9]
[info] using task orders [0, 1, 2, 3, 4, 5, 6, 7, 8, 9]
[info] using task orders [0, 1, 2, 3, 4, 5, 6, 7, 8, 9]
[info] using task orders [0, 1, 2, 3, 4, 5, 6, 7, 8, 9]
[info] using task orders [0, 1, 2, 3, 4, 5, 6, 7, 8, 9]
[info] using task orders [0, 1, 2, 3, 4, 5, 6, 7, 8, 9]
Local assets not found. Downloading from HuggingFace Hub...
Assets already downloaded at /root/.cache/libero/assets
Local assets not found. Downloading from HuggingFace Hub...
Assets already downloaded at /root/.cache/libero/assets
Local assets not found. Downloading from HuggingFace Hub...
Assets already downloaded at /root/.cache/libero/assets
Local assets not found. Downloading from HuggingFace Hub...
Assets already downloaded at /root/.cache/libero/assets
Local assets not found. Downloading from HuggingFace Hub...
Assets already downloaded at /root/.cache/libero/assets
Local assets not found. Downloading from HuggingFace Hub...
Assets already downloaded at /root/.cache/libero/assets
Local assets not found. Downloading from HuggingFace Hub...
Local assets not found. Downloading from HuggingFace Hub...
Assets already downloaded at /root/.cache/libero/assets
Assets already downloaded at /root/.cache/libero/assets
Local assets not found. Downloading from HuggingFace Hub...
Assets already downloaded at /root/.cache/libero/assets
Local assets not found. Downloading from HuggingFace Hub...
Assets already downloaded at /root/.cache/libero/assets
100/780 episodes, 3.69 s/episode, eta 0.70 h
110/780 episodes, 3.65 s/episode, eta 0.68 h
120/780 episodes, 3.61 s/episode, eta 0.66 h
[info] using task orders [0, 1, 2, 3, 4, 5, 6, 7, 8, 9]
[info] using task orders [0, 1, 2, 3, 4, 5, 6, 7, 8, 9]
[info] using task orders [0, 1, 2, 3, 4, 5, 6, 7, 8, 9]
[info] using task orders [0, 1, 2, 3, 4, 5, 6, 7, 8, 9]
[info] using task orders [0, 1, 2, 3, 4, 5, 6, 7, 8, 9]
[info] using task orders [0, 1, 2, 3, 4, 5, 6, 7, 8, 9]
[info] using task orders [0, 1, 2, 3, 4, 5, 6, 7, 8, 9]
[info] using task orders [0, 1, 2, 3, 4, 5, 6, 7, 8, 9]
[info] using task orders [0, 1, 2, 3, 4, 5, 6, 7, 8, 9]
[info] using task orders [0, 1, 2, 3, 4, 5, 6, 7, 8, 9]
[info] using task orders [0, 1, 2, 3, 4, 5, 6, 7, 8, 9]
Local assets not found. Downloading from HuggingFace Hub...
Assets already downloaded at /root/.cache/libero/assets
Local assets not found. Downloading from HuggingFace Hub...
Assets already downloaded at /root/.cache/libero/assets
Local assets not found. Downloading from HuggingFace Hub...
Assets already downloaded at /root/.cache/libero/assets
Local assets not found. Downloading from HuggingFace Hub...
Assets already downloaded at /root/.cache/libero/assets
Local assets not found. Downloading from HuggingFace Hub...
Assets already downloaded at /root/.cache/libero/assets
Local assets not found. Downloading from HuggingFace Hub...
Assets already downloaded at /root/.cache/libero/assets
Local assets not found. Downloading from HuggingFace Hub...
Local assets not found. Downloading from HuggingFace Hub...
Assets already downloaded at /root/.cache/libero/assets
Assets already downloaded at /root/.cache/libero/assets
Local assets not found. Downloading from HuggingFace Hub...
Assets already downloaded at /root/.cache/libero/assets
Local assets not found. Downloading from HuggingFace Hub...
Assets already downloaded at /root/.cache/libero/assets
130/780 episodes, 3.67 s/episode, eta 0.66 h
140/780 episodes, 3.64 s/episode, eta 0.65 h
150/780 episodes, 3.62 s/episode, eta 0.63 h
[info] using task orders [0, 1, 2, 3, 4, 5, 6, 7, 8, 9]
[info] using task orders [0, 1, 2, 3, 4, 5, 6, 7, 8, 9]
[info] using task orders [0, 1, 2, 3, 4, 5, 6, 7, 8, 9]
[info] using task orders [0, 1, 2, 3, 4, 5, 6, 7, 8, 9]
[info] using task orders [0, 1, 2, 3, 4, 5, 6, 7, 8, 9]
[info] using task orders [0, 1, 2, 3, 4, 5, 6, 7, 8, 9]
[info] using task orders [0, 1, 2, 3, 4, 5, 6, 7, 8, 9]
[info] using task orders [0, 1, 2, 3, 4, 5, 6, 7, 8, 9]
[info] using task orders [0, 1, 2, 3, 4, 5, 6, 7, 8, 9]
[info] using task orders [0, 1, 2, 3, 4, 5, 6, 7, 8, 9]
[info] using task orders [0, 1, 2, 3, 4, 5, 6, 7, 8, 9]
Local assets not found. Downloading from HuggingFace Hub...
Assets already downloaded at /root/.cache/libero/assets
Local assets not found. Downloading from HuggingFace Hub...
Assets already downloaded at /root/.cache/libero/assets
Local assets not found. Downloading from HuggingFace Hub...
Local assets not found. Downloading from HuggingFace Hub...
Assets already downloaded at /root/.cache/libero/assets
Assets already downloaded at /root/.cache/libero/assets
Local assets not found. Downloading from HuggingFace Hub...
Assets already downloaded at /root/.cache/libero/assets
Local assets not found. Downloading from HuggingFace Hub...
Assets already downloaded at /root/.cache/libero/assets
Local assets not found. Downloading from HuggingFace Hub...
Assets already downloaded at /root/.cache/libero/assets
Local assets not found. Downloading from HuggingFace Hub...
Local assets not found. Downloading from HuggingFace Hub...
Assets already downloaded at /root/.cache/libero/assets
Assets already downloaded at /root/.cache/libero/assets
Local assets not found. Downloading from HuggingFace Hub...
Assets already downloaded at /root/.cache/libero/assets
160/780 episodes, 3.66 s/episode, eta 0.63 h
170/780 episodes, 3.65 s/episode, eta 0.62 h
180/780 episodes, 3.63 s/episode, eta 0.60 h
[info] using task orders [0, 1, 2, 3, 4, 5, 6, 7, 8, 9]
[info] using task orders [0, 1, 2, 3, 4, 5, 6, 7, 8, 9]
[info] using task orders [0, 1, 2, 3, 4, 5, 6, 7, 8, 9]
[info] using task orders [0, 1, 2, 3, 4, 5, 6, 7, 8, 9]
[info] using task orders [0, 1, 2, 3, 4, 5, 6, 7, 8, 9]
[info] using task orders [0, 1, 2, 3, 4, 5, 6, 7, 8, 9]
[info] using task orders [0, 1, 2, 3, 4, 5, 6, 7, 8, 9]
[info] using task orders [0, 1, 2, 3, 4, 5, 6, 7, 8, 9]
[info] using task orders [0, 1, 2, 3, 4, 5, 6, 7, 8, 9]
[info] using task orders [0, 1, 2, 3, 4, 5, 6, 7, 8, 9]
[info] using task orders [0, 1, 2, 3, 4, 5, 6, 7, 8, 9]
Local assets not found. Downloading from HuggingFace Hub...
Assets already downloaded at /root/.cache/libero/assets
Local assets not found. Downloading from HuggingFace Hub...
Assets already downloaded at /root/.cache/libero/assets
Local assets not found. Downloading from HuggingFace Hub...
Local assets not found. Downloading from HuggingFace Hub...
Assets already downloaded at /root/.cache/libero/assets
Assets already downloaded at /root/.cache/libero/assets
Local assets not found. Downloading from HuggingFace Hub...
Local assets not found. Downloading from HuggingFace Hub...
Assets already downloaded at /root/.cache/libero/assetsAssets already downloaded at /root/.cache/libero/assets

Local assets not found. Downloading from HuggingFace Hub...
Assets already downloaded at /root/.cache/libero/assets
Local assets not found. Downloading from HuggingFace Hub...
Assets already downloaded at /root/.cache/libero/assets
Local assets not found. Downloading from HuggingFace Hub...
Assets already downloaded at /root/.cache/libero/assets
Local assets not found. Downloading from HuggingFace Hub...
Assets already downloaded at /root/.cache/libero/assets
190/780 episodes, 3.65 s/episode, eta 0.60 h
200/780 episodes, 3.63 s/episode, eta 0.58 h
210/780 episodes, 3.60 s/episode, eta 0.57 h
[info] using task orders [0, 1, 2, 3, 4, 5, 6, 7, 8, 9]
[info] using task orders [0, 1, 2, 3, 4, 5, 6, 7, 8, 9]
[info] using task orders [0, 1, 2, 3, 4, 5, 6, 7, 8, 9]
[info] using task orders [0, 1, 2, 3, 4, 5, 6, 7, 8, 9]
[info] using task orders [0, 1, 2, 3, 4, 5, 6, 7, 8, 9]
[info] using task orders [0, 1, 2, 3, 4, 5, 6, 7, 8, 9]
[info] using task orders [0, 1, 2, 3, 4, 5, 6, 7, 8, 9]
[info] using task orders [0, 1, 2, 3, 4, 5, 6, 7, 8, 9]
[info] using task orders [0, 1, 2, 3, 4, 5, 6, 7, 8, 9]
[info] using task orders [0, 1, 2, 3, 4, 5, 6, 7, 8, 9]
[info] using task orders [0, 1, 2, 3, 4, 5, 6, 7, 8, 9]
Local assets not found. Downloading from HuggingFace Hub...
Assets already downloaded at /root/.cache/libero/assets
Local assets not found. Downloading from HuggingFace Hub...
Assets already downloaded at /root/.cache/libero/assets
Local assets not found. Downloading from HuggingFace Hub...
Local assets not found. Downloading from HuggingFace Hub...
Local assets not found. Downloading from HuggingFace Hub...
Assets already downloaded at /root/.cache/libero/assets
Assets already downloaded at /root/.cache/libero/assets
Local assets not found. Downloading from HuggingFace Hub...
Assets already downloaded at /root/.cache/libero/assets
Assets already downloaded at /root/.cache/libero/assets
Local assets not found. Downloading from HuggingFace Hub...
Assets already downloaded at /root/.cache/libero/assets
Local assets not found. Downloading from HuggingFace Hub...
Assets already downloaded at /root/.cache/libero/assets
Local assets not found. Downloading from HuggingFace Hub...
Assets already downloaded at /root/.cache/libero/assets
Local assets not found. Downloading from HuggingFace Hub...
Assets already downloaded at /root/.cache/libero/assets
220/780 episodes, 3.65 s/episode, eta 0.57 h
230/780 episodes, 3.64 s/episode, eta 0.56 h
240/780 episodes, 3.62 s/episode, eta 0.54 h
[info] using task orders [0, 1, 2, 3, 4, 5, 6, 7, 8, 9]
[info] using task orders [0, 1, 2, 3, 4, 5, 6, 7, 8, 9]
[info] using task orders [0, 1, 2, 3, 4, 5, 6, 7, 8, 9]
[info] using task orders [0, 1, 2, 3, 4, 5, 6, 7, 8, 9]
[info] using task orders [0, 1, 2, 3, 4, 5, 6, 7, 8, 9]
[info] using task orders [0, 1, 2, 3, 4, 5, 6, 7, 8, 9]
[info] using task orders [0, 1, 2, 3, 4, 5, 6, 7, 8, 9]
[info] using task orders [0, 1, 2, 3, 4, 5, 6, 7, 8, 9]
[info] using task orders [0, 1, 2, 3, 4, 5, 6, 7, 8, 9]
[info] using task orders [0, 1, 2, 3, 4, 5, 6, 7, 8, 9]
[info] using task orders [0, 1, 2, 3, 4, 5, 6, 7, 8, 9]
Local assets not found. Downloading from HuggingFace Hub...
Assets already downloaded at /root/.cache/libero/assets
Local assets not found. Downloading from HuggingFace Hub...Local assets not found. Downloading from HuggingFace Hub...

Assets already downloaded at /root/.cache/libero/assets
Assets already downloaded at /root/.cache/libero/assets
Local assets not found. Downloading from HuggingFace Hub...
Local assets not found. Downloading from HuggingFace Hub...
Assets already downloaded at /root/.cache/libero/assets
Assets already downloaded at /root/.cache/libero/assets
Local assets not found. Downloading from HuggingFace Hub...
Assets already downloaded at /root/.cache/libero/assets
Local assets not found. Downloading from HuggingFace Hub...
Local assets not found. Downloading from HuggingFace Hub...
Assets already downloaded at /root/.cache/libero/assets
Assets already downloaded at /root/.cache/libero/assets
Local assets not found. Downloading from HuggingFace Hub...
Assets already downloaded at /root/.cache/libero/assets
Local assets not found. Downloading from HuggingFace Hub...
Assets already downloaded at /root/.cache/libero/assets
250/780 episodes, 3.65 s/episode, eta 0.54 h
260/780 episodes, 3.64 s/episode, eta 0.53 h
270/780 episodes, 3.62 s/episode, eta 0.51 h
[info] using task orders [0, 1, 2, 3, 4, 5, 6, 7, 8, 9]
[info] using task orders [0, 1, 2, 3, 4, 5, 6, 7, 8, 9]
[info] using task orders [0, 1, 2, 3, 4, 5, 6, 7, 8, 9]
[info] using task orders [0, 1, 2, 3, 4, 5, 6, 7, 8, 9]
[info] using task orders [0, 1, 2, 3, 4, 5, 6, 7, 8, 9]
[info] using task orders [0, 1, 2, 3, 4, 5, 6, 7, 8, 9]
[info] using task orders [0, 1, 2, 3, 4, 5, 6, 7, 8, 9]
[info] using task orders [0, 1, 2, 3, 4, 5, 6, 7, 8, 9]
[info] using task orders [0, 1, 2, 3, 4, 5, 6, 7, 8, 9]
[info] using task orders [0, 1, 2, 3, 4, 5, 6, 7, 8, 9]
[info] using task orders [0, 1, 2, 3, 4, 5, 6, 7, 8, 9]
Local assets not found. Downloading from HuggingFace Hub...
Assets already downloaded at /root/.cache/libero/assets
Local assets not found. Downloading from HuggingFace Hub...
Assets already downloaded at /root/.cache/libero/assets
Local assets not found. Downloading from HuggingFace Hub...
Assets already downloaded at /root/.cache/libero/assets
Local assets not found. Downloading from HuggingFace Hub...
Assets already downloaded at /root/.cache/libero/assets
Local assets not found. Downloading from HuggingFace Hub...
Assets already downloaded at /root/.cache/libero/assets
Local assets not found. Downloading from HuggingFace Hub...
Assets already downloaded at /root/.cache/libero/assets
Local assets not found. Downloading from HuggingFace Hub...
Local assets not found. Downloading from HuggingFace Hub...
Assets already downloaded at /root/.cache/libero/assets
Assets already downloaded at /root/.cache/libero/assets
Local assets not found. Downloading from HuggingFace Hub...
Assets already downloaded at /root/.cache/libero/assets
Local assets not found. Downloading from HuggingFace Hub...
Assets already downloaded at /root/.cache/libero/assets
280/780 episodes, 3.65 s/episode, eta 0.51 h
290/780 episodes, 3.63 s/episode, eta 0.49 h
300/780 episodes, 3.63 s/episode, eta 0.48 h
[info] using task orders [0, 1, 2, 3, 4, 5, 6, 7, 8, 9]
[info] using task orders [0, 1, 2, 3, 4, 5, 6, 7, 8, 9]
[info] using task orders [0, 1, 2, 3, 4, 5, 6, 7, 8, 9]
[info] using task orders [0, 1, 2, 3, 4, 5, 6, 7, 8, 9]
[info] using task orders [0, 1, 2, 3, 4, 5, 6, 7, 8, 9]
[info] using task orders [0, 1, 2, 3, 4, 5, 6, 7, 8, 9]
[info] using task orders [0, 1, 2, 3, 4, 5, 6, 7, 8, 9]
[info] using task orders [0, 1, 2, 3, 4, 5, 6, 7, 8, 9]
[info] using task orders [0, 1, 2, 3, 4, 5, 6, 7, 8, 9]
[info] using task orders [0, 1, 2, 3, 4, 5, 6, 7, 8, 9]
[info] using task orders [0, 1, 2, 3, 4, 5, 6, 7, 8, 9]
Local assets not found. Downloading from HuggingFace Hub...
Assets already downloaded at /root/.cache/libero/assets
Local assets not found. Downloading from HuggingFace Hub...
Assets already downloaded at /root/.cache/libero/assets
Local assets not found. Downloading from HuggingFace Hub...
Assets already downloaded at /root/.cache/libero/assets
Local assets not found. Downloading from HuggingFace Hub...
Local assets not found. Downloading from HuggingFace Hub...Assets already downloaded at /root/.cache/libero/assets

Assets already downloaded at /root/.cache/libero/assets
Local assets not found. Downloading from HuggingFace Hub...
Assets already downloaded at /root/.cache/libero/assets
Local assets not found. Downloading from HuggingFace Hub...
Assets already downloaded at /root/.cache/libero/assets
Local assets not found. Downloading from HuggingFace Hub...
Assets already downloaded at /root/.cache/libero/assets
Local assets not found. Downloading from HuggingFace Hub...
Local assets not found. Downloading from HuggingFace Hub...
Assets already downloaded at /root/.cache/libero/assets
Assets already downloaded at /root/.cache/libero/assets
310/780 episodes, 3.65 s/episode, eta 0.48 h
320/780 episodes, 3.64 s/episode, eta 0.46 h
330/780 episodes, 3.62 s/episode, eta 0.45 h
[info] using task orders [0, 1, 2, 3, 4, 5, 6, 7, 8, 9]
[info] using task orders [0, 1, 2, 3, 4, 5, 6, 7, 8, 9]
[info] using task orders [0, 1, 2, 3, 4, 5, 6, 7, 8, 9]
[info] using task orders [0, 1, 2, 3, 4, 5, 6, 7, 8, 9]
[info] using task orders [0, 1, 2, 3, 4, 5, 6, 7, 8, 9]
[info] using task orders [0, 1, 2, 3, 4, 5, 6, 7, 8, 9]
[info] using task orders [0, 1, 2, 3, 4, 5, 6, 7, 8, 9]
[info] using task orders [0, 1, 2, 3, 4, 5, 6, 7, 8, 9]
[info] using task orders [0, 1, 2, 3, 4, 5, 6, 7, 8, 9]
[info] using task orders [0, 1, 2, 3, 4, 5, 6, 7, 8, 9]
[info] using task orders [0, 1, 2, 3, 4, 5, 6, 7, 8, 9]
Local assets not found. Downloading from HuggingFace Hub...
Local assets not found. Downloading from HuggingFace Hub...
Assets already downloaded at /root/.cache/libero/assets
Assets already downloaded at /root/.cache/libero/assets
Local assets not found. Downloading from HuggingFace Hub...
Assets already downloaded at /root/.cache/libero/assets
Local assets not found. Downloading from HuggingFace Hub...
Assets already downloaded at /root/.cache/libero/assets
Local assets not found. Downloading from HuggingFace Hub...
Local assets not found. Downloading from HuggingFace Hub...
Assets already downloaded at /root/.cache/libero/assets
Assets already downloaded at /root/.cache/libero/assets
Local assets not found. Downloading from HuggingFace Hub...
Assets already downloaded at /root/.cache/libero/assets
Local assets not found. Downloading from HuggingFace Hub...
Assets already downloaded at /root/.cache/libero/assets
Local assets not found. Downloading from HuggingFace Hub...
Assets already downloaded at /root/.cache/libero/assets
Local assets not found. Downloading from HuggingFace Hub...
Assets already downloaded at /root/.cache/libero/assets
340/780 episodes, 3.63 s/episode, eta 0.44 h
350/780 episodes, 3.61 s/episode, eta 0.43 h
360/780 episodes, 3.59 s/episode, eta 0.42 h
[info] using task orders [0, 1, 2, 3, 4, 5, 6, 7, 8, 9]
[info] using task orders [0, 1, 2, 3, 4, 5, 6, 7, 8, 9]
[info] using task orders [0, 1, 2, 3, 4, 5, 6, 7, 8, 9]
[info] using task orders [0, 1, 2, 3, 4, 5, 6, 7, 8, 9]
[info] using task orders [0, 1, 2, 3, 4, 5, 6, 7, 8, 9]
[info] using task orders [0, 1, 2, 3, 4, 5, 6, 7, 8, 9]
[info] using task orders [0, 1, 2, 3, 4, 5, 6, 7, 8, 9]
[info] using task orders [0, 1, 2, 3, 4, 5, 6, 7, 8, 9]
[info] using task orders [0, 1, 2, 3, 4, 5, 6, 7, 8, 9]
[info] using task orders [0, 1, 2, 3, 4, 5, 6, 7, 8, 9]
[info] using task orders [0, 1, 2, 3, 4, 5, 6, 7, 8, 9]
Local assets not found. Downloading from HuggingFace Hub...
Assets already downloaded at /root/.cache/libero/assets
Local assets not found. Downloading from HuggingFace Hub...
Assets already downloaded at /root/.cache/libero/assets
Local assets not found. Downloading from HuggingFace Hub...
Assets already downloaded at /root/.cache/libero/assets
Local assets not found. Downloading from HuggingFace Hub...
Local assets not found. Downloading from HuggingFace Hub...
Assets already downloaded at /root/.cache/libero/assets
Assets already downloaded at /root/.cache/libero/assets
Local assets not found. Downloading from HuggingFace Hub...
Assets already downloaded at /root/.cache/libero/assets
Local assets not found. Downloading from HuggingFace Hub...
Assets already downloaded at /root/.cache/libero/assets
Local assets not found. Downloading from HuggingFace Hub...
Local assets not found. Downloading from HuggingFace Hub...
Assets already downloaded at /root/.cache/libero/assets
Assets already downloaded at /root/.cache/libero/assets
Local assets not found. Downloading from HuggingFace Hub...
Assets already downloaded at /root/.cache/libero/assets
370/780 episodes, 3.60 s/episode, eta 0.41 h
380/780 episodes, 3.58 s/episode, eta 0.40 h
390/780 episodes, 3.57 s/episode, eta 0.39 h
[info] using task orders [0, 1, 2, 3, 4, 5, 6, 7, 8, 9]
[info] using task orders [0, 1, 2, 3, 4, 5, 6, 7, 8, 9]
[info] using task orders [0, 1, 2, 3, 4, 5, 6, 7, 8, 9]
[info] using task orders [0, 1, 2, 3, 4, 5, 6, 7, 8, 9]
[info] using task orders [0, 1, 2, 3, 4, 5, 6, 7, 8, 9]
[info] using task orders [0, 1, 2, 3, 4, 5, 6, 7, 8, 9]
[info] using task orders [0, 1, 2, 3, 4, 5, 6, 7, 8, 9]
[info] using task orders [0, 1, 2, 3, 4, 5, 6, 7, 8, 9]
[info] using task orders [0, 1, 2, 3, 4, 5, 6, 7, 8, 9]
[info] using task orders [0, 1, 2, 3, 4, 5, 6, 7, 8, 9]
[info] using task orders [0, 1, 2, 3, 4, 5, 6, 7, 8, 9]
Local assets not found. Downloading from HuggingFace Hub...
Assets already downloaded at /root/.cache/libero/assets
Local assets not found. Downloading from HuggingFace Hub...
Assets already downloaded at /root/.cache/libero/assets
Local assets not found. Downloading from HuggingFace Hub...
Assets already downloaded at /root/.cache/libero/assets
Local assets not found. Downloading from HuggingFace Hub...
Assets already downloaded at /root/.cache/libero/assets
Local assets not found. Downloading from HuggingFace Hub...
Local assets not found. Downloading from HuggingFace Hub...
Assets already downloaded at /root/.cache/libero/assets
Assets already downloaded at /root/.cache/libero/assets
Local assets not found. Downloading from HuggingFace Hub...
Assets already downloaded at /root/.cache/libero/assets
Local assets not found. Downloading from HuggingFace Hub...
Assets already downloaded at /root/.cache/libero/assets
Local assets not found. Downloading from HuggingFace Hub...
Assets already downloaded at /root/.cache/libero/assets
Local assets not found. Downloading from HuggingFace Hub...
Assets already downloaded at /root/.cache/libero/assets
400/780 episodes, 3.58 s/episode, eta 0.38 h
410/780 episodes, 3.57 s/episode, eta 0.37 h
420/780 episodes, 3.55 s/episode, eta 0.35 h
[info] using task orders [0, 1, 2, 3, 4, 5, 6, 7, 8, 9]
[info] using task orders [0, 1, 2, 3, 4, 5, 6, 7, 8, 9]
[info] using task orders [0, 1, 2, 3, 4, 5, 6, 7, 8, 9]
[info] using task orders [0, 1, 2, 3, 4, 5, 6, 7, 8, 9]
[info] using task orders [0, 1, 2, 3, 4, 5, 6, 7, 8, 9]
[info] using task orders [0, 1, 2, 3, 4, 5, 6, 7, 8, 9]
[info] using task orders [0, 1, 2, 3, 4, 5, 6, 7, 8, 9]
[info] using task orders [0, 1, 2, 3, 4, 5, 6, 7, 8, 9]
[info] using task orders [0, 1, 2, 3, 4, 5, 6, 7, 8, 9]
[info] using task orders [0, 1, 2, 3, 4, 5, 6, 7, 8, 9]
[info] using task orders [0, 1, 2, 3, 4, 5, 6, 7, 8, 9]
Local assets not found. Downloading from HuggingFace Hub...
Assets already downloaded at /root/.cache/libero/assets
Local assets not found. Downloading from HuggingFace Hub...
Assets already downloaded at /root/.cache/libero/assets
Local assets not found. Downloading from HuggingFace Hub...
Assets already downloaded at /root/.cache/libero/assets
Local assets not found. Downloading from HuggingFace Hub...
Assets already downloaded at /root/.cache/libero/assets
Local assets not found. Downloading from HuggingFace Hub...
Assets already downloaded at /root/.cache/libero/assets
Local assets not found. Downloading from HuggingFace Hub...
Assets already downloaded at /root/.cache/libero/assets
Local assets not found. Downloading from HuggingFace Hub...
Assets already downloaded at /root/.cache/libero/assets
Local assets not found. Downloading from HuggingFace Hub...
Assets already downloaded at /root/.cache/libero/assets
Local assets not found. Downloading from HuggingFace Hub...
Assets already downloaded at /root/.cache/libero/assets
Local assets not found. Downloading from HuggingFace Hub...
Assets already downloaded at /root/.cache/libero/assets
430/780 episodes, 3.56 s/episode, eta 0.35 h
440/780 episodes, 3.54 s/episode, eta 0.33 h
450/780 episodes, 3.52 s/episode, eta 0.32 h
[info] using task orders [0, 1, 2, 3, 4, 5, 6, 7, 8, 9]
[info] using task orders [0, 1, 2, 3, 4, 5, 6, 7, 8, 9]
[info] using task orders [0, 1, 2, 3, 4, 5, 6, 7, 8, 9]
[info] using task orders [0, 1, 2, 3, 4, 5, 6, 7, 8, 9]
[info] using task orders [0, 1, 2, 3, 4, 5, 6, 7, 8, 9]
[info] using task orders [0, 1, 2, 3, 4, 5, 6, 7, 8, 9]
[info] using task orders [0, 1, 2, 3, 4, 5, 6, 7, 8, 9]
[info] using task orders [0, 1, 2, 3, 4, 5, 6, 7, 8, 9]
[info] using task orders [0, 1, 2, 3, 4, 5, 6, 7, 8, 9]
[info] using task orders [0, 1, 2, 3, 4, 5, 6, 7, 8, 9]
[info] using task orders [0, 1, 2, 3, 4, 5, 6, 7, 8, 9]
Local assets not found. Downloading from HuggingFace Hub...
Assets already downloaded at /root/.cache/libero/assets
Local assets not found. Downloading from HuggingFace Hub...
Assets already downloaded at /root/.cache/libero/assets
Local assets not found. Downloading from HuggingFace Hub...
Assets already downloaded at /root/.cache/libero/assets
Local assets not found. Downloading from HuggingFace Hub...
Assets already downloaded at /root/.cache/libero/assets
Local assets not found. Downloading from HuggingFace Hub...
Assets already downloaded at /root/.cache/libero/assets
Local assets not found. Downloading from HuggingFace Hub...
Assets already downloaded at /root/.cache/libero/assets
Local assets not found. Downloading from HuggingFace Hub...
Assets already downloaded at /root/.cache/libero/assets
Local assets not found. Downloading from HuggingFace Hub...
Assets already downloaded at /root/.cache/libero/assets
Local assets not found. Downloading from HuggingFace Hub...
Assets already downloaded at /root/.cache/libero/assets
Local assets not found. Downloading from HuggingFace Hub...
Assets already downloaded at /root/.cache/libero/assets
460/780 episodes, 3.54 s/episode, eta 0.31 h
470/780 episodes, 3.52 s/episode, eta 0.30 h
480/780 episodes, 3.51 s/episode, eta 0.29 h
[info] using task orders [0, 1, 2, 3, 4, 5, 6, 7, 8, 9]
[info] using task orders [0, 1, 2, 3, 4, 5, 6, 7, 8, 9]
[info] using task orders [0, 1, 2, 3, 4, 5, 6, 7, 8, 9]
[info] using task orders [0, 1, 2, 3, 4, 5, 6, 7, 8, 9]
[info] using task orders [0, 1, 2, 3, 4, 5, 6, 7, 8, 9]
[info] using task orders [0, 1, 2, 3, 4, 5, 6, 7, 8, 9]
[info] using task orders [0, 1, 2, 3, 4, 5, 6, 7, 8, 9]
[info] using task orders [0, 1, 2, 3, 4, 5, 6, 7, 8, 9]
[info] using task orders [0, 1, 2, 3, 4, 5, 6, 7, 8, 9]
[info] using task orders [0, 1, 2, 3, 4, 5, 6, 7, 8, 9]
[info] using task orders [0, 1, 2, 3, 4, 5, 6, 7, 8, 9]
Local assets not found. Downloading from HuggingFace Hub...
Assets already downloaded at /root/.cache/libero/assets
Local assets not found. Downloading from HuggingFace Hub...
Assets already downloaded at /root/.cache/libero/assets
Local assets not found. Downloading from HuggingFace Hub...
Assets already downloaded at /root/.cache/libero/assets
Local assets not found. Downloading from HuggingFace Hub...
Assets already downloaded at /root/.cache/libero/assets
Local assets not found. Downloading from HuggingFace Hub...
Assets already downloaded at /root/.cache/libero/assets
Local assets not found. Downloading from HuggingFace Hub...
Assets already downloaded at /root/.cache/libero/assets
Local assets not found. Downloading from HuggingFace Hub...
Assets already downloaded at /root/.cache/libero/assets
Local assets not found. Downloading from HuggingFace Hub...
Assets already downloaded at /root/.cache/libero/assets
Local assets not found. Downloading from HuggingFace Hub...
Assets already downloaded at /root/.cache/libero/assets
Local assets not found. Downloading from HuggingFace Hub...
Assets already downloaded at /root/.cache/libero/assets
490/780 episodes, 3.52 s/episode, eta 0.28 h
500/780 episodes, 3.50 s/episode, eta 0.27 h
510/780 episodes, 3.50 s/episode, eta 0.26 h
[info] using task orders [0, 1, 2, 3, 4, 5, 6, 7, 8, 9]
[info] using task orders [0, 1, 2, 3, 4, 5, 6, 7, 8, 9]
[info] using task orders [0, 1, 2, 3, 4, 5, 6, 7, 8, 9]
[info] using task orders [0, 1, 2, 3, 4, 5, 6, 7, 8, 9]
[info] using task orders [0, 1, 2, 3, 4, 5, 6, 7, 8, 9]
[info] using task orders [0, 1, 2, 3, 4, 5, 6, 7, 8, 9]
[info] using task orders [0, 1, 2, 3, 4, 5, 6, 7, 8, 9]
[info] using task orders [0, 1, 2, 3, 4, 5, 6, 7, 8, 9]
[info] using task orders [0, 1, 2, 3, 4, 5, 6, 7, 8, 9]
[info] using task orders [0, 1, 2, 3, 4, 5, 6, 7, 8, 9]
[info] using task orders [0, 1, 2, 3, 4, 5, 6, 7, 8, 9]
Local assets not found. Downloading from HuggingFace Hub...
Assets already downloaded at /root/.cache/libero/assets
Local assets not found. Downloading from HuggingFace Hub...
Assets already downloaded at /root/.cache/libero/assets
Local assets not found. Downloading from HuggingFace Hub...
Assets already downloaded at /root/.cache/libero/assets
Local assets not found. Downloading from HuggingFace Hub...
Assets already downloaded at /root/.cache/libero/assets
Local assets not found. Downloading from HuggingFace Hub...
Local assets not found. Downloading from HuggingFace Hub...
Assets already downloaded at /root/.cache/libero/assets
Assets already downloaded at /root/.cache/libero/assets
Local assets not found. Downloading from HuggingFace Hub...
Assets already downloaded at /root/.cache/libero/assets
Local assets not found. Downloading from HuggingFace Hub...
Assets already downloaded at /root/.cache/libero/assets
Local assets not found. Downloading from HuggingFace Hub...
Assets already downloaded at /root/.cache/libero/assets
Local assets not found. Downloading from HuggingFace Hub...
Assets already downloaded at /root/.cache/libero/assets
520/780 episodes, 3.50 s/episode, eta 0.25 h
530/780 episodes, 3.49 s/episode, eta 0.24 h
540/780 episodes, 3.48 s/episode, eta 0.23 h
[info] using task orders [0, 1, 2, 3, 4, 5, 6, 7, 8, 9]
[info] using task orders [0, 1, 2, 3, 4, 5, 6, 7, 8, 9]
[info] using task orders [0, 1, 2, 3, 4, 5, 6, 7, 8, 9]
[info] using task orders [0, 1, 2, 3, 4, 5, 6, 7, 8, 9]
[info] using task orders [0, 1, 2, 3, 4, 5, 6, 7, 8, 9]
[info] using task orders [0, 1, 2, 3, 4, 5, 6, 7, 8, 9]
[info] using task orders [0, 1, 2, 3, 4, 5, 6, 7, 8, 9]
[info] using task orders [0, 1, 2, 3, 4, 5, 6, 7, 8, 9]
[info] using task orders [0, 1, 2, 3, 4, 5, 6, 7, 8, 9]
[info] using task orders [0, 1, 2, 3, 4, 5, 6, 7, 8, 9]
[info] using task orders [0, 1, 2, 3, 4, 5, 6, 7, 8, 9]
Local assets not found. Downloading from HuggingFace Hub...Local assets not found. Downloading from HuggingFace Hub...

Assets already downloaded at /root/.cache/libero/assetsAssets already downloaded at /root/.cache/libero/assets

Local assets not found. Downloading from HuggingFace Hub...Local assets not found. Downloading from HuggingFace Hub...

Assets already downloaded at /root/.cache/libero/assets
Assets already downloaded at /root/.cache/libero/assets
Local assets not found. Downloading from HuggingFace Hub...
Assets already downloaded at /root/.cache/libero/assets
Local assets not found. Downloading from HuggingFace Hub...Local assets not found. Downloading from HuggingFace Hub...

Assets already downloaded at /root/.cache/libero/assetsAssets already downloaded at /root/.cache/libero/assets

Local assets not found. Downloading from HuggingFace Hub...
Assets already downloaded at /root/.cache/libero/assets
Local assets not found. Downloading from HuggingFace Hub...
Assets already downloaded at /root/.cache/libero/assets
Local assets not found. Downloading from HuggingFace Hub...
Assets already downloaded at /root/.cache/libero/assets
550/780 episodes, 3.49 s/episode, eta 0.22 h
560/780 episodes, 3.48 s/episode, eta 0.21 h
570/780 episodes, 3.47 s/episode, eta 0.20 h
[info] using task orders [0, 1, 2, 3, 4, 5, 6, 7, 8, 9]
[info] using task orders [0, 1, 2, 3, 4, 5, 6, 7, 8, 9]
[info] using task orders [0, 1, 2, 3, 4, 5, 6, 7, 8, 9]
[info] using task orders [0, 1, 2, 3, 4, 5, 6, 7, 8, 9]
[info] using task orders [0, 1, 2, 3, 4, 5, 6, 7, 8, 9]
[info] using task orders [0, 1, 2, 3, 4, 5, 6, 7, 8, 9]
[info] using task orders [0, 1, 2, 3, 4, 5, 6, 7, 8, 9]
[info] using task orders [0, 1, 2, 3, 4, 5, 6, 7, 8, 9]
[info] using task orders [0, 1, 2, 3, 4, 5, 6, 7, 8, 9]
[info] using task orders [0, 1, 2, 3, 4, 5, 6, 7, 8, 9]
[info] using task orders [0, 1, 2, 3, 4, 5, 6, 7, 8, 9]
Local assets not found. Downloading from HuggingFace Hub...
Assets already downloaded at /root/.cache/libero/assets
Local assets not found. Downloading from HuggingFace Hub...
Assets already downloaded at /root/.cache/libero/assets
Local assets not found. Downloading from HuggingFace Hub...
Assets already downloaded at /root/.cache/libero/assets
Local assets not found. Downloading from HuggingFace Hub...
Assets already downloaded at /root/.cache/libero/assets
Local assets not found. Downloading from HuggingFace Hub...Local assets not found. Downloading from HuggingFace Hub...

Local assets not found. Downloading from HuggingFace Hub...
Assets already downloaded at /root/.cache/libero/assets
Assets already downloaded at /root/.cache/libero/assetsAssets already downloaded at /root/.cache/libero/assets

Local assets not found. Downloading from HuggingFace Hub...
Assets already downloaded at /root/.cache/libero/assets
Local assets not found. Downloading from HuggingFace Hub...
Assets already downloaded at /root/.cache/libero/assets
Local assets not found. Downloading from HuggingFace Hub...
Assets already downloaded at /root/.cache/libero/assets
580/780 episodes, 3.47 s/episode, eta 0.19 h
590/780 episodes, 3.46 s/episode, eta 0.18 h
600/780 episodes, 3.45 s/episode, eta 0.17 h
[info] using task orders [0, 1, 2, 3, 4, 5, 6, 7, 8, 9]
[info] using task orders [0, 1, 2, 3, 4, 5, 6, 7, 8, 9]
[info] using task orders [0, 1, 2, 3, 4, 5, 6, 7, 8, 9]
[info] using task orders [0, 1, 2, 3, 4, 5, 6, 7, 8, 9]
[info] using task orders [0, 1, 2, 3, 4, 5, 6, 7, 8, 9]
[info] using task orders [0, 1, 2, 3, 4, 5, 6, 7, 8, 9]
[info] using task orders [0, 1, 2, 3, 4, 5, 6, 7, 8, 9]
[info] using task orders [0, 1, 2, 3, 4, 5, 6, 7, 8, 9]
[info] using task orders [0, 1, 2, 3, 4, 5, 6, 7, 8, 9]
[info] using task orders [0, 1, 2, 3, 4, 5, 6, 7, 8, 9]
[info] using task orders [0, 1, 2, 3, 4, 5, 6, 7, 8, 9]
Local assets not found. Downloading from HuggingFace Hub...
Assets already downloaded at /root/.cache/libero/assets
Local assets not found. Downloading from HuggingFace Hub...
Assets already downloaded at /root/.cache/libero/assets
Local assets not found. Downloading from HuggingFace Hub...
Assets already downloaded at /root/.cache/libero/assets
Local assets not found. Downloading from HuggingFace Hub...
Assets already downloaded at /root/.cache/libero/assets
Local assets not found. Downloading from HuggingFace Hub...
Assets already downloaded at /root/.cache/libero/assets
Local assets not found. Downloading from HuggingFace Hub...
Assets already downloaded at /root/.cache/libero/assets
Local assets not found. Downloading from HuggingFace Hub...
Assets already downloaded at /root/.cache/libero/assets
Local assets not found. Downloading from HuggingFace Hub...
Assets already downloaded at /root/.cache/libero/assets
Local assets not found. Downloading from HuggingFace Hub...
Assets already downloaded at /root/.cache/libero/assets
Local assets not found. Downloading from HuggingFace Hub...
Assets already downloaded at /root/.cache/libero/assets
610/780 episodes, 3.46 s/episode, eta 0.16 h
620/780 episodes, 3.46 s/episode, eta 0.15 h
630/780 episodes, 3.45 s/episode, eta 0.14 h
[info] using task orders [0, 1, 2, 3, 4, 5, 6, 7, 8, 9]
[info] using task orders [0, 1, 2, 3, 4, 5, 6, 7, 8, 9]
[info] using task orders [0, 1, 2, 3, 4, 5, 6, 7, 8, 9]
[info] using task orders [0, 1, 2, 3, 4, 5, 6, 7, 8, 9]
[info] using task orders [0, 1, 2, 3, 4, 5, 6, 7, 8, 9]
[info] using task orders [0, 1, 2, 3, 4, 5, 6, 7, 8, 9]
[info] using task orders [0, 1, 2, 3, 4, 5, 6, 7, 8, 9]
[info] using task orders [0, 1, 2, 3, 4, 5, 6, 7, 8, 9]
[info] using task orders [0, 1, 2, 3, 4, 5, 6, 7, 8, 9]
[info] using task orders [0, 1, 2, 3, 4, 5, 6, 7, 8, 9]
[info] using task orders [0, 1, 2, 3, 4, 5, 6, 7, 8, 9]
Local assets not found. Downloading from HuggingFace Hub...
Assets already downloaded at /root/.cache/libero/assets
Local assets not found. Downloading from HuggingFace Hub...
Assets already downloaded at /root/.cache/libero/assets
Local assets not found. Downloading from HuggingFace Hub...
Assets already downloaded at /root/.cache/libero/assets
Local assets not found. Downloading from HuggingFace Hub...
Assets already downloaded at /root/.cache/libero/assets
Local assets not found. Downloading from HuggingFace Hub...
Assets already downloaded at /root/.cache/libero/assets
Local assets not found. Downloading from HuggingFace Hub...
Assets already downloaded at /root/.cache/libero/assets
Local assets not found. Downloading from HuggingFace Hub...
Assets already downloaded at /root/.cache/libero/assets
Local assets not found. Downloading from HuggingFace Hub...
Local assets not found. Downloading from HuggingFace Hub...
Assets already downloaded at /root/.cache/libero/assets
Assets already downloaded at /root/.cache/libero/assets
Local assets not found. Downloading from HuggingFace Hub...
Assets already downloaded at /root/.cache/libero/assets
640/780 episodes, 3.45 s/episode, eta 0.13 h
650/780 episodes, 3.42 s/episode, eta 0.12 h
660/780 episodes, 3.42 s/episode, eta 0.11 h
[info] using task orders [0, 1, 2, 3, 4, 5, 6, 7, 8, 9]
[info] using task orders [0, 1, 2, 3, 4, 5, 6, 7, 8, 9]
[info] using task orders [0, 1, 2, 3, 4, 5, 6, 7, 8, 9]
[info] using task orders [0, 1, 2, 3, 4, 5, 6, 7, 8, 9]
[info] using task orders [0, 1, 2, 3, 4, 5, 6, 7, 8, 9]
[info] using task orders [0, 1, 2, 3, 4, 5, 6, 7, 8, 9]
[info] using task orders [0, 1, 2, 3, 4, 5, 6, 7, 8, 9]
[info] using task orders [0, 1, 2, 3, 4, 5, 6, 7, 8, 9]
[info] using task orders [0, 1, 2, 3, 4, 5, 6, 7, 8, 9]
[info] using task orders [0, 1, 2, 3, 4, 5, 6, 7, 8, 9]
[info] using task orders [0, 1, 2, 3, 4, 5, 6, 7, 8, 9]
Local assets not found. Downloading from HuggingFace Hub...
Assets already downloaded at /root/.cache/libero/assets
Local assets not found. Downloading from HuggingFace Hub...
Assets already downloaded at /root/.cache/libero/assets
Local assets not found. Downloading from HuggingFace Hub...Local assets not found. Downloading from HuggingFace Hub...

Assets already downloaded at /root/.cache/libero/assets
Assets already downloaded at /root/.cache/libero/assets
Local assets not found. Downloading from HuggingFace Hub...
Assets already downloaded at /root/.cache/libero/assets
Local assets not found. Downloading from HuggingFace Hub...
Assets already downloaded at /root/.cache/libero/assets
Local assets not found. Downloading from HuggingFace Hub...
Assets already downloaded at /root/.cache/libero/assets
Local assets not found. Downloading from HuggingFace Hub...
Assets already downloaded at /root/.cache/libero/assets
Local assets not found. Downloading from HuggingFace Hub...
Assets already downloaded at /root/.cache/libero/assets
Local assets not found. Downloading from HuggingFace Hub...
Assets already downloaded at /root/.cache/libero/assets
670/780 episodes, 3.43 s/episode, eta 0.10 h
680/780 episodes, 3.42 s/episode, eta 0.10 h
690/780 episodes, 3.42 s/episode, eta 0.09 h
[info] using task orders [0, 1, 2, 3, 4, 5, 6, 7, 8, 9]
[info] using task orders [0, 1, 2, 3, 4, 5, 6, 7, 8, 9]
[info] using task orders [0, 1, 2, 3, 4, 5, 6, 7, 8, 9]
[info] using task orders [0, 1, 2, 3, 4, 5, 6, 7, 8, 9]
[info] using task orders [0, 1, 2, 3, 4, 5, 6, 7, 8, 9]
[info] using task orders [0, 1, 2, 3, 4, 5, 6, 7, 8, 9]
[info] using task orders [0, 1, 2, 3, 4, 5, 6, 7, 8, 9]
[info] using task orders [0, 1, 2, 3, 4, 5, 6, 7, 8, 9]
[info] using task orders [0, 1, 2, 3, 4, 5, 6, 7, 8, 9]
[info] using task orders [0, 1, 2, 3, 4, 5, 6, 7, 8, 9]
[info] using task orders [0, 1, 2, 3, 4, 5, 6, 7, 8, 9]
Local assets not found. Downloading from HuggingFace Hub...
Assets already downloaded at /root/.cache/libero/assets
Local assets not found. Downloading from HuggingFace Hub...
Assets already downloaded at /root/.cache/libero/assets
Local assets not found. Downloading from HuggingFace Hub...
Assets already downloaded at /root/.cache/libero/assets
Local assets not found. Downloading from HuggingFace Hub...
Assets already downloaded at /root/.cache/libero/assets
Local assets not found. Downloading from HuggingFace Hub...
Assets already downloaded at /root/.cache/libero/assets
Local assets not found. Downloading from HuggingFace Hub...
Assets already downloaded at /root/.cache/libero/assets
Local assets not found. Downloading from HuggingFace Hub...
Assets already downloaded at /root/.cache/libero/assets
Local assets not found. Downloading from HuggingFace Hub...
Assets already downloaded at /root/.cache/libero/assets
Local assets not found. Downloading from HuggingFace Hub...
Assets already downloaded at /root/.cache/libero/assets
Local assets not found. Downloading from HuggingFace Hub...
Assets already downloaded at /root/.cache/libero/assets
700/780 episodes, 3.43 s/episode, eta 0.08 h
710/780 episodes, 3.42 s/episode, eta 0.07 h
720/780 episodes, 3.42 s/episode, eta 0.06 h
[info] using task orders [0, 1, 2, 3, 4, 5, 6, 7, 8, 9]
[info] using task orders [0, 1, 2, 3, 4, 5, 6, 7, 8, 9]
[info] using task orders [0, 1, 2, 3, 4, 5, 6, 7, 8, 9]
[info] using task orders [0, 1, 2, 3, 4, 5, 6, 7, 8, 9]
[info] using task orders [0, 1, 2, 3, 4, 5, 6, 7, 8, 9]
[info] using task orders [0, 1, 2, 3, 4, 5, 6, 7, 8, 9]
[info] using task orders [0, 1, 2, 3, 4, 5, 6, 7, 8, 9]
[info] using task orders [0, 1, 2, 3, 4, 5, 6, 7, 8, 9]
[info] using task orders [0, 1, 2, 3, 4, 5, 6, 7, 8, 9]
[info] using task orders [0, 1, 2, 3, 4, 5, 6, 7, 8, 9]
[info] using task orders [0, 1, 2, 3, 4, 5, 6, 7, 8, 9]
Local assets not found. Downloading from HuggingFace Hub...
Assets already downloaded at /root/.cache/libero/assets
Local assets not found. Downloading from HuggingFace Hub...
Assets already downloaded at /root/.cache/libero/assets
Local assets not found. Downloading from HuggingFace Hub...
Assets already downloaded at /root/.cache/libero/assets
Local assets not found. Downloading from HuggingFace Hub...
Assets already downloaded at /root/.cache/libero/assets
Local assets not found. Downloading from HuggingFace Hub...
Assets already downloaded at /root/.cache/libero/assets
Local assets not found. Downloading from HuggingFace Hub...
Assets already downloaded at /root/.cache/libero/assets
Local assets not found. Downloading from HuggingFace Hub...
Assets already downloaded at /root/.cache/libero/assets
Local assets not found. Downloading from HuggingFace Hub...
Assets already downloaded at /root/.cache/libero/assets
Local assets not found. Downloading from HuggingFace Hub...
Assets already downloaded at /root/.cache/libero/assets
Local assets not found. Downloading from HuggingFace Hub...
Assets already downloaded at /root/.cache/libero/assets
730/780 episodes, 3.43 s/episode, eta 0.05 h
740/780 episodes, 3.42 s/episode, eta 0.04 h
750/780 episodes, 3.42 s/episode, eta 0.03 h
[info] using task orders [0, 1, 2, 3, 4, 5, 6, 7, 8, 9]
[info] using task orders [0, 1, 2, 3, 4, 5, 6, 7, 8, 9]
[info] using task orders [0, 1, 2, 3, 4, 5, 6, 7, 8, 9]
[info] using task orders [0, 1, 2, 3, 4, 5, 6, 7, 8, 9]
[info] using task orders [0, 1, 2, 3, 4, 5, 6, 7, 8, 9]
[info] using task orders [0, 1, 2, 3, 4, 5, 6, 7, 8, 9]
[info] using task orders [0, 1, 2, 3, 4, 5, 6, 7, 8, 9]
[info] using task orders [0, 1, 2, 3, 4, 5, 6, 7, 8, 9]
[info] using task orders [0, 1, 2, 3, 4, 5, 6, 7, 8, 9]
[info] using task orders [0, 1, 2, 3, 4, 5, 6, 7, 8, 9]
[info] using task orders [0, 1, 2, 3, 4, 5, 6, 7, 8, 9]
Local assets not found. Downloading from HuggingFace Hub...
Assets already downloaded at /root/.cache/libero/assets
Local assets not found. Downloading from HuggingFace Hub...
Assets already downloaded at /root/.cache/libero/assets
Local assets not found. Downloading from HuggingFace Hub...
Assets already downloaded at /root/.cache/libero/assets
Local assets not found. Downloading from HuggingFace Hub...
Assets already downloaded at /root/.cache/libero/assets
Local assets not found. Downloading from HuggingFace Hub...
Local assets not found. Downloading from HuggingFace Hub...
Assets already downloaded at /root/.cache/libero/assets
Assets already downloaded at /root/.cache/libero/assets
Local assets not found. Downloading from HuggingFace Hub...
Local assets not found. Downloading from HuggingFace Hub...
Assets already downloaded at /root/.cache/libero/assets
Assets already downloaded at /root/.cache/libero/assets
Local assets not found. Downloading from HuggingFace Hub...
Assets already downloaded at /root/.cache/libero/assets
Local assets not found. Downloading from HuggingFace Hub...
Assets already downloaded at /root/.cache/libero/assets
760/780 episodes, 3.43 s/episode, eta 0.02 h
770/780 episodes, 3.42 s/episode, eta 0.01 h
780/780 episodes, 3.42 s/episode, eta 0.00 h
[13:27:41] pass 2 skipped: pass 1 exited cleanly, no failed batch
[13:27:41] pass 1: --kinds step --cells C --methods GT --inits 10-39 --n-envs 10 --t-ramp 5 --k-p 1.0 --out results/c1-e2/grid.jsonl
[robosuite WARNING] No private macro file found! (__init__.py:7)
WARNING:robosuite_logs:No private macro file found!
[robosuite WARNING] It is recommended to use a private macro file (__init__.py:8)
WARNING:robosuite_logs:It is recommended to use a private macro file
[robosuite WARNING] To setup, run: python /workspace/jit-reflex/venv/lib/python3.12/site-packages/robosuite/scripts/setup_macros.py (__init__.py:9)
WARNING:robosuite_logs:To setup, run: python /workspace/jit-reflex/venv/lib/python3.12/site-packages/robosuite/scripts/setup_macros.py
Warning: You are sending unauthenticated requests to the HF Hub. Please set a HF_TOKEN to enable higher rate limits and faster downloads.
WARNING:huggingface_hub.utils._http:Warning: You are sending unauthenticated requests to the HF Hub. Please set a HF_TOKEN to enable higher rate limits and faster downloads.
780 episodes to run
[info] using task orders [0, 1, 2, 3, 4, 5, 6, 7, 8, 9]
/usr/lib/python3.12/multiprocessing/popen_fork.py:66: DeprecationWarning: This process (pid=181793) is multi-threaded, use of fork() may lead to deadlocks in the child.
  self.pid = os.fork()
[info] using task orders [0, 1, 2, 3, 4, 5, 6, 7, 8, 9]
[info] using task orders [0, 1, 2, 3, 4, 5, 6, 7, 8, 9]
[info] using task orders [0, 1, 2, 3, 4, 5, 6, 7, 8, 9]
[info] using task orders [0, 1, 2, 3, 4, 5, 6, 7, 8, 9]
[info] using task orders [0, 1, 2, 3, 4, 5, 6, 7, 8, 9]
[info] using task orders [0, 1, 2, 3, 4, 5, 6, 7, 8, 9]
[info] using task orders [0, 1, 2, 3, 4, 5, 6, 7, 8, 9]
[info] using task orders [0, 1, 2, 3, 4, 5, 6, 7, 8, 9]
[info] using task orders [0, 1, 2, 3, 4, 5, 6, 7, 8, 9]
[info] using task orders [0, 1, 2, 3, 4, 5, 6, 7, 8, 9]
Local assets not found. Downloading from HuggingFace Hub...
Assets already downloaded at /root/.cache/libero/assets
Local assets not found. Downloading from HuggingFace Hub...
Assets already downloaded at /root/.cache/libero/assets
Local assets not found. Downloading from HuggingFace Hub...
Assets already downloaded at /root/.cache/libero/assets
Local assets not found. Downloading from HuggingFace Hub...
Assets already downloaded at /root/.cache/libero/assets
Local assets not found. Downloading from HuggingFace Hub...
Local assets not found. Downloading from HuggingFace Hub...
Assets already downloaded at /root/.cache/libero/assets
Assets already downloaded at /root/.cache/libero/assets
Local assets not found. Downloading from HuggingFace Hub...
Assets already downloaded at /root/.cache/libero/assets
Local assets not found. Downloading from HuggingFace Hub...
Assets already downloaded at /root/.cache/libero/assets
Local assets not found. Downloading from HuggingFace Hub...
Assets already downloaded at /root/.cache/libero/assets
Local assets not found. Downloading from HuggingFace Hub...
Assets already downloaded at /root/.cache/libero/assets
10/780 episodes, 3.59 s/episode, eta 0.77 h
20/780 episodes, 3.06 s/episode, eta 0.65 h
30/780 episodes, 2.87 s/episode, eta 0.60 h
[info] using task orders [0, 1, 2, 3, 4, 5, 6, 7, 8, 9]
[info] using task orders [0, 1, 2, 3, 4, 5, 6, 7, 8, 9]
[info] using task orders [0, 1, 2, 3, 4, 5, 6, 7, 8, 9]
[info] using task orders [0, 1, 2, 3, 4, 5, 6, 7, 8, 9]
[info] using task orders [0, 1, 2, 3, 4, 5, 6, 7, 8, 9]
[info] using task orders [0, 1, 2, 3, 4, 5, 6, 7, 8, 9]
[info] using task orders [0, 1, 2, 3, 4, 5, 6, 7, 8, 9]
[info] using task orders [0, 1, 2, 3, 4, 5, 6, 7, 8, 9]
[info] using task orders [0, 1, 2, 3, 4, 5, 6, 7, 8, 9]
[info] using task orders [0, 1, 2, 3, 4, 5, 6, 7, 8, 9]
[info] using task orders [0, 1, 2, 3, 4, 5, 6, 7, 8, 9]
Local assets not found. Downloading from HuggingFace Hub...
Assets already downloaded at /root/.cache/libero/assets
Local assets not found. Downloading from HuggingFace Hub...
Local assets not found. Downloading from HuggingFace Hub...Local assets not found. Downloading from HuggingFace Hub...Local assets not found. Downloading from HuggingFace Hub...Local assets not found. Downloading from HuggingFace Hub...



Local assets not found. Downloading from HuggingFace Hub...
Assets already downloaded at /root/.cache/libero/assetsAssets already downloaded at /root/.cache/libero/assetsAssets already downloaded at /root/.cache/libero/assets


Assets already downloaded at /root/.cache/libero/assetsAssets already downloaded at /root/.cache/libero/assets

Assets already downloaded at /root/.cache/libero/assets
Local assets not found. Downloading from HuggingFace Hub...
Assets already downloaded at /root/.cache/libero/assets
Local assets not found. Downloading from HuggingFace Hub...
Assets already downloaded at /root/.cache/libero/assets
Local assets not found. Downloading from HuggingFace Hub...
Assets already downloaded at /root/.cache/libero/assets
40/780 episodes, 3.06 s/episode, eta 0.63 h
50/780 episodes, 2.83 s/episode, eta 0.57 h
60/780 episodes, 2.79 s/episode, eta 0.56 h
[info] using task orders [0, 1, 2, 3, 4, 5, 6, 7, 8, 9]
[info] using task orders [0, 1, 2, 3, 4, 5, 6, 7, 8, 9]
[info] using task orders [0, 1, 2, 3, 4, 5, 6, 7, 8, 9]
[info] using task orders [0, 1, 2, 3, 4, 5, 6, 7, 8, 9]
[info] using task orders [0, 1, 2, 3, 4, 5, 6, 7, 8, 9]
[info] using task orders [0, 1, 2, 3, 4, 5, 6, 7, 8, 9]
[info] using task orders [0, 1, 2, 3, 4, 5, 6, 7, 8, 9]
[info] using task orders [0, 1, 2, 3, 4, 5, 6, 7, 8, 9]
[info] using task orders [0, 1, 2, 3, 4, 5, 6, 7, 8, 9]
[info] using task orders [0, 1, 2, 3, 4, 5, 6, 7, 8, 9]
[info] using task orders [0, 1, 2, 3, 4, 5, 6, 7, 8, 9]
Local assets not found. Downloading from HuggingFace Hub...
Assets already downloaded at /root/.cache/libero/assets
Local assets not found. Downloading from HuggingFace Hub...
Assets already downloaded at /root/.cache/libero/assets
Local assets not found. Downloading from HuggingFace Hub...
Assets already downloaded at /root/.cache/libero/assets
Local assets not found. Downloading from HuggingFace Hub...
Assets already downloaded at /root/.cache/libero/assets
Local assets not found. Downloading from HuggingFace Hub...
Assets already downloaded at /root/.cache/libero/assets
Local assets not found. Downloading from HuggingFace Hub...
Assets already downloaded at /root/.cache/libero/assets
Local assets not found. Downloading from HuggingFace Hub...
Assets already downloaded at /root/.cache/libero/assets
Local assets not found. Downloading from HuggingFace Hub...
Assets already downloaded at /root/.cache/libero/assets
Local assets not found. Downloading from HuggingFace Hub...
Assets already downloaded at /root/.cache/libero/assets
Local assets not found. Downloading from HuggingFace Hub...
Assets already downloaded at /root/.cache/libero/assets
70/780 episodes, 2.97 s/episode, eta 0.59 h
80/780 episodes, 2.91 s/episode, eta 0.57 h
90/780 episodes, 2.89 s/episode, eta 0.55 h
[info] using task orders [0, 1, 2, 3, 4, 5, 6, 7, 8, 9]
[info] using task orders [0, 1, 2, 3, 4, 5, 6, 7, 8, 9]
[info] using task orders [0, 1, 2, 3, 4, 5, 6, 7, 8, 9]
[info] using task orders [0, 1, 2, 3, 4, 5, 6, 7, 8, 9]
[info] using task orders [0, 1, 2, 3, 4, 5, 6, 7, 8, 9]
[info] using task orders [0, 1, 2, 3, 4, 5, 6, 7, 8, 9]
[info] using task orders [0, 1, 2, 3, 4, 5, 6, 7, 8, 9]
[info] using task orders [0, 1, 2, 3, 4, 5, 6, 7, 8, 9]
[info] using task orders [0, 1, 2, 3, 4, 5, 6, 7, 8, 9]
[info] using task orders [0, 1, 2, 3, 4, 5, 6, 7, 8, 9]
[info] using task orders [0, 1, 2, 3, 4, 5, 6, 7, 8, 9]
Local assets not found. Downloading from HuggingFace Hub...
Assets already downloaded at /root/.cache/libero/assets
Local assets not found. Downloading from HuggingFace Hub...
Assets already downloaded at /root/.cache/libero/assets
Local assets not found. Downloading from HuggingFace Hub...
Assets already downloaded at /root/.cache/libero/assets
Local assets not found. Downloading from HuggingFace Hub...
Assets already downloaded at /root/.cache/libero/assets
Local assets not found. Downloading from HuggingFace Hub...
Assets already downloaded at /root/.cache/libero/assetsLocal assets not found. Downloading from HuggingFace Hub...

Assets already downloaded at /root/.cache/libero/assets
Local assets not found. Downloading from HuggingFace Hub...
Assets already downloaded at /root/.cache/libero/assets
Local assets not found. Downloading from HuggingFace Hub...
Assets already downloaded at /root/.cache/libero/assets
Local assets not found. Downloading from HuggingFace Hub...
Assets already downloaded at /root/.cache/libero/assets
Local assets not found. Downloading from HuggingFace Hub...
Assets already downloaded at /root/.cache/libero/assets
100/780 episodes, 2.95 s/episode, eta 0.56 h
110/780 episodes, 2.95 s/episode, eta 0.55 h
120/780 episodes, 2.92 s/episode, eta 0.54 h
[info] using task orders [0, 1, 2, 3, 4, 5, 6, 7, 8, 9]
[info] using task orders [0, 1, 2, 3, 4, 5, 6, 7, 8, 9]
[info] using task orders [0, 1, 2, 3, 4, 5, 6, 7, 8, 9]
[info] using task orders [0, 1, 2, 3, 4, 5, 6, 7, 8, 9]
[info] using task orders [0, 1, 2, 3, 4, 5, 6, 7, 8, 9]
[info] using task orders [0, 1, 2, 3, 4, 5, 6, 7, 8, 9]
[info] using task orders [0, 1, 2, 3, 4, 5, 6, 7, 8, 9]
[info] using task orders [0, 1, 2, 3, 4, 5, 6, 7, 8, 9]
[info] using task orders [0, 1, 2, 3, 4, 5, 6, 7, 8, 9]
[info] using task orders [0, 1, 2, 3, 4, 5, 6, 7, 8, 9]
[info] using task orders [0, 1, 2, 3, 4, 5, 6, 7, 8, 9]
Local assets not found. Downloading from HuggingFace Hub...Local assets not found. Downloading from HuggingFace Hub...

Assets already downloaded at /root/.cache/libero/assetsAssets already downloaded at /root/.cache/libero/assets

Local assets not found. Downloading from HuggingFace Hub...
Assets already downloaded at /root/.cache/libero/assets
Local assets not found. Downloading from HuggingFace Hub...
Assets already downloaded at /root/.cache/libero/assets
Local assets not found. Downloading from HuggingFace Hub...
Local assets not found. Downloading from HuggingFace Hub...Local assets not found. Downloading from HuggingFace Hub...

Assets already downloaded at /root/.cache/libero/assets
Assets already downloaded at /root/.cache/libero/assetsAssets already downloaded at /root/.cache/libero/assets

Local assets not found. Downloading from HuggingFace Hub...
Assets already downloaded at /root/.cache/libero/assets
Local assets not found. Downloading from HuggingFace Hub...
Assets already downloaded at /root/.cache/libero/assets
Local assets not found. Downloading from HuggingFace Hub...
Assets already downloaded at /root/.cache/libero/assets
130/780 episodes, 3.02 s/episode, eta 0.54 h
140/780 episodes, 3.10 s/episode, eta 0.55 h
150/780 episodes, 3.16 s/episode, eta 0.55 h
[info] using task orders [0, 1, 2, 3, 4, 5, 6, 7, 8, 9]
[info] using task orders [0, 1, 2, 3, 4, 5, 6, 7, 8, 9]
[info] using task orders [0, 1, 2, 3, 4, 5, 6, 7, 8, 9]
[info] using task orders [0, 1, 2, 3, 4, 5, 6, 7, 8, 9]
[info] using task orders [0, 1, 2, 3, 4, 5, 6, 7, 8, 9]
[info] using task orders [0, 1, 2, 3, 4, 5, 6, 7, 8, 9]
[info] using task orders [0, 1, 2, 3, 4, 5, 6, 7, 8, 9]
[info] using task orders [0, 1, 2, 3, 4, 5, 6, 7, 8, 9]
[info] using task orders [0, 1, 2, 3, 4, 5, 6, 7, 8, 9]
[info] using task orders [0, 1, 2, 3, 4, 5, 6, 7, 8, 9]
[info] using task orders [0, 1, 2, 3, 4, 5, 6, 7, 8, 9]
Local assets not found. Downloading from HuggingFace Hub...
Assets already downloaded at /root/.cache/libero/assets
Local assets not found. Downloading from HuggingFace Hub...
Assets already downloaded at /root/.cache/libero/assets
Local assets not found. Downloading from HuggingFace Hub...Local assets not found. Downloading from HuggingFace Hub...
Local assets not found. Downloading from HuggingFace Hub...

Assets already downloaded at /root/.cache/libero/assetsAssets already downloaded at /root/.cache/libero/assetsAssets already downloaded at /root/.cache/libero/assets


Local assets not found. Downloading from HuggingFace Hub...
Assets already downloaded at /root/.cache/libero/assets
Local assets not found. Downloading from HuggingFace Hub...
Assets already downloaded at /root/.cache/libero/assets
Local assets not found. Downloading from HuggingFace Hub...
Assets already downloaded at /root/.cache/libero/assets
Local assets not found. Downloading from HuggingFace Hub...
Assets already downloaded at /root/.cache/libero/assets
Local assets not found. Downloading from HuggingFace Hub...
Assets already downloaded at /root/.cache/libero/assets
160/780 episodes, 3.27 s/episode, eta 0.56 h
170/780 episodes, 3.27 s/episode, eta 0.55 h
180/780 episodes, 3.23 s/episode, eta 0.54 h
[info] using task orders [0, 1, 2, 3, 4, 5, 6, 7, 8, 9]
[info] using task orders [0, 1, 2, 3, 4, 5, 6, 7, 8, 9]
[info] using task orders [0, 1, 2, 3, 4, 5, 6, 7, 8, 9]
[info] using task orders [0, 1, 2, 3, 4, 5, 6, 7, 8, 9]
[info] using task orders [0, 1, 2, 3, 4, 5, 6, 7, 8, 9]
[info] using task orders [0, 1, 2, 3, 4, 5, 6, 7, 8, 9]
[info] using task orders [0, 1, 2, 3, 4, 5, 6, 7, 8, 9]
[info] using task orders [0, 1, 2, 3, 4, 5, 6, 7, 8, 9]
[info] using task orders [0, 1, 2, 3, 4, 5, 6, 7, 8, 9]
[info] using task orders [0, 1, 2, 3, 4, 5, 6, 7, 8, 9]
[info] using task orders [0, 1, 2, 3, 4, 5, 6, 7, 8, 9]
Local assets not found. Downloading from HuggingFace Hub...
Assets already downloaded at /root/.cache/libero/assets
Local assets not found. Downloading from HuggingFace Hub...
Assets already downloaded at /root/.cache/libero/assets
Local assets not found. Downloading from HuggingFace Hub...
Assets already downloaded at /root/.cache/libero/assets
Local assets not found. Downloading from HuggingFace Hub...
Assets already downloaded at /root/.cache/libero/assets
Local assets not found. Downloading from HuggingFace Hub...
Assets already downloaded at /root/.cache/libero/assets
Local assets not found. Downloading from HuggingFace Hub...
Assets already downloaded at /root/.cache/libero/assets
Local assets not found. Downloading from HuggingFace Hub...
Assets already downloaded at /root/.cache/libero/assets
Local assets not found. Downloading from HuggingFace Hub...
Assets already downloaded at /root/.cache/libero/assets
Local assets not found. Downloading from HuggingFace Hub...
Assets already downloaded at /root/.cache/libero/assets
Local assets not found. Downloading from HuggingFace Hub...
Assets already downloaded at /root/.cache/libero/assets
190/780 episodes, 3.25 s/episode, eta 0.53 h
200/780 episodes, 3.20 s/episode, eta 0.52 h
210/780 episodes, 3.18 s/episode, eta 0.50 h
[info] using task orders [0, 1, 2, 3, 4, 5, 6, 7, 8, 9]
[info] using task orders [0, 1, 2, 3, 4, 5, 6, 7, 8, 9]
[info] using task orders [0, 1, 2, 3, 4, 5, 6, 7, 8, 9]
[info] using task orders [0, 1, 2, 3, 4, 5, 6, 7, 8, 9]
[info] using task orders [0, 1, 2, 3, 4, 5, 6, 7, 8, 9]
[info] using task orders [0, 1, 2, 3, 4, 5, 6, 7, 8, 9]
[info] using task orders [0, 1, 2, 3, 4, 5, 6, 7, 8, 9]
[info] using task orders [0, 1, 2, 3, 4, 5, 6, 7, 8, 9]
[info] using task orders [0, 1, 2, 3, 4, 5, 6, 7, 8, 9]
[info] using task orders [0, 1, 2, 3, 4, 5, 6, 7, 8, 9]
[info] using task orders [0, 1, 2, 3, 4, 5, 6, 7, 8, 9]
Local assets not found. Downloading from HuggingFace Hub...
Assets already downloaded at /root/.cache/libero/assets
Local assets not found. Downloading from HuggingFace Hub...
Assets already downloaded at /root/.cache/libero/assets
Local assets not found. Downloading from HuggingFace Hub...
Assets already downloaded at /root/.cache/libero/assets
Local assets not found. Downloading from HuggingFace Hub...
Local assets not found. Downloading from HuggingFace Hub...
Assets already downloaded at /root/.cache/libero/assets
Local assets not found. Downloading from HuggingFace Hub...
Assets already downloaded at /root/.cache/libero/assets
Assets already downloaded at /root/.cache/libero/assets
Local assets not found. Downloading from HuggingFace Hub...
Assets already downloaded at /root/.cache/libero/assets
Local assets not found. Downloading from HuggingFace Hub...
Assets already downloaded at /root/.cache/libero/assets
Local assets not found. Downloading from HuggingFace Hub...
Assets already downloaded at /root/.cache/libero/assets
Local assets not found. Downloading from HuggingFace Hub...
Assets already downloaded at /root/.cache/libero/assets
220/780 episodes, 3.19 s/episode, eta 0.50 h
230/780 episodes, 3.15 s/episode, eta 0.48 h
240/780 episodes, 3.14 s/episode, eta 0.47 h
[info] using task orders [0, 1, 2, 3, 4, 5, 6, 7, 8, 9]
[info] using task orders [0, 1, 2, 3, 4, 5, 6, 7, 8, 9]
[info] using task orders [0, 1, 2, 3, 4, 5, 6, 7, 8, 9]
[info] using task orders [0, 1, 2, 3, 4, 5, 6, 7, 8, 9]
[info] using task orders [0, 1, 2, 3, 4, 5, 6, 7, 8, 9]
[info] using task orders [0, 1, 2, 3, 4, 5, 6, 7, 8, 9]
[info] using task orders [0, 1, 2, 3, 4, 5, 6, 7, 8, 9]
[info] using task orders [0, 1, 2, 3, 4, 5, 6, 7, 8, 9]
[info] using task orders [0, 1, 2, 3, 4, 5, 6, 7, 8, 9]
[info] using task orders [0, 1, 2, 3, 4, 5, 6, 7, 8, 9]
[info] using task orders [0, 1, 2, 3, 4, 5, 6, 7, 8, 9]
Local assets not found. Downloading from HuggingFace Hub...
Assets already downloaded at /root/.cache/libero/assets
Local assets not found. Downloading from HuggingFace Hub...
Assets already downloaded at /root/.cache/libero/assets
Local assets not found. Downloading from HuggingFace Hub...
Local assets not found. Downloading from HuggingFace Hub...
Assets already downloaded at /root/.cache/libero/assets
Assets already downloaded at /root/.cache/libero/assets
Local assets not found. Downloading from HuggingFace Hub...
Assets already downloaded at /root/.cache/libero/assets
Local assets not found. Downloading from HuggingFace Hub...
Assets already downloaded at /root/.cache/libero/assets
Local assets not found. Downloading from HuggingFace Hub...
Local assets not found. Downloading from HuggingFace Hub...
Assets already downloaded at /root/.cache/libero/assets
Assets already downloaded at /root/.cache/libero/assets
Local assets not found. Downloading from HuggingFace Hub...
Assets already downloaded at /root/.cache/libero/assets
Local assets not found. Downloading from HuggingFace Hub...
Assets already downloaded at /root/.cache/libero/assets
250/780 episodes, 3.18 s/episode, eta 0.47 h
260/780 episodes, 3.16 s/episode, eta 0.46 h
270/780 episodes, 3.15 s/episode, eta 0.45 h
[info] using task orders [0, 1, 2, 3, 4, 5, 6, 7, 8, 9]
[info] using task orders [0, 1, 2, 3, 4, 5, 6, 7, 8, 9]
[info] using task orders [0, 1, 2, 3, 4, 5, 6, 7, 8, 9]
[info] using task orders [0, 1, 2, 3, 4, 5, 6, 7, 8, 9]
[info] using task orders [0, 1, 2, 3, 4, 5, 6, 7, 8, 9]
[info] using task orders [0, 1, 2, 3, 4, 5, 6, 7, 8, 9]
[info] using task orders [0, 1, 2, 3, 4, 5, 6, 7, 8, 9]
[info] using task orders [0, 1, 2, 3, 4, 5, 6, 7, 8, 9]
[info] using task orders [0, 1, 2, 3, 4, 5, 6, 7, 8, 9]
[info] using task orders [0, 1, 2, 3, 4, 5, 6, 7, 8, 9]
[info] using task orders [0, 1, 2, 3, 4, 5, 6, 7, 8, 9]
Local assets not found. Downloading from HuggingFace Hub...Local assets not found. Downloading from HuggingFace Hub...

Local assets not found. Downloading from HuggingFace Hub...
Assets already downloaded at /root/.cache/libero/assetsAssets already downloaded at /root/.cache/libero/assets

Assets already downloaded at /root/.cache/libero/assets
Local assets not found. Downloading from HuggingFace Hub...
Assets already downloaded at /root/.cache/libero/assets
Local assets not found. Downloading from HuggingFace Hub...
Assets already downloaded at /root/.cache/libero/assets
Local assets not found. Downloading from HuggingFace Hub...
Assets already downloaded at /root/.cache/libero/assets
Local assets not found. Downloading from HuggingFace Hub...
Assets already downloaded at /root/.cache/libero/assets
Local assets not found. Downloading from HuggingFace Hub...
Assets already downloaded at /root/.cache/libero/assets
Local assets not found. Downloading from HuggingFace Hub...
Local assets not found. Downloading from HuggingFace Hub...
Assets already downloaded at /root/.cache/libero/assets
Assets already downloaded at /root/.cache/libero/assets
280/780 episodes, 3.18 s/episode, eta 0.44 h
290/780 episodes, 3.17 s/episode, eta 0.43 h
300/780 episodes, 3.16 s/episode, eta 0.42 h
[info] using task orders [0, 1, 2, 3, 4, 5, 6, 7, 8, 9]
[info] using task orders [0, 1, 2, 3, 4, 5, 6, 7, 8, 9]
[info] using task orders [0, 1, 2, 3, 4, 5, 6, 7, 8, 9]
[info] using task orders [0, 1, 2, 3, 4, 5, 6, 7, 8, 9]
[info] using task orders [0, 1, 2, 3, 4, 5, 6, 7, 8, 9]
[info] using task orders [0, 1, 2, 3, 4, 5, 6, 7, 8, 9]
[info] using task orders [0, 1, 2, 3, 4, 5, 6, 7, 8, 9]
[info] using task orders [0, 1, 2, 3, 4, 5, 6, 7, 8, 9]
[info] using task orders [0, 1, 2, 3, 4, 5, 6, 7, 8, 9]
[info] using task orders [0, 1, 2, 3, 4, 5, 6, 7, 8, 9]
[info] using task orders [0, 1, 2, 3, 4, 5, 6, 7, 8, 9]
Local assets not found. Downloading from HuggingFace Hub...Local assets not found. Downloading from HuggingFace Hub...

Assets already downloaded at /root/.cache/libero/assets
Assets already downloaded at /root/.cache/libero/assets
Local assets not found. Downloading from HuggingFace Hub...
Assets already downloaded at /root/.cache/libero/assets
Local assets not found. Downloading from HuggingFace Hub...
Assets already downloaded at /root/.cache/libero/assets
Local assets not found. Downloading from HuggingFace Hub...
Assets already downloaded at /root/.cache/libero/assets
Local assets not found. Downloading from HuggingFace Hub...
Assets already downloaded at /root/.cache/libero/assets
Local assets not found. Downloading from HuggingFace Hub...
Assets already downloaded at /root/.cache/libero/assets
Local assets not found. Downloading from HuggingFace Hub...
Assets already downloaded at /root/.cache/libero/assets
Local assets not found. Downloading from HuggingFace Hub...
Assets already downloaded at /root/.cache/libero/assets
Local assets not found. Downloading from HuggingFace Hub...
Assets already downloaded at /root/.cache/libero/assets
310/780 episodes, 3.17 s/episode, eta 0.41 h
320/780 episodes, 3.15 s/episode, eta 0.40 h
330/780 episodes, 3.13 s/episode, eta 0.39 h
[info] using task orders [0, 1, 2, 3, 4, 5, 6, 7, 8, 9]
[info] using task orders [0, 1, 2, 3, 4, 5, 6, 7, 8, 9]
[info] using task orders [0, 1, 2, 3, 4, 5, 6, 7, 8, 9]
[info] using task orders [0, 1, 2, 3, 4, 5, 6, 7, 8, 9]
[info] using task orders [0, 1, 2, 3, 4, 5, 6, 7, 8, 9]
[info] using task orders [0, 1, 2, 3, 4, 5, 6, 7, 8, 9]
[info] using task orders [0, 1, 2, 3, 4, 5, 6, 7, 8, 9]
[info] using task orders [0, 1, 2, 3, 4, 5, 6, 7, 8, 9]
[info] using task orders [0, 1, 2, 3, 4, 5, 6, 7, 8, 9]
[info] using task orders [0, 1, 2, 3, 4, 5, 6, 7, 8, 9]
[info] using task orders [0, 1, 2, 3, 4, 5, 6, 7, 8, 9]
Local assets not found. Downloading from HuggingFace Hub...
Assets already downloaded at /root/.cache/libero/assets
Local assets not found. Downloading from HuggingFace Hub...
Assets already downloaded at /root/.cache/libero/assets
Local assets not found. Downloading from HuggingFace Hub...
Assets already downloaded at /root/.cache/libero/assets
Local assets not found. Downloading from HuggingFace Hub...
Assets already downloaded at /root/.cache/libero/assets
Local assets not found. Downloading from HuggingFace Hub...
Assets already downloaded at /root/.cache/libero/assets
Local assets not found. Downloading from HuggingFace Hub...
Assets already downloaded at /root/.cache/libero/assets
Local assets not found. Downloading from HuggingFace Hub...
Assets already downloaded at /root/.cache/libero/assets
Local assets not found. Downloading from HuggingFace Hub...
Assets already downloaded at /root/.cache/libero/assets
Local assets not found. Downloading from HuggingFace Hub...
Assets already downloaded at /root/.cache/libero/assets
Local assets not found. Downloading from HuggingFace Hub...
Assets already downloaded at /root/.cache/libero/assets
340/780 episodes, 3.16 s/episode, eta 0.39 h
350/780 episodes, 3.14 s/episode, eta 0.38 h
360/780 episodes, 3.12 s/episode, eta 0.36 h
[info] using task orders [0, 1, 2, 3, 4, 5, 6, 7, 8, 9]
[info] using task orders [0, 1, 2, 3, 4, 5, 6, 7, 8, 9]
[info] using task orders [0, 1, 2, 3, 4, 5, 6, 7, 8, 9]
[info] using task orders [0, 1, 2, 3, 4, 5, 6, 7, 8, 9]
[info] using task orders [0, 1, 2, 3, 4, 5, 6, 7, 8, 9]
[info] using task orders [0, 1, 2, 3, 4, 5, 6, 7, 8, 9]
[info] using task orders [0, 1, 2, 3, 4, 5, 6, 7, 8, 9]
[info] using task orders [0, 1, 2, 3, 4, 5, 6, 7, 8, 9]
[info] using task orders [0, 1, 2, 3, 4, 5, 6, 7, 8, 9]
[info] using task orders [0, 1, 2, 3, 4, 5, 6, 7, 8, 9]
[info] using task orders [0, 1, 2, 3, 4, 5, 6, 7, 8, 9]
Local assets not found. Downloading from HuggingFace Hub...
Local assets not found. Downloading from HuggingFace Hub...
Assets already downloaded at /root/.cache/libero/assets
Assets already downloaded at /root/.cache/libero/assets
Local assets not found. Downloading from HuggingFace Hub...
Assets already downloaded at /root/.cache/libero/assets
Local assets not found. Downloading from HuggingFace Hub...
Assets already downloaded at /root/.cache/libero/assets
Local assets not found. Downloading from HuggingFace Hub...
Assets already downloaded at /root/.cache/libero/assets
Local assets not found. Downloading from HuggingFace Hub...
Assets already downloaded at /root/.cache/libero/assets
Local assets not found. Downloading from HuggingFace Hub...
Assets already downloaded at /root/.cache/libero/assets
Local assets not found. Downloading from HuggingFace Hub...
Assets already downloaded at /root/.cache/libero/assets
Local assets not found. Downloading from HuggingFace Hub...
Assets already downloaded at /root/.cache/libero/assets
Local assets not found. Downloading from HuggingFace Hub...
Assets already downloaded at /root/.cache/libero/assets
370/780 episodes, 3.12 s/episode, eta 0.36 h
380/780 episodes, 3.11 s/episode, eta 0.35 h
390/780 episodes, 3.08 s/episode, eta 0.33 h
[info] using task orders [0, 1, 2, 3, 4, 5, 6, 7, 8, 9]
[info] using task orders [0, 1, 2, 3, 4, 5, 6, 7, 8, 9]
[info] using task orders [0, 1, 2, 3, 4, 5, 6, 7, 8, 9]
[info] using task orders [0, 1, 2, 3, 4, 5, 6, 7, 8, 9]
[info] using task orders [0, 1, 2, 3, 4, 5, 6, 7, 8, 9]
[info] using task orders [0, 1, 2, 3, 4, 5, 6, 7, 8, 9]
[info] using task orders [0, 1, 2, 3, 4, 5, 6, 7, 8, 9]
[info] using task orders [0, 1, 2, 3, 4, 5, 6, 7, 8, 9]
[info] using task orders [0, 1, 2, 3, 4, 5, 6, 7, 8, 9]
[info] using task orders [0, 1, 2, 3, 4, 5, 6, 7, 8, 9]
[info] using task orders [0, 1, 2, 3, 4, 5, 6, 7, 8, 9]
Local assets not found. Downloading from HuggingFace Hub...
Assets already downloaded at /root/.cache/libero/assets
Local assets not found. Downloading from HuggingFace Hub...
Local assets not found. Downloading from HuggingFace Hub...
Assets already downloaded at /root/.cache/libero/assets
Local assets not found. Downloading from HuggingFace Hub...
Assets already downloaded at /root/.cache/libero/assets
Assets already downloaded at /root/.cache/libero/assets
Local assets not found. Downloading from HuggingFace Hub...
Assets already downloaded at /root/.cache/libero/assets
Local assets not found. Downloading from HuggingFace Hub...
Assets already downloaded at /root/.cache/libero/assets
Local assets not found. Downloading from HuggingFace Hub...
Assets already downloaded at /root/.cache/libero/assets
Local assets not found. Downloading from HuggingFace Hub...
Assets already downloaded at /root/.cache/libero/assets
Local assets not found. Downloading from HuggingFace Hub...
Assets already downloaded at /root/.cache/libero/assets
Local assets not found. Downloading from HuggingFace Hub...
Assets already downloaded at /root/.cache/libero/assets
400/780 episodes, 3.10 s/episode, eta 0.33 h
410/780 episodes, 3.09 s/episode, eta 0.32 h
420/780 episodes, 3.08 s/episode, eta 0.31 h
[info] using task orders [0, 1, 2, 3, 4, 5, 6, 7, 8, 9]
[info] using task orders [0, 1, 2, 3, 4, 5, 6, 7, 8, 9]
[info] using task orders [0, 1, 2, 3, 4, 5, 6, 7, 8, 9]
[info] using task orders [0, 1, 2, 3, 4, 5, 6, 7, 8, 9]
[info] using task orders [0, 1, 2, 3, 4, 5, 6, 7, 8, 9]
[info] using task orders [0, 1, 2, 3, 4, 5, 6, 7, 8, 9]
[info] using task orders [0, 1, 2, 3, 4, 5, 6, 7, 8, 9]
[info] using task orders [0, 1, 2, 3, 4, 5, 6, 7, 8, 9]
[info] using task orders [0, 1, 2, 3, 4, 5, 6, 7, 8, 9]
[info] using task orders [0, 1, 2, 3, 4, 5, 6, 7, 8, 9]
[info] using task orders [0, 1, 2, 3, 4, 5, 6, 7, 8, 9]
Local assets not found. Downloading from HuggingFace Hub...
Local assets not found. Downloading from HuggingFace Hub...
Assets already downloaded at /root/.cache/libero/assets
Assets already downloaded at /root/.cache/libero/assets
Local assets not found. Downloading from HuggingFace Hub...
Assets already downloaded at /root/.cache/libero/assets
Local assets not found. Downloading from HuggingFace Hub...
Assets already downloaded at /root/.cache/libero/assets
Local assets not found. Downloading from HuggingFace Hub...
Assets already downloaded at /root/.cache/libero/assets
Local assets not found. Downloading from HuggingFace Hub...Local assets not found. Downloading from HuggingFace Hub...

Local assets not found. Downloading from HuggingFace Hub...
Assets already downloaded at /root/.cache/libero/assets
Assets already downloaded at /root/.cache/libero/assetsAssets already downloaded at /root/.cache/libero/assets

Local assets not found. Downloading from HuggingFace Hub...
Local assets not found. Downloading from HuggingFace Hub...
Assets already downloaded at /root/.cache/libero/assets
Assets already downloaded at /root/.cache/libero/assets
430/780 episodes, 3.09 s/episode, eta 0.30 h
440/780 episodes, 3.08 s/episode, eta 0.29 h
450/780 episodes, 3.08 s/episode, eta 0.28 h
[info] using task orders [0, 1, 2, 3, 4, 5, 6, 7, 8, 9]
[info] using task orders [0, 1, 2, 3, 4, 5, 6, 7, 8, 9]
[info] using task orders [0, 1, 2, 3, 4, 5, 6, 7, 8, 9]
[info] using task orders [0, 1, 2, 3, 4, 5, 6, 7, 8, 9]
[info] using task orders [0, 1, 2, 3, 4, 5, 6, 7, 8, 9]
[info] using task orders [0, 1, 2, 3, 4, 5, 6, 7, 8, 9]
[info] using task orders [0, 1, 2, 3, 4, 5, 6, 7, 8, 9]
[info] using task orders [0, 1, 2, 3, 4, 5, 6, 7, 8, 9]
[info] using task orders [0, 1, 2, 3, 4, 5, 6, 7, 8, 9]
[info] using task orders [0, 1, 2, 3, 4, 5, 6, 7, 8, 9]
[info] using task orders [0, 1, 2, 3, 4, 5, 6, 7, 8, 9]
Local assets not found. Downloading from HuggingFace Hub...
Assets already downloaded at /root/.cache/libero/assets
Local assets not found. Downloading from HuggingFace Hub...
Assets already downloaded at /root/.cache/libero/assets
Local assets not found. Downloading from HuggingFace Hub...
Local assets not found. Downloading from HuggingFace Hub...
Assets already downloaded at /root/.cache/libero/assets
Assets already downloaded at /root/.cache/libero/assets
Local assets not found. Downloading from HuggingFace Hub...
Assets already downloaded at /root/.cache/libero/assets
Local assets not found. Downloading from HuggingFace Hub...
Assets already downloaded at /root/.cache/libero/assets
Local assets not found. Downloading from HuggingFace Hub...
Assets already downloaded at /root/.cache/libero/assets
Local assets not found. Downloading from HuggingFace Hub...
Assets already downloaded at /root/.cache/libero/assets
Local assets not found. Downloading from HuggingFace Hub...
Assets already downloaded at /root/.cache/libero/assets
Local assets not found. Downloading from HuggingFace Hub...
Assets already downloaded at /root/.cache/libero/assets
460/780 episodes, 3.10 s/episode, eta 0.28 h
470/780 episodes, 3.09 s/episode, eta 0.27 h
480/780 episodes, 3.07 s/episode, eta 0.26 h
[info] using task orders [0, 1, 2, 3, 4, 5, 6, 7, 8, 9]
[info] using task orders [0, 1, 2, 3, 4, 5, 6, 7, 8, 9]
[info] using task orders [0, 1, 2, 3, 4, 5, 6, 7, 8, 9]
[info] using task orders [0, 1, 2, 3, 4, 5, 6, 7, 8, 9]
[info] using task orders [0, 1, 2, 3, 4, 5, 6, 7, 8, 9]
[info] using task orders [0, 1, 2, 3, 4, 5, 6, 7, 8, 9]
[info] using task orders [0, 1, 2, 3, 4, 5, 6, 7, 8, 9]
[info] using task orders [0, 1, 2, 3, 4, 5, 6, 7, 8, 9]
[info] using task orders [0, 1, 2, 3, 4, 5, 6, 7, 8, 9]
[info] using task orders [0, 1, 2, 3, 4, 5, 6, 7, 8, 9]
[info] using task orders [0, 1, 2, 3, 4, 5, 6, 7, 8, 9]
Local assets not found. Downloading from HuggingFace Hub...
Assets already downloaded at /root/.cache/libero/assets
Local assets not found. Downloading from HuggingFace Hub...
Assets already downloaded at /root/.cache/libero/assets
Local assets not found. Downloading from HuggingFace Hub...
Assets already downloaded at /root/.cache/libero/assets
Local assets not found. Downloading from HuggingFace Hub...
Assets already downloaded at /root/.cache/libero/assets
Local assets not found. Downloading from HuggingFace Hub...
Assets already downloaded at /root/.cache/libero/assets
Local assets not found. Downloading from HuggingFace Hub...
Assets already downloaded at /root/.cache/libero/assets
Local assets not found. Downloading from HuggingFace Hub...
Assets already downloaded at /root/.cache/libero/assets
Local assets not found. Downloading from HuggingFace Hub...
Assets already downloaded at /root/.cache/libero/assets
Local assets not found. Downloading from HuggingFace Hub...
Assets already downloaded at /root/.cache/libero/assets
Local assets not found. Downloading from HuggingFace Hub...
Assets already downloaded at /root/.cache/libero/assets
490/780 episodes, 3.08 s/episode, eta 0.25 h
500/780 episodes, 3.06 s/episode, eta 0.24 h
510/780 episodes, 3.05 s/episode, eta 0.23 h
[info] using task orders [0, 1, 2, 3, 4, 5, 6, 7, 8, 9]
[info] using task orders [0, 1, 2, 3, 4, 5, 6, 7, 8, 9]
[info] using task orders [0, 1, 2, 3, 4, 5, 6, 7, 8, 9]
[info] using task orders [0, 1, 2, 3, 4, 5, 6, 7, 8, 9]
[info] using task orders [0, 1, 2, 3, 4, 5, 6, 7, 8, 9]
[info] using task orders [0, 1, 2, 3, 4, 5, 6, 7, 8, 9]
[info] using task orders [0, 1, 2, 3, 4, 5, 6, 7, 8, 9]
[info] using task orders [0, 1, 2, 3, 4, 5, 6, 7, 8, 9]
[info] using task orders [0, 1, 2, 3, 4, 5, 6, 7, 8, 9]
[info] using task orders [0, 1, 2, 3, 4, 5, 6, 7, 8, 9]
[info] using task orders [0, 1, 2, 3, 4, 5, 6, 7, 8, 9]
Local assets not found. Downloading from HuggingFace Hub...
Assets already downloaded at /root/.cache/libero/assets
Local assets not found. Downloading from HuggingFace Hub...
Assets already downloaded at /root/.cache/libero/assets
Local assets not found. Downloading from HuggingFace Hub...
Local assets not found. Downloading from HuggingFace Hub...
Local assets not found. Downloading from HuggingFace Hub...
Assets already downloaded at /root/.cache/libero/assets
Assets already downloaded at /root/.cache/libero/assets
Assets already downloaded at /root/.cache/libero/assets
Local assets not found. Downloading from HuggingFace Hub...
Local assets not found. Downloading from HuggingFace Hub...
Assets already downloaded at /root/.cache/libero/assets
Assets already downloaded at /root/.cache/libero/assets
Local assets not found. Downloading from HuggingFace Hub...Local assets not found. Downloading from HuggingFace Hub...

Assets already downloaded at /root/.cache/libero/assetsAssets already downloaded at /root/.cache/libero/assets

Local assets not found. Downloading from HuggingFace Hub...
Assets already downloaded at /root/.cache/libero/assets
520/780 episodes, 3.08 s/episode, eta 0.22 h
530/780 episodes, 3.07 s/episode, eta 0.21 h
540/780 episodes, 3.05 s/episode, eta 0.20 h
[info] using task orders [0, 1, 2, 3, 4, 5, 6, 7, 8, 9]
[info] using task orders [0, 1, 2, 3, 4, 5, 6, 7, 8, 9]
[info] using task orders [0, 1, 2, 3, 4, 5, 6, 7, 8, 9]
[info] using task orders [0, 1, 2, 3, 4, 5, 6, 7, 8, 9]
[info] using task orders [0, 1, 2, 3, 4, 5, 6, 7, 8, 9]
[info] using task orders [0, 1, 2, 3, 4, 5, 6, 7, 8, 9]
[info] using task orders [0, 1, 2, 3, 4, 5, 6, 7, 8, 9]
[info] using task orders [0, 1, 2, 3, 4, 5, 6, 7, 8, 9]
[info] using task orders [0, 1, 2, 3, 4, 5, 6, 7, 8, 9]
[info] using task orders [0, 1, 2, 3, 4, 5, 6, 7, 8, 9]
[info] using task orders [0, 1, 2, 3, 4, 5, 6, 7, 8, 9]
Local assets not found. Downloading from HuggingFace Hub...
Assets already downloaded at /root/.cache/libero/assets
Local assets not found. Downloading from HuggingFace Hub...
Assets already downloaded at /root/.cache/libero/assets
Local assets not found. Downloading from HuggingFace Hub...
Assets already downloaded at /root/.cache/libero/assets
Local assets not found. Downloading from HuggingFace Hub...
Assets already downloaded at /root/.cache/libero/assets
Local assets not found. Downloading from HuggingFace Hub...
Assets already downloaded at /root/.cache/libero/assets
Local assets not found. Downloading from HuggingFace Hub...
Assets already downloaded at /root/.cache/libero/assets
Local assets not found. Downloading from HuggingFace Hub...
Assets already downloaded at /root/.cache/libero/assets
Local assets not found. Downloading from HuggingFace Hub...
Assets already downloaded at /root/.cache/libero/assets
Local assets not found. Downloading from HuggingFace Hub...
Assets already downloaded at /root/.cache/libero/assets
Local assets not found. Downloading from HuggingFace Hub...
Assets already downloaded at /root/.cache/libero/assets
550/780 episodes, 3.07 s/episode, eta 0.20 h
560/780 episodes, 3.06 s/episode, eta 0.19 h
570/780 episodes, 3.04 s/episode, eta 0.18 h
[info] using task orders [0, 1, 2, 3, 4, 5, 6, 7, 8, 9]
[info] using task orders [0, 1, 2, 3, 4, 5, 6, 7, 8, 9]
[info] using task orders [0, 1, 2, 3, 4, 5, 6, 7, 8, 9]
[info] using task orders [0, 1, 2, 3, 4, 5, 6, 7, 8, 9]
[info] using task orders [0, 1, 2, 3, 4, 5, 6, 7, 8, 9]
[info] using task orders [0, 1, 2, 3, 4, 5, 6, 7, 8, 9]
[info] using task orders [0, 1, 2, 3, 4, 5, 6, 7, 8, 9]
[info] using task orders [0, 1, 2, 3, 4, 5, 6, 7, 8, 9]
[info] using task orders [0, 1, 2, 3, 4, 5, 6, 7, 8, 9]
[info] using task orders [0, 1, 2, 3, 4, 5, 6, 7, 8, 9]
[info] using task orders [0, 1, 2, 3, 4, 5, 6, 7, 8, 9]
Local assets not found. Downloading from HuggingFace Hub...
Assets already downloaded at /root/.cache/libero/assets
Local assets not found. Downloading from HuggingFace Hub...
Assets already downloaded at /root/.cache/libero/assets
Local assets not found. Downloading from HuggingFace Hub...
Assets already downloaded at /root/.cache/libero/assets
Local assets not found. Downloading from HuggingFace Hub...
Assets already downloaded at /root/.cache/libero/assets
Local assets not found. Downloading from HuggingFace Hub...
Assets already downloaded at /root/.cache/libero/assets
Local assets not found. Downloading from HuggingFace Hub...
Assets already downloaded at /root/.cache/libero/assets
Local assets not found. Downloading from HuggingFace Hub...
Assets already downloaded at /root/.cache/libero/assets
Local assets not found. Downloading from HuggingFace Hub...
Assets already downloaded at /root/.cache/libero/assets
Local assets not found. Downloading from HuggingFace Hub...
Assets already downloaded at /root/.cache/libero/assets
Local assets not found. Downloading from HuggingFace Hub...
Assets already downloaded at /root/.cache/libero/assets
580/780 episodes, 3.06 s/episode, eta 0.17 h
590/780 episodes, 3.05 s/episode, eta 0.16 h
600/780 episodes, 3.05 s/episode, eta 0.15 h
[info] using task orders [0, 1, 2, 3, 4, 5, 6, 7, 8, 9]
[info] using task orders [0, 1, 2, 3, 4, 5, 6, 7, 8, 9]
[info] using task orders [0, 1, 2, 3, 4, 5, 6, 7, 8, 9]
[info] using task orders [0, 1, 2, 3, 4, 5, 6, 7, 8, 9]
[info] using task orders [0, 1, 2, 3, 4, 5, 6, 7, 8, 9]
[info] using task orders [0, 1, 2, 3, 4, 5, 6, 7, 8, 9]
[info] using task orders [0, 1, 2, 3, 4, 5, 6, 7, 8, 9]
[info] using task orders [0, 1, 2, 3, 4, 5, 6, 7, 8, 9]
[info] using task orders [0, 1, 2, 3, 4, 5, 6, 7, 8, 9]
[info] using task orders [0, 1, 2, 3, 4, 5, 6, 7, 8, 9]
[info] using task orders [0, 1, 2, 3, 4, 5, 6, 7, 8, 9]
Local assets not found. Downloading from HuggingFace Hub...
Assets already downloaded at /root/.cache/libero/assets
Local assets not found. Downloading from HuggingFace Hub...
Assets already downloaded at /root/.cache/libero/assets
Local assets not found. Downloading from HuggingFace Hub...
Assets already downloaded at /root/.cache/libero/assets
Local assets not found. Downloading from HuggingFace Hub...
Assets already downloaded at /root/.cache/libero/assets
Local assets not found. Downloading from HuggingFace Hub...
Assets already downloaded at /root/.cache/libero/assets
Local assets not found. Downloading from HuggingFace Hub...
Assets already downloaded at /root/.cache/libero/assets
Local assets not found. Downloading from HuggingFace Hub...
Assets already downloaded at /root/.cache/libero/assets
Local assets not found. Downloading from HuggingFace Hub...
Assets already downloaded at /root/.cache/libero/assets
Local assets not found. Downloading from HuggingFace Hub...
Local assets not found. Downloading from HuggingFace Hub...
Assets already downloaded at /root/.cache/libero/assets
Assets already downloaded at /root/.cache/libero/assets
610/780 episodes, 3.07 s/episode, eta 0.14 h
620/780 episodes, 3.07 s/episode, eta 0.14 h
630/780 episodes, 3.05 s/episode, eta 0.13 h
[info] using task orders [0, 1, 2, 3, 4, 5, 6, 7, 8, 9]
[info] using task orders [0, 1, 2, 3, 4, 5, 6, 7, 8, 9]
[info] using task orders [0, 1, 2, 3, 4, 5, 6, 7, 8, 9]
[info] using task orders [0, 1, 2, 3, 4, 5, 6, 7, 8, 9]
[info] using task orders [0, 1, 2, 3, 4, 5, 6, 7, 8, 9]
[info] using task orders [0, 1, 2, 3, 4, 5, 6, 7, 8, 9]
[info] using task orders [0, 1, 2, 3, 4, 5, 6, 7, 8, 9]
[info] using task orders [0, 1, 2, 3, 4, 5, 6, 7, 8, 9]
[info] using task orders [0, 1, 2, 3, 4, 5, 6, 7, 8, 9]
[info] using task orders [0, 1, 2, 3, 4, 5, 6, 7, 8, 9]
[info] using task orders [0, 1, 2, 3, 4, 5, 6, 7, 8, 9]
Local assets not found. Downloading from HuggingFace Hub...
Assets already downloaded at /root/.cache/libero/assets
Local assets not found. Downloading from HuggingFace Hub...
Assets already downloaded at /root/.cache/libero/assets
Local assets not found. Downloading from HuggingFace Hub...
Assets already downloaded at /root/.cache/libero/assets
Local assets not found. Downloading from HuggingFace Hub...
Assets already downloaded at /root/.cache/libero/assets
Local assets not found. Downloading from HuggingFace Hub...
Assets already downloaded at /root/.cache/libero/assets
Local assets not found. Downloading from HuggingFace Hub...
Assets already downloaded at /root/.cache/libero/assets
Local assets not found. Downloading from HuggingFace Hub...
Assets already downloaded at /root/.cache/libero/assets
Local assets not found. Downloading from HuggingFace Hub...
Assets already downloaded at /root/.cache/libero/assets
Local assets not found. Downloading from HuggingFace Hub...
Assets already downloaded at /root/.cache/libero/assets
Local assets not found. Downloading from HuggingFace Hub...
Assets already downloaded at /root/.cache/libero/assets
640/780 episodes, 3.05 s/episode, eta 0.12 h
650/780 episodes, 3.04 s/episode, eta 0.11 h
660/780 episodes, 3.03 s/episode, eta 0.10 h
[info] using task orders [0, 1, 2, 3, 4, 5, 6, 7, 8, 9]
[info] using task orders [0, 1, 2, 3, 4, 5, 6, 7, 8, 9]
[info] using task orders [0, 1, 2, 3, 4, 5, 6, 7, 8, 9]
[info] using task orders [0, 1, 2, 3, 4, 5, 6, 7, 8, 9]
[info] using task orders [0, 1, 2, 3, 4, 5, 6, 7, 8, 9]
[info] using task orders [0, 1, 2, 3, 4, 5, 6, 7, 8, 9]
[info] using task orders [0, 1, 2, 3, 4, 5, 6, 7, 8, 9]
[info] using task orders [0, 1, 2, 3, 4, 5, 6, 7, 8, 9]
[info] using task orders [0, 1, 2, 3, 4, 5, 6, 7, 8, 9]
[info] using task orders [0, 1, 2, 3, 4, 5, 6, 7, 8, 9]
[info] using task orders [0, 1, 2, 3, 4, 5, 6, 7, 8, 9]
Local assets not found. Downloading from HuggingFace Hub...Local assets not found. Downloading from HuggingFace Hub...

Assets already downloaded at /root/.cache/libero/assetsAssets already downloaded at /root/.cache/libero/assets

Local assets not found. Downloading from HuggingFace Hub...
Assets already downloaded at /root/.cache/libero/assets
Local assets not found. Downloading from HuggingFace Hub...
Assets already downloaded at /root/.cache/libero/assets
Local assets not found. Downloading from HuggingFace Hub...
Assets already downloaded at /root/.cache/libero/assets
Local assets not found. Downloading from HuggingFace Hub...
Local assets not found. Downloading from HuggingFace Hub...
Assets already downloaded at /root/.cache/libero/assets
Assets already downloaded at /root/.cache/libero/assets
Local assets not found. Downloading from HuggingFace Hub...
Assets already downloaded at /root/.cache/libero/assets
Local assets not found. Downloading from HuggingFace Hub...
Assets already downloaded at /root/.cache/libero/assets
Local assets not found. Downloading from HuggingFace Hub...
Assets already downloaded at /root/.cache/libero/assets
670/780 episodes, 3.04 s/episode, eta 0.09 h
680/780 episodes, 3.04 s/episode, eta 0.08 h
690/780 episodes, 3.04 s/episode, eta 0.08 h
[info] using task orders [0, 1, 2, 3, 4, 5, 6, 7, 8, 9]
[info] using task orders [0, 1, 2, 3, 4, 5, 6, 7, 8, 9]
[info] using task orders [0, 1, 2, 3, 4, 5, 6, 7, 8, 9]
[info] using task orders [0, 1, 2, 3, 4, 5, 6, 7, 8, 9]
[info] using task orders [0, 1, 2, 3, 4, 5, 6, 7, 8, 9]
[info] using task orders [0, 1, 2, 3, 4, 5, 6, 7, 8, 9]
[info] using task orders [0, 1, 2, 3, 4, 5, 6, 7, 8, 9]
[info] using task orders [0, 1, 2, 3, 4, 5, 6, 7, 8, 9]
[info] using task orders [0, 1, 2, 3, 4, 5, 6, 7, 8, 9]
[info] using task orders [0, 1, 2, 3, 4, 5, 6, 7, 8, 9]
[info] using task orders [0, 1, 2, 3, 4, 5, 6, 7, 8, 9]
Local assets not found. Downloading from HuggingFace Hub...
Assets already downloaded at /root/.cache/libero/assets
Local assets not found. Downloading from HuggingFace Hub...
Local assets not found. Downloading from HuggingFace Hub...
Local assets not found. Downloading from HuggingFace Hub...
Assets already downloaded at /root/.cache/libero/assets
Assets already downloaded at /root/.cache/libero/assets
Assets already downloaded at /root/.cache/libero/assets
Local assets not found. Downloading from HuggingFace Hub...
Assets already downloaded at /root/.cache/libero/assets
Local assets not found. Downloading from HuggingFace Hub...
Assets already downloaded at /root/.cache/libero/assets
Local assets not found. Downloading from HuggingFace Hub...
Assets already downloaded at /root/.cache/libero/assets
Local assets not found. Downloading from HuggingFace Hub...
Assets already downloaded at /root/.cache/libero/assets
Local assets not found. Downloading from HuggingFace Hub...
Assets already downloaded at /root/.cache/libero/assets
Local assets not found. Downloading from HuggingFace Hub...
Assets already downloaded at /root/.cache/libero/assets
700/780 episodes, 3.06 s/episode, eta 0.07 h
710/780 episodes, 3.05 s/episode, eta 0.06 h
720/780 episodes, 3.05 s/episode, eta 0.05 h
[info] using task orders [0, 1, 2, 3, 4, 5, 6, 7, 8, 9]
[info] using task orders [0, 1, 2, 3, 4, 5, 6, 7, 8, 9]
[info] using task orders [0, 1, 2, 3, 4, 5, 6, 7, 8, 9]
[info] using task orders [0, 1, 2, 3, 4, 5, 6, 7, 8, 9]
[info] using task orders [0, 1, 2, 3, 4, 5, 6, 7, 8, 9]
[info] using task orders [0, 1, 2, 3, 4, 5, 6, 7, 8, 9]
[info] using task orders [0, 1, 2, 3, 4, 5, 6, 7, 8, 9]
[info] using task orders [0, 1, 2, 3, 4, 5, 6, 7, 8, 9]
[info] using task orders [0, 1, 2, 3, 4, 5, 6, 7, 8, 9]
[info] using task orders [0, 1, 2, 3, 4, 5, 6, 7, 8, 9]
[info] using task orders [0, 1, 2, 3, 4, 5, 6, 7, 8, 9]
Local assets not found. Downloading from HuggingFace Hub...
Assets already downloaded at /root/.cache/libero/assets
Local assets not found. Downloading from HuggingFace Hub...
Assets already downloaded at /root/.cache/libero/assets
Local assets not found. Downloading from HuggingFace Hub...
Assets already downloaded at /root/.cache/libero/assets
Local assets not found. Downloading from HuggingFace Hub...
Local assets not found. Downloading from HuggingFace Hub...
Assets already downloaded at /root/.cache/libero/assets
Assets already downloaded at /root/.cache/libero/assets
Local assets not found. Downloading from HuggingFace Hub...
Assets already downloaded at /root/.cache/libero/assets
Local assets not found. Downloading from HuggingFace Hub...
Assets already downloaded at /root/.cache/libero/assets
Local assets not found. Downloading from HuggingFace Hub...
Assets already downloaded at /root/.cache/libero/assets
Local assets not found. Downloading from HuggingFace Hub...
Assets already downloaded at /root/.cache/libero/assets
Local assets not found. Downloading from HuggingFace Hub...
Assets already downloaded at /root/.cache/libero/assets
730/780 episodes, 3.06 s/episode, eta 0.04 h
740/780 episodes, 3.07 s/episode, eta 0.03 h
750/780 episodes, 3.06 s/episode, eta 0.03 h
[info] using task orders [0, 1, 2, 3, 4, 5, 6, 7, 8, 9]
[info] using task orders [0, 1, 2, 3, 4, 5, 6, 7, 8, 9]
[info] using task orders [0, 1, 2, 3, 4, 5, 6, 7, 8, 9]
[info] using task orders [0, 1, 2, 3, 4, 5, 6, 7, 8, 9]
[info] using task orders [0, 1, 2, 3, 4, 5, 6, 7, 8, 9]
[info] using task orders [0, 1, 2, 3, 4, 5, 6, 7, 8, 9]
[info] using task orders [0, 1, 2, 3, 4, 5, 6, 7, 8, 9]
[info] using task orders [0, 1, 2, 3, 4, 5, 6, 7, 8, 9]
[info] using task orders [0, 1, 2, 3, 4, 5, 6, 7, 8, 9]
[info] using task orders [0, 1, 2, 3, 4, 5, 6, 7, 8, 9]
[info] using task orders [0, 1, 2, 3, 4, 5, 6, 7, 8, 9]
Local assets not found. Downloading from HuggingFace Hub...
Assets already downloaded at /root/.cache/libero/assets
Local assets not found. Downloading from HuggingFace Hub...
Assets already downloaded at /root/.cache/libero/assets
Local assets not found. Downloading from HuggingFace Hub...
Assets already downloaded at /root/.cache/libero/assets
Local assets not found. Downloading from HuggingFace Hub...
Assets already downloaded at /root/.cache/libero/assets
Local assets not found. Downloading from HuggingFace Hub...
Assets already downloaded at /root/.cache/libero/assets
Local assets not found. Downloading from HuggingFace Hub...
Assets already downloaded at /root/.cache/libero/assets
Local assets not found. Downloading from HuggingFace Hub...
Assets already downloaded at /root/.cache/libero/assets
Local assets not found. Downloading from HuggingFace Hub...
Assets already downloaded at /root/.cache/libero/assets
Local assets not found. Downloading from HuggingFace Hub...
Assets already downloaded at /root/.cache/libero/assets
Local assets not found. Downloading from HuggingFace Hub...
Assets already downloaded at /root/.cache/libero/assets
760/780 episodes, 3.06 s/episode, eta 0.02 h
770/780 episodes, 3.05 s/episode, eta 0.01 h
780/780 episodes, 3.04 s/episode, eta 0.00 h
[14:08:22] pass 2 skipped: pass 1 exited cleanly, no failed batch
[14:08:22] pass 1: --kinds control --cells A,B,C,D,E,F,Gp --methods none,G,T0,PPC --inits 40-43 --n-envs 8 --t-ramp 5 --k-p 1.0 --out results/c1-e2/grid.jsonl
[robosuite WARNING] No private macro file found! (__init__.py:7)
WARNING:robosuite_logs:No private macro file found!
[robosuite WARNING] It is recommended to use a private macro file (__init__.py:8)
WARNING:robosuite_logs:It is recommended to use a private macro file
[robosuite WARNING] To setup, run: python /workspace/jit-reflex/venv/lib/python3.12/site-packages/robosuite/scripts/setup_macros.py (__init__.py:9)
WARNING:robosuite_logs:To setup, run: python /workspace/jit-reflex/venv/lib/python3.12/site-packages/robosuite/scripts/setup_macros.py
Warning: You are sending unauthenticated requests to the HF Hub. Please set a HF_TOKEN to enable higher rate limits and faster downloads.
WARNING:huggingface_hub.utils._http:Warning: You are sending unauthenticated requests to the HF Hub. Please set a HF_TOKEN to enable higher rate limits and faster downloads.
2912 episodes to run
[info] using task orders [0, 1, 2, 3, 4, 5, 6, 7, 8, 9]
/usr/lib/python3.12/multiprocessing/popen_fork.py:66: DeprecationWarning: This process (pid=185421) is multi-threaded, use of fork() may lead to deadlocks in the child.
  self.pid = os.fork()
[info] using task orders [0, 1, 2, 3, 4, 5, 6, 7, 8, 9]
[info] using task orders [0, 1, 2, 3, 4, 5, 6, 7, 8, 9]
[info] using task orders [0, 1, 2, 3, 4, 5, 6, 7, 8, 9]
[info] using task orders [0, 1, 2, 3, 4, 5, 6, 7, 8, 9]
[info] using task orders [0, 1, 2, 3, 4, 5, 6, 7, 8, 9]
[info] using task orders [0, 1, 2, 3, 4, 5, 6, 7, 8, 9]
[info] using task orders [0, 1, 2, 3, 4, 5, 6, 7, 8, 9]
[info] using task orders [0, 1, 2, 3, 4, 5, 6, 7, 8, 9]
Local assets not found. Downloading from HuggingFace Hub...
Assets already downloaded at /root/.cache/libero/assets
Local assets not found. Downloading from HuggingFace Hub...
Assets already downloaded at /root/.cache/libero/assets
Local assets not found. Downloading from HuggingFace Hub...
Assets already downloaded at /root/.cache/libero/assets
Local assets not found. Downloading from HuggingFace Hub...
Assets already downloaded at /root/.cache/libero/assets
Local assets not found. Downloading from HuggingFace Hub...
Local assets not found. Downloading from HuggingFace Hub...Assets already downloaded at /root/.cache/libero/assets

Assets already downloaded at /root/.cache/libero/assets
Local assets not found. Downloading from HuggingFace Hub...
Assets already downloaded at /root/.cache/libero/assets
Local assets not found. Downloading from HuggingFace Hub...
Assets already downloaded at /root/.cache/libero/assets
8/2912 episodes, 2.99 s/episode, eta 2.41 h
16/2912 episodes, 2.28 s/episode, eta 1.83 h
24/2912 episodes, 2.18 s/episode, eta 1.75 h
32/2912 episodes, 2.14 s/episode, eta 1.71 h
40/2912 episodes, 2.14 s/episode, eta 1.71 h
48/2912 episodes, 2.14 s/episode, eta 1.70 h
56/2912 episodes, 2.23 s/episode, eta 1.77 h
64/2912 episodes, 2.28 s/episode, eta 1.80 h
72/2912 episodes, 2.27 s/episode, eta 1.79 h
80/2912 episodes, 2.26 s/episode, eta 1.78 h
88/2912 episodes, 2.29 s/episode, eta 1.80 h
96/2912 episodes, 2.32 s/episode, eta 1.81 h
104/2912 episodes, 2.33 s/episode, eta 1.82 h
112/2912 episodes, 2.34 s/episode, eta 1.82 h
[info] using task orders [0, 1, 2, 3, 4, 5, 6, 7, 8, 9]
[info] using task orders [0, 1, 2, 3, 4, 5, 6, 7, 8, 9]
[info] using task orders [0, 1, 2, 3, 4, 5, 6, 7, 8, 9]
[info] using task orders [0, 1, 2, 3, 4, 5, 6, 7, 8, 9]
[info] using task orders [0, 1, 2, 3, 4, 5, 6, 7, 8, 9]
[info] using task orders [0, 1, 2, 3, 4, 5, 6, 7, 8, 9]
[info] using task orders [0, 1, 2, 3, 4, 5, 6, 7, 8, 9]
[info] using task orders [0, 1, 2, 3, 4, 5, 6, 7, 8, 9]
[info] using task orders [0, 1, 2, 3, 4, 5, 6, 7, 8, 9]
Local assets not found. Downloading from HuggingFace Hub...Local assets not found. Downloading from HuggingFace Hub...

Local assets not found. Downloading from HuggingFace Hub...
Assets already downloaded at /root/.cache/libero/assetsAssets already downloaded at /root/.cache/libero/assets

Assets already downloaded at /root/.cache/libero/assets
Local assets not found. Downloading from HuggingFace Hub...
Assets already downloaded at /root/.cache/libero/assets
Local assets not found. Downloading from HuggingFace Hub...
Assets already downloaded at /root/.cache/libero/assets
Local assets not found. Downloading from HuggingFace Hub...
Assets already downloaded at /root/.cache/libero/assets
Local assets not found. Downloading from HuggingFace Hub...
Assets already downloaded at /root/.cache/libero/assets
Local assets not found. Downloading from HuggingFace Hub...
Assets already downloaded at /root/.cache/libero/assets
120/2912 episodes, 2.42 s/episode, eta 1.88 h
128/2912 episodes, 2.51 s/episode, eta 1.94 h
136/2912 episodes, 2.52 s/episode, eta 1.94 h
144/2912 episodes, 2.52 s/episode, eta 1.94 h
152/2912 episodes, 2.51 s/episode, eta 1.92 h
160/2912 episodes, 2.49 s/episode, eta 1.90 h
168/2912 episodes, 2.51 s/episode, eta 1.91 h
176/2912 episodes, 2.52 s/episode, eta 1.92 h
184/2912 episodes, 2.51 s/episode, eta 1.90 h
192/2912 episodes, 2.50 s/episode, eta 1.89 h
200/2912 episodes, 2.50 s/episode, eta 1.88 h
208/2912 episodes, 2.51 s/episode, eta 1.88 h
216/2912 episodes, 2.51 s/episode, eta 1.88 h
224/2912 episodes, 2.51 s/episode, eta 1.87 h
[info] using task orders [0, 1, 2, 3, 4, 5, 6, 7, 8, 9]
[info] using task orders [0, 1, 2, 3, 4, 5, 6, 7, 8, 9]
[info] using task orders [0, 1, 2, 3, 4, 5, 6, 7, 8, 9]
[info] using task orders [0, 1, 2, 3, 4, 5, 6, 7, 8, 9]
[info] using task orders [0, 1, 2, 3, 4, 5, 6, 7, 8, 9]
[info] using task orders [0, 1, 2, 3, 4, 5, 6, 7, 8, 9]
[info] using task orders [0, 1, 2, 3, 4, 5, 6, 7, 8, 9]
[info] using task orders [0, 1, 2, 3, 4, 5, 6, 7, 8, 9]
[info] using task orders [0, 1, 2, 3, 4, 5, 6, 7, 8, 9]
Local assets not found. Downloading from HuggingFace Hub...
Assets already downloaded at /root/.cache/libero/assets
Local assets not found. Downloading from HuggingFace Hub...
Assets already downloaded at /root/.cache/libero/assets
Local assets not found. Downloading from HuggingFace Hub...
Assets already downloaded at /root/.cache/libero/assets
Local assets not found. Downloading from HuggingFace Hub...
Assets already downloaded at /root/.cache/libero/assets
Local assets not found. Downloading from HuggingFace Hub...
Assets already downloaded at /root/.cache/libero/assets
Local assets not found. Downloading from HuggingFace Hub...
Assets already downloaded at /root/.cache/libero/assets
Local assets not found. Downloading from HuggingFace Hub...
Assets already downloaded at /root/.cache/libero/assets
Local assets not found. Downloading from HuggingFace Hub...
Assets already downloaded at /root/.cache/libero/assets
232/2912 episodes, 2.61 s/episode, eta 1.94 h
240/2912 episodes, 2.65 s/episode, eta 1.97 h
248/2912 episodes, 2.65 s/episode, eta 1.96 h
256/2912 episodes, 2.65 s/episode, eta 1.96 h
264/2912 episodes, 2.64 s/episode, eta 1.94 h
272/2912 episodes, 2.62 s/episode, eta 1.92 h
280/2912 episodes, 2.62 s/episode, eta 1.92 h
288/2912 episodes, 2.63 s/episode, eta 1.92 h
296/2912 episodes, 2.62 s/episode, eta 1.90 h
304/2912 episodes, 2.61 s/episode, eta 1.89 h
312/2912 episodes, 2.61 s/episode, eta 1.89 h
320/2912 episodes, 2.61 s/episode, eta 1.88 h
328/2912 episodes, 2.61 s/episode, eta 1.87 h
336/2912 episodes, 2.60 s/episode, eta 1.86 h
[info] using task orders [0, 1, 2, 3, 4, 5, 6, 7, 8, 9]
[info] using task orders [0, 1, 2, 3, 4, 5, 6, 7, 8, 9]
[info] using task orders [0, 1, 2, 3, 4, 5, 6, 7, 8, 9]
[info] using task orders [0, 1, 2, 3, 4, 5, 6, 7, 8, 9]
[info] using task orders [0, 1, 2, 3, 4, 5, 6, 7, 8, 9]
[info] using task orders [0, 1, 2, 3, 4, 5, 6, 7, 8, 9]
[info] using task orders [0, 1, 2, 3, 4, 5, 6, 7, 8, 9]
[info] using task orders [0, 1, 2, 3, 4, 5, 6, 7, 8, 9]
[info] using task orders [0, 1, 2, 3, 4, 5, 6, 7, 8, 9]
Local assets not found. Downloading from HuggingFace Hub...Local assets not found. Downloading from HuggingFace Hub...

Local assets not found. Downloading from HuggingFace Hub...
Assets already downloaded at /root/.cache/libero/assetsAssets already downloaded at /root/.cache/libero/assets

Assets already downloaded at /root/.cache/libero/assets
Local assets not found. Downloading from HuggingFace Hub...
Assets already downloaded at /root/.cache/libero/assets
Local assets not found. Downloading from HuggingFace Hub...
Assets already downloaded at /root/.cache/libero/assets
Local assets not found. Downloading from HuggingFace Hub...
Assets already downloaded at /root/.cache/libero/assets
Local assets not found. Downloading from HuggingFace Hub...
Assets already downloaded at /root/.cache/libero/assets
Local assets not found. Downloading from HuggingFace Hub...
Assets already downloaded at /root/.cache/libero/assets
344/2912 episodes, 2.61 s/episode, eta 1.86 h
352/2912 episodes, 2.59 s/episode, eta 1.84 h
360/2912 episodes, 2.59 s/episode, eta 1.84 h
368/2912 episodes, 2.59 s/episode, eta 1.83 h
376/2912 episodes, 2.58 s/episode, eta 1.82 h
384/2912 episodes, 2.57 s/episode, eta 1.81 h
392/2912 episodes, 2.58 s/episode, eta 1.80 h
400/2912 episodes, 2.58 s/episode, eta 1.80 h
408/2912 episodes, 2.57 s/episode, eta 1.79 h
416/2912 episodes, 2.57 s/episode, eta 1.78 h
424/2912 episodes, 2.57 s/episode, eta 1.78 h
432/2912 episodes, 2.57 s/episode, eta 1.77 h
440/2912 episodes, 2.58 s/episode, eta 1.77 h
448/2912 episodes, 2.57 s/episode, eta 1.76 h
[info] using task orders [0, 1, 2, 3, 4, 5, 6, 7, 8, 9]
[info] using task orders [0, 1, 2, 3, 4, 5, 6, 7, 8, 9]
[info] using task orders [0, 1, 2, 3, 4, 5, 6, 7, 8, 9]
[info] using task orders [0, 1, 2, 3, 4, 5, 6, 7, 8, 9]
[info] using task orders [0, 1, 2, 3, 4, 5, 6, 7, 8, 9]
[info] using task orders [0, 1, 2, 3, 4, 5, 6, 7, 8, 9]
[info] using task orders [0, 1, 2, 3, 4, 5, 6, 7, 8, 9]
[info] using task orders [0, 1, 2, 3, 4, 5, 6, 7, 8, 9]
[info] using task orders [0, 1, 2, 3, 4, 5, 6, 7, 8, 9]
Local assets not found. Downloading from HuggingFace Hub...Local assets not found. Downloading from HuggingFace Hub...Local assets not found. Downloading from HuggingFace Hub...Local assets not found. Downloading from HuggingFace Hub...Local assets not found. Downloading from HuggingFace Hub...




Assets already downloaded at /root/.cache/libero/assetsAssets already downloaded at /root/.cache/libero/assetsAssets already downloaded at /root/.cache/libero/assets
Assets already downloaded at /root/.cache/libero/assets


Assets already downloaded at /root/.cache/libero/assets
Local assets not found. Downloading from HuggingFace Hub...
Assets already downloaded at /root/.cache/libero/assets
Local assets not found. Downloading from HuggingFace Hub...
Assets already downloaded at /root/.cache/libero/assets
Local assets not found. Downloading from HuggingFace Hub...
Assets already downloaded at /root/.cache/libero/assets
456/2912 episodes, 2.61 s/episode, eta 1.78 h
464/2912 episodes, 2.66 s/episode, eta 1.81 h
472/2912 episodes, 2.66 s/episode, eta 1.80 h
480/2912 episodes, 2.68 s/episode, eta 1.81 h
488/2912 episodes, 2.67 s/episode, eta 1.80 h
496/2912 episodes, 2.67 s/episode, eta 1.79 h
504/2912 episodes, 2.67 s/episode, eta 1.79 h
512/2912 episodes, 2.68 s/episode, eta 1.79 h
520/2912 episodes, 2.67 s/episode, eta 1.77 h
528/2912 episodes, 2.67 s/episode, eta 1.77 h
536/2912 episodes, 2.67 s/episode, eta 1.76 h
544/2912 episodes, 2.67 s/episode, eta 1.76 h
552/2912 episodes, 2.67 s/episode, eta 1.75 h
560/2912 episodes, 2.67 s/episode, eta 1.74 h
[info] using task orders [0, 1, 2, 3, 4, 5, 6, 7, 8, 9]
[info] using task orders [0, 1, 2, 3, 4, 5, 6, 7, 8, 9]
[info] using task orders [0, 1, 2, 3, 4, 5, 6, 7, 8, 9]
[info] using task orders [0, 1, 2, 3, 4, 5, 6, 7, 8, 9]
[info] using task orders [0, 1, 2, 3, 4, 5, 6, 7, 8, 9]
[info] using task orders [0, 1, 2, 3, 4, 5, 6, 7, 8, 9]
[info] using task orders [0, 1, 2, 3, 4, 5, 6, 7, 8, 9]
[info] using task orders [0, 1, 2, 3, 4, 5, 6, 7, 8, 9]
[info] using task orders [0, 1, 2, 3, 4, 5, 6, 7, 8, 9]
Local assets not found. Downloading from HuggingFace Hub...Local assets not found. Downloading from HuggingFace Hub...

Assets already downloaded at /root/.cache/libero/assetsAssets already downloaded at /root/.cache/libero/assets

Local assets not found. Downloading from HuggingFace Hub...
Local assets not found. Downloading from HuggingFace Hub...
Assets already downloaded at /root/.cache/libero/assets
Assets already downloaded at /root/.cache/libero/assets
Local assets not found. Downloading from HuggingFace Hub...
Assets already downloaded at /root/.cache/libero/assets
Local assets not found. Downloading from HuggingFace Hub...
Assets already downloaded at /root/.cache/libero/assets
Local assets not found. Downloading from HuggingFace Hub...
Assets already downloaded at /root/.cache/libero/assets
Local assets not found. Downloading from HuggingFace Hub...
Assets already downloaded at /root/.cache/libero/assets
568/2912 episodes, 2.70 s/episode, eta 1.76 h
576/2912 episodes, 2.72 s/episode, eta 1.76 h
584/2912 episodes, 2.72 s/episode, eta 1.76 h
592/2912 episodes, 2.72 s/episode, eta 1.75 h
600/2912 episodes, 2.71 s/episode, eta 1.74 h
608/2912 episodes, 2.70 s/episode, eta 1.73 h
616/2912 episodes, 2.70 s/episode, eta 1.72 h
624/2912 episodes, 2.70 s/episode, eta 1.72 h
632/2912 episodes, 2.69 s/episode, eta 1.71 h
640/2912 episodes, 2.69 s/episode, eta 1.70 h
648/2912 episodes, 2.69 s/episode, eta 1.69 h
656/2912 episodes, 2.69 s/episode, eta 1.69 h
664/2912 episodes, 2.69 s/episode, eta 1.68 h
672/2912 episodes, 2.68 s/episode, eta 1.67 h
[info] using task orders [0, 1, 2, 3, 4, 5, 6, 7, 8, 9]
[info] using task orders [0, 1, 2, 3, 4, 5, 6, 7, 8, 9]
[info] using task orders [0, 1, 2, 3, 4, 5, 6, 7, 8, 9]
[info] using task orders [0, 1, 2, 3, 4, 5, 6, 7, 8, 9]
[info] using task orders [0, 1, 2, 3, 4, 5, 6, 7, 8, 9]
[info] using task orders [0, 1, 2, 3, 4, 5, 6, 7, 8, 9]
[info] using task orders [0, 1, 2, 3, 4, 5, 6, 7, 8, 9]
[info] using task orders [0, 1, 2, 3, 4, 5, 6, 7, 8, 9]
[info] using task orders [0, 1, 2, 3, 4, 5, 6, 7, 8, 9]
Local assets not found. Downloading from HuggingFace Hub...
Assets already downloaded at /root/.cache/libero/assets
Local assets not found. Downloading from HuggingFace Hub...
Assets already downloaded at /root/.cache/libero/assets
Local assets not found. Downloading from HuggingFace Hub...
Assets already downloaded at /root/.cache/libero/assets
Local assets not found. Downloading from HuggingFace Hub...
Assets already downloaded at /root/.cache/libero/assets
Local assets not found. Downloading from HuggingFace Hub...
Assets already downloaded at /root/.cache/libero/assets
Local assets not found. Downloading from HuggingFace Hub...
Assets already downloaded at /root/.cache/libero/assets
Local assets not found. Downloading from HuggingFace Hub...
Assets already downloaded at /root/.cache/libero/assets
Local assets not found. Downloading from HuggingFace Hub...
Assets already downloaded at /root/.cache/libero/assets
680/2912 episodes, 2.69 s/episode, eta 1.67 h
688/2912 episodes, 2.68 s/episode, eta 1.65 h
696/2912 episodes, 2.68 s/episode, eta 1.65 h
704/2912 episodes, 2.67 s/episode, eta 1.64 h
712/2912 episodes, 2.66 s/episode, eta 1.63 h
720/2912 episodes, 2.66 s/episode, eta 1.62 h
728/2912 episodes, 2.64 s/episode, eta 1.60 h
736/2912 episodes, 2.63 s/episode, eta 1.59 h
744/2912 episodes, 2.61 s/episode, eta 1.57 h
752/2912 episodes, 2.59 s/episode, eta 1.56 h
760/2912 episodes, 2.59 s/episode, eta 1.55 h
768/2912 episodes, 2.59 s/episode, eta 1.54 h
776/2912 episodes, 2.59 s/episode, eta 1.54 h
784/2912 episodes, 2.59 s/episode, eta 1.53 h
[info] using task orders [0, 1, 2, 3, 4, 5, 6, 7, 8, 9]
[info] using task orders [0, 1, 2, 3, 4, 5, 6, 7, 8, 9]
[info] using task orders [0, 1, 2, 3, 4, 5, 6, 7, 8, 9]
[info] using task orders [0, 1, 2, 3, 4, 5, 6, 7, 8, 9]
[info] using task orders [0, 1, 2, 3, 4, 5, 6, 7, 8, 9]
[info] using task orders [0, 1, 2, 3, 4, 5, 6, 7, 8, 9]
[info] using task orders [0, 1, 2, 3, 4, 5, 6, 7, 8, 9]
[info] using task orders [0, 1, 2, 3, 4, 5, 6, 7, 8, 9]
[info] using task orders [0, 1, 2, 3, 4, 5, 6, 7, 8, 9]
Local assets not found. Downloading from HuggingFace Hub...
Assets already downloaded at /root/.cache/libero/assets
Local assets not found. Downloading from HuggingFace Hub...
Assets already downloaded at /root/.cache/libero/assets
Local assets not found. Downloading from HuggingFace Hub...
Local assets not found. Downloading from HuggingFace Hub...
Assets already downloaded at /root/.cache/libero/assets
Assets already downloaded at /root/.cache/libero/assets
Local assets not found. Downloading from HuggingFace Hub...
Assets already downloaded at /root/.cache/libero/assets
Local assets not found. Downloading from HuggingFace Hub...
Assets already downloaded at /root/.cache/libero/assets
Local assets not found. Downloading from HuggingFace Hub...
Assets already downloaded at /root/.cache/libero/assets
Local assets not found. Downloading from HuggingFace Hub...
Assets already downloaded at /root/.cache/libero/assets
792/2912 episodes, 2.62 s/episode, eta 1.54 h
800/2912 episodes, 2.67 s/episode, eta 1.56 h
808/2912 episodes, 2.66 s/episode, eta 1.56 h
816/2912 episodes, 2.66 s/episode, eta 1.55 h
824/2912 episodes, 2.66 s/episode, eta 1.54 h
832/2912 episodes, 2.65 s/episode, eta 1.53 h
840/2912 episodes, 2.66 s/episode, eta 1.53 h
848/2912 episodes, 2.66 s/episode, eta 1.52 h
856/2912 episodes, 2.65 s/episode, eta 1.51 h
864/2912 episodes, 2.65 s/episode, eta 1.51 h
872/2912 episodes, 2.65 s/episode, eta 1.50 h
880/2912 episodes, 2.65 s/episode, eta 1.49 h
888/2912 episodes, 2.64 s/episode, eta 1.49 h
896/2912 episodes, 2.64 s/episode, eta 1.48 h
[info] using task orders [0, 1, 2, 3, 4, 5, 6, 7, 8, 9]
[info] using task orders [0, 1, 2, 3, 4, 5, 6, 7, 8, 9]
[info] using task orders [0, 1, 2, 3, 4, 5, 6, 7, 8, 9]
[info] using task orders [0, 1, 2, 3, 4, 5, 6, 7, 8, 9]
[info] using task orders [0, 1, 2, 3, 4, 5, 6, 7, 8, 9]
[info] using task orders [0, 1, 2, 3, 4, 5, 6, 7, 8, 9]
[info] using task orders [0, 1, 2, 3, 4, 5, 6, 7, 8, 9]
[info] using task orders [0, 1, 2, 3, 4, 5, 6, 7, 8, 9]
[info] using task orders [0, 1, 2, 3, 4, 5, 6, 7, 8, 9]
Local assets not found. Downloading from HuggingFace Hub...Local assets not found. Downloading from HuggingFace Hub...Local assets not found. Downloading from HuggingFace Hub...Local assets not found. Downloading from HuggingFace Hub...



Assets already downloaded at /root/.cache/libero/assetsAssets already downloaded at /root/.cache/libero/assetsAssets already downloaded at /root/.cache/libero/assets


Assets already downloaded at /root/.cache/libero/assets
Local assets not found. Downloading from HuggingFace Hub...
Assets already downloaded at /root/.cache/libero/assets
Local assets not found. Downloading from HuggingFace Hub...
Assets already downloaded at /root/.cache/libero/assets
Local assets not found. Downloading from HuggingFace Hub...
Assets already downloaded at /root/.cache/libero/assets
Local assets not found. Downloading from HuggingFace Hub...
Assets already downloaded at /root/.cache/libero/assets
904/2912 episodes, 2.64 s/episode, eta 1.48 h
912/2912 episodes, 2.64 s/episode, eta 1.46 h
920/2912 episodes, 2.63 s/episode, eta 1.46 h
928/2912 episodes, 2.63 s/episode, eta 1.45 h
936/2912 episodes, 2.63 s/episode, eta 1.44 h
944/2912 episodes, 2.62 s/episode, eta 1.43 h
952/2912 episodes, 2.62 s/episode, eta 1.43 h
960/2912 episodes, 2.62 s/episode, eta 1.42 h
968/2912 episodes, 2.62 s/episode, eta 1.41 h
976/2912 episodes, 2.61 s/episode, eta 1.41 h
984/2912 episodes, 2.61 s/episode, eta 1.40 h
992/2912 episodes, 2.61 s/episode, eta 1.39 h
1000/2912 episodes, 2.61 s/episode, eta 1.38 h
1008/2912 episodes, 2.60 s/episode, eta 1.38 h
[info] using task orders [0, 1, 2, 3, 4, 5, 6, 7, 8, 9]
[info] using task orders [0, 1, 2, 3, 4, 5, 6, 7, 8, 9]
[info] using task orders [0, 1, 2, 3, 4, 5, 6, 7, 8, 9]
[info] using task orders [0, 1, 2, 3, 4, 5, 6, 7, 8, 9]
[info] using task orders [0, 1, 2, 3, 4, 5, 6, 7, 8, 9]
[info] using task orders [0, 1, 2, 3, 4, 5, 6, 7, 8, 9]
[info] using task orders [0, 1, 2, 3, 4, 5, 6, 7, 8, 9]
[info] using task orders [0, 1, 2, 3, 4, 5, 6, 7, 8, 9]
[info] using task orders [0, 1, 2, 3, 4, 5, 6, 7, 8, 9]
Local assets not found. Downloading from HuggingFace Hub...
Assets already downloaded at /root/.cache/libero/assets
Local assets not found. Downloading from HuggingFace Hub...
Assets already downloaded at /root/.cache/libero/assets
Local assets not found. Downloading from HuggingFace Hub...
Local assets not found. Downloading from HuggingFace Hub...
Assets already downloaded at /root/.cache/libero/assets
Assets already downloaded at /root/.cache/libero/assets
Local assets not found. Downloading from HuggingFace Hub...
Assets already downloaded at /root/.cache/libero/assetsLocal assets not found. Downloading from HuggingFace Hub...

Assets already downloaded at /root/.cache/libero/assets
Local assets not found. Downloading from HuggingFace Hub...
Assets already downloaded at /root/.cache/libero/assets
Local assets not found. Downloading from HuggingFace Hub...
Assets already downloaded at /root/.cache/libero/assets
1016/2912 episodes, 2.62 s/episode, eta 1.38 h
1024/2912 episodes, 2.64 s/episode, eta 1.39 h
1032/2912 episodes, 2.64 s/episode, eta 1.38 h
1040/2912 episodes, 2.64 s/episode, eta 1.37 h
1048/2912 episodes, 2.63 s/episode, eta 1.36 h
1056/2912 episodes, 2.63 s/episode, eta 1.36 h
1064/2912 episodes, 2.63 s/episode, eta 1.35 h
1072/2912 episodes, 2.63 s/episode, eta 1.34 h
1080/2912 episodes, 2.62 s/episode, eta 1.33 h
1088/2912 episodes, 2.62 s/episode, eta 1.33 h
1096/2912 episodes, 2.62 s/episode, eta 1.32 h
1104/2912 episodes, 2.62 s/episode, eta 1.31 h
1112/2912 episodes, 2.62 s/episode, eta 1.31 h
1120/2912 episodes, 2.61 s/episode, eta 1.30 h
[info] using task orders [0, 1, 2, 3, 4, 5, 6, 7, 8, 9]
[info] using task orders [0, 1, 2, 3, 4, 5, 6, 7, 8, 9]
[info] using task orders [0, 1, 2, 3, 4, 5, 6, 7, 8, 9]
[info] using task orders [0, 1, 2, 3, 4, 5, 6, 7, 8, 9]
[info] using task orders [0, 1, 2, 3, 4, 5, 6, 7, 8, 9]
[info] using task orders [0, 1, 2, 3, 4, 5, 6, 7, 8, 9]
[info] using task orders [0, 1, 2, 3, 4, 5, 6, 7, 8, 9]
[info] using task orders [0, 1, 2, 3, 4, 5, 6, 7, 8, 9]
[info] using task orders [0, 1, 2, 3, 4, 5, 6, 7, 8, 9]
Local assets not found. Downloading from HuggingFace Hub...
Local assets not found. Downloading from HuggingFace Hub...
Assets already downloaded at /root/.cache/libero/assetsAssets already downloaded at /root/.cache/libero/assets

Local assets not found. Downloading from HuggingFace Hub...
Assets already downloaded at /root/.cache/libero/assets
Local assets not found. Downloading from HuggingFace Hub...
Assets already downloaded at /root/.cache/libero/assets
Local assets not found. Downloading from HuggingFace Hub...
Local assets not found. Downloading from HuggingFace Hub...
Assets already downloaded at /root/.cache/libero/assets
Assets already downloaded at /root/.cache/libero/assets
Local assets not found. Downloading from HuggingFace Hub...
Assets already downloaded at /root/.cache/libero/assets
Local assets not found. Downloading from HuggingFace Hub...
Assets already downloaded at /root/.cache/libero/assets
1128/2912 episodes, 2.62 s/episode, eta 1.30 h
1136/2912 episodes, 2.63 s/episode, eta 1.30 h
1144/2912 episodes, 2.63 s/episode, eta 1.29 h
1152/2912 episodes, 2.62 s/episode, eta 1.28 h
1160/2912 episodes, 2.62 s/episode, eta 1.27 h
1168/2912 episodes, 2.61 s/episode, eta 1.27 h
1176/2912 episodes, 2.61 s/episode, eta 1.26 h
1184/2912 episodes, 2.61 s/episode, eta 1.25 h
1192/2912 episodes, 2.61 s/episode, eta 1.25 h
1200/2912 episodes, 2.60 s/episode, eta 1.24 h
1208/2912 episodes, 2.60 s/episode, eta 1.23 h
1216/2912 episodes, 2.60 s/episode, eta 1.22 h
1224/2912 episodes, 2.59 s/episode, eta 1.22 h
1232/2912 episodes, 2.59 s/episode, eta 1.21 h
[info] using task orders [0, 1, 2, 3, 4, 5, 6, 7, 8, 9]
[info] using task orders [0, 1, 2, 3, 4, 5, 6, 7, 8, 9]
[info] using task orders [0, 1, 2, 3, 4, 5, 6, 7, 8, 9]
[info] using task orders [0, 1, 2, 3, 4, 5, 6, 7, 8, 9]
[info] using task orders [0, 1, 2, 3, 4, 5, 6, 7, 8, 9]
[info] using task orders [0, 1, 2, 3, 4, 5, 6, 7, 8, 9]
[info] using task orders [0, 1, 2, 3, 4, 5, 6, 7, 8, 9]
[info] using task orders [0, 1, 2, 3, 4, 5, 6, 7, 8, 9]
[info] using task orders [0, 1, 2, 3, 4, 5, 6, 7, 8, 9]
Local assets not found. Downloading from HuggingFace Hub...
Assets already downloaded at /root/.cache/libero/assets
Local assets not found. Downloading from HuggingFace Hub...
Assets already downloaded at /root/.cache/libero/assets
Local assets not found. Downloading from HuggingFace Hub...
Assets already downloaded at /root/.cache/libero/assets
Local assets not found. Downloading from HuggingFace Hub...
Assets already downloaded at /root/.cache/libero/assets
Local assets not found. Downloading from HuggingFace Hub...
Assets already downloaded at /root/.cache/libero/assets
Local assets not found. Downloading from HuggingFace Hub...
Assets already downloaded at /root/.cache/libero/assets
Local assets not found. Downloading from HuggingFace Hub...
Assets already downloaded at /root/.cache/libero/assets
Local assets not found. Downloading from HuggingFace Hub...
Assets already downloaded at /root/.cache/libero/assets
1240/2912 episodes, 2.60 s/episode, eta 1.21 h
1248/2912 episodes, 2.60 s/episode, eta 1.20 h
1256/2912 episodes, 2.59 s/episode, eta 1.19 h
1264/2912 episodes, 2.59 s/episode, eta 1.18 h
1272/2912 episodes, 2.58 s/episode, eta 1.18 h
1280/2912 episodes, 2.57 s/episode, eta 1.17 h
1288/2912 episodes, 2.57 s/episode, eta 1.16 h
1296/2912 episodes, 2.57 s/episode, eta 1.16 h
1304/2912 episodes, 2.57 s/episode, eta 1.15 h
1312/2912 episodes, 2.56 s/episode, eta 1.14 h
1320/2912 episodes, 2.56 s/episode, eta 1.13 h
1328/2912 episodes, 2.56 s/episode, eta 1.13 h
1336/2912 episodes, 2.55 s/episode, eta 1.12 h
1344/2912 episodes, 2.54 s/episode, eta 1.11 h
[info] using task orders [0, 1, 2, 3, 4, 5, 6, 7, 8, 9]
[info] using task orders [0, 1, 2, 3, 4, 5, 6, 7, 8, 9]
[info] using task orders [0, 1, 2, 3, 4, 5, 6, 7, 8, 9]
[info] using task orders [0, 1, 2, 3, 4, 5, 6, 7, 8, 9]
[info] using task orders [0, 1, 2, 3, 4, 5, 6, 7, 8, 9]
[info] using task orders [0, 1, 2, 3, 4, 5, 6, 7, 8, 9]
[info] using task orders [0, 1, 2, 3, 4, 5, 6, 7, 8, 9]
[info] using task orders [0, 1, 2, 3, 4, 5, 6, 7, 8, 9]
[info] using task orders [0, 1, 2, 3, 4, 5, 6, 7, 8, 9]
Local assets not found. Downloading from HuggingFace Hub...
Assets already downloaded at /root/.cache/libero/assets
Local assets not found. Downloading from HuggingFace Hub...
Assets already downloaded at /root/.cache/libero/assets
Local assets not found. Downloading from HuggingFace Hub...
Assets already downloaded at /root/.cache/libero/assets
Local assets not found. Downloading from HuggingFace Hub...
Assets already downloaded at /root/.cache/libero/assets
Local assets not found. Downloading from HuggingFace Hub...
Local assets not found. Downloading from HuggingFace Hub...
Assets already downloaded at /root/.cache/libero/assets
Assets already downloaded at /root/.cache/libero/assets
Local assets not found. Downloading from HuggingFace Hub...
Assets already downloaded at /root/.cache/libero/assets
Local assets not found. Downloading from HuggingFace Hub...
Assets already downloaded at /root/.cache/libero/assets
1352/2912 episodes, 2.55 s/episode, eta 1.10 h
1360/2912 episodes, 2.54 s/episode, eta 1.10 h
1368/2912 episodes, 2.54 s/episode, eta 1.09 h
1376/2912 episodes, 2.54 s/episode, eta 1.08 h
1384/2912 episodes, 2.53 s/episode, eta 1.08 h
1392/2912 episodes, 2.53 s/episode, eta 1.07 h
1400/2912 episodes, 2.53 s/episode, eta 1.06 h
1408/2912 episodes, 2.53 s/episode, eta 1.06 h
1416/2912 episodes, 2.53 s/episode, eta 1.05 h
1424/2912 episodes, 2.53 s/episode, eta 1.04 h
1432/2912 episodes, 2.52 s/episode, eta 1.04 h
1440/2912 episodes, 2.52 s/episode, eta 1.03 h
1448/2912 episodes, 2.52 s/episode, eta 1.03 h
1456/2912 episodes, 2.52 s/episode, eta 1.02 h
[info] using task orders [0, 1, 2, 3, 4, 5, 6, 7, 8, 9]
[info] using task orders [0, 1, 2, 3, 4, 5, 6, 7, 8, 9]
[info] using task orders [0, 1, 2, 3, 4, 5, 6, 7, 8, 9]
[info] using task orders [0, 1, 2, 3, 4, 5, 6, 7, 8, 9]
[info] using task orders [0, 1, 2, 3, 4, 5, 6, 7, 8, 9]
[info] using task orders [0, 1, 2, 3, 4, 5, 6, 7, 8, 9]
[info] using task orders [0, 1, 2, 3, 4, 5, 6, 7, 8, 9]
[info] using task orders [0, 1, 2, 3, 4, 5, 6, 7, 8, 9]
[info] using task orders [0, 1, 2, 3, 4, 5, 6, 7, 8, 9]
Local assets not found. Downloading from HuggingFace Hub...Local assets not found. Downloading from HuggingFace Hub...Local assets not found. Downloading from HuggingFace Hub...


Local assets not found. Downloading from HuggingFace Hub...
Assets already downloaded at /root/.cache/libero/assetsAssets already downloaded at /root/.cache/libero/assetsAssets already downloaded at /root/.cache/libero/assets


Assets already downloaded at /root/.cache/libero/assets
Local assets not found. Downloading from HuggingFace Hub...
Assets already downloaded at /root/.cache/libero/assets
Local assets not found. Downloading from HuggingFace Hub...
Assets already downloaded at /root/.cache/libero/assets
Local assets not found. Downloading from HuggingFace Hub...
Assets already downloaded at /root/.cache/libero/assets
Local assets not found. Downloading from HuggingFace Hub...
Assets already downloaded at /root/.cache/libero/assets
1464/2912 episodes, 2.53 s/episode, eta 1.02 h
1472/2912 episodes, 2.53 s/episode, eta 1.01 h
1480/2912 episodes, 2.52 s/episode, eta 1.00 h
1488/2912 episodes, 2.52 s/episode, eta 1.00 h
1496/2912 episodes, 2.52 s/episode, eta 0.99 h
1504/2912 episodes, 2.52 s/episode, eta 0.98 h
1512/2912 episodes, 2.51 s/episode, eta 0.98 h
1520/2912 episodes, 2.51 s/episode, eta 0.97 h
1528/2912 episodes, 2.51 s/episode, eta 0.96 h
1536/2912 episodes, 2.51 s/episode, eta 0.96 h
1544/2912 episodes, 2.50 s/episode, eta 0.95 h
1552/2912 episodes, 2.50 s/episode, eta 0.95 h
1560/2912 episodes, 2.50 s/episode, eta 0.94 h
1568/2912 episodes, 2.50 s/episode, eta 0.93 h
[info] using task orders [0, 1, 2, 3, 4, 5, 6, 7, 8, 9]
[info] using task orders [0, 1, 2, 3, 4, 5, 6, 7, 8, 9]
[info] using task orders [0, 1, 2, 3, 4, 5, 6, 7, 8, 9]
[info] using task orders [0, 1, 2, 3, 4, 5, 6, 7, 8, 9]
[info] using task orders [0, 1, 2, 3, 4, 5, 6, 7, 8, 9]
[info] using task orders [0, 1, 2, 3, 4, 5, 6, 7, 8, 9]
[info] using task orders [0, 1, 2, 3, 4, 5, 6, 7, 8, 9]
[info] using task orders [0, 1, 2, 3, 4, 5, 6, 7, 8, 9]
[info] using task orders [0, 1, 2, 3, 4, 5, 6, 7, 8, 9]
Local assets not found. Downloading from HuggingFace Hub...
Assets already downloaded at /root/.cache/libero/assets
Local assets not found. Downloading from HuggingFace Hub...
Assets already downloaded at /root/.cache/libero/assets
Local assets not found. Downloading from HuggingFace Hub...
Local assets not found. Downloading from HuggingFace Hub...
Assets already downloaded at /root/.cache/libero/assets
Assets already downloaded at /root/.cache/libero/assets
Local assets not found. Downloading from HuggingFace Hub...
Assets already downloaded at /root/.cache/libero/assets
Local assets not found. Downloading from HuggingFace Hub...
Assets already downloaded at /root/.cache/libero/assets
Local assets not found. Downloading from HuggingFace Hub...
Assets already downloaded at /root/.cache/libero/assets
Local assets not found. Downloading from HuggingFace Hub...
Assets already downloaded at /root/.cache/libero/assets
1576/2912 episodes, 2.51 s/episode, eta 0.93 h
1584/2912 episodes, 2.53 s/episode, eta 0.93 h
1592/2912 episodes, 2.53 s/episode, eta 0.93 h
1600/2912 episodes, 2.54 s/episode, eta 0.92 h
1608/2912 episodes, 2.53 s/episode, eta 0.92 h
1616/2912 episodes, 2.53 s/episode, eta 0.91 h
1624/2912 episodes, 2.53 s/episode, eta 0.91 h
1632/2912 episodes, 2.53 s/episode, eta 0.90 h
1640/2912 episodes, 2.53 s/episode, eta 0.89 h
1648/2912 episodes, 2.53 s/episode, eta 0.89 h
1656/2912 episodes, 2.53 s/episode, eta 0.88 h
1664/2912 episodes, 2.53 s/episode, eta 0.88 h
1672/2912 episodes, 2.53 s/episode, eta 0.87 h
1680/2912 episodes, 2.53 s/episode, eta 0.87 h
[info] using task orders [0, 1, 2, 3, 4, 5, 6, 7, 8, 9]
[info] using task orders [0, 1, 2, 3, 4, 5, 6, 7, 8, 9]
[info] using task orders [0, 1, 2, 3, 4, 5, 6, 7, 8, 9]
[info] using task orders [0, 1, 2, 3, 4, 5, 6, 7, 8, 9]
[info] using task orders [0, 1, 2, 3, 4, 5, 6, 7, 8, 9]
[info] using task orders [0, 1, 2, 3, 4, 5, 6, 7, 8, 9]
[info] using task orders [0, 1, 2, 3, 4, 5, 6, 7, 8, 9]
[info] using task orders [0, 1, 2, 3, 4, 5, 6, 7, 8, 9]
[info] using task orders [0, 1, 2, 3, 4, 5, 6, 7, 8, 9]
Local assets not found. Downloading from HuggingFace Hub...Local assets not found. Downloading from HuggingFace Hub...

Assets already downloaded at /root/.cache/libero/assetsAssets already downloaded at /root/.cache/libero/assets

Local assets not found. Downloading from HuggingFace Hub...
Assets already downloaded at /root/.cache/libero/assets
Local assets not found. Downloading from HuggingFace Hub...
Assets already downloaded at /root/.cache/libero/assets
Local assets not found. Downloading from HuggingFace Hub...
Assets already downloaded at /root/.cache/libero/assets
Local assets not found. Downloading from HuggingFace Hub...
Assets already downloaded at /root/.cache/libero/assets
Local assets not found. Downloading from HuggingFace Hub...
Assets already downloaded at /root/.cache/libero/assets
Local assets not found. Downloading from HuggingFace Hub...
Assets already downloaded at /root/.cache/libero/assets
1688/2912 episodes, 2.54 s/episode, eta 0.86 h
1696/2912 episodes, 2.55 s/episode, eta 0.86 h
1704/2912 episodes, 2.54 s/episode, eta 0.85 h
1712/2912 episodes, 2.54 s/episode, eta 0.85 h
1720/2912 episodes, 2.53 s/episode, eta 0.84 h
1728/2912 episodes, 2.53 s/episode, eta 0.83 h
1736/2912 episodes, 2.53 s/episode, eta 0.83 h
1744/2912 episodes, 2.53 s/episode, eta 0.82 h
1752/2912 episodes, 2.52 s/episode, eta 0.81 h
1760/2912 episodes, 2.52 s/episode, eta 0.81 h
1768/2912 episodes, 2.52 s/episode, eta 0.80 h
1776/2912 episodes, 2.52 s/episode, eta 0.80 h
1784/2912 episodes, 2.52 s/episode, eta 0.79 h
1792/2912 episodes, 2.52 s/episode, eta 0.78 h
[info] using task orders [0, 1, 2, 3, 4, 5, 6, 7, 8, 9]
[info] using task orders [0, 1, 2, 3, 4, 5, 6, 7, 8, 9]
[info] using task orders [0, 1, 2, 3, 4, 5, 6, 7, 8, 9]
[info] using task orders [0, 1, 2, 3, 4, 5, 6, 7, 8, 9]
[info] using task orders [0, 1, 2, 3, 4, 5, 6, 7, 8, 9]
[info] using task orders [0, 1, 2, 3, 4, 5, 6, 7, 8, 9]
[info] using task orders [0, 1, 2, 3, 4, 5, 6, 7, 8, 9]
[info] using task orders [0, 1, 2, 3, 4, 5, 6, 7, 8, 9]
[info] using task orders [0, 1, 2, 3, 4, 5, 6, 7, 8, 9]
Local assets not found. Downloading from HuggingFace Hub...
Assets already downloaded at /root/.cache/libero/assets
Local assets not found. Downloading from HuggingFace Hub...
Assets already downloaded at /root/.cache/libero/assets
Local assets not found. Downloading from HuggingFace Hub...
Assets already downloaded at /root/.cache/libero/assets
Local assets not found. Downloading from HuggingFace Hub...
Assets already downloaded at /root/.cache/libero/assets
Local assets not found. Downloading from HuggingFace Hub...
Assets already downloaded at /root/.cache/libero/assets
Local assets not found. Downloading from HuggingFace Hub...
Assets already downloaded at /root/.cache/libero/assets
Local assets not found. Downloading from HuggingFace Hub...
Assets already downloaded at /root/.cache/libero/assets
Local assets not found. Downloading from HuggingFace Hub...
Assets already downloaded at /root/.cache/libero/assets
1800/2912 episodes, 2.52 s/episode, eta 0.78 h
1808/2912 episodes, 2.52 s/episode, eta 0.77 h
1816/2912 episodes, 2.52 s/episode, eta 0.77 h
1824/2912 episodes, 2.51 s/episode, eta 0.76 h
1832/2912 episodes, 2.51 s/episode, eta 0.75 h
1840/2912 episodes, 2.51 s/episode, eta 0.75 h
1848/2912 episodes, 2.51 s/episode, eta 0.74 h
1856/2912 episodes, 2.51 s/episode, eta 0.74 h
1864/2912 episodes, 2.50 s/episode, eta 0.73 h
1872/2912 episodes, 2.50 s/episode, eta 0.72 h
1880/2912 episodes, 2.50 s/episode, eta 0.72 h
1888/2912 episodes, 2.50 s/episode, eta 0.71 h
1896/2912 episodes, 2.50 s/episode, eta 0.71 h
1904/2912 episodes, 2.50 s/episode, eta 0.70 h
[info] using task orders [0, 1, 2, 3, 4, 5, 6, 7, 8, 9]
[info] using task orders [0, 1, 2, 3, 4, 5, 6, 7, 8, 9]
[info] using task orders [0, 1, 2, 3, 4, 5, 6, 7, 8, 9]
[info] using task orders [0, 1, 2, 3, 4, 5, 6, 7, 8, 9]
[info] using task orders [0, 1, 2, 3, 4, 5, 6, 7, 8, 9]
[info] using task orders [0, 1, 2, 3, 4, 5, 6, 7, 8, 9]
[info] using task orders [0, 1, 2, 3, 4, 5, 6, 7, 8, 9]
[info] using task orders [0, 1, 2, 3, 4, 5, 6, 7, 8, 9]
[info] using task orders [0, 1, 2, 3, 4, 5, 6, 7, 8, 9]
Local assets not found. Downloading from HuggingFace Hub...
Assets already downloaded at /root/.cache/libero/assets
Local assets not found. Downloading from HuggingFace Hub...
Assets already downloaded at /root/.cache/libero/assets
Local assets not found. Downloading from HuggingFace Hub...
Assets already downloaded at /root/.cache/libero/assets
Local assets not found. Downloading from HuggingFace Hub...
Assets already downloaded at /root/.cache/libero/assets
Local assets not found. Downloading from HuggingFace Hub...
Assets already downloaded at /root/.cache/libero/assets
Local assets not found. Downloading from HuggingFace Hub...
Assets already downloaded at /root/.cache/libero/assets
Local assets not found. Downloading from HuggingFace Hub...
Assets already downloaded at /root/.cache/libero/assets
Local assets not found. Downloading from HuggingFace Hub...
Assets already downloaded at /root/.cache/libero/assets
1912/2912 episodes, 2.51 s/episode, eta 0.70 h
1920/2912 episodes, 2.52 s/episode, eta 0.69 h
1928/2912 episodes, 2.52 s/episode, eta 0.69 h
1936/2912 episodes, 2.52 s/episode, eta 0.68 h
1944/2912 episodes, 2.52 s/episode, eta 0.68 h
1952/2912 episodes, 2.52 s/episode, eta 0.67 h
1960/2912 episodes, 2.52 s/episode, eta 0.67 h
1968/2912 episodes, 2.52 s/episode, eta 0.66 h
1976/2912 episodes, 2.52 s/episode, eta 0.65 h
1984/2912 episodes, 2.52 s/episode, eta 0.65 h
1992/2912 episodes, 2.52 s/episode, eta 0.64 h
2000/2912 episodes, 2.52 s/episode, eta 0.64 h
2008/2912 episodes, 2.51 s/episode, eta 0.63 h
2016/2912 episodes, 2.52 s/episode, eta 0.63 h
[info] using task orders [0, 1, 2, 3, 4, 5, 6, 7, 8, 9]
[info] using task orders [0, 1, 2, 3, 4, 5, 6, 7, 8, 9]
[info] using task orders [0, 1, 2, 3, 4, 5, 6, 7, 8, 9]
[info] using task orders [0, 1, 2, 3, 4, 5, 6, 7, 8, 9]
[info] using task orders [0, 1, 2, 3, 4, 5, 6, 7, 8, 9]
[info] using task orders [0, 1, 2, 3, 4, 5, 6, 7, 8, 9]
[info] using task orders [0, 1, 2, 3, 4, 5, 6, 7, 8, 9]
[info] using task orders [0, 1, 2, 3, 4, 5, 6, 7, 8, 9]
[info] using task orders [0, 1, 2, 3, 4, 5, 6, 7, 8, 9]
Local assets not found. Downloading from HuggingFace Hub...
Assets already downloaded at /root/.cache/libero/assets
Local assets not found. Downloading from HuggingFace Hub...
Assets already downloaded at /root/.cache/libero/assets
Local assets not found. Downloading from HuggingFace Hub...
Assets already downloaded at /root/.cache/libero/assets
Local assets not found. Downloading from HuggingFace Hub...
Assets already downloaded at /root/.cache/libero/assets
Local assets not found. Downloading from HuggingFace Hub...
Assets already downloaded at /root/.cache/libero/assets
Local assets not found. Downloading from HuggingFace Hub...
Assets already downloaded at /root/.cache/libero/assets
Local assets not found. Downloading from HuggingFace Hub...
Assets already downloaded at /root/.cache/libero/assets
Local assets not found. Downloading from HuggingFace Hub...
Assets already downloaded at /root/.cache/libero/assets
2024/2912 episodes, 2.52 s/episode, eta 0.62 h
2032/2912 episodes, 2.53 s/episode, eta 0.62 h
2040/2912 episodes, 2.53 s/episode, eta 0.61 h
2048/2912 episodes, 2.53 s/episode, eta 0.61 h
2056/2912 episodes, 2.53 s/episode, eta 0.60 h
2064/2912 episodes, 2.53 s/episode, eta 0.59 h
2072/2912 episodes, 2.52 s/episode, eta 0.59 h
2080/2912 episodes, 2.52 s/episode, eta 0.58 h
2088/2912 episodes, 2.52 s/episode, eta 0.58 h
2096/2912 episodes, 2.52 s/episode, eta 0.57 h
2104/2912 episodes, 2.52 s/episode, eta 0.57 h
2112/2912 episodes, 2.52 s/episode, eta 0.56 h
2120/2912 episodes, 2.52 s/episode, eta 0.55 h
2128/2912 episodes, 2.52 s/episode, eta 0.55 h
[info] using task orders [0, 1, 2, 3, 4, 5, 6, 7, 8, 9]
[info] using task orders [0, 1, 2, 3, 4, 5, 6, 7, 8, 9]
[info] using task orders [0, 1, 2, 3, 4, 5, 6, 7, 8, 9]
[info] using task orders [0, 1, 2, 3, 4, 5, 6, 7, 8, 9]
[info] using task orders [0, 1, 2, 3, 4, 5, 6, 7, 8, 9]
[info] using task orders [0, 1, 2, 3, 4, 5, 6, 7, 8, 9]
[info] using task orders [0, 1, 2, 3, 4, 5, 6, 7, 8, 9]
[info] using task orders [0, 1, 2, 3, 4, 5, 6, 7, 8, 9]
[info] using task orders [0, 1, 2, 3, 4, 5, 6, 7, 8, 9]
Local assets not found. Downloading from HuggingFace Hub...
Local assets not found. Downloading from HuggingFace Hub...
Assets already downloaded at /root/.cache/libero/assets
Assets already downloaded at /root/.cache/libero/assets
Local assets not found. Downloading from HuggingFace Hub...
Local assets not found. Downloading from HuggingFace Hub...
Assets already downloaded at /root/.cache/libero/assets
Assets already downloaded at /root/.cache/libero/assets
Local assets not found. Downloading from HuggingFace Hub...
Assets already downloaded at /root/.cache/libero/assets
Local assets not found. Downloading from HuggingFace Hub...
Assets already downloaded at /root/.cache/libero/assets
Local assets not found. Downloading from HuggingFace Hub...
Local assets not found. Downloading from HuggingFace Hub...
Assets already downloaded at /root/.cache/libero/assets
Assets already downloaded at /root/.cache/libero/assets
2136/2912 episodes, 2.53 s/episode, eta 0.54 h
2144/2912 episodes, 2.54 s/episode, eta 0.54 h
2152/2912 episodes, 2.53 s/episode, eta 0.54 h
2160/2912 episodes, 2.53 s/episode, eta 0.53 h
2168/2912 episodes, 2.53 s/episode, eta 0.52 h
2176/2912 episodes, 2.53 s/episode, eta 0.52 h
2184/2912 episodes, 2.53 s/episode, eta 0.51 h
2192/2912 episodes, 2.53 s/episode, eta 0.51 h
2200/2912 episodes, 2.53 s/episode, eta 0.50 h
2208/2912 episodes, 2.52 s/episode, eta 0.49 h
2216/2912 episodes, 2.52 s/episode, eta 0.49 h
2224/2912 episodes, 2.52 s/episode, eta 0.48 h
2232/2912 episodes, 2.52 s/episode, eta 0.48 h
2240/2912 episodes, 2.52 s/episode, eta 0.47 h
[info] using task orders [0, 1, 2, 3, 4, 5, 6, 7, 8, 9]
[info] using task orders [0, 1, 2, 3, 4, 5, 6, 7, 8, 9]
[info] using task orders [0, 1, 2, 3, 4, 5, 6, 7, 8, 9]
[info] using task orders [0, 1, 2, 3, 4, 5, 6, 7, 8, 9]
[info] using task orders [0, 1, 2, 3, 4, 5, 6, 7, 8, 9]
[info] using task orders [0, 1, 2, 3, 4, 5, 6, 7, 8, 9]
[info] using task orders [0, 1, 2, 3, 4, 5, 6, 7, 8, 9]
[info] using task orders [0, 1, 2, 3, 4, 5, 6, 7, 8, 9]
[info] using task orders [0, 1, 2, 3, 4, 5, 6, 7, 8, 9]
Local assets not found. Downloading from HuggingFace Hub...Local assets not found. Downloading from HuggingFace Hub...

Assets already downloaded at /root/.cache/libero/assetsAssets already downloaded at /root/.cache/libero/assets

Local assets not found. Downloading from HuggingFace Hub...
Assets already downloaded at /root/.cache/libero/assets
Local assets not found. Downloading from HuggingFace Hub...
Assets already downloaded at /root/.cache/libero/assets
Local assets not found. Downloading from HuggingFace Hub...
Assets already downloaded at /root/.cache/libero/assets
Local assets not found. Downloading from HuggingFace Hub...
Assets already downloaded at /root/.cache/libero/assets
Local assets not found. Downloading from HuggingFace Hub...
Assets already downloaded at /root/.cache/libero/assets
Local assets not found. Downloading from HuggingFace Hub...
Assets already downloaded at /root/.cache/libero/assets
2248/2912 episodes, 2.53 s/episode, eta 0.47 h
2256/2912 episodes, 2.53 s/episode, eta 0.46 h
2264/2912 episodes, 2.53 s/episode, eta 0.45 h
2272/2912 episodes, 2.52 s/episode, eta 0.45 h
2280/2912 episodes, 2.52 s/episode, eta 0.44 h
2288/2912 episodes, 2.52 s/episode, eta 0.44 h
2296/2912 episodes, 2.52 s/episode, eta 0.43 h
2304/2912 episodes, 2.52 s/episode, eta 0.43 h
2312/2912 episodes, 2.52 s/episode, eta 0.42 h
2320/2912 episodes, 2.51 s/episode, eta 0.41 h
2328/2912 episodes, 2.51 s/episode, eta 0.41 h
2336/2912 episodes, 2.51 s/episode, eta 0.40 h
2344/2912 episodes, 2.51 s/episode, eta 0.40 h
2352/2912 episodes, 2.51 s/episode, eta 0.39 h
[info] using task orders [0, 1, 2, 3, 4, 5, 6, 7, 8, 9]
[info] using task orders [0, 1, 2, 3, 4, 5, 6, 7, 8, 9]
[info] using task orders [0, 1, 2, 3, 4, 5, 6, 7, 8, 9]
[info] using task orders [0, 1, 2, 3, 4, 5, 6, 7, 8, 9]
[info] using task orders [0, 1, 2, 3, 4, 5, 6, 7, 8, 9]
[info] using task orders [0, 1, 2, 3, 4, 5, 6, 7, 8, 9]
[info] using task orders [0, 1, 2, 3, 4, 5, 6, 7, 8, 9]
[info] using task orders [0, 1, 2, 3, 4, 5, 6, 7, 8, 9]
[info] using task orders [0, 1, 2, 3, 4, 5, 6, 7, 8, 9]
Local assets not found. Downloading from HuggingFace Hub...
Assets already downloaded at /root/.cache/libero/assets
Local assets not found. Downloading from HuggingFace Hub...
Assets already downloaded at /root/.cache/libero/assets
Local assets not found. Downloading from HuggingFace Hub...
Assets already downloaded at /root/.cache/libero/assets
Local assets not found. Downloading from HuggingFace Hub...
Assets already downloaded at /root/.cache/libero/assets
Local assets not found. Downloading from HuggingFace Hub...
Assets already downloaded at /root/.cache/libero/assets
Local assets not found. Downloading from HuggingFace Hub...
Local assets not found. Downloading from HuggingFace Hub...
Assets already downloaded at /root/.cache/libero/assets
Assets already downloaded at /root/.cache/libero/assets
Local assets not found. Downloading from HuggingFace Hub...
Assets already downloaded at /root/.cache/libero/assets
2360/2912 episodes, 2.51 s/episode, eta 0.38 h
2368/2912 episodes, 2.51 s/episode, eta 0.38 h
2376/2912 episodes, 2.51 s/episode, eta 0.37 h
2384/2912 episodes, 2.51 s/episode, eta 0.37 h
2392/2912 episodes, 2.51 s/episode, eta 0.36 h
2400/2912 episodes, 2.50 s/episode, eta 0.36 h
2408/2912 episodes, 2.50 s/episode, eta 0.35 h
2416/2912 episodes, 2.50 s/episode, eta 0.35 h
2424/2912 episodes, 2.50 s/episode, eta 0.34 h
2432/2912 episodes, 2.50 s/episode, eta 0.33 h
2440/2912 episodes, 2.50 s/episode, eta 0.33 h
2448/2912 episodes, 2.50 s/episode, eta 0.32 h
2456/2912 episodes, 2.50 s/episode, eta 0.32 h
2464/2912 episodes, 2.50 s/episode, eta 0.31 h
[info] using task orders [0, 1, 2, 3, 4, 5, 6, 7, 8, 9]
[info] using task orders [0, 1, 2, 3, 4, 5, 6, 7, 8, 9]
[info] using task orders [0, 1, 2, 3, 4, 5, 6, 7, 8, 9]
[info] using task orders [0, 1, 2, 3, 4, 5, 6, 7, 8, 9]
[info] using task orders [0, 1, 2, 3, 4, 5, 6, 7, 8, 9]
[info] using task orders [0, 1, 2, 3, 4, 5, 6, 7, 8, 9]
[info] using task orders [0, 1, 2, 3, 4, 5, 6, 7, 8, 9]
[info] using task orders [0, 1, 2, 3, 4, 5, 6, 7, 8, 9]
[info] using task orders [0, 1, 2, 3, 4, 5, 6, 7, 8, 9]
Local assets not found. Downloading from HuggingFace Hub...Local assets not found. Downloading from HuggingFace Hub...

Assets already downloaded at /root/.cache/libero/assetsAssets already downloaded at /root/.cache/libero/assets

Local assets not found. Downloading from HuggingFace Hub...
Local assets not found. Downloading from HuggingFace Hub...
Assets already downloaded at /root/.cache/libero/assets
Assets already downloaded at /root/.cache/libero/assets
Local assets not found. Downloading from HuggingFace Hub...
Assets already downloaded at /root/.cache/libero/assets
Local assets not found. Downloading from HuggingFace Hub...
Assets already downloaded at /root/.cache/libero/assets
Local assets not found. Downloading from HuggingFace Hub...
Assets already downloaded at /root/.cache/libero/assets
Local assets not found. Downloading from HuggingFace Hub...
Assets already downloaded at /root/.cache/libero/assets
2472/2912 episodes, 2.50 s/episode, eta 0.31 h
2480/2912 episodes, 2.50 s/episode, eta 0.30 h
2488/2912 episodes, 2.49 s/episode, eta 0.29 h
2496/2912 episodes, 2.49 s/episode, eta 0.29 h
2504/2912 episodes, 2.48 s/episode, eta 0.28 h
2512/2912 episodes, 2.48 s/episode, eta 0.28 h
2520/2912 episodes, 2.48 s/episode, eta 0.27 h
2528/2912 episodes, 2.48 s/episode, eta 0.26 h
2536/2912 episodes, 2.48 s/episode, eta 0.26 h
2544/2912 episodes, 2.48 s/episode, eta 0.25 h
2552/2912 episodes, 2.47 s/episode, eta 0.25 h
2560/2912 episodes, 2.48 s/episode, eta 0.24 h
2568/2912 episodes, 2.47 s/episode, eta 0.24 h
2576/2912 episodes, 2.47 s/episode, eta 0.23 h
[info] using task orders [0, 1, 2, 3, 4, 5, 6, 7, 8, 9]
[info] using task orders [0, 1, 2, 3, 4, 5, 6, 7, 8, 9]
[info] using task orders [0, 1, 2, 3, 4, 5, 6, 7, 8, 9]
[info] using task orders [0, 1, 2, 3, 4, 5, 6, 7, 8, 9]
[info] using task orders [0, 1, 2, 3, 4, 5, 6, 7, 8, 9]
[info] using task orders [0, 1, 2, 3, 4, 5, 6, 7, 8, 9]
[info] using task orders [0, 1, 2, 3, 4, 5, 6, 7, 8, 9]
[info] using task orders [0, 1, 2, 3, 4, 5, 6, 7, 8, 9]
[info] using task orders [0, 1, 2, 3, 4, 5, 6, 7, 8, 9]
Local assets not found. Downloading from HuggingFace Hub...
Assets already downloaded at /root/.cache/libero/assets
Local assets not found. Downloading from HuggingFace Hub...
Assets already downloaded at /root/.cache/libero/assets
Local assets not found. Downloading from HuggingFace Hub...
Assets already downloaded at /root/.cache/libero/assets
Local assets not found. Downloading from HuggingFace Hub...
Assets already downloaded at /root/.cache/libero/assets
Local assets not found. Downloading from HuggingFace Hub...
Assets already downloaded at /root/.cache/libero/assets
Local assets not found. Downloading from HuggingFace Hub...
Assets already downloaded at /root/.cache/libero/assets
Local assets not found. Downloading from HuggingFace Hub...
Assets already downloaded at /root/.cache/libero/assets
Local assets not found. Downloading from HuggingFace Hub...
Assets already downloaded at /root/.cache/libero/assets
2584/2912 episodes, 2.47 s/episode, eta 0.23 h
2592/2912 episodes, 2.48 s/episode, eta 0.22 h
2600/2912 episodes, 2.48 s/episode, eta 0.21 h
2608/2912 episodes, 2.48 s/episode, eta 0.21 h
2616/2912 episodes, 2.48 s/episode, eta 0.20 h
2624/2912 episodes, 2.47 s/episode, eta 0.20 h
2632/2912 episodes, 2.47 s/episode, eta 0.19 h
2640/2912 episodes, 2.48 s/episode, eta 0.19 h
2648/2912 episodes, 2.47 s/episode, eta 0.18 h
2656/2912 episodes, 2.47 s/episode, eta 0.18 h
2664/2912 episodes, 2.47 s/episode, eta 0.17 h
2672/2912 episodes, 2.47 s/episode, eta 0.16 h
2680/2912 episodes, 2.47 s/episode, eta 0.16 h
2688/2912 episodes, 2.47 s/episode, eta 0.15 h
[info] using task orders [0, 1, 2, 3, 4, 5, 6, 7, 8, 9]
[info] using task orders [0, 1, 2, 3, 4, 5, 6, 7, 8, 9]
[info] using task orders [0, 1, 2, 3, 4, 5, 6, 7, 8, 9]
[info] using task orders [0, 1, 2, 3, 4, 5, 6, 7, 8, 9]
[info] using task orders [0, 1, 2, 3, 4, 5, 6, 7, 8, 9]
[info] using task orders [0, 1, 2, 3, 4, 5, 6, 7, 8, 9]
[info] using task orders [0, 1, 2, 3, 4, 5, 6, 7, 8, 9]
[info] using task orders [0, 1, 2, 3, 4, 5, 6, 7, 8, 9]
[info] using task orders [0, 1, 2, 3, 4, 5, 6, 7, 8, 9]
Local assets not found. Downloading from HuggingFace Hub...
Assets already downloaded at /root/.cache/libero/assets
Local assets not found. Downloading from HuggingFace Hub...
Local assets not found. Downloading from HuggingFace Hub...
Assets already downloaded at /root/.cache/libero/assets
Assets already downloaded at /root/.cache/libero/assets
Local assets not found. Downloading from HuggingFace Hub...Local assets not found. Downloading from HuggingFace Hub...

Assets already downloaded at /root/.cache/libero/assets
Assets already downloaded at /root/.cache/libero/assets
Local assets not found. Downloading from HuggingFace Hub...
Assets already downloaded at /root/.cache/libero/assets
Local assets not found. Downloading from HuggingFace Hub...
Assets already downloaded at /root/.cache/libero/assets
Local assets not found. Downloading from HuggingFace Hub...
Assets already downloaded at /root/.cache/libero/assets
2696/2912 episodes, 2.48 s/episode, eta 0.15 h
2704/2912 episodes, 2.48 s/episode, eta 0.14 h
2712/2912 episodes, 2.48 s/episode, eta 0.14 h
2720/2912 episodes, 2.48 s/episode, eta 0.13 h
2728/2912 episodes, 2.48 s/episode, eta 0.13 h
2736/2912 episodes, 2.47 s/episode, eta 0.12 h
2744/2912 episodes, 2.47 s/episode, eta 0.12 h
2752/2912 episodes, 2.47 s/episode, eta 0.11 h
2760/2912 episodes, 2.47 s/episode, eta 0.10 h
2768/2912 episodes, 2.47 s/episode, eta 0.10 h
2776/2912 episodes, 2.47 s/episode, eta 0.09 h
2784/2912 episodes, 2.47 s/episode, eta 0.09 h
2792/2912 episodes, 2.47 s/episode, eta 0.08 h
2800/2912 episodes, 2.47 s/episode, eta 0.08 h
[info] using task orders [0, 1, 2, 3, 4, 5, 6, 7, 8, 9]
[info] using task orders [0, 1, 2, 3, 4, 5, 6, 7, 8, 9]
[info] using task orders [0, 1, 2, 3, 4, 5, 6, 7, 8, 9]
[info] using task orders [0, 1, 2, 3, 4, 5, 6, 7, 8, 9]
[info] using task orders [0, 1, 2, 3, 4, 5, 6, 7, 8, 9]
[info] using task orders [0, 1, 2, 3, 4, 5, 6, 7, 8, 9]
[info] using task orders [0, 1, 2, 3, 4, 5, 6, 7, 8, 9]
[info] using task orders [0, 1, 2, 3, 4, 5, 6, 7, 8, 9]
[info] using task orders [0, 1, 2, 3, 4, 5, 6, 7, 8, 9]
Local assets not found. Downloading from HuggingFace Hub...
Assets already downloaded at /root/.cache/libero/assets
Local assets not found. Downloading from HuggingFace Hub...
Local assets not found. Downloading from HuggingFace Hub...
Assets already downloaded at /root/.cache/libero/assets
Assets already downloaded at /root/.cache/libero/assets
Local assets not found. Downloading from HuggingFace Hub...
Assets already downloaded at /root/.cache/libero/assets
Local assets not found. Downloading from HuggingFace Hub...
Assets already downloaded at /root/.cache/libero/assets
Local assets not found. Downloading from HuggingFace Hub...
Assets already downloaded at /root/.cache/libero/assets
Local assets not found. Downloading from HuggingFace Hub...
Assets already downloaded at /root/.cache/libero/assets
Local assets not found. Downloading from HuggingFace Hub...
Assets already downloaded at /root/.cache/libero/assets
2808/2912 episodes, 2.48 s/episode, eta 0.07 h
2816/2912 episodes, 2.48 s/episode, eta 0.07 h
2824/2912 episodes, 2.48 s/episode, eta 0.06 h
2832/2912 episodes, 2.48 s/episode, eta 0.06 h
2840/2912 episodes, 2.48 s/episode, eta 0.05 h
2848/2912 episodes, 2.48 s/episode, eta 0.04 h
2856/2912 episodes, 2.48 s/episode, eta 0.04 h
2864/2912 episodes, 2.48 s/episode, eta 0.03 h
2872/2912 episodes, 2.48 s/episode, eta 0.03 h
2880/2912 episodes, 2.48 s/episode, eta 0.02 h
2888/2912 episodes, 2.47 s/episode, eta 0.02 h
2896/2912 episodes, 2.47 s/episode, eta 0.01 h
2904/2912 episodes, 2.47 s/episode, eta 0.01 h
2912/2912 episodes, 2.47 s/episode, eta 0.00 h
[16:09:20] pass 2 skipped: pass 1 exited cleanly, no failed batch
[16:09:20] pass 1: --kinds step --cells A --methods GJ --inits 0-3 --n-envs 4 --t-ramp 5 --k-p 1.0 --out results/c1-e2/grid.jsonl
[robosuite WARNING] No private macro file found! (__init__.py:7)
WARNING:robosuite_logs:No private macro file found!
[robosuite WARNING] It is recommended to use a private macro file (__init__.py:8)
WARNING:robosuite_logs:It is recommended to use a private macro file
[robosuite WARNING] To setup, run: python /workspace/jit-reflex/venv/lib/python3.12/site-packages/robosuite/scripts/setup_macros.py (__init__.py:9)
WARNING:robosuite_logs:To setup, run: python /workspace/jit-reflex/venv/lib/python3.12/site-packages/robosuite/scripts/setup_macros.py
Warning: You are sending unauthenticated requests to the HF Hub. Please set a HF_TOKEN to enable higher rate limits and faster downloads.
WARNING:huggingface_hub.utils._http:Warning: You are sending unauthenticated requests to the HF Hub. Please set a HF_TOKEN to enable higher rate limits and faster downloads.
104 episodes to run
[info] using task orders [0, 1, 2, 3, 4, 5, 6, 7, 8, 9]
/usr/lib/python3.12/multiprocessing/popen_fork.py:66: DeprecationWarning: This process (pid=195503) is multi-threaded, use of fork() may lead to deadlocks in the child.
  self.pid = os.fork()
[info] using task orders [0, 1, 2, 3, 4, 5, 6, 7, 8, 9]
[info] using task orders [0, 1, 2, 3, 4, 5, 6, 7, 8, 9]
[info] using task orders [0, 1, 2, 3, 4, 5, 6, 7, 8, 9]
[info] using task orders [0, 1, 2, 3, 4, 5, 6, 7, 8, 9]
Local assets not found. Downloading from HuggingFace Hub...
Assets already downloaded at /root/.cache/libero/assets
Local assets not found. Downloading from HuggingFace Hub...
Assets already downloaded at /root/.cache/libero/assets
Local assets not found. Downloading from HuggingFace Hub...
Assets already downloaded at /root/.cache/libero/assets
Local assets not found. Downloading from HuggingFace Hub...
Assets already downloaded at /root/.cache/libero/assets
/workspace/jit-reflex/venv/lib/python3.12/site-packages/torch/jit/_script.py:1488: DeprecationWarning: `torch.jit.script` is deprecated. Please switch to `torch.compile` or `torch.export`.
  warnings.warn(
4/104 episodes, 71.57 s/episode, eta 1.99 h
[info] using task orders [0, 1, 2, 3, 4, 5, 6, 7, 8, 9]
[info] using task orders [0, 1, 2, 3, 4, 5, 6, 7, 8, 9]
[info] using task orders [0, 1, 2, 3, 4, 5, 6, 7, 8, 9]
[info] using task orders [0, 1, 2, 3, 4, 5, 6, 7, 8, 9]
[info] using task orders [0, 1, 2, 3, 4, 5, 6, 7, 8, 9]
Local assets not found. Downloading from HuggingFace Hub...
Local assets not found. Downloading from HuggingFace Hub...
Local assets not found. Downloading from HuggingFace Hub...
Assets already downloaded at /root/.cache/libero/assetsAssets already downloaded at /root/.cache/libero/assets
Assets already downloaded at /root/.cache/libero/assets

Local assets not found. Downloading from HuggingFace Hub...
Assets already downloaded at /root/.cache/libero/assets
FAILED libero_spatial:1 A,step [0:4]: AssertionError('GJ split path vs stock chunk, env 1: max abs 1.32e-03 > 1e-3')
Traceback (most recent call last):
  File "/workspace/jit-reflex/scripts/c1e2_run.py", line 322, in <module>
    recs = run_batch(vec, group[j: j + args.n_envs])
           ^^^^^^^^^^^^^^^^^^^^^^^^^^^^^^^^^^^^^^^^^
  File "/workspace/jit-reflex/scripts/c1e2_run.py", line 245, in run_batch
    chunks, js = brain(rows(obs, want), [desc[i] for i in want], nz, j_rows)
                 ^^^^^^^^^^^^^^^^^^^^^^^^^^^^^^^^^^^^^^^^^^^^^^^^^^^^^^^^^^^
  File "/workspace/jit-reflex/scripts/c1e2_run.py", line 182, in brain
    raise AssertionError(f"GJ split path vs stock chunk, env {pos}: max abs {err:.2e} > 1e-3")
AssertionError: GJ split path vs stock chunk, env 1: max abs 1.32e-03 > 1e-3
[info] using task orders [0, 1, 2, 3, 4, 5, 6, 7, 8, 9]
[info] using task orders [0, 1, 2, 3, 4, 5, 6, 7, 8, 9]
[info] using task orders [0, 1, 2, 3, 4, 5, 6, 7, 8, 9]
[info] using task orders [0, 1, 2, 3, 4, 5, 6, 7, 8, 9]
[info] using task orders [0, 1, 2, 3, 4, 5, 6, 7, 8, 9]
[info] using task orders [0, 1, 2, 3, 4, 5, 6, 7, 8, 9]
[info] using task orders [0, 1, 2, 3, 4, 5, 6, 7, 8, 9]
[info] using task orders [0, 1, 2, 3, 4, 5, 6, 7, 8, 9]
[info] using task orders [0, 1, 2, 3, 4, 5, 6, 7, 8, 9]
[info] using task orders [0, 1, 2, 3, 4, 5, 6, 7, 8, 9]
Local assets not found. Downloading from HuggingFace Hub...Local assets not found. Downloading from HuggingFace Hub...

Assets already downloaded at /root/.cache/libero/assets
Assets already downloaded at /root/.cache/libero/assets
Local assets not found. Downloading from HuggingFace Hub...
Assets already downloaded at /root/.cache/libero/assets
Local assets not found. Downloading from HuggingFace Hub...
Assets already downloaded at /root/.cache/libero/assets
8/104 episodes, 86.91 s/episode, eta 2.32 h
[info] using task orders [0, 1, 2, 3, 4, 5, 6, 7, 8, 9]
[info] using task orders [0, 1, 2, 3, 4, 5, 6, 7, 8, 9]
[info] using task orders [0, 1, 2, 3, 4, 5, 6, 7, 8, 9]
[info] using task orders [0, 1, 2, 3, 4, 5, 6, 7, 8, 9]
[info] using task orders [0, 1, 2, 3, 4, 5, 6, 7, 8, 9]
Local assets not found. Downloading from HuggingFace Hub...
Assets already downloaded at /root/.cache/libero/assets
Local assets not found. Downloading from HuggingFace Hub...
Assets already downloaded at /root/.cache/libero/assets
Local assets not found. Downloading from HuggingFace Hub...
Assets already downloaded at /root/.cache/libero/assets
Local assets not found. Downloading from HuggingFace Hub...
Assets already downloaded at /root/.cache/libero/assets
FAILED libero_spatial:3 A,step [0:4]: AssertionError('GJ split path vs stock chunk, env 1: max abs 1.15e-03 > 1e-3')
Traceback (most recent call last):
  File "/workspace/jit-reflex/scripts/c1e2_run.py", line 322, in <module>
    recs = run_batch(vec, group[j: j + args.n_envs])
           ^^^^^^^^^^^^^^^^^^^^^^^^^^^^^^^^^^^^^^^^^
  File "/workspace/jit-reflex/scripts/c1e2_run.py", line 245, in run_batch
    chunks, js = brain(rows(obs, want), [desc[i] for i in want], nz, j_rows)
                 ^^^^^^^^^^^^^^^^^^^^^^^^^^^^^^^^^^^^^^^^^^^^^^^^^^^^^^^^^^^
  File "/workspace/jit-reflex/scripts/c1e2_run.py", line 182, in brain
    raise AssertionError(f"GJ split path vs stock chunk, env {pos}: max abs {err:.2e} > 1e-3")
AssertionError: GJ split path vs stock chunk, env 1: max abs 1.15e-03 > 1e-3
[info] using task orders [0, 1, 2, 3, 4, 5, 6, 7, 8, 9]
[info] using task orders [0, 1, 2, 3, 4, 5, 6, 7, 8, 9]
[info] using task orders [0, 1, 2, 3, 4, 5, 6, 7, 8, 9]
[info] using task orders [0, 1, 2, 3, 4, 5, 6, 7, 8, 9]
[info] using task orders [0, 1, 2, 3, 4, 5, 6, 7, 8, 9]
[info] using task orders [0, 1, 2, 3, 4, 5, 6, 7, 8, 9]
[info] using task orders [0, 1, 2, 3, 4, 5, 6, 7, 8, 9]
[info] using task orders [0, 1, 2, 3, 4, 5, 6, 7, 8, 9]
[info] using task orders [0, 1, 2, 3, 4, 5, 6, 7, 8, 9]
[info] using task orders [0, 1, 2, 3, 4, 5, 6, 7, 8, 9]
Local assets not found. Downloading from HuggingFace Hub...
Assets already downloaded at /root/.cache/libero/assets
Local assets not found. Downloading from HuggingFace Hub...
Assets already downloaded at /root/.cache/libero/assets
Local assets not found. Downloading from HuggingFace Hub...
Assets already downloaded at /root/.cache/libero/assets
Local assets not found. Downloading from HuggingFace Hub...
Assets already downloaded at /root/.cache/libero/assets
12/104 episodes, 86.69 s/episode, eta 2.22 h
[info] using task orders [0, 1, 2, 3, 4, 5, 6, 7, 8, 9]
[info] using task orders [0, 1, 2, 3, 4, 5, 6, 7, 8, 9]
[info] using task orders [0, 1, 2, 3, 4, 5, 6, 7, 8, 9]
[info] using task orders [0, 1, 2, 3, 4, 5, 6, 7, 8, 9]
[info] using task orders [0, 1, 2, 3, 4, 5, 6, 7, 8, 9]
Local assets not found. Downloading from HuggingFace Hub...
Assets already downloaded at /root/.cache/libero/assets
Local assets not found. Downloading from HuggingFace Hub...
Assets already downloaded at /root/.cache/libero/assets
Local assets not found. Downloading from HuggingFace Hub...
Assets already downloaded at /root/.cache/libero/assets
Local assets not found. Downloading from HuggingFace Hub...
Assets already downloaded at /root/.cache/libero/assets
16/104 episodes, 77.82 s/episode, eta 1.90 h
[info] using task orders [0, 1, 2, 3, 4, 5, 6, 7, 8, 9]
[info] using task orders [0, 1, 2, 3, 4, 5, 6, 7, 8, 9]
[info] using task orders [0, 1, 2, 3, 4, 5, 6, 7, 8, 9]
[info] using task orders [0, 1, 2, 3, 4, 5, 6, 7, 8, 9]
[info] using task orders [0, 1, 2, 3, 4, 5, 6, 7, 8, 9]
Local assets not found. Downloading from HuggingFace Hub...
Assets already downloaded at /root/.cache/libero/assets
Local assets not found. Downloading from HuggingFace Hub...
Local assets not found. Downloading from HuggingFace Hub...
Local assets not found. Downloading from HuggingFace Hub...
Assets already downloaded at /root/.cache/libero/assets
Assets already downloaded at /root/.cache/libero/assets
Assets already downloaded at /root/.cache/libero/assets
20/104 episodes, 70.80 s/episode, eta 1.65 h
[info] using task orders [0, 1, 2, 3, 4, 5, 6, 7, 8, 9]
[info] using task orders [0, 1, 2, 3, 4, 5, 6, 7, 8, 9]
[info] using task orders [0, 1, 2, 3, 4, 5, 6, 7, 8, 9]
[info] using task orders [0, 1, 2, 3, 4, 5, 6, 7, 8, 9]
[info] using task orders [0, 1, 2, 3, 4, 5, 6, 7, 8, 9]
Local assets not found. Downloading from HuggingFace Hub...
Assets already downloaded at /root/.cache/libero/assets
Local assets not found. Downloading from HuggingFace Hub...
Local assets not found. Downloading from HuggingFace Hub...
Local assets not found. Downloading from HuggingFace Hub...
Assets already downloaded at /root/.cache/libero/assets
Assets already downloaded at /root/.cache/libero/assets
Assets already downloaded at /root/.cache/libero/assets
24/104 episodes, 67.58 s/episode, eta 1.50 h
[info] using task orders [0, 1, 2, 3, 4, 5, 6, 7, 8, 9]
[info] using task orders [0, 1, 2, 3, 4, 5, 6, 7, 8, 9]
[info] using task orders [0, 1, 2, 3, 4, 5, 6, 7, 8, 9]
[info] using task orders [0, 1, 2, 3, 4, 5, 6, 7, 8, 9]
[info] using task orders [0, 1, 2, 3, 4, 5, 6, 7, 8, 9]
Local assets not found. Downloading from HuggingFace Hub...
Assets already downloaded at /root/.cache/libero/assets
Local assets not found. Downloading from HuggingFace Hub...
Assets already downloaded at /root/.cache/libero/assets
Local assets not found. Downloading from HuggingFace Hub...
Assets already downloaded at /root/.cache/libero/assets
Local assets not found. Downloading from HuggingFace Hub...
Assets already downloaded at /root/.cache/libero/assets
FAILED libero_spatial:8 A,step [0:4]: AssertionError('GJ split path vs stock chunk, env 1: max abs 1.66e-03 > 1e-3')
Traceback (most recent call last):
  File "/workspace/jit-reflex/scripts/c1e2_run.py", line 322, in <module>
    recs = run_batch(vec, group[j: j + args.n_envs])
           ^^^^^^^^^^^^^^^^^^^^^^^^^^^^^^^^^^^^^^^^^
  File "/workspace/jit-reflex/scripts/c1e2_run.py", line 245, in run_batch
    chunks, js = brain(rows(obs, want), [desc[i] for i in want], nz, j_rows)
                 ^^^^^^^^^^^^^^^^^^^^^^^^^^^^^^^^^^^^^^^^^^^^^^^^^^^^^^^^^^^
  File "/workspace/jit-reflex/scripts/c1e2_run.py", line 182, in brain
    raise AssertionError(f"GJ split path vs stock chunk, env {pos}: max abs {err:.2e} > 1e-3")
AssertionError: GJ split path vs stock chunk, env 1: max abs 1.66e-03 > 1e-3
[info] using task orders [0, 1, 2, 3, 4, 5, 6, 7, 8, 9]
[info] using task orders [0, 1, 2, 3, 4, 5, 6, 7, 8, 9]
[info] using task orders [0, 1, 2, 3, 4, 5, 6, 7, 8, 9]
[info] using task orders [0, 1, 2, 3, 4, 5, 6, 7, 8, 9]
[info] using task orders [0, 1, 2, 3, 4, 5, 6, 7, 8, 9]
[info] using task orders [0, 1, 2, 3, 4, 5, 6, 7, 8, 9]
[info] using task orders [0, 1, 2, 3, 4, 5, 6, 7, 8, 9]
[info] using task orders [0, 1, 2, 3, 4, 5, 6, 7, 8, 9]
[info] using task orders [0, 1, 2, 3, 4, 5, 6, 7, 8, 9]
[info] using task orders [0, 1, 2, 3, 4, 5, 6, 7, 8, 9]
Local assets not found. Downloading from HuggingFace Hub...
Assets already downloaded at /root/.cache/libero/assets
Local assets not found. Downloading from HuggingFace Hub...
Assets already downloaded at /root/.cache/libero/assets
Local assets not found. Downloading from HuggingFace Hub...Local assets not found. Downloading from HuggingFace Hub...

Assets already downloaded at /root/.cache/libero/assetsAssets already downloaded at /root/.cache/libero/assets

28/104 episodes, 72.41 s/episode, eta 1.53 h
[info] using task orders [0, 1, 2, 3, 4, 5, 6, 7, 8, 9]
[info] using task orders [0, 1, 2, 3, 4, 5, 6, 7, 8, 9]
[info] using task orders [0, 1, 2, 3, 4, 5, 6, 7, 8, 9]
[info] using task orders [0, 1, 2, 3, 4, 5, 6, 7, 8, 9]
[info] using task orders [0, 1, 2, 3, 4, 5, 6, 7, 8, 9]
Local assets not found. Downloading from HuggingFace Hub...
Assets already downloaded at /root/.cache/libero/assets
Local assets not found. Downloading from HuggingFace Hub...Local assets not found. Downloading from HuggingFace Hub...

Assets already downloaded at /root/.cache/libero/assetsAssets already downloaded at /root/.cache/libero/assets

Local assets not found. Downloading from HuggingFace Hub...
Assets already downloaded at /root/.cache/libero/assets
32/104 episodes, 70.55 s/episode, eta 1.41 h
[info] using task orders [0, 1, 2, 3, 4, 5, 6, 7, 8, 9]
[info] using task orders [0, 1, 2, 3, 4, 5, 6, 7, 8, 9]
[info] using task orders [0, 1, 2, 3, 4, 5, 6, 7, 8, 9]
[info] using task orders [0, 1, 2, 3, 4, 5, 6, 7, 8, 9]
[info] using task orders [0, 1, 2, 3, 4, 5, 6, 7, 8, 9]
Local assets not found. Downloading from HuggingFace Hub...
Assets already downloaded at /root/.cache/libero/assets
Local assets not found. Downloading from HuggingFace Hub...
Assets already downloaded at /root/.cache/libero/assets
Local assets not found. Downloading from HuggingFace Hub...
Assets already downloaded at /root/.cache/libero/assets
Local assets not found. Downloading from HuggingFace Hub...
Assets already downloaded at /root/.cache/libero/assets
36/104 episodes, 67.25 s/episode, eta 1.27 h
[info] using task orders [0, 1, 2, 3, 4, 5, 6, 7, 8, 9]
[info] using task orders [0, 1, 2, 3, 4, 5, 6, 7, 8, 9]
[info] using task orders [0, 1, 2, 3, 4, 5, 6, 7, 8, 9]
[info] using task orders [0, 1, 2, 3, 4, 5, 6, 7, 8, 9]
[info] using task orders [0, 1, 2, 3, 4, 5, 6, 7, 8, 9]
Local assets not found. Downloading from HuggingFace Hub...
Local assets not found. Downloading from HuggingFace Hub...
Assets already downloaded at /root/.cache/libero/assets
Assets already downloaded at /root/.cache/libero/assets
Local assets not found. Downloading from HuggingFace Hub...Local assets not found. Downloading from HuggingFace Hub...

Assets already downloaded at /root/.cache/libero/assetsAssets already downloaded at /root/.cache/libero/assets

40/104 episodes, 65.50 s/episode, eta 1.16 h
[info] using task orders [0, 1, 2, 3, 4, 5, 6, 7, 8, 9]
[info] using task orders [0, 1, 2, 3, 4, 5, 6, 7, 8, 9]
[info] using task orders [0, 1, 2, 3, 4, 5, 6, 7, 8, 9]
[info] using task orders [0, 1, 2, 3, 4, 5, 6, 7, 8, 9]
[info] using task orders [0, 1, 2, 3, 4, 5, 6, 7, 8, 9]
Local assets not found. Downloading from HuggingFace Hub...
Assets already downloaded at /root/.cache/libero/assets
Local assets not found. Downloading from HuggingFace Hub...Local assets not found. Downloading from HuggingFace Hub...Local assets not found. Downloading from HuggingFace Hub...


Assets already downloaded at /root/.cache/libero/assets
Assets already downloaded at /root/.cache/libero/assets
Assets already downloaded at /root/.cache/libero/assets
44/104 episodes, 64.03 s/episode, eta 1.07 h
[info] using task orders [0, 1, 2, 3, 4, 5, 6, 7, 8, 9]
[info] using task orders [0, 1, 2, 3, 4, 5, 6, 7, 8, 9]
[info] using task orders [0, 1, 2, 3, 4, 5, 6, 7, 8, 9]
[info] using task orders [0, 1, 2, 3, 4, 5, 6, 7, 8, 9]
[info] using task orders [0, 1, 2, 3, 4, 5, 6, 7, 8, 9]
Local assets not found. Downloading from HuggingFace Hub...
Assets already downloaded at /root/.cache/libero/assets
Local assets not found. Downloading from HuggingFace Hub...Local assets not found. Downloading from HuggingFace Hub...

Local assets not found. Downloading from HuggingFace Hub...
Assets already downloaded at /root/.cache/libero/assetsAssets already downloaded at /root/.cache/libero/assetsAssets already downloaded at /root/.cache/libero/assets


48/104 episodes, 62.50 s/episode, eta 0.97 h
[info] using task orders [0, 1, 2, 3, 4, 5, 6, 7, 8, 9]
[info] using task orders [0, 1, 2, 3, 4, 5, 6, 7, 8, 9]
[info] using task orders [0, 1, 2, 3, 4, 5, 6, 7, 8, 9]
[info] using task orders [0, 1, 2, 3, 4, 5, 6, 7, 8, 9]
[info] using task orders [0, 1, 2, 3, 4, 5, 6, 7, 8, 9]
Local assets not found. Downloading from HuggingFace Hub...
Assets already downloaded at /root/.cache/libero/assets
Local assets not found. Downloading from HuggingFace Hub...
Assets already downloaded at /root/.cache/libero/assets
Local assets not found. Downloading from HuggingFace Hub...
Assets already downloaded at /root/.cache/libero/assets
Local assets not found. Downloading from HuggingFace Hub...
Assets already downloaded at /root/.cache/libero/assets
52/104 episodes, 60.55 s/episode, eta 0.87 h
[info] using task orders [0, 1, 2, 3, 4, 5, 6, 7, 8, 9]
[info] using task orders [0, 1, 2, 3, 4, 5, 6, 7, 8, 9]
[info] using task orders [0, 1, 2, 3, 4, 5, 6, 7, 8, 9]
[info] using task orders [0, 1, 2, 3, 4, 5, 6, 7, 8, 9]
[info] using task orders [0, 1, 2, 3, 4, 5, 6, 7, 8, 9]
Local assets not found. Downloading from HuggingFace Hub...
Assets already downloaded at /root/.cache/libero/assets
Local assets not found. Downloading from HuggingFace Hub...Local assets not found. Downloading from HuggingFace Hub...Local assets not found. Downloading from HuggingFace Hub...


Assets already downloaded at /root/.cache/libero/assets
Assets already downloaded at /root/.cache/libero/assetsAssets already downloaded at /root/.cache/libero/assets

56/104 episodes, 59.66 s/episode, eta 0.80 h
[info] using task orders [0, 1, 2, 3, 4, 5, 6, 7, 8, 9]
[info] using task orders [0, 1, 2, 3, 4, 5, 6, 7, 8, 9]
[info] using task orders [0, 1, 2, 3, 4, 5, 6, 7, 8, 9]
[info] using task orders [0, 1, 2, 3, 4, 5, 6, 7, 8, 9]
[info] using task orders [0, 1, 2, 3, 4, 5, 6, 7, 8, 9]
Local assets not found. Downloading from HuggingFace Hub...Local assets not found. Downloading from HuggingFace Hub...

Assets already downloaded at /root/.cache/libero/assetsAssets already downloaded at /root/.cache/libero/assets

Local assets not found. Downloading from HuggingFace Hub...
Local assets not found. Downloading from HuggingFace Hub...
Assets already downloaded at /root/.cache/libero/assets
Assets already downloaded at /root/.cache/libero/assets
60/104 episodes, 60.09 s/episode, eta 0.73 h
[info] using task orders [0, 1, 2, 3, 4, 5, 6, 7, 8, 9]
[info] using task orders [0, 1, 2, 3, 4, 5, 6, 7, 8, 9]
[info] using task orders [0, 1, 2, 3, 4, 5, 6, 7, 8, 9]
[info] using task orders [0, 1, 2, 3, 4, 5, 6, 7, 8, 9]
[info] using task orders [0, 1, 2, 3, 4, 5, 6, 7, 8, 9]
Local assets not found. Downloading from HuggingFace Hub...Local assets not found. Downloading from HuggingFace Hub...

Assets already downloaded at /root/.cache/libero/assets
Assets already downloaded at /root/.cache/libero/assets
Local assets not found. Downloading from HuggingFace Hub...
Local assets not found. Downloading from HuggingFace Hub...
Assets already downloaded at /root/.cache/libero/assets
Assets already downloaded at /root/.cache/libero/assets
64/104 episodes, 59.44 s/episode, eta 0.66 h
[info] using task orders [0, 1, 2, 3, 4, 5, 6, 7, 8, 9]
[info] using task orders [0, 1, 2, 3, 4, 5, 6, 7, 8, 9]
[info] using task orders [0, 1, 2, 3, 4, 5, 6, 7, 8, 9]
[info] using task orders [0, 1, 2, 3, 4, 5, 6, 7, 8, 9]
[info] using task orders [0, 1, 2, 3, 4, 5, 6, 7, 8, 9]
Local assets not found. Downloading from HuggingFace Hub...
Assets already downloaded at /root/.cache/libero/assets
Local assets not found. Downloading from HuggingFace Hub...
Assets already downloaded at /root/.cache/libero/assets
Local assets not found. Downloading from HuggingFace Hub...
Local assets not found. Downloading from HuggingFace Hub...
Assets already downloaded at /root/.cache/libero/assets
Assets already downloaded at /root/.cache/libero/assets
68/104 episodes, 57.74 s/episode, eta 0.58 h
[info] using task orders [0, 1, 2, 3, 4, 5, 6, 7, 8, 9]
[info] using task orders [0, 1, 2, 3, 4, 5, 6, 7, 8, 9]
[info] using task orders [0, 1, 2, 3, 4, 5, 6, 7, 8, 9]
[info] using task orders [0, 1, 2, 3, 4, 5, 6, 7, 8, 9]
[info] using task orders [0, 1, 2, 3, 4, 5, 6, 7, 8, 9]
Local assets not found. Downloading from HuggingFace Hub...
Assets already downloaded at /root/.cache/libero/assets
Local assets not found. Downloading from HuggingFace Hub...
Assets already downloaded at /root/.cache/libero/assets
Local assets not found. Downloading from HuggingFace Hub...
Assets already downloaded at /root/.cache/libero/assets
Local assets not found. Downloading from HuggingFace Hub...
Assets already downloaded at /root/.cache/libero/assets
FAILED libero_goal:1 A,step [0:4]: AssertionError('GJ split path vs stock chunk, env 2: max abs 2.12e-03 > 1e-3')
Traceback (most recent call last):
  File "/workspace/jit-reflex/scripts/c1e2_run.py", line 322, in <module>
    recs = run_batch(vec, group[j: j + args.n_envs])
           ^^^^^^^^^^^^^^^^^^^^^^^^^^^^^^^^^^^^^^^^^
  File "/workspace/jit-reflex/scripts/c1e2_run.py", line 245, in run_batch
    chunks, js = brain(rows(obs, want), [desc[i] for i in want], nz, j_rows)
                 ^^^^^^^^^^^^^^^^^^^^^^^^^^^^^^^^^^^^^^^^^^^^^^^^^^^^^^^^^^^
  File "/workspace/jit-reflex/scripts/c1e2_run.py", line 182, in brain
    raise AssertionError(f"GJ split path vs stock chunk, env {pos}: max abs {err:.2e} > 1e-3")
AssertionError: GJ split path vs stock chunk, env 2: max abs 2.12e-03 > 1e-3
[info] using task orders [0, 1, 2, 3, 4, 5, 6, 7, 8, 9]
[info] using task orders [0, 1, 2, 3, 4, 5, 6, 7, 8, 9]
[info] using task orders [0, 1, 2, 3, 4, 5, 6, 7, 8, 9]
[info] using task orders [0, 1, 2, 3, 4, 5, 6, 7, 8, 9]
[info] using task orders [0, 1, 2, 3, 4, 5, 6, 7, 8, 9]
[info] using task orders [0, 1, 2, 3, 4, 5, 6, 7, 8, 9]
[info] using task orders [0, 1, 2, 3, 4, 5, 6, 7, 8, 9]
[info] using task orders [0, 1, 2, 3, 4, 5, 6, 7, 8, 9]
[info] using task orders [0, 1, 2, 3, 4, 5, 6, 7, 8, 9]
[info] using task orders [0, 1, 2, 3, 4, 5, 6, 7, 8, 9]
Local assets not found. Downloading from HuggingFace Hub...
Assets already downloaded at /root/.cache/libero/assets
Local assets not found. Downloading from HuggingFace Hub...Local assets not found. Downloading from HuggingFace Hub...

Assets already downloaded at /root/.cache/libero/assetsAssets already downloaded at /root/.cache/libero/assets

Local assets not found. Downloading from HuggingFace Hub...
Assets already downloaded at /root/.cache/libero/assets
72/104 episodes, 57.44 s/episode, eta 0.51 h
[info] using task orders [0, 1, 2, 3, 4, 5, 6, 7, 8, 9]
[info] using task orders [0, 1, 2, 3, 4, 5, 6, 7, 8, 9]
[info] using task orders [0, 1, 2, 3, 4, 5, 6, 7, 8, 9]
[info] using task orders [0, 1, 2, 3, 4, 5, 6, 7, 8, 9]
[info] using task orders [0, 1, 2, 3, 4, 5, 6, 7, 8, 9]
Local assets not found. Downloading from HuggingFace Hub...
Assets already downloaded at /root/.cache/libero/assets
Local assets not found. Downloading from HuggingFace Hub...
Local assets not found. Downloading from HuggingFace Hub...
Assets already downloaded at /root/.cache/libero/assets
Assets already downloaded at /root/.cache/libero/assets
Local assets not found. Downloading from HuggingFace Hub...
Assets already downloaded at /root/.cache/libero/assets
76/104 episodes, 56.89 s/episode, eta 0.44 h
[info] using task orders [0, 1, 2, 3, 4, 5, 6, 7, 8, 9]
[info] using task orders [0, 1, 2, 3, 4, 5, 6, 7, 8, 9]
[info] using task orders [0, 1, 2, 3, 4, 5, 6, 7, 8, 9]
[info] using task orders [0, 1, 2, 3, 4, 5, 6, 7, 8, 9]
[info] using task orders [0, 1, 2, 3, 4, 5, 6, 7, 8, 9]
Local assets not found. Downloading from HuggingFace Hub...
Local assets not found. Downloading from HuggingFace Hub...
Assets already downloaded at /root/.cache/libero/assets
Assets already downloaded at /root/.cache/libero/assets
Local assets not found. Downloading from HuggingFace Hub...
Assets already downloaded at /root/.cache/libero/assets
Local assets not found. Downloading from HuggingFace Hub...
Assets already downloaded at /root/.cache/libero/assets
80/104 episodes, 56.36 s/episode, eta 0.38 h
[info] using task orders [0, 1, 2, 3, 4, 5, 6, 7, 8, 9]
[info] using task orders [0, 1, 2, 3, 4, 5, 6, 7, 8, 9]
[info] using task orders [0, 1, 2, 3, 4, 5, 6, 7, 8, 9]
[info] using task orders [0, 1, 2, 3, 4, 5, 6, 7, 8, 9]
[info] using task orders [0, 1, 2, 3, 4, 5, 6, 7, 8, 9]
Local assets not found. Downloading from HuggingFace Hub...
Assets already downloaded at /root/.cache/libero/assets
Local assets not found. Downloading from HuggingFace Hub...
Assets already downloaded at /root/.cache/libero/assets
Local assets not found. Downloading from HuggingFace Hub...
Assets already downloaded at /root/.cache/libero/assets
Local assets not found. Downloading from HuggingFace Hub...
Assets already downloaded at /root/.cache/libero/assets
FAILED libero_goal:8 A,step [0:4]: AssertionError('GJ split path vs stock chunk, env 2: max abs 1.30e-03 > 1e-3')
Traceback (most recent call last):
  File "/workspace/jit-reflex/scripts/c1e2_run.py", line 322, in <module>
    recs = run_batch(vec, group[j: j + args.n_envs])
           ^^^^^^^^^^^^^^^^^^^^^^^^^^^^^^^^^^^^^^^^^
  File "/workspace/jit-reflex/scripts/c1e2_run.py", line 245, in run_batch
    chunks, js = brain(rows(obs, want), [desc[i] for i in want], nz, j_rows)
                 ^^^^^^^^^^^^^^^^^^^^^^^^^^^^^^^^^^^^^^^^^^^^^^^^^^^^^^^^^^^
  File "/workspace/jit-reflex/scripts/c1e2_run.py", line 182, in brain
    raise AssertionError(f"GJ split path vs stock chunk, env {pos}: max abs {err:.2e} > 1e-3")
AssertionError: GJ split path vs stock chunk, env 2: max abs 1.30e-03 > 1e-3
[info] using task orders [0, 1, 2, 3, 4, 5, 6, 7, 8, 9]
[info] using task orders [0, 1, 2, 3, 4, 5, 6, 7, 8, 9]
[info] using task orders [0, 1, 2, 3, 4, 5, 6, 7, 8, 9]
[info] using task orders [0, 1, 2, 3, 4, 5, 6, 7, 8, 9]
[info] using task orders [0, 1, 2, 3, 4, 5, 6, 7, 8, 9]
[info] using task orders [0, 1, 2, 3, 4, 5, 6, 7, 8, 9]
[info] using task orders [0, 1, 2, 3, 4, 5, 6, 7, 8, 9]
[info] using task orders [0, 1, 2, 3, 4, 5, 6, 7, 8, 9]
[info] using task orders [0, 1, 2, 3, 4, 5, 6, 7, 8, 9]
[info] using task orders [0, 1, 2, 3, 4, 5, 6, 7, 8, 9]
Local assets not found. Downloading from HuggingFace Hub...
Assets already downloaded at /root/.cache/libero/assets
Local assets not found. Downloading from HuggingFace Hub...
Assets already downloaded at /root/.cache/libero/assets
Local assets not found. Downloading from HuggingFace Hub...
Assets already downloaded at /root/.cache/libero/assets
Local assets not found. Downloading from HuggingFace Hub...
Assets already downloaded at /root/.cache/libero/assets
84/104 episodes, 57.46 s/episode, eta 0.32 h
[17:30:36] pass 2 (5 failed batches in pass 1, exit 0): --kinds step --cells A --methods GJ --inits 0-3 --n-envs 4 --t-ramp 5 --k-p 1.0 --out results/c1-e2/grid.jsonl 
[robosuite WARNING] No private macro file found! (__init__.py:7)
WARNING:robosuite_logs:No private macro file found!
[robosuite WARNING] It is recommended to use a private macro file (__init__.py:8)
WARNING:robosuite_logs:It is recommended to use a private macro file
[robosuite WARNING] To setup, run: python /workspace/jit-reflex/venv/lib/python3.12/site-packages/robosuite/scripts/setup_macros.py (__init__.py:9)
WARNING:robosuite_logs:To setup, run: python /workspace/jit-reflex/venv/lib/python3.12/site-packages/robosuite/scripts/setup_macros.py
Warning: You are sending unauthenticated requests to the HF Hub. Please set a HF_TOKEN to enable higher rate limits and faster downloads.
WARNING:huggingface_hub.utils._http:Warning: You are sending unauthenticated requests to the HF Hub. Please set a HF_TOKEN to enable higher rate limits and faster downloads.
20 episodes to run
[info] using task orders [0, 1, 2, 3, 4, 5, 6, 7, 8, 9]
/usr/lib/python3.12/multiprocessing/popen_fork.py:66: DeprecationWarning: This process (pid=201454) is multi-threaded, use of fork() may lead to deadlocks in the child.
  self.pid = os.fork()
[info] using task orders [0, 1, 2, 3, 4, 5, 6, 7, 8, 9]
[info] using task orders [0, 1, 2, 3, 4, 5, 6, 7, 8, 9]
[info] using task orders [0, 1, 2, 3, 4, 5, 6, 7, 8, 9]
[info] using task orders [0, 1, 2, 3, 4, 5, 6, 7, 8, 9]
Local assets not found. Downloading from HuggingFace Hub...
Assets already downloaded at /root/.cache/libero/assets
Local assets not found. Downloading from HuggingFace Hub...Local assets not found. Downloading from HuggingFace Hub...

Assets already downloaded at /root/.cache/libero/assets
Assets already downloaded at /root/.cache/libero/assets
Local assets not found. Downloading from HuggingFace Hub...
Assets already downloaded at /root/.cache/libero/assets
/workspace/jit-reflex/venv/lib/python3.12/site-packages/torch/jit/_script.py:1488: DeprecationWarning: `torch.jit.script` is deprecated. Please switch to `torch.compile` or `torch.export`.
  warnings.warn(
FAILED libero_spatial:1 A,step [0:4]: AssertionError('GJ split path vs stock chunk, env 1: max abs 1.32e-03 > 1e-3')
Traceback (most recent call last):
  File "/workspace/jit-reflex/scripts/c1e2_run.py", line 322, in <module>
    recs = run_batch(vec, group[j: j + args.n_envs])
           ^^^^^^^^^^^^^^^^^^^^^^^^^^^^^^^^^^^^^^^^^
  File "/workspace/jit-reflex/scripts/c1e2_run.py", line 245, in run_batch
    chunks, js = brain(rows(obs, want), [desc[i] for i in want], nz, j_rows)
                 ^^^^^^^^^^^^^^^^^^^^^^^^^^^^^^^^^^^^^^^^^^^^^^^^^^^^^^^^^^^
  File "/workspace/jit-reflex/scripts/c1e2_run.py", line 182, in brain
    raise AssertionError(f"GJ split path vs stock chunk, env {pos}: max abs {err:.2e} > 1e-3")
AssertionError: GJ split path vs stock chunk, env 1: max abs 1.32e-03 > 1e-3
[info] using task orders [0, 1, 2, 3, 4, 5, 6, 7, 8, 9]
[info] using task orders [0, 1, 2, 3, 4, 5, 6, 7, 8, 9]
[info] using task orders [0, 1, 2, 3, 4, 5, 6, 7, 8, 9]
[info] using task orders [0, 1, 2, 3, 4, 5, 6, 7, 8, 9]
[info] using task orders [0, 1, 2, 3, 4, 5, 6, 7, 8, 9]
[info] using task orders [0, 1, 2, 3, 4, 5, 6, 7, 8, 9]
[info] using task orders [0, 1, 2, 3, 4, 5, 6, 7, 8, 9]
[info] using task orders [0, 1, 2, 3, 4, 5, 6, 7, 8, 9]
[info] using task orders [0, 1, 2, 3, 4, 5, 6, 7, 8, 9]
[info] using task orders [0, 1, 2, 3, 4, 5, 6, 7, 8, 9]
Local assets not found. Downloading from HuggingFace Hub...
Assets already downloaded at /root/.cache/libero/assets
Local assets not found. Downloading from HuggingFace Hub...
Assets already downloaded at /root/.cache/libero/assets
Local assets not found. Downloading from HuggingFace Hub...
Assets already downloaded at /root/.cache/libero/assets
Local assets not found. Downloading from HuggingFace Hub...
Assets already downloaded at /root/.cache/libero/assets
FAILED libero_spatial:3 A,step [0:4]: AssertionError('GJ split path vs stock chunk, env 1: max abs 1.15e-03 > 1e-3')
Traceback (most recent call last):
  File "/workspace/jit-reflex/scripts/c1e2_run.py", line 322, in <module>
    recs = run_batch(vec, group[j: j + args.n_envs])
           ^^^^^^^^^^^^^^^^^^^^^^^^^^^^^^^^^^^^^^^^^
  File "/workspace/jit-reflex/scripts/c1e2_run.py", line 245, in run_batch
    chunks, js = brain(rows(obs, want), [desc[i] for i in want], nz, j_rows)
                 ^^^^^^^^^^^^^^^^^^^^^^^^^^^^^^^^^^^^^^^^^^^^^^^^^^^^^^^^^^^
  File "/workspace/jit-reflex/scripts/c1e2_run.py", line 182, in brain
    raise AssertionError(f"GJ split path vs stock chunk, env {pos}: max abs {err:.2e} > 1e-3")
AssertionError: GJ split path vs stock chunk, env 1: max abs 1.15e-03 > 1e-3
[info] using task orders [0, 1, 2, 3, 4, 5, 6, 7, 8, 9]
[info] using task orders [0, 1, 2, 3, 4, 5, 6, 7, 8, 9]
[info] using task orders [0, 1, 2, 3, 4, 5, 6, 7, 8, 9]
[info] using task orders [0, 1, 2, 3, 4, 5, 6, 7, 8, 9]
[info] using task orders [0, 1, 2, 3, 4, 5, 6, 7, 8, 9]
[info] using task orders [0, 1, 2, 3, 4, 5, 6, 7, 8, 9]
[info] using task orders [0, 1, 2, 3, 4, 5, 6, 7, 8, 9]
[info] using task orders [0, 1, 2, 3, 4, 5, 6, 7, 8, 9]
[info] using task orders [0, 1, 2, 3, 4, 5, 6, 7, 8, 9]
[info] using task orders [0, 1, 2, 3, 4, 5, 6, 7, 8, 9]
Local assets not found. Downloading from HuggingFace Hub...
Assets already downloaded at /root/.cache/libero/assets
Local assets not found. Downloading from HuggingFace Hub...
Assets already downloaded at /root/.cache/libero/assets
Local assets not found. Downloading from HuggingFace Hub...
Assets already downloaded at /root/.cache/libero/assets
Local assets not found. Downloading from HuggingFace Hub...
Assets already downloaded at /root/.cache/libero/assets
FAILED libero_spatial:8 A,step [0:4]: AssertionError('GJ split path vs stock chunk, env 0: max abs 2.17e-03 > 1e-3')
Traceback (most recent call last):
  File "/workspace/jit-reflex/scripts/c1e2_run.py", line 322, in <module>
    recs = run_batch(vec, group[j: j + args.n_envs])
           ^^^^^^^^^^^^^^^^^^^^^^^^^^^^^^^^^^^^^^^^^
  File "/workspace/jit-reflex/scripts/c1e2_run.py", line 245, in run_batch
    chunks, js = brain(rows(obs, want), [desc[i] for i in want], nz, j_rows)
                 ^^^^^^^^^^^^^^^^^^^^^^^^^^^^^^^^^^^^^^^^^^^^^^^^^^^^^^^^^^^
  File "/workspace/jit-reflex/scripts/c1e2_run.py", line 182, in brain
    raise AssertionError(f"GJ split path vs stock chunk, env {pos}: max abs {err:.2e} > 1e-3")
AssertionError: GJ split path vs stock chunk, env 0: max abs 2.17e-03 > 1e-3
[info] using task orders [0, 1, 2, 3, 4, 5, 6, 7, 8, 9]
[info] using task orders [0, 1, 2, 3, 4, 5, 6, 7, 8, 9]
[info] using task orders [0, 1, 2, 3, 4, 5, 6, 7, 8, 9]
[info] using task orders [0, 1, 2, 3, 4, 5, 6, 7, 8, 9]
[info] using task orders [0, 1, 2, 3, 4, 5, 6, 7, 8, 9]
[info] using task orders [0, 1, 2, 3, 4, 5, 6, 7, 8, 9]
[info] using task orders [0, 1, 2, 3, 4, 5, 6, 7, 8, 9]
[info] using task orders [0, 1, 2, 3, 4, 5, 6, 7, 8, 9]
[info] using task orders [0, 1, 2, 3, 4, 5, 6, 7, 8, 9]
[info] using task orders [0, 1, 2, 3, 4, 5, 6, 7, 8, 9]
Local assets not found. Downloading from HuggingFace Hub...
Assets already downloaded at /root/.cache/libero/assets
Local assets not found. Downloading from HuggingFace Hub...
Local assets not found. Downloading from HuggingFace Hub...
Assets already downloaded at /root/.cache/libero/assets
Assets already downloaded at /root/.cache/libero/assets
Local assets not found. Downloading from HuggingFace Hub...
Assets already downloaded at /root/.cache/libero/assets
FAILED libero_goal:1 A,step [0:4]: AssertionError('GJ split path vs stock chunk, env 2: max abs 2.12e-03 > 1e-3')
Traceback (most recent call last):
  File "/workspace/jit-reflex/scripts/c1e2_run.py", line 322, in <module>
    recs = run_batch(vec, group[j: j + args.n_envs])
           ^^^^^^^^^^^^^^^^^^^^^^^^^^^^^^^^^^^^^^^^^
  File "/workspace/jit-reflex/scripts/c1e2_run.py", line 245, in run_batch
    chunks, js = brain(rows(obs, want), [desc[i] for i in want], nz, j_rows)
                 ^^^^^^^^^^^^^^^^^^^^^^^^^^^^^^^^^^^^^^^^^^^^^^^^^^^^^^^^^^^
  File "/workspace/jit-reflex/scripts/c1e2_run.py", line 182, in brain
    raise AssertionError(f"GJ split path vs stock chunk, env {pos}: max abs {err:.2e} > 1e-3")
AssertionError: GJ split path vs stock chunk, env 2: max abs 2.12e-03 > 1e-3
[info] using task orders [0, 1, 2, 3, 4, 5, 6, 7, 8, 9]
[info] using task orders [0, 1, 2, 3, 4, 5, 6, 7, 8, 9]
[info] using task orders [0, 1, 2, 3, 4, 5, 6, 7, 8, 9]
[info] using task orders [0, 1, 2, 3, 4, 5, 6, 7, 8, 9]
[info] using task orders [0, 1, 2, 3, 4, 5, 6, 7, 8, 9]
[info] using task orders [0, 1, 2, 3, 4, 5, 6, 7, 8, 9]
[info] using task orders [0, 1, 2, 3, 4, 5, 6, 7, 8, 9]
[info] using task orders [0, 1, 2, 3, 4, 5, 6, 7, 8, 9]
[info] using task orders [0, 1, 2, 3, 4, 5, 6, 7, 8, 9]
[info] using task orders [0, 1, 2, 3, 4, 5, 6, 7, 8, 9]
Local assets not found. Downloading from HuggingFace Hub...
Assets already downloaded at /root/.cache/libero/assets
Local assets not found. Downloading from HuggingFace Hub...
Local assets not found. Downloading from HuggingFace Hub...
Assets already downloaded at /root/.cache/libero/assets
Assets already downloaded at /root/.cache/libero/assets
Local assets not found. Downloading from HuggingFace Hub...
Assets already downloaded at /root/.cache/libero/assets
FAILED libero_goal:8 A,step [0:4]: AssertionError('GJ split path vs stock chunk, env 2: max abs 1.30e-03 > 1e-3')
Traceback (most recent call last):
  File "/workspace/jit-reflex/scripts/c1e2_run.py", line 322, in <module>
    recs = run_batch(vec, group[j: j + args.n_envs])
           ^^^^^^^^^^^^^^^^^^^^^^^^^^^^^^^^^^^^^^^^^
  File "/workspace/jit-reflex/scripts/c1e2_run.py", line 245, in run_batch
    chunks, js = brain(rows(obs, want), [desc[i] for i in want], nz, j_rows)
                 ^^^^^^^^^^^^^^^^^^^^^^^^^^^^^^^^^^^^^^^^^^^^^^^^^^^^^^^^^^^
  File "/workspace/jit-reflex/scripts/c1e2_run.py", line 182, in brain
    raise AssertionError(f"GJ split path vs stock chunk, env {pos}: max abs {err:.2e} > 1e-3")
AssertionError: GJ split path vs stock chunk, env 2: max abs 1.30e-03 > 1e-3
[info] using task orders [0, 1, 2, 3, 4, 5, 6, 7, 8, 9]
[info] using task orders [0, 1, 2, 3, 4, 5, 6, 7, 8, 9]
[info] using task orders [0, 1, 2, 3, 4, 5, 6, 7, 8, 9]
[info] using task orders [0, 1, 2, 3, 4, 5, 6, 7, 8, 9]
[info] using task orders [0, 1, 2, 3, 4, 5, 6, 7, 8, 9]
