[15:54:59] phase smolvla, lane b, id 7b (1560 episodes): --brain smolvla --kinds step --cells A --methods Gk0,Gauto --inits 0-29
[15:54:59] pass 1: --brain smolvla --kinds step --cells A --methods Gk0,Gauto --inits 0-29 --precision fp32 --n-envs 10 --kbar 0.0315 --t-ramp 5 --k-p 1.0 --tau-k 0.039517 --out results/c1-e4/pod/grid_smolvla_b.jsonl
[robosuite WARNING] No private macro file found! (__init__.py:7)
WARNING:robosuite_logs:No private macro file found!
[robosuite WARNING] It is recommended to use a private macro file (__init__.py:8)
WARNING:robosuite_logs:It is recommended to use a private macro file
[robosuite WARNING] To setup, run: python /workspace/jit-reflex/venv/lib/python3.12/site-packages/robosuite/scripts/setup_macros.py (__init__.py:9)
WARNING:robosuite_logs:To setup, run: python /workspace/jit-reflex/venv/lib/python3.12/site-packages/robosuite/scripts/setup_macros.py
1560 episodes to run
Fetching 8 files:   0%|          | 0/8 [00:00<?, ?it/s]Fetching 8 files: 100%|██████████| 8/8 [00:00<00:00, 541.49it/s]
Loading weights from local directory
[info] using task orders [0, 1, 2, 3, 4, 5, 6, 7, 8, 9]
/usr/lib/python3.12/multiprocessing/popen_fork.py:66: DeprecationWarning: This process (pid=195867) is multi-threaded, use of fork() may lead to deadlocks in the child.
  self.pid = os.fork()
[info] using task orders [0, 1, 2, 3, 4, 5, 6, 7, 8, 9]
[info] using task orders [0, 1, 2, 3, 4, 5, 6, 7, 8, 9]
[info] using task orders [0, 1, 2, 3, 4, 5, 6, 7, 8, 9]
[info] using task orders [0, 1, 2, 3, 4, 5, 6, 7, 8, 9]
[info] using task orders [0, 1, 2, 3, 4, 5, 6, 7, 8, 9]
[info] using task orders [0, 1, 2, 3, 4, 5, 6, 7, 8, 9]
[info] using task orders [0, 1, 2, 3, 4, 5, 6, 7, 8, 9]
[info] using task orders [0, 1, 2, 3, 4, 5, 6, 7, 8, 9]
[info] using task orders [0, 1, 2, 3, 4, 5, 6, 7, 8, 9]
[info] using task orders [0, 1, 2, 3, 4, 5, 6, 7, 8, 9]
Local assets not found. Downloading from HuggingFace Hub...
Assets already downloaded at /root/.cache/libero/assets
Local assets not found. Downloading from HuggingFace Hub...Local assets not found. Downloading from HuggingFace Hub...Local assets not found. Downloading from HuggingFace Hub...


Assets already downloaded at /root/.cache/libero/assetsAssets already downloaded at /root/.cache/libero/assetsAssets already downloaded at /root/.cache/libero/assets


Local assets not found. Downloading from HuggingFace Hub...
Assets already downloaded at /root/.cache/libero/assets
Local assets not found. Downloading from HuggingFace Hub...
Assets already downloaded at /root/.cache/libero/assets
Local assets not found. Downloading from HuggingFace Hub...
Local assets not found. Downloading from HuggingFace Hub...
Assets already downloaded at /root/.cache/libero/assets
Assets already downloaded at /root/.cache/libero/assets
Local assets not found. Downloading from HuggingFace Hub...
Assets already downloaded at /root/.cache/libero/assets
Local assets not found. Downloading from HuggingFace Hub...
Assets already downloaded at /root/.cache/libero/assets
batch libero_spatial:0 A,step real=10/10 62.8 s brain 18.8 s 28 calls 182 rows
10/1560 episodes, 6.35 s/episode, eta 2.73 h
batch libero_spatial:0 A,step real=10/10 40.4 s brain 18.7 s 28 calls 200 rows
20/1560 episodes, 5.19 s/episode, eta 2.22 h
batch libero_spatial:0 A,step real=10/10 51.5 s brain 21.0 s 28 calls 180 rows
30/1560 episodes, 5.18 s/episode, eta 2.20 h
batch libero_spatial:0 A,step real=10/10 42.5 s brain 18.4 s 28 calls 180 rows
40/1560 episodes, 4.95 s/episode, eta 2.09 h
batch libero_spatial:0 A,step real=10/10 51.4 s brain 21.8 s 28 calls 180 rows
50/1560 episodes, 4.98 s/episode, eta 2.09 h
batch libero_spatial:0 A,step real=10/10 44.3 s brain 21.5 s 28 calls 181 rows
60/1560 episodes, 4.89 s/episode, eta 2.04 h
[info] using task orders [0, 1, 2, 3, 4, 5, 6, 7, 8, 9]
[info] using task orders [0, 1, 2, 3, 4, 5, 6, 7, 8, 9]
[info] using task orders [0, 1, 2, 3, 4, 5, 6, 7, 8, 9]
[info] using task orders [0, 1, 2, 3, 4, 5, 6, 7, 8, 9]
[info] using task orders [0, 1, 2, 3, 4, 5, 6, 7, 8, 9]
[info] using task orders [0, 1, 2, 3, 4, 5, 6, 7, 8, 9]
[info] using task orders [0, 1, 2, 3, 4, 5, 6, 7, 8, 9]
[info] using task orders [0, 1, 2, 3, 4, 5, 6, 7, 8, 9]
[info] using task orders [0, 1, 2, 3, 4, 5, 6, 7, 8, 9]
[info] using task orders [0, 1, 2, 3, 4, 5, 6, 7, 8, 9]
[info] using task orders [0, 1, 2, 3, 4, 5, 6, 7, 8, 9]
Local assets not found. Downloading from HuggingFace Hub...Local assets not found. Downloading from HuggingFace Hub...

Assets already downloaded at /root/.cache/libero/assetsAssets already downloaded at /root/.cache/libero/assets

Local assets not found. Downloading from HuggingFace Hub...
Assets already downloaded at /root/.cache/libero/assets
Local assets not found. Downloading from HuggingFace Hub...
Assets already downloaded at /root/.cache/libero/assets
Local assets not found. Downloading from HuggingFace Hub...
Local assets not found. Downloading from HuggingFace Hub...
Assets already downloaded at /root/.cache/libero/assetsAssets already downloaded at /root/.cache/libero/assets

Local assets not found. Downloading from HuggingFace Hub...
Assets already downloaded at /root/.cache/libero/assets
Local assets not found. Downloading from HuggingFace Hub...
Local assets not found. Downloading from HuggingFace Hub...
Assets already downloaded at /root/.cache/libero/assets
Assets already downloaded at /root/.cache/libero/assets
Local assets not found. Downloading from HuggingFace Hub...
Assets already downloaded at /root/.cache/libero/assets
batch libero_spatial:1 A,step real=10/10 52.8 s brain 17.6 s 28 calls 137 rows
70/1560 episodes, 4.99 s/episode, eta 2.07 h
batch libero_spatial:1 A,step real=10/10 42.5 s brain 20.6 s 28 calls 208 rows
80/1560 episodes, 4.90 s/episode, eta 2.01 h
FAILED libero_spatial:1 A,step [20:30]: EOFError()
Traceback (most recent call last):
  File "/workspace/jit-reflex/scripts/c1e4_run.py", line 369, in <module>
    recs = run_batch(vec, group[j: j + args.n_envs])
           ^^^^^^^^^^^^^^^^^^^^^^^^^^^^^^^^^^^^^^^^^
  File "/workspace/jit-reflex/scripts/c1e4_run.py", line 220, in run_batch
    obs, info = vec.reset(seed=[0] * n)
                ^^^^^^^^^^^^^^^^^^^^^^^
  File "/workspace/jit-reflex/venv/lib/python3.12/site-packages/gymnasium/vector/async_vector_env.py", line 266, in reset
    return self.reset_wait()
           ^^^^^^^^^^^^^^^^^
  File "/workspace/jit-reflex/venv/lib/python3.12/site-packages/gymnasium/vector/async_vector_env.py", line 364, in reset_wait
    *[pipe.recv() for pipe in self.parent_pipes], strict=True
      ^^^^^^^^^^^
  File "/usr/lib/python3.12/multiprocessing/connection.py", line 250, in recv
    buf = self._recv_bytes()
          ^^^^^^^^^^^^^^^^^^
  File "/usr/lib/python3.12/multiprocessing/connection.py", line 430, in _recv_bytes
    buf = self._recv(4)
          ^^^^^^^^^^^^^
  File "/usr/lib/python3.12/multiprocessing/connection.py", line 399, in _recv
    raise EOFError
EOFError
/workspace/jit-reflex/venv/lib/python3.12/site-packages/gymnasium/vector/async_vector_env.py:615: UserWarning: [33mWARN: Calling `close` while waiting for a pending call to `reset` to complete.[0m
  logger.warn(
[info] using task orders [0, 1, 2, 3, 4, 5, 6, 7, 8, 9]
[info] using task orders [0, 1, 2, 3, 4, 5, 6, 7, 8, 9]
[info] using task orders [0, 1, 2, 3, 4, 5, 6, 7, 8, 9]
[info] using task orders [0, 1, 2, 3, 4, 5, 6, 7, 8, 9]
[info] using task orders [0, 1, 2, 3, 4, 5, 6, 7, 8, 9]
[info] using task orders [0, 1, 2, 3, 4, 5, 6, 7, 8, 9]
[info] using task orders [0, 1, 2, 3, 4, 5, 6, 7, 8, 9]
[info] using task orders [0, 1, 2, 3, 4, 5, 6, 7, 8, 9]
[info] using task orders [0, 1, 2, 3, 4, 5, 6, 7, 8, 9]
[info] using task orders [0, 1, 2, 3, 4, 5, 6, 7, 8, 9]
[info] using task orders [0, 1, 2, 3, 4, 5, 6, 7, 8, 9]
Local assets not found. Downloading from HuggingFace Hub...
Local assets not found. Downloading from HuggingFace Hub...Local assets not found. Downloading from HuggingFace Hub...

Local assets not found. Downloading from HuggingFace Hub...
Assets already downloaded at /root/.cache/libero/assets
Assets already downloaded at /root/.cache/libero/assetsAssets already downloaded at /root/.cache/libero/assets

Assets already downloaded at /root/.cache/libero/assets
Local assets not found. Downloading from HuggingFace Hub...
Assets already downloaded at /root/.cache/libero/assets
Local assets not found. Downloading from HuggingFace Hub...
Local assets not found. Downloading from HuggingFace Hub...
Assets already downloaded at /root/.cache/libero/assets
Assets already downloaded at /root/.cache/libero/assets
Local assets not found. Downloading from HuggingFace Hub...
Assets already downloaded at /root/.cache/libero/assets
Local assets not found. Downloading from HuggingFace Hub...
Local assets not found. Downloading from HuggingFace Hub...
Assets already downloaded at /root/.cache/libero/assets
Assets already downloaded at /root/.cache/libero/assets
batch libero_spatial:1 A,step real=10/10 53.5 s brain 17.5 s 28 calls 136 rows
90/1560 episodes, 5.03 s/episode, eta 2.06 h
batch libero_spatial:1 A,step real=10/10 41.1 s brain 21.4 s 28 calls 208 rows
100/1560 episodes, 4.94 s/episode, eta 2.00 h
FAILED libero_spatial:1 A,step [50:60]: EOFError()
Traceback (most recent call last):
  File "/workspace/jit-reflex/scripts/c1e4_run.py", line 369, in <module>
    recs = run_batch(vec, group[j: j + args.n_envs])
           ^^^^^^^^^^^^^^^^^^^^^^^^^^^^^^^^^^^^^^^^^
  File "/workspace/jit-reflex/scripts/c1e4_run.py", line 220, in run_batch
    obs, info = vec.reset(seed=[0] * n)
                ^^^^^^^^^^^^^^^^^^^^^^^
  File "/workspace/jit-reflex/venv/lib/python3.12/site-packages/gymnasium/vector/async_vector_env.py", line 266, in reset
    return self.reset_wait()
           ^^^^^^^^^^^^^^^^^
  File "/workspace/jit-reflex/venv/lib/python3.12/site-packages/gymnasium/vector/async_vector_env.py", line 364, in reset_wait
    *[pipe.recv() for pipe in self.parent_pipes], strict=True
      ^^^^^^^^^^^
  File "/usr/lib/python3.12/multiprocessing/connection.py", line 250, in recv
    buf = self._recv_bytes()
          ^^^^^^^^^^^^^^^^^^
  File "/usr/lib/python3.12/multiprocessing/connection.py", line 430, in _recv_bytes
    buf = self._recv(4)
          ^^^^^^^^^^^^^
  File "/usr/lib/python3.12/multiprocessing/connection.py", line 399, in _recv
    raise EOFError
EOFError
[info] using task orders [0, 1, 2, 3, 4, 5, 6, 7, 8, 9]
[info] using task orders [0, 1, 2, 3, 4, 5, 6, 7, 8, 9]
[info] using task orders [0, 1, 2, 3, 4, 5, 6, 7, 8, 9]
[info] using task orders [0, 1, 2, 3, 4, 5, 6, 7, 8, 9]
[info] using task orders [0, 1, 2, 3, 4, 5, 6, 7, 8, 9]
[info] using task orders [0, 1, 2, 3, 4, 5, 6, 7, 8, 9]
[info] using task orders [0, 1, 2, 3, 4, 5, 6, 7, 8, 9]
[info] using task orders [0, 1, 2, 3, 4, 5, 6, 7, 8, 9]
[info] using task orders [0, 1, 2, 3, 4, 5, 6, 7, 8, 9]
[info] using task orders [0, 1, 2, 3, 4, 5, 6, 7, 8, 9]
[info] using task orders [0, 1, 2, 3, 4, 5, 6, 7, 8, 9]
[info] using task orders [0, 1, 2, 3, 4, 5, 6, 7, 8, 9]
[info] using task orders [0, 1, 2, 3, 4, 5, 6, 7, 8, 9]
[info] using task orders [0, 1, 2, 3, 4, 5, 6, 7, 8, 9]
[info] using task orders [0, 1, 2, 3, 4, 5, 6, 7, 8, 9]
[info] using task orders [0, 1, 2, 3, 4, 5, 6, 7, 8, 9]
[info] using task orders [0, 1, 2, 3, 4, 5, 6, 7, 8, 9]
[info] using task orders [0, 1, 2, 3, 4, 5, 6, 7, 8, 9]
[info] using task orders [0, 1, 2, 3, 4, 5, 6, 7, 8, 9]
[info] using task orders [0, 1, 2, 3, 4, 5, 6, 7, 8, 9]
[info] using task orders [0, 1, 2, 3, 4, 5, 6, 7, 8, 9]
[info] using task orders [0, 1, 2, 3, 4, 5, 6, 7, 8, 9]
Local assets not found. Downloading from HuggingFace Hub...Local assets not found. Downloading from HuggingFace Hub...Local assets not found. Downloading from HuggingFace Hub...


Local assets not found. Downloading from HuggingFace Hub...Local assets not found. Downloading from HuggingFace Hub...

Local assets not found. Downloading from HuggingFace Hub...
Assets already downloaded at /root/.cache/libero/assets
Assets already downloaded at /root/.cache/libero/assets
Assets already downloaded at /root/.cache/libero/assets
Assets already downloaded at /root/.cache/libero/assetsAssets already downloaded at /root/.cache/libero/assetsAssets already downloaded at /root/.cache/libero/assets


Local assets not found. Downloading from HuggingFace Hub...Local assets not found. Downloading from HuggingFace Hub...

Local assets not found. Downloading from HuggingFace Hub...Local assets not found. Downloading from HuggingFace Hub...

Assets already downloaded at /root/.cache/libero/assetsAssets already downloaded at /root/.cache/libero/assets

Assets already downloaded at /root/.cache/libero/assetsAssets already downloaded at /root/.cache/libero/assets

batch libero_spatial:2 A,step real=10/10 50.8 s brain 17.7 s 28 calls 157 rows
110/1560 episodes, 5.03 s/episode, eta 2.03 h
batch libero_spatial:2 A,step real=10/10 38.1 s brain 18.5 s 28 calls 209 rows
120/1560 episodes, 4.93 s/episode, eta 1.97 h
FAILED libero_spatial:2 A,step [20:30]: EOFError()
Traceback (most recent call last):
  File "/workspace/jit-reflex/scripts/c1e4_run.py", line 369, in <module>
    recs = run_batch(vec, group[j: j + args.n_envs])
           ^^^^^^^^^^^^^^^^^^^^^^^^^^^^^^^^^^^^^^^^^
  File "/workspace/jit-reflex/scripts/c1e4_run.py", line 220, in run_batch
    obs, info = vec.reset(seed=[0] * n)
                ^^^^^^^^^^^^^^^^^^^^^^^
  File "/workspace/jit-reflex/venv/lib/python3.12/site-packages/gymnasium/vector/async_vector_env.py", line 266, in reset
    return self.reset_wait()
           ^^^^^^^^^^^^^^^^^
  File "/workspace/jit-reflex/venv/lib/python3.12/site-packages/gymnasium/vector/async_vector_env.py", line 364, in reset_wait
    *[pipe.recv() for pipe in self.parent_pipes], strict=True
      ^^^^^^^^^^^
  File "/usr/lib/python3.12/multiprocessing/connection.py", line 250, in recv
    buf = self._recv_bytes()
          ^^^^^^^^^^^^^^^^^^
  File "/usr/lib/python3.12/multiprocessing/connection.py", line 430, in _recv_bytes
    buf = self._recv(4)
          ^^^^^^^^^^^^^
  File "/usr/lib/python3.12/multiprocessing/connection.py", line 399, in _recv
    raise EOFError
EOFError
[info] using task orders [0, 1, 2, 3, 4, 5, 6, 7, 8, 9]
[info] using task orders [0, 1, 2, 3, 4, 5, 6, 7, 8, 9]
[info] using task orders [0, 1, 2, 3, 4, 5, 6, 7, 8, 9]
[info] using task orders [0, 1, 2, 3, 4, 5, 6, 7, 8, 9]
[info] using task orders [0, 1, 2, 3, 4, 5, 6, 7, 8, 9]
[info] using task orders [0, 1, 2, 3, 4, 5, 6, 7, 8, 9]
[info] using task orders [0, 1, 2, 3, 4, 5, 6, 7, 8, 9]
[info] using task orders [0, 1, 2, 3, 4, 5, 6, 7, 8, 9]
[info] using task orders [0, 1, 2, 3, 4, 5, 6, 7, 8, 9]
[info] using task orders [0, 1, 2, 3, 4, 5, 6, 7, 8, 9]
[info] using task orders [0, 1, 2, 3, 4, 5, 6, 7, 8, 9]
Local assets not found. Downloading from HuggingFace Hub...Local assets not found. Downloading from HuggingFace Hub...Local assets not found. Downloading from HuggingFace Hub...Local assets not found. Downloading from HuggingFace Hub...



Local assets not found. Downloading from HuggingFace Hub...
Assets already downloaded at /root/.cache/libero/assets
Assets already downloaded at /root/.cache/libero/assetsAssets already downloaded at /root/.cache/libero/assets

Assets already downloaded at /root/.cache/libero/assets
Assets already downloaded at /root/.cache/libero/assets
Local assets not found. Downloading from HuggingFace Hub...Local assets not found. Downloading from HuggingFace Hub...

Assets already downloaded at /root/.cache/libero/assetsAssets already downloaded at /root/.cache/libero/assets

Local assets not found. Downloading from HuggingFace Hub...
Assets already downloaded at /root/.cache/libero/assets
Local assets not found. Downloading from HuggingFace Hub...
Local assets not found. Downloading from HuggingFace Hub...
Assets already downloaded at /root/.cache/libero/assets
Assets already downloaded at /root/.cache/libero/assets
batch libero_spatial:2 A,step real=10/10 50.1 s brain 17.8 s 28 calls 170 rows
130/1560 episodes, 5.02 s/episode, eta 1.99 h
batch libero_spatial:2 A,step real=10/10 32.2 s brain 16.2 s 28 calls 209 rows
140/1560 episodes, 4.89 s/episode, eta 1.93 h
batch libero_spatial:2 A,step real=10/10 41.6 s brain 20.0 s 28 calls 154 rows
150/1560 episodes, 4.84 s/episode, eta 1.90 h
[info] using task orders [0, 1, 2, 3, 4, 5, 6, 7, 8, 9]
[info] using task orders [0, 1, 2, 3, 4, 5, 6, 7, 8, 9]
[info] using task orders [0, 1, 2, 3, 4, 5, 6, 7, 8, 9]
[info] using task orders [0, 1, 2, 3, 4, 5, 6, 7, 8, 9]
[info] using task orders [0, 1, 2, 3, 4, 5, 6, 7, 8, 9]
[info] using task orders [0, 1, 2, 3, 4, 5, 6, 7, 8, 9]
[info] using task orders [0, 1, 2, 3, 4, 5, 6, 7, 8, 9]
[info] using task orders [0, 1, 2, 3, 4, 5, 6, 7, 8, 9]
[info] using task orders [0, 1, 2, 3, 4, 5, 6, 7, 8, 9]
[info] using task orders [0, 1, 2, 3, 4, 5, 6, 7, 8, 9]
[info] using task orders [0, 1, 2, 3, 4, 5, 6, 7, 8, 9]
Local assets not found. Downloading from HuggingFace Hub...
Assets already downloaded at /root/.cache/libero/assets
Local assets not found. Downloading from HuggingFace Hub...
Local assets not found. Downloading from HuggingFace Hub...
Assets already downloaded at /root/.cache/libero/assets
Assets already downloaded at /root/.cache/libero/assets
Local assets not found. Downloading from HuggingFace Hub...
Local assets not found. Downloading from HuggingFace Hub...
Assets already downloaded at /root/.cache/libero/assets
Assets already downloaded at /root/.cache/libero/assets
Local assets not found. Downloading from HuggingFace Hub...Local assets not found. Downloading from HuggingFace Hub...

Assets already downloaded at /root/.cache/libero/assetsAssets already downloaded at /root/.cache/libero/assets

Local assets not found. Downloading from HuggingFace Hub...
Assets already downloaded at /root/.cache/libero/assets
Local assets not found. Downloading from HuggingFace Hub...
Assets already downloaded at /root/.cache/libero/assets
Local assets not found. Downloading from HuggingFace Hub...
Assets already downloaded at /root/.cache/libero/assets
batch libero_spatial:3 A,step real=10/10 52.2 s brain 19.3 s 28 calls 221 rows
160/1560 episodes, 4.88 s/episode, eta 1.90 h
batch libero_spatial:3 A,step real=10/10 39.0 s brain 18.7 s 28 calls 166 rows
170/1560 episodes, 4.83 s/episode, eta 1.86 h
FAILED libero_spatial:3 A,step [20:30]: EOFError()
Traceback (most recent call last):
  File "/workspace/jit-reflex/scripts/c1e4_run.py", line 369, in <module>
    recs = run_batch(vec, group[j: j + args.n_envs])
           ^^^^^^^^^^^^^^^^^^^^^^^^^^^^^^^^^^^^^^^^^
  File "/workspace/jit-reflex/scripts/c1e4_run.py", line 220, in run_batch
    obs, info = vec.reset(seed=[0] * n)
                ^^^^^^^^^^^^^^^^^^^^^^^
  File "/workspace/jit-reflex/venv/lib/python3.12/site-packages/gymnasium/vector/async_vector_env.py", line 266, in reset
    return self.reset_wait()
           ^^^^^^^^^^^^^^^^^
  File "/workspace/jit-reflex/venv/lib/python3.12/site-packages/gymnasium/vector/async_vector_env.py", line 364, in reset_wait
    *[pipe.recv() for pipe in self.parent_pipes], strict=True
      ^^^^^^^^^^^
  File "/usr/lib/python3.12/multiprocessing/connection.py", line 250, in recv
    buf = self._recv_bytes()
          ^^^^^^^^^^^^^^^^^^
  File "/usr/lib/python3.12/multiprocessing/connection.py", line 430, in _recv_bytes
    buf = self._recv(4)
          ^^^^^^^^^^^^^
  File "/usr/lib/python3.12/multiprocessing/connection.py", line 399, in _recv
    raise EOFError
EOFError
[info] using task orders [0, 1, 2, 3, 4, 5, 6, 7, 8, 9]
[info] using task orders [0, 1, 2, 3, 4, 5, 6, 7, 8, 9]
[info] using task orders [0, 1, 2, 3, 4, 5, 6, 7, 8, 9]
[info] using task orders [0, 1, 2, 3, 4, 5, 6, 7, 8, 9]
[info] using task orders [0, 1, 2, 3, 4, 5, 6, 7, 8, 9]
[info] using task orders [0, 1, 2, 3, 4, 5, 6, 7, 8, 9]
[info] using task orders [0, 1, 2, 3, 4, 5, 6, 7, 8, 9]
[info] using task orders [0, 1, 2, 3, 4, 5, 6, 7, 8, 9]
[info] using task orders [0, 1, 2, 3, 4, 5, 6, 7, 8, 9]
[info] using task orders [0, 1, 2, 3, 4, 5, 6, 7, 8, 9]
[info] using task orders [0, 1, 2, 3, 4, 5, 6, 7, 8, 9]
Local assets not found. Downloading from HuggingFace Hub...
Local assets not found. Downloading from HuggingFace Hub...
Assets already downloaded at /root/.cache/libero/assets
Assets already downloaded at /root/.cache/libero/assets
Local assets not found. Downloading from HuggingFace Hub...
Assets already downloaded at /root/.cache/libero/assets
Local assets not found. Downloading from HuggingFace Hub...
Local assets not found. Downloading from HuggingFace Hub...
Assets already downloaded at /root/.cache/libero/assets
Local assets not found. Downloading from HuggingFace Hub...
Assets already downloaded at /root/.cache/libero/assets
Assets already downloaded at /root/.cache/libero/assets
Local assets not found. Downloading from HuggingFace Hub...
Assets already downloaded at /root/.cache/libero/assets
Local assets not found. Downloading from HuggingFace Hub...
Assets already downloaded at /root/.cache/libero/assets
Local assets not found. Downloading from HuggingFace Hub...
Assets already downloaded at /root/.cache/libero/assets
Local assets not found. Downloading from HuggingFace Hub...
Assets already downloaded at /root/.cache/libero/assets
FAILED libero_spatial:3 A,step [30:40]: BrokenPipeError(32, 'Broken pipe')
Traceback (most recent call last):
  File "/workspace/jit-reflex/scripts/c1e4_run.py", line 369, in <module>
    recs = run_batch(vec, group[j: j + args.n_envs])
           ^^^^^^^^^^^^^^^^^^^^^^^^^^^^^^^^^^^^^^^^^
  File "/workspace/jit-reflex/scripts/c1e4_run.py", line 287, in run_batch
    obs, _, _, _, info = vec.step(a)
                         ^^^^^^^^^^^
  File "/workspace/jit-reflex/venv/lib/python3.12/site-packages/gymnasium/vector/async_vector_env.py", line 392, in step
    self.step_async(actions)
  File "/workspace/jit-reflex/venv/lib/python3.12/site-packages/gymnasium/vector/async_vector_env.py", line 417, in step_async
    pipe.send(("step", action))
  File "/usr/lib/python3.12/multiprocessing/connection.py", line 206, in send
    self._send_bytes(_ForkingPickler.dumps(obj))
  File "/usr/lib/python3.12/multiprocessing/connection.py", line 427, in _send_bytes
    self._send(header + buf)
  File "/usr/lib/python3.12/multiprocessing/connection.py", line 384, in _send
    n = write(self._handle, buf)
        ^^^^^^^^^^^^^^^^^^^^^^^^
BrokenPipeError: [Errno 32] Broken pipe
ABORT: systematic failure, 5 of 22 batches failed in 3 tasks
!!! runner exited with an error (pass 1)
[16:10:11] pass 2 (5 failed batches in pass 1, exit 1): --brain smolvla --kinds step --cells A --methods Gk0,Gauto --inits 0-29 --precision fp32 --n-envs 10 --kbar 0.0315 --t-ramp 5 --k-p 1.0 --tau-k 0.039517 --out results/c1-e4/pod/grid_smolvla_b.jsonl 
[robosuite WARNING] No private macro file found! (__init__.py:7)
WARNING:robosuite_logs:No private macro file found!
[robosuite WARNING] It is recommended to use a private macro file (__init__.py:8)
WARNING:robosuite_logs:It is recommended to use a private macro file
[robosuite WARNING] To setup, run: python /workspace/jit-reflex/venv/lib/python3.12/site-packages/robosuite/scripts/setup_macros.py (__init__.py:9)
WARNING:robosuite_logs:To setup, run: python /workspace/jit-reflex/venv/lib/python3.12/site-packages/robosuite/scripts/setup_macros.py
1390 episodes to run
Fetching 8 files:   0%|          | 0/8 [00:00<?, ?it/s]Fetching 8 files: 100%|██████████| 8/8 [00:00<00:00, 230.22it/s]
Loading weights from local directory
[info] using task orders [0, 1, 2, 3, 4, 5, 6, 7, 8, 9]
/usr/lib/python3.12/multiprocessing/popen_fork.py:66: DeprecationWarning: This process (pid=198659) is multi-threaded, use of fork() may lead to deadlocks in the child.
  self.pid = os.fork()
[info] using task orders [0, 1, 2, 3, 4, 5, 6, 7, 8, 9]
[info] using task orders [0, 1, 2, 3, 4, 5, 6, 7, 8, 9]
[info] using task orders [0, 1, 2, 3, 4, 5, 6, 7, 8, 9]
[info] using task orders [0, 1, 2, 3, 4, 5, 6, 7, 8, 9]
[info] using task orders [0, 1, 2, 3, 4, 5, 6, 7, 8, 9]
[info] using task orders [0, 1, 2, 3, 4, 5, 6, 7, 8, 9]
[info] using task orders [0, 1, 2, 3, 4, 5, 6, 7, 8, 9]
[info] using task orders [0, 1, 2, 3, 4, 5, 6, 7, 8, 9]
[info] using task orders [0, 1, 2, 3, 4, 5, 6, 7, 8, 9]
[info] using task orders [0, 1, 2, 3, 4, 5, 6, 7, 8, 9]
Local assets not found. Downloading from HuggingFace Hub...Local assets not found. Downloading from HuggingFace Hub...Local assets not found. Downloading from HuggingFace Hub...Local assets not found. Downloading from HuggingFace Hub...



Assets already downloaded at /root/.cache/libero/assets
Assets already downloaded at /root/.cache/libero/assetsAssets already downloaded at /root/.cache/libero/assetsAssets already downloaded at /root/.cache/libero/assets


Local assets not found. Downloading from HuggingFace Hub...
Local assets not found. Downloading from HuggingFace Hub...
Local assets not found. Downloading from HuggingFace Hub...
Assets already downloaded at /root/.cache/libero/assets
Assets already downloaded at /root/.cache/libero/assets
Assets already downloaded at /root/.cache/libero/assets
Local assets not found. Downloading from HuggingFace Hub...
Assets already downloaded at /root/.cache/libero/assets
Local assets not found. Downloading from HuggingFace Hub...
Assets already downloaded at /root/.cache/libero/assets
Local assets not found. Downloading from HuggingFace Hub...
Assets already downloaded at /root/.cache/libero/assets
batch libero_spatial:1 A,step real=10/10 50.1 s brain 17.9 s 28 calls 141 rows
10/1390 episodes, 5.08 s/episode, eta 1.95 h
batch libero_spatial:1 A,step real=10/10 36.9 s brain 16.9 s 28 calls 126 rows
20/1390 episodes, 4.39 s/episode, eta 1.67 h
[info] using task orders [0, 1, 2, 3, 4, 5, 6, 7, 8, 9]
[info] using task orders [0, 1, 2, 3, 4, 5, 6, 7, 8, 9]
[info] using task orders [0, 1, 2, 3, 4, 5, 6, 7, 8, 9]
[info] using task orders [0, 1, 2, 3, 4, 5, 6, 7, 8, 9]
[info] using task orders [0, 1, 2, 3, 4, 5, 6, 7, 8, 9]
[info] using task orders [0, 1, 2, 3, 4, 5, 6, 7, 8, 9]
[info] using task orders [0, 1, 2, 3, 4, 5, 6, 7, 8, 9]
[info] using task orders [0, 1, 2, 3, 4, 5, 6, 7, 8, 9]
[info] using task orders [0, 1, 2, 3, 4, 5, 6, 7, 8, 9]
[info] using task orders [0, 1, 2, 3, 4, 5, 6, 7, 8, 9]
[info] using task orders [0, 1, 2, 3, 4, 5, 6, 7, 8, 9]
Local assets not found. Downloading from HuggingFace Hub...
Local assets not found. Downloading from HuggingFace Hub...
Local assets not found. Downloading from HuggingFace Hub...
Assets already downloaded at /root/.cache/libero/assetsAssets already downloaded at /root/.cache/libero/assets
Assets already downloaded at /root/.cache/libero/assets

Local assets not found. Downloading from HuggingFace Hub...
Assets already downloaded at /root/.cache/libero/assetsLocal assets not found. Downloading from HuggingFace Hub...

Assets already downloaded at /root/.cache/libero/assets
Local assets not found. Downloading from HuggingFace Hub...
Local assets not found. Downloading from HuggingFace Hub...
Local assets not found. Downloading from HuggingFace Hub...Assets already downloaded at /root/.cache/libero/assets

Assets already downloaded at /root/.cache/libero/assets
Assets already downloaded at /root/.cache/libero/assets
Local assets not found. Downloading from HuggingFace Hub...
Assets already downloaded at /root/.cache/libero/assets
Local assets not found. Downloading from HuggingFace Hub...
Assets already downloaded at /root/.cache/libero/assets
batch libero_spatial:2 A,step real=10/10 51.1 s brain 17.0 s 28 calls 137 rows
30/1390 episodes, 4.72 s/episode, eta 1.78 h
[info] using task orders [0, 1, 2, 3, 4, 5, 6, 7, 8, 9]
[info] using task orders [0, 1, 2, 3, 4, 5, 6, 7, 8, 9]
[info] using task orders [0, 1, 2, 3, 4, 5, 6, 7, 8, 9]
[info] using task orders [0, 1, 2, 3, 4, 5, 6, 7, 8, 9]
[info] using task orders [0, 1, 2, 3, 4, 5, 6, 7, 8, 9]
[info] using task orders [0, 1, 2, 3, 4, 5, 6, 7, 8, 9]
[info] using task orders [0, 1, 2, 3, 4, 5, 6, 7, 8, 9]
[info] using task orders [0, 1, 2, 3, 4, 5, 6, 7, 8, 9]
[info] using task orders [0, 1, 2, 3, 4, 5, 6, 7, 8, 9]
[info] using task orders [0, 1, 2, 3, 4, 5, 6, 7, 8, 9]
[info] using task orders [0, 1, 2, 3, 4, 5, 6, 7, 8, 9]
Local assets not found. Downloading from HuggingFace Hub...Local assets not found. Downloading from HuggingFace Hub...

Assets already downloaded at /root/.cache/libero/assets
Assets already downloaded at /root/.cache/libero/assets
Local assets not found. Downloading from HuggingFace Hub...
Local assets not found. Downloading from HuggingFace Hub...
Assets already downloaded at /root/.cache/libero/assets
Assets already downloaded at /root/.cache/libero/assets
Local assets not found. Downloading from HuggingFace Hub...
Assets already downloaded at /root/.cache/libero/assets
Local assets not found. Downloading from HuggingFace Hub...Local assets not found. Downloading from HuggingFace Hub...

Local assets not found. Downloading from HuggingFace Hub...
Assets already downloaded at /root/.cache/libero/assetsAssets already downloaded at /root/.cache/libero/assets

Assets already downloaded at /root/.cache/libero/assets
Local assets not found. Downloading from HuggingFace Hub...
Local assets not found. Downloading from HuggingFace Hub...
Assets already downloaded at /root/.cache/libero/assets
Assets already downloaded at /root/.cache/libero/assets
batch libero_spatial:3 A,step real=10/10 52.0 s brain 18.7 s 28 calls 167 rows
40/1390 episodes, 4.94 s/episode, eta 1.85 h
batch libero_spatial:3 A,step real=10/10 42.3 s brain 20.8 s 28 calls 202 rows
50/1390 episodes, 4.80 s/episode, eta 1.79 h
FAILED libero_spatial:3 A,step [20:30]: EOFError()
Traceback (most recent call last):
  File "/workspace/jit-reflex/scripts/c1e4_run.py", line 369, in <module>
    recs = run_batch(vec, group[j: j + args.n_envs])
           ^^^^^^^^^^^^^^^^^^^^^^^^^^^^^^^^^^^^^^^^^
  File "/workspace/jit-reflex/scripts/c1e4_run.py", line 220, in run_batch
    obs, info = vec.reset(seed=[0] * n)
                ^^^^^^^^^^^^^^^^^^^^^^^
  File "/workspace/jit-reflex/venv/lib/python3.12/site-packages/gymnasium/vector/async_vector_env.py", line 266, in reset
    return self.reset_wait()
           ^^^^^^^^^^^^^^^^^
  File "/workspace/jit-reflex/venv/lib/python3.12/site-packages/gymnasium/vector/async_vector_env.py", line 364, in reset_wait
    *[pipe.recv() for pipe in self.parent_pipes], strict=True
      ^^^^^^^^^^^
  File "/usr/lib/python3.12/multiprocessing/connection.py", line 250, in recv
    buf = self._recv_bytes()
          ^^^^^^^^^^^^^^^^^^
  File "/usr/lib/python3.12/multiprocessing/connection.py", line 430, in _recv_bytes
    buf = self._recv(4)
          ^^^^^^^^^^^^^
  File "/usr/lib/python3.12/multiprocessing/connection.py", line 399, in _recv
    raise EOFError
EOFError
/workspace/jit-reflex/venv/lib/python3.12/site-packages/gymnasium/vector/async_vector_env.py:615: UserWarning: [33mWARN: Calling `close` while waiting for a pending call to `reset` to complete.[0m
  logger.warn(
[info] using task orders [0, 1, 2, 3, 4, 5, 6, 7, 8, 9]
[info] using task orders [0, 1, 2, 3, 4, 5, 6, 7, 8, 9]
[info] using task orders [0, 1, 2, 3, 4, 5, 6, 7, 8, 9]
[info] using task orders [0, 1, 2, 3, 4, 5, 6, 7, 8, 9]
[info] using task orders [0, 1, 2, 3, 4, 5, 6, 7, 8, 9]
[info] using task orders [0, 1, 2, 3, 4, 5, 6, 7, 8, 9]
[info] using task orders [0, 1, 2, 3, 4, 5, 6, 7, 8, 9]
[info] using task orders [0, 1, 2, 3, 4, 5, 6, 7, 8, 9]
[info] using task orders [0, 1, 2, 3, 4, 5, 6, 7, 8, 9]
[info] using task orders [0, 1, 2, 3, 4, 5, 6, 7, 8, 9]
[info] using task orders [0, 1, 2, 3, 4, 5, 6, 7, 8, 9]
Local assets not found. Downloading from HuggingFace Hub...Local assets not found. Downloading from HuggingFace Hub...Local assets not found. Downloading from HuggingFace Hub...Local assets not found. Downloading from HuggingFace Hub...Local assets not found. Downloading from HuggingFace Hub...




Local assets not found. Downloading from HuggingFace Hub...
Assets already downloaded at /root/.cache/libero/assetsAssets already downloaded at /root/.cache/libero/assets

Assets already downloaded at /root/.cache/libero/assetsAssets already downloaded at /root/.cache/libero/assetsAssets already downloaded at /root/.cache/libero/assets


Local assets not found. Downloading from HuggingFace Hub...
Assets already downloaded at /root/.cache/libero/assets
Assets already downloaded at /root/.cache/libero/assets
Local assets not found. Downloading from HuggingFace Hub...
Local assets not found. Downloading from HuggingFace Hub...
Assets already downloaded at /root/.cache/libero/assetsAssets already downloaded at /root/.cache/libero/assets

Local assets not found. Downloading from HuggingFace Hub...
Assets already downloaded at /root/.cache/libero/assets
batch libero_spatial:3 A,step real=10/10 50.3 s brain 18.0 s 28 calls 166 rows
60/1390 episodes, 4.97 s/episode, eta 1.84 h
[info] using task orders [0, 1, 2, 3, 4, 5, 6, 7, 8, 9]
[info] using task orders [0, 1, 2, 3, 4, 5, 6, 7, 8, 9]
[info] using task orders [0, 1, 2, 3, 4, 5, 6, 7, 8, 9]
[info] using task orders [0, 1, 2, 3, 4, 5, 6, 7, 8, 9]
[info] using task orders [0, 1, 2, 3, 4, 5, 6, 7, 8, 9]
[info] using task orders [0, 1, 2, 3, 4, 5, 6, 7, 8, 9]
[info] using task orders [0, 1, 2, 3, 4, 5, 6, 7, 8, 9]
[info] using task orders [0, 1, 2, 3, 4, 5, 6, 7, 8, 9]
[info] using task orders [0, 1, 2, 3, 4, 5, 6, 7, 8, 9]
[info] using task orders [0, 1, 2, 3, 4, 5, 6, 7, 8, 9]
[info] using task orders [0, 1, 2, 3, 4, 5, 6, 7, 8, 9]
Local assets not found. Downloading from HuggingFace Hub...
Assets already downloaded at /root/.cache/libero/assets
Local assets not found. Downloading from HuggingFace Hub...
Local assets not found. Downloading from HuggingFace Hub...
Assets already downloaded at /root/.cache/libero/assets
Assets already downloaded at /root/.cache/libero/assets
Local assets not found. Downloading from HuggingFace Hub...
Assets already downloaded at /root/.cache/libero/assets
Local assets not found. Downloading from HuggingFace Hub...
Assets already downloaded at /root/.cache/libero/assets
Local assets not found. Downloading from HuggingFace Hub...
Assets already downloaded at /root/.cache/libero/assets
Local assets not found. Downloading from HuggingFace Hub...
Assets already downloaded at /root/.cache/libero/assets
Local assets not found. Downloading from HuggingFace Hub...
Local assets not found. Downloading from HuggingFace Hub...
Assets already downloaded at /root/.cache/libero/assetsAssets already downloaded at /root/.cache/libero/assets

Local assets not found. Downloading from HuggingFace Hub...
Assets already downloaded at /root/.cache/libero/assets
FAILED libero_spatial:4 A,step [0:10]: EOFError()
Traceback (most recent call last):
  File "/workspace/jit-reflex/scripts/c1e4_run.py", line 369, in <module>
    recs = run_batch(vec, group[j: j + args.n_envs])
           ^^^^^^^^^^^^^^^^^^^^^^^^^^^^^^^^^^^^^^^^^
  File "/workspace/jit-reflex/scripts/c1e4_run.py", line 220, in run_batch
    obs, info = vec.reset(seed=[0] * n)
                ^^^^^^^^^^^^^^^^^^^^^^^
  File "/workspace/jit-reflex/venv/lib/python3.12/site-packages/gymnasium/vector/async_vector_env.py", line 266, in reset
    return self.reset_wait()
           ^^^^^^^^^^^^^^^^^
  File "/workspace/jit-reflex/venv/lib/python3.12/site-packages/gymnasium/vector/async_vector_env.py", line 364, in reset_wait
    *[pipe.recv() for pipe in self.parent_pipes], strict=True
      ^^^^^^^^^^^
  File "/usr/lib/python3.12/multiprocessing/connection.py", line 250, in recv
    buf = self._recv_bytes()
          ^^^^^^^^^^^^^^^^^^
  File "/usr/lib/python3.12/multiprocessing/connection.py", line 430, in _recv_bytes
    buf = self._recv(4)
          ^^^^^^^^^^^^^
  File "/usr/lib/python3.12/multiprocessing/connection.py", line 399, in _recv
    raise EOFError
EOFError
[info] using task orders [0, 1, 2, 3, 4, 5, 6, 7, 8, 9]
[info] using task orders [0, 1, 2, 3, 4, 5, 6, 7, 8, 9]
[info] using task orders [0, 1, 2, 3, 4, 5, 6, 7, 8, 9]
[info] using task orders [0, 1, 2, 3, 4, 5, 6, 7, 8, 9]
[info] using task orders [0, 1, 2, 3, 4, 5, 6, 7, 8, 9]
[info] using task orders [0, 1, 2, 3, 4, 5, 6, 7, 8, 9]
[info] using task orders [0, 1, 2, 3, 4, 5, 6, 7, 8, 9]
[info] using task orders [0, 1, 2, 3, 4, 5, 6, 7, 8, 9]
[info] using task orders [0, 1, 2, 3, 4, 5, 6, 7, 8, 9]
[info] using task orders [0, 1, 2, 3, 4, 5, 6, 7, 8, 9]
[info] using task orders [0, 1, 2, 3, 4, 5, 6, 7, 8, 9]
Local assets not found. Downloading from HuggingFace Hub...Local assets not found. Downloading from HuggingFace Hub...Local assets not found. Downloading from HuggingFace Hub...Local assets not found. Downloading from HuggingFace Hub...



Assets already downloaded at /root/.cache/libero/assetsAssets already downloaded at /root/.cache/libero/assetsAssets already downloaded at /root/.cache/libero/assets
Assets already downloaded at /root/.cache/libero/assets


Local assets not found. Downloading from HuggingFace Hub...
Assets already downloaded at /root/.cache/libero/assets
Local assets not found. Downloading from HuggingFace Hub...Local assets not found. Downloading from HuggingFace Hub...

Assets already downloaded at /root/.cache/libero/assetsAssets already downloaded at /root/.cache/libero/assets

Local assets not found. Downloading from HuggingFace Hub...
Assets already downloaded at /root/.cache/libero/assets
Local assets not found. Downloading from HuggingFace Hub...
Assets already downloaded at /root/.cache/libero/assets
Local assets not found. Downloading from HuggingFace Hub...
Assets already downloaded at /root/.cache/libero/assets
batch libero_spatial:4 A,step real=10/10 58.8 s brain 22.8 s 28 calls 250 rows
70/1390 episodes, 5.56 s/episode, eta 2.04 h
FAILED libero_spatial:4 A,step [20:30]: EOFError()
Traceback (most recent call last):
  File "/workspace/jit-reflex/scripts/c1e4_run.py", line 369, in <module>
    recs = run_batch(vec, group[j: j + args.n_envs])
           ^^^^^^^^^^^^^^^^^^^^^^^^^^^^^^^^^^^^^^^^^
  File "/workspace/jit-reflex/scripts/c1e4_run.py", line 220, in run_batch
    obs, info = vec.reset(seed=[0] * n)
                ^^^^^^^^^^^^^^^^^^^^^^^
  File "/workspace/jit-reflex/venv/lib/python3.12/site-packages/gymnasium/vector/async_vector_env.py", line 266, in reset
    return self.reset_wait()
           ^^^^^^^^^^^^^^^^^
  File "/workspace/jit-reflex/venv/lib/python3.12/site-packages/gymnasium/vector/async_vector_env.py", line 364, in reset_wait
    *[pipe.recv() for pipe in self.parent_pipes], strict=True
      ^^^^^^^^^^^
  File "/usr/lib/python3.12/multiprocessing/connection.py", line 250, in recv
    buf = self._recv_bytes()
          ^^^^^^^^^^^^^^^^^^
  File "/usr/lib/python3.12/multiprocessing/connection.py", line 430, in _recv_bytes
    buf = self._recv(4)
          ^^^^^^^^^^^^^
  File "/usr/lib/python3.12/multiprocessing/connection.py", line 399, in _recv
    raise EOFError
EOFError
[info] using task orders [0, 1, 2, 3, 4, 5, 6, 7, 8, 9]
[info] using task orders [0, 1, 2, 3, 4, 5, 6, 7, 8, 9]
[info] using task orders [0, 1, 2, 3, 4, 5, 6, 7, 8, 9]
[info] using task orders [0, 1, 2, 3, 4, 5, 6, 7, 8, 9]
[info] using task orders [0, 1, 2, 3, 4, 5, 6, 7, 8, 9]
[info] using task orders [0, 1, 2, 3, 4, 5, 6, 7, 8, 9]
[info] using task orders [0, 1, 2, 3, 4, 5, 6, 7, 8, 9]
[info] using task orders [0, 1, 2, 3, 4, 5, 6, 7, 8, 9]
[info] using task orders [0, 1, 2, 3, 4, 5, 6, 7, 8, 9]
[info] using task orders [0, 1, 2, 3, 4, 5, 6, 7, 8, 9]
[info] using task orders [0, 1, 2, 3, 4, 5, 6, 7, 8, 9]
Local assets not found. Downloading from HuggingFace Hub...Local assets not found. Downloading from HuggingFace Hub...

Assets already downloaded at /root/.cache/libero/assets
Assets already downloaded at /root/.cache/libero/assets
Local assets not found. Downloading from HuggingFace Hub...
Local assets not found. Downloading from HuggingFace Hub...
Assets already downloaded at /root/.cache/libero/assetsAssets already downloaded at /root/.cache/libero/assets

Local assets not found. Downloading from HuggingFace Hub...
Local assets not found. Downloading from HuggingFace Hub...
Assets already downloaded at /root/.cache/libero/assets
Assets already downloaded at /root/.cache/libero/assets
Local assets not found. Downloading from HuggingFace Hub...Local assets not found. Downloading from HuggingFace Hub...

Local assets not found. Downloading from HuggingFace Hub...
Assets already downloaded at /root/.cache/libero/assets
Assets already downloaded at /root/.cache/libero/assets
Assets already downloaded at /root/.cache/libero/assets
Local assets not found. Downloading from HuggingFace Hub...
Assets already downloaded at /root/.cache/libero/assets
FAILED libero_spatial:4 A,step [30:40]: EOFError()
Traceback (most recent call last):
  File "/workspace/jit-reflex/scripts/c1e4_run.py", line 369, in <module>
    recs = run_batch(vec, group[j: j + args.n_envs])
           ^^^^^^^^^^^^^^^^^^^^^^^^^^^^^^^^^^^^^^^^^
  File "/workspace/jit-reflex/scripts/c1e4_run.py", line 220, in run_batch
    obs, info = vec.reset(seed=[0] * n)
                ^^^^^^^^^^^^^^^^^^^^^^^
  File "/workspace/jit-reflex/venv/lib/python3.12/site-packages/gymnasium/vector/async_vector_env.py", line 266, in reset
    return self.reset_wait()
           ^^^^^^^^^^^^^^^^^
  File "/workspace/jit-reflex/venv/lib/python3.12/site-packages/gymnasium/vector/async_vector_env.py", line 364, in reset_wait
    *[pipe.recv() for pipe in self.parent_pipes], strict=True
      ^^^^^^^^^^^
  File "/usr/lib/python3.12/multiprocessing/connection.py", line 250, in recv
    buf = self._recv_bytes()
          ^^^^^^^^^^^^^^^^^^
  File "/usr/lib/python3.12/multiprocessing/connection.py", line 430, in _recv_bytes
    buf = self._recv(4)
          ^^^^^^^^^^^^^
  File "/usr/lib/python3.12/multiprocessing/connection.py", line 399, in _recv
    raise EOFError
EOFError
[info] using task orders [0, 1, 2, 3, 4, 5, 6, 7, 8, 9]
[info] using task orders [0, 1, 2, 3, 4, 5, 6, 7, 8, 9]
[info] using task orders [0, 1, 2, 3, 4, 5, 6, 7, 8, 9]
[info] using task orders [0, 1, 2, 3, 4, 5, 6, 7, 8, 9]
[info] using task orders [0, 1, 2, 3, 4, 5, 6, 7, 8, 9]
[info] using task orders [0, 1, 2, 3, 4, 5, 6, 7, 8, 9]
[info] using task orders [0, 1, 2, 3, 4, 5, 6, 7, 8, 9]
[info] using task orders [0, 1, 2, 3, 4, 5, 6, 7, 8, 9]
[info] using task orders [0, 1, 2, 3, 4, 5, 6, 7, 8, 9]
[info] using task orders [0, 1, 2, 3, 4, 5, 6, 7, 8, 9]
[info] using task orders [0, 1, 2, 3, 4, 5, 6, 7, 8, 9]
Local assets not found. Downloading from HuggingFace Hub...Local assets not found. Downloading from HuggingFace Hub...

Local assets not found. Downloading from HuggingFace Hub...
Assets already downloaded at /root/.cache/libero/assets
Assets already downloaded at /root/.cache/libero/assets
Assets already downloaded at /root/.cache/libero/assets
Local assets not found. Downloading from HuggingFace Hub...
Assets already downloaded at /root/.cache/libero/assets
Local assets not found. Downloading from HuggingFace Hub...
Assets already downloaded at /root/.cache/libero/assets
Local assets not found. Downloading from HuggingFace Hub...
Local assets not found. Downloading from HuggingFace Hub...
Assets already downloaded at /root/.cache/libero/assets
Local assets not found. Downloading from HuggingFace Hub...
Assets already downloaded at /root/.cache/libero/assets
Assets already downloaded at /root/.cache/libero/assets
Local assets not found. Downloading from HuggingFace Hub...
Assets already downloaded at /root/.cache/libero/assets
Local assets not found. Downloading from HuggingFace Hub...
Assets already downloaded at /root/.cache/libero/assets
batch libero_spatial:4 A,step real=10/10 55.9 s brain 21.6 s 28 calls 250 rows
80/1390 episodes, 5.89 s/episode, eta 2.14 h
FAILED libero_spatial:4 A,step [50:60]: EOFError()
Traceback (most recent call last):
  File "/workspace/jit-reflex/scripts/c1e4_run.py", line 369, in <module>
    recs = run_batch(vec, group[j: j + args.n_envs])
           ^^^^^^^^^^^^^^^^^^^^^^^^^^^^^^^^^^^^^^^^^
  File "/workspace/jit-reflex/scripts/c1e4_run.py", line 220, in run_batch
    obs, info = vec.reset(seed=[0] * n)
                ^^^^^^^^^^^^^^^^^^^^^^^
  File "/workspace/jit-reflex/venv/lib/python3.12/site-packages/gymnasium/vector/async_vector_env.py", line 266, in reset
    return self.reset_wait()
           ^^^^^^^^^^^^^^^^^
  File "/workspace/jit-reflex/venv/lib/python3.12/site-packages/gymnasium/vector/async_vector_env.py", line 364, in reset_wait
    *[pipe.recv() for pipe in self.parent_pipes], strict=True
      ^^^^^^^^^^^
  File "/usr/lib/python3.12/multiprocessing/connection.py", line 250, in recv
    buf = self._recv_bytes()
          ^^^^^^^^^^^^^^^^^^
  File "/usr/lib/python3.12/multiprocessing/connection.py", line 430, in _recv_bytes
    buf = self._recv(4)
          ^^^^^^^^^^^^^
  File "/usr/lib/python3.12/multiprocessing/connection.py", line 399, in _recv
    raise EOFError
EOFError
[info] using task orders [0, 1, 2, 3, 4, 5, 6, 7, 8, 9]
[info] using task orders [0, 1, 2, 3, 4, 5, 6, 7, 8, 9]
[info] using task orders [0, 1, 2, 3, 4, 5, 6, 7, 8, 9]
[info] using task orders [0, 1, 2, 3, 4, 5, 6, 7, 8, 9]
[info] using task orders [0, 1, 2, 3, 4, 5, 6, 7, 8, 9]
[info] using task orders [0, 1, 2, 3, 4, 5, 6, 7, 8, 9]
[info] using task orders [0, 1, 2, 3, 4, 5, 6, 7, 8, 9]
[info] using task orders [0, 1, 2, 3, 4, 5, 6, 7, 8, 9]
[info] using task orders [0, 1, 2, 3, 4, 5, 6, 7, 8, 9]
[info] using task orders [0, 1, 2, 3, 4, 5, 6, 7, 8, 9]
[info] using task orders [0, 1, 2, 3, 4, 5, 6, 7, 8, 9]
[info] using task orders [0, 1, 2, 3, 4, 5, 6, 7, 8, 9]
[info] using task orders [0, 1, 2, 3, 4, 5, 6, 7, 8, 9]
[info] using task orders [0, 1, 2, 3, 4, 5, 6, 7, 8, 9]
[info] using task orders [0, 1, 2, 3, 4, 5, 6, 7, 8, 9]
[info] using task orders [0, 1, 2, 3, 4, 5, 6, 7, 8, 9]
[info] using task orders [0, 1, 2, 3, 4, 5, 6, 7, 8, 9]
[info] using task orders [0, 1, 2, 3, 4, 5, 6, 7, 8, 9]
[info] using task orders [0, 1, 2, 3, 4, 5, 6, 7, 8, 9]
[info] using task orders [0, 1, 2, 3, 4, 5, 6, 7, 8, 9]
[info] using task orders [0, 1, 2, 3, 4, 5, 6, 7, 8, 9]
[info] using task orders [0, 1, 2, 3, 4, 5, 6, 7, 8, 9]
Local assets not found. Downloading from HuggingFace Hub...
Assets already downloaded at /root/.cache/libero/assets
Local assets not found. Downloading from HuggingFace Hub...
Assets already downloaded at /root/.cache/libero/assets
Local assets not found. Downloading from HuggingFace Hub...
Assets already downloaded at /root/.cache/libero/assets
Local assets not found. Downloading from HuggingFace Hub...
Assets already downloaded at /root/.cache/libero/assets
Local assets not found. Downloading from HuggingFace Hub...
Assets already downloaded at /root/.cache/libero/assets
Local assets not found. Downloading from HuggingFace Hub...
Local assets not found. Downloading from HuggingFace Hub...
Assets already downloaded at /root/.cache/libero/assets
Assets already downloaded at /root/.cache/libero/assets
Local assets not found. Downloading from HuggingFace Hub...
Local assets not found. Downloading from HuggingFace Hub...Assets already downloaded at /root/.cache/libero/assets

Assets already downloaded at /root/.cache/libero/assets
Local assets not found. Downloading from HuggingFace Hub...
Assets already downloaded at /root/.cache/libero/assets
batch libero_spatial:5 A,step real=10/10 51.8 s brain 18.8 s 28 calls 206 rows
90/1390 episodes, 5.91 s/episode, eta 2.13 h
batch libero_spatial:5 A,step real=10/10 42.5 s brain 21.7 s 28 calls 224 rows
100/1390 episodes, 5.74 s/episode, eta 2.06 h
FAILED libero_spatial:5 A,step [20:30]: EOFError()
Traceback (most recent call last):
  File "/workspace/jit-reflex/scripts/c1e4_run.py", line 369, in <module>
    recs = run_batch(vec, group[j: j + args.n_envs])
           ^^^^^^^^^^^^^^^^^^^^^^^^^^^^^^^^^^^^^^^^^
  File "/workspace/jit-reflex/scripts/c1e4_run.py", line 220, in run_batch
    obs, info = vec.reset(seed=[0] * n)
                ^^^^^^^^^^^^^^^^^^^^^^^
  File "/workspace/jit-reflex/venv/lib/python3.12/site-packages/gymnasium/vector/async_vector_env.py", line 266, in reset
    return self.reset_wait()
           ^^^^^^^^^^^^^^^^^
  File "/workspace/jit-reflex/venv/lib/python3.12/site-packages/gymnasium/vector/async_vector_env.py", line 364, in reset_wait
    *[pipe.recv() for pipe in self.parent_pipes], strict=True
      ^^^^^^^^^^^
  File "/usr/lib/python3.12/multiprocessing/connection.py", line 250, in recv
    buf = self._recv_bytes()
          ^^^^^^^^^^^^^^^^^^
  File "/usr/lib/python3.12/multiprocessing/connection.py", line 430, in _recv_bytes
    buf = self._recv(4)
          ^^^^^^^^^^^^^
  File "/usr/lib/python3.12/multiprocessing/connection.py", line 399, in _recv
    raise EOFError
EOFError
ABORT: systematic failure, 6 of 16 batches failed in 3 tasks
!!! runner exited with an error (pass 2)
[16:20:28] phase smolvla, lane b, id 8 (260 episodes): --brain smolvla --kinds control --cells A --methods none --inits 0-9
[16:20:28] pass 1: --brain smolvla --kinds control --cells A --methods none --inits 0-9 --precision fp32 --n-envs 10 --kbar 0.0315 --t-ramp 5 --k-p 1.0 --tau-k 0.039517 --out results/c1-e4/pod/grid_smolvla_b.jsonl
[robosuite WARNING] No private macro file found! (__init__.py:7)
WARNING:robosuite_logs:No private macro file found!
[robosuite WARNING] It is recommended to use a private macro file (__init__.py:8)
WARNING:robosuite_logs:It is recommended to use a private macro file
[robosuite WARNING] To setup, run: python /workspace/jit-reflex/venv/lib/python3.12/site-packages/robosuite/scripts/setup_macros.py (__init__.py:9)
WARNING:robosuite_logs:To setup, run: python /workspace/jit-reflex/venv/lib/python3.12/site-packages/robosuite/scripts/setup_macros.py
260 episodes to run
Fetching 8 files:   0%|          | 0/8 [00:00<?, ?it/s]Fetching 8 files: 100%|██████████| 8/8 [00:00<00:00, 591.72it/s]
Loading weights from local directory
[info] using task orders [0, 1, 2, 3, 4, 5, 6, 7, 8, 9]
/usr/lib/python3.12/multiprocessing/popen_fork.py:66: DeprecationWarning: This process (pid=200371) is multi-threaded, use of fork() may lead to deadlocks in the child.
  self.pid = os.fork()
[info] using task orders [0, 1, 2, 3, 4, 5, 6, 7, 8, 9]
[info] using task orders [0, 1, 2, 3, 4, 5, 6, 7, 8, 9]
[info] using task orders [0, 1, 2, 3, 4, 5, 6, 7, 8, 9]
[info] using task orders [0, 1, 2, 3, 4, 5, 6, 7, 8, 9]
[info] using task orders [0, 1, 2, 3, 4, 5, 6, 7, 8, 9]
[info] using task orders [0, 1, 2, 3, 4, 5, 6, 7, 8, 9]
[info] using task orders [0, 1, 2, 3, 4, 5, 6, 7, 8, 9]
[info] using task orders [0, 1, 2, 3, 4, 5, 6, 7, 8, 9]
[info] using task orders [0, 1, 2, 3, 4, 5, 6, 7, 8, 9]
[info] using task orders [0, 1, 2, 3, 4, 5, 6, 7, 8, 9]
Local assets not found. Downloading from HuggingFace Hub...
Assets already downloaded at /root/.cache/libero/assets
Local assets not found. Downloading from HuggingFace Hub...
Assets already downloaded at /root/.cache/libero/assets
Local assets not found. Downloading from HuggingFace Hub...Local assets not found. Downloading from HuggingFace Hub...

Assets already downloaded at /root/.cache/libero/assetsAssets already downloaded at /root/.cache/libero/assets

Local assets not found. Downloading from HuggingFace Hub...
Assets already downloaded at /root/.cache/libero/assets
Local assets not found. Downloading from HuggingFace Hub...
Assets already downloaded at /root/.cache/libero/assets
Local assets not found. Downloading from HuggingFace Hub...
Assets already downloaded at /root/.cache/libero/assets
Local assets not found. Downloading from HuggingFace Hub...
Local assets not found. Downloading from HuggingFace Hub...
Assets already downloaded at /root/.cache/libero/assets
Assets already downloaded at /root/.cache/libero/assets
Local assets not found. Downloading from HuggingFace Hub...
Assets already downloaded at /root/.cache/libero/assets
batch libero_spatial:0 A,control real=10/10 52.4 s brain 18.3 s 28 calls 142 rows
10/260 episodes, 5.31 s/episode, eta 0.37 h
[info] using task orders [0, 1, 2, 3, 4, 5, 6, 7, 8, 9]
[info] using task orders [0, 1, 2, 3, 4, 5, 6, 7, 8, 9]
[info] using task orders [0, 1, 2, 3, 4, 5, 6, 7, 8, 9]
[info] using task orders [0, 1, 2, 3, 4, 5, 6, 7, 8, 9]
[info] using task orders [0, 1, 2, 3, 4, 5, 6, 7, 8, 9]
[info] using task orders [0, 1, 2, 3, 4, 5, 6, 7, 8, 9]
[info] using task orders [0, 1, 2, 3, 4, 5, 6, 7, 8, 9]
[info] using task orders [0, 1, 2, 3, 4, 5, 6, 7, 8, 9]
[info] using task orders [0, 1, 2, 3, 4, 5, 6, 7, 8, 9]
[info] using task orders [0, 1, 2, 3, 4, 5, 6, 7, 8, 9]
[info] using task orders [0, 1, 2, 3, 4, 5, 6, 7, 8, 9]
Local assets not found. Downloading from HuggingFace Hub...
Assets already downloaded at /root/.cache/libero/assets
Local assets not found. Downloading from HuggingFace Hub...Local assets not found. Downloading from HuggingFace Hub...Local assets not found. Downloading from HuggingFace Hub...


Local assets not found. Downloading from HuggingFace Hub...
Assets already downloaded at /root/.cache/libero/assetsAssets already downloaded at /root/.cache/libero/assetsAssets already downloaded at /root/.cache/libero/assets


Assets already downloaded at /root/.cache/libero/assets
Local assets not found. Downloading from HuggingFace Hub...Local assets not found. Downloading from HuggingFace Hub...

Assets already downloaded at /root/.cache/libero/assets
Assets already downloaded at /root/.cache/libero/assets
Local assets not found. Downloading from HuggingFace Hub...
Assets already downloaded at /root/.cache/libero/assets
Local assets not found. Downloading from HuggingFace Hub...
Assets already downloaded at /root/.cache/libero/assets
Local assets not found. Downloading from HuggingFace Hub...
Assets already downloaded at /root/.cache/libero/assets
batch libero_spatial:1 A,control real=10/10 55.8 s brain 19.5 s 28 calls 194 rows
20/260 episodes, 5.62 s/episode, eta 0.37 h
[info] using task orders [0, 1, 2, 3, 4, 5, 6, 7, 8, 9]
[info] using task orders [0, 1, 2, 3, 4, 5, 6, 7, 8, 9]
[info] using task orders [0, 1, 2, 3, 4, 5, 6, 7, 8, 9]
[info] using task orders [0, 1, 2, 3, 4, 5, 6, 7, 8, 9]
[info] using task orders [0, 1, 2, 3, 4, 5, 6, 7, 8, 9]
[info] using task orders [0, 1, 2, 3, 4, 5, 6, 7, 8, 9]
[info] using task orders [0, 1, 2, 3, 4, 5, 6, 7, 8, 9]
[info] using task orders [0, 1, 2, 3, 4, 5, 6, 7, 8, 9]
[info] using task orders [0, 1, 2, 3, 4, 5, 6, 7, 8, 9]
[info] using task orders [0, 1, 2, 3, 4, 5, 6, 7, 8, 9]
[info] using task orders [0, 1, 2, 3, 4, 5, 6, 7, 8, 9]
Local assets not found. Downloading from HuggingFace Hub...Local assets not found. Downloading from HuggingFace Hub...Local assets not found. Downloading from HuggingFace Hub...Local assets not found. Downloading from HuggingFace Hub...Local assets not found. Downloading from HuggingFace Hub...




Local assets not found. Downloading from HuggingFace Hub...
Assets already downloaded at /root/.cache/libero/assetsAssets already downloaded at /root/.cache/libero/assets

Assets already downloaded at /root/.cache/libero/assetsAssets already downloaded at /root/.cache/libero/assetsAssets already downloaded at /root/.cache/libero/assetsAssets already downloaded at /root/.cache/libero/assets



Local assets not found. Downloading from HuggingFace Hub...
Local assets not found. Downloading from HuggingFace Hub...
Assets already downloaded at /root/.cache/libero/assets
Assets already downloaded at /root/.cache/libero/assets
Local assets not found. Downloading from HuggingFace Hub...
Assets already downloaded at /root/.cache/libero/assets
Local assets not found. Downloading from HuggingFace Hub...
Assets already downloaded at /root/.cache/libero/assets
batch libero_spatial:2 A,control real=10/10 57.1 s brain 17.4 s 28 calls 155 rows
30/260 episodes, 5.78 s/episode, eta 0.37 h
[info] using task orders [0, 1, 2, 3, 4, 5, 6, 7, 8, 9]
[info] using task orders [0, 1, 2, 3, 4, 5, 6, 7, 8, 9]
[info] using task orders [0, 1, 2, 3, 4, 5, 6, 7, 8, 9]
[info] using task orders [0, 1, 2, 3, 4, 5, 6, 7, 8, 9]
[info] using task orders [0, 1, 2, 3, 4, 5, 6, 7, 8, 9]
[info] using task orders [0, 1, 2, 3, 4, 5, 6, 7, 8, 9]
[info] using task orders [0, 1, 2, 3, 4, 5, 6, 7, 8, 9]
[info] using task orders [0, 1, 2, 3, 4, 5, 6, 7, 8, 9]
[info] using task orders [0, 1, 2, 3, 4, 5, 6, 7, 8, 9]
[info] using task orders [0, 1, 2, 3, 4, 5, 6, 7, 8, 9]
[info] using task orders [0, 1, 2, 3, 4, 5, 6, 7, 8, 9]
Local assets not found. Downloading from HuggingFace Hub...
Assets already downloaded at /root/.cache/libero/assets
Local assets not found. Downloading from HuggingFace Hub...
Assets already downloaded at /root/.cache/libero/assets
Local assets not found. Downloading from HuggingFace Hub...
Assets already downloaded at /root/.cache/libero/assets
Local assets not found. Downloading from HuggingFace Hub...
Local assets not found. Downloading from HuggingFace Hub...
Assets already downloaded at /root/.cache/libero/assets
Assets already downloaded at /root/.cache/libero/assets
Local assets not found. Downloading from HuggingFace Hub...
Assets already downloaded at /root/.cache/libero/assets
Local assets not found. Downloading from HuggingFace Hub...
Local assets not found. Downloading from HuggingFace Hub...
Assets already downloaded at /root/.cache/libero/assets
Assets already downloaded at /root/.cache/libero/assets
Local assets not found. Downloading from HuggingFace Hub...
Local assets not found. Downloading from HuggingFace Hub...
Assets already downloaded at /root/.cache/libero/assets
Assets already downloaded at /root/.cache/libero/assets
batch libero_spatial:3 A,control real=10/10 53.0 s brain 17.7 s 28 calls 127 rows
40/260 episodes, 5.73 s/episode, eta 0.35 h
[info] using task orders [0, 1, 2, 3, 4, 5, 6, 7, 8, 9]
[info] using task orders [0, 1, 2, 3, 4, 5, 6, 7, 8, 9]
[info] using task orders [0, 1, 2, 3, 4, 5, 6, 7, 8, 9]
[info] using task orders [0, 1, 2, 3, 4, 5, 6, 7, 8, 9]
[info] using task orders [0, 1, 2, 3, 4, 5, 6, 7, 8, 9]
[info] using task orders [0, 1, 2, 3, 4, 5, 6, 7, 8, 9]
[info] using task orders [0, 1, 2, 3, 4, 5, 6, 7, 8, 9]
[info] using task orders [0, 1, 2, 3, 4, 5, 6, 7, 8, 9]
[info] using task orders [0, 1, 2, 3, 4, 5, 6, 7, 8, 9]
[info] using task orders [0, 1, 2, 3, 4, 5, 6, 7, 8, 9]
[info] using task orders [0, 1, 2, 3, 4, 5, 6, 7, 8, 9]
Local assets not found. Downloading from HuggingFace Hub...Local assets not found. Downloading from HuggingFace Hub...

Assets already downloaded at /root/.cache/libero/assetsAssets already downloaded at /root/.cache/libero/assets

Local assets not found. Downloading from HuggingFace Hub...
Assets already downloaded at /root/.cache/libero/assets
Local assets not found. Downloading from HuggingFace Hub...
Assets already downloaded at /root/.cache/libero/assets
Local assets not found. Downloading from HuggingFace Hub...
Assets already downloaded at /root/.cache/libero/assets
Local assets not found. Downloading from HuggingFace Hub...
Local assets not found. Downloading from HuggingFace Hub...
Assets already downloaded at /root/.cache/libero/assets
Local assets not found. Downloading from HuggingFace Hub...
Assets already downloaded at /root/.cache/libero/assetsAssets already downloaded at /root/.cache/libero/assets

Local assets not found. Downloading from HuggingFace Hub...
Assets already downloaded at /root/.cache/libero/assets
Local assets not found. Downloading from HuggingFace Hub...
Assets already downloaded at /root/.cache/libero/assets
batch libero_spatial:4 A,control real=10/10 43.0 s brain 15.7 s 28 calls 160 rows
50/260 episodes, 5.49 s/episode, eta 0.32 h
[info] using task orders [0, 1, 2, 3, 4, 5, 6, 7, 8, 9]
[info] using task orders [0, 1, 2, 3, 4, 5, 6, 7, 8, 9]
[info] using task orders [0, 1, 2, 3, 4, 5, 6, 7, 8, 9]
[info] using task orders [0, 1, 2, 3, 4, 5, 6, 7, 8, 9]
[info] using task orders [0, 1, 2, 3, 4, 5, 6, 7, 8, 9]
[info] using task orders [0, 1, 2, 3, 4, 5, 6, 7, 8, 9]
[info] using task orders [0, 1, 2, 3, 4, 5, 6, 7, 8, 9]
[info] using task orders [0, 1, 2, 3, 4, 5, 6, 7, 8, 9]
[info] using task orders [0, 1, 2, 3, 4, 5, 6, 7, 8, 9]
[info] using task orders [0, 1, 2, 3, 4, 5, 6, 7, 8, 9]
[info] using task orders [0, 1, 2, 3, 4, 5, 6, 7, 8, 9]
Local assets not found. Downloading from HuggingFace Hub...Local assets not found. Downloading from HuggingFace Hub...

Assets already downloaded at /root/.cache/libero/assetsAssets already downloaded at /root/.cache/libero/assets

Local assets not found. Downloading from HuggingFace Hub...
Local assets not found. Downloading from HuggingFace Hub...
Local assets not found. Downloading from HuggingFace Hub...
Assets already downloaded at /root/.cache/libero/assets
Assets already downloaded at /root/.cache/libero/assets
Assets already downloaded at /root/.cache/libero/assets
Local assets not found. Downloading from HuggingFace Hub...
Assets already downloaded at /root/.cache/libero/assets
Local assets not found. Downloading from HuggingFace Hub...
Assets already downloaded at /root/.cache/libero/assets
Local assets not found. Downloading from HuggingFace Hub...
Assets already downloaded at /root/.cache/libero/assets
Local assets not found. Downloading from HuggingFace Hub...
Assets already downloaded at /root/.cache/libero/assets
Local assets not found. Downloading from HuggingFace Hub...
Assets already downloaded at /root/.cache/libero/assets
batch libero_spatial:5 A,control real=10/10 41.6 s brain 15.8 s 28 calls 169 rows
60/260 episodes, 5.30 s/episode, eta 0.29 h
[info] using task orders [0, 1, 2, 3, 4, 5, 6, 7, 8, 9]
[info] using task orders [0, 1, 2, 3, 4, 5, 6, 7, 8, 9]
[info] using task orders [0, 1, 2, 3, 4, 5, 6, 7, 8, 9]
[info] using task orders [0, 1, 2, 3, 4, 5, 6, 7, 8, 9]
[info] using task orders [0, 1, 2, 3, 4, 5, 6, 7, 8, 9]
[info] using task orders [0, 1, 2, 3, 4, 5, 6, 7, 8, 9]
[info] using task orders [0, 1, 2, 3, 4, 5, 6, 7, 8, 9]
[info] using task orders [0, 1, 2, 3, 4, 5, 6, 7, 8, 9]
[info] using task orders [0, 1, 2, 3, 4, 5, 6, 7, 8, 9]
[info] using task orders [0, 1, 2, 3, 4, 5, 6, 7, 8, 9]
[info] using task orders [0, 1, 2, 3, 4, 5, 6, 7, 8, 9]
Local assets not found. Downloading from HuggingFace Hub...Local assets not found. Downloading from HuggingFace Hub...

Assets already downloaded at /root/.cache/libero/assetsAssets already downloaded at /root/.cache/libero/assets

Local assets not found. Downloading from HuggingFace Hub...Local assets not found. Downloading from HuggingFace Hub...

Assets already downloaded at /root/.cache/libero/assetsAssets already downloaded at /root/.cache/libero/assets

Local assets not found. Downloading from HuggingFace Hub...Local assets not found. Downloading from HuggingFace Hub...

Assets already downloaded at /root/.cache/libero/assetsAssets already downloaded at /root/.cache/libero/assets

Local assets not found. Downloading from HuggingFace Hub...Local assets not found. Downloading from HuggingFace Hub...

Assets already downloaded at /root/.cache/libero/assetsAssets already downloaded at /root/.cache/libero/assets

Local assets not found. Downloading from HuggingFace Hub...
Assets already downloaded at /root/.cache/libero/assets
Local assets not found. Downloading from HuggingFace Hub...
Assets already downloaded at /root/.cache/libero/assets
batch libero_spatial:6 A,control real=10/10 40.7 s brain 15.4 s 28 calls 161 rows
70/260 episodes, 5.16 s/episode, eta 0.27 h
[info] using task orders [0, 1, 2, 3, 4, 5, 6, 7, 8, 9]
[info] using task orders [0, 1, 2, 3, 4, 5, 6, 7, 8, 9]
[info] using task orders [0, 1, 2, 3, 4, 5, 6, 7, 8, 9]
[info] using task orders [0, 1, 2, 3, 4, 5, 6, 7, 8, 9]
[info] using task orders [0, 1, 2, 3, 4, 5, 6, 7, 8, 9]
[info] using task orders [0, 1, 2, 3, 4, 5, 6, 7, 8, 9]
[info] using task orders [0, 1, 2, 3, 4, 5, 6, 7, 8, 9]
[info] using task orders [0, 1, 2, 3, 4, 5, 6, 7, 8, 9]
[info] using task orders [0, 1, 2, 3, 4, 5, 6, 7, 8, 9]
[info] using task orders [0, 1, 2, 3, 4, 5, 6, 7, 8, 9]
[info] using task orders [0, 1, 2, 3, 4, 5, 6, 7, 8, 9]
Local assets not found. Downloading from HuggingFace Hub...
Local assets not found. Downloading from HuggingFace Hub...
Assets already downloaded at /root/.cache/libero/assetsAssets already downloaded at /root/.cache/libero/assets

Local assets not found. Downloading from HuggingFace Hub...
Assets already downloaded at /root/.cache/libero/assets
Local assets not found. Downloading from HuggingFace Hub...
Local assets not found. Downloading from HuggingFace Hub...
Assets already downloaded at /root/.cache/libero/assets
Assets already downloaded at /root/.cache/libero/assets
Local assets not found. Downloading from HuggingFace Hub...
Assets already downloaded at /root/.cache/libero/assets
Local assets not found. Downloading from HuggingFace Hub...
Assets already downloaded at /root/.cache/libero/assets
Local assets not found. Downloading from HuggingFace Hub...
Assets already downloaded at /root/.cache/libero/assets
Local assets not found. Downloading from HuggingFace Hub...
Assets already downloaded at /root/.cache/libero/assets
Local assets not found. Downloading from HuggingFace Hub...
Assets already downloaded at /root/.cache/libero/assets
batch libero_spatial:7 A,control real=10/10 41.2 s brain 15.8 s 28 calls 184 rows
80/260 episodes, 5.06 s/episode, eta 0.25 h
[info] using task orders [0, 1, 2, 3, 4, 5, 6, 7, 8, 9]
[info] using task orders [0, 1, 2, 3, 4, 5, 6, 7, 8, 9]
[info] using task orders [0, 1, 2, 3, 4, 5, 6, 7, 8, 9]
[info] using task orders [0, 1, 2, 3, 4, 5, 6, 7, 8, 9]
[info] using task orders [0, 1, 2, 3, 4, 5, 6, 7, 8, 9]
[info] using task orders [0, 1, 2, 3, 4, 5, 6, 7, 8, 9]
[info] using task orders [0, 1, 2, 3, 4, 5, 6, 7, 8, 9]
[info] using task orders [0, 1, 2, 3, 4, 5, 6, 7, 8, 9]
[info] using task orders [0, 1, 2, 3, 4, 5, 6, 7, 8, 9]
[info] using task orders [0, 1, 2, 3, 4, 5, 6, 7, 8, 9]
[info] using task orders [0, 1, 2, 3, 4, 5, 6, 7, 8, 9]
Local assets not found. Downloading from HuggingFace Hub...Local assets not found. Downloading from HuggingFace Hub...

Assets already downloaded at /root/.cache/libero/assetsAssets already downloaded at /root/.cache/libero/assets

Local assets not found. Downloading from HuggingFace Hub...
Assets already downloaded at /root/.cache/libero/assetsLocal assets not found. Downloading from HuggingFace Hub...

Local assets not found. Downloading from HuggingFace Hub...
Assets already downloaded at /root/.cache/libero/assets
Local assets not found. Downloading from HuggingFace Hub...
Assets already downloaded at /root/.cache/libero/assets
Assets already downloaded at /root/.cache/libero/assets
Local assets not found. Downloading from HuggingFace Hub...
Assets already downloaded at /root/.cache/libero/assets
Local assets not found. Downloading from HuggingFace Hub...
Assets already downloaded at /root/.cache/libero/assets
Local assets not found. Downloading from HuggingFace Hub...
Assets already downloaded at /root/.cache/libero/assets
Local assets not found. Downloading from HuggingFace Hub...
Assets already downloaded at /root/.cache/libero/assets
batch libero_spatial:8 A,control real=10/10 42.8 s brain 17.5 s 28 calls 193 rows
90/260 episodes, 5.00 s/episode, eta 0.24 h
[info] using task orders [0, 1, 2, 3, 4, 5, 6, 7, 8, 9]
[info] using task orders [0, 1, 2, 3, 4, 5, 6, 7, 8, 9]
[info] using task orders [0, 1, 2, 3, 4, 5, 6, 7, 8, 9]
[info] using task orders [0, 1, 2, 3, 4, 5, 6, 7, 8, 9]
[info] using task orders [0, 1, 2, 3, 4, 5, 6, 7, 8, 9]
[info] using task orders [0, 1, 2, 3, 4, 5, 6, 7, 8, 9]
[info] using task orders [0, 1, 2, 3, 4, 5, 6, 7, 8, 9]
[info] using task orders [0, 1, 2, 3, 4, 5, 6, 7, 8, 9]
[info] using task orders [0, 1, 2, 3, 4, 5, 6, 7, 8, 9]
[info] using task orders [0, 1, 2, 3, 4, 5, 6, 7, 8, 9]
[info] using task orders [0, 1, 2, 3, 4, 5, 6, 7, 8, 9]
Local assets not found. Downloading from HuggingFace Hub...
Local assets not found. Downloading from HuggingFace Hub...
Assets already downloaded at /root/.cache/libero/assets
Assets already downloaded at /root/.cache/libero/assets
Local assets not found. Downloading from HuggingFace Hub...
Assets already downloaded at /root/.cache/libero/assets
Local assets not found. Downloading from HuggingFace Hub...
Assets already downloaded at /root/.cache/libero/assets
Local assets not found. Downloading from HuggingFace Hub...
Assets already downloaded at /root/.cache/libero/assets
Local assets not found. Downloading from HuggingFace Hub...
Local assets not found. Downloading from HuggingFace Hub...
Assets already downloaded at /root/.cache/libero/assets
Assets already downloaded at /root/.cache/libero/assets
Local assets not found. Downloading from HuggingFace Hub...
Assets already downloaded at /root/.cache/libero/assets
Local assets not found. Downloading from HuggingFace Hub...
Assets already downloaded at /root/.cache/libero/assets
Local assets not found. Downloading from HuggingFace Hub...
Assets already downloaded at /root/.cache/libero/assets
batch libero_spatial:9 A,control real=10/10 41.7 s brain 16.9 s 28 calls 216 rows
100/260 episodes, 4.95 s/episode, eta 0.22 h
[info] using task orders [0, 1, 2, 3, 4, 5, 6, 7, 8, 9]
[info] using task orders [0, 1, 2, 3, 4, 5, 6, 7, 8, 9]
[info] using task orders [0, 1, 2, 3, 4, 5, 6, 7, 8, 9]
[info] using task orders [0, 1, 2, 3, 4, 5, 6, 7, 8, 9]
[info] using task orders [0, 1, 2, 3, 4, 5, 6, 7, 8, 9]
[info] using task orders [0, 1, 2, 3, 4, 5, 6, 7, 8, 9]
[info] using task orders [0, 1, 2, 3, 4, 5, 6, 7, 8, 9]
[info] using task orders [0, 1, 2, 3, 4, 5, 6, 7, 8, 9]
[info] using task orders [0, 1, 2, 3, 4, 5, 6, 7, 8, 9]
[info] using task orders [0, 1, 2, 3, 4, 5, 6, 7, 8, 9]
[info] using task orders [0, 1, 2, 3, 4, 5, 6, 7, 8, 9]
Local assets not found. Downloading from HuggingFace Hub...
Assets already downloaded at /root/.cache/libero/assets
Local assets not found. Downloading from HuggingFace Hub...
Local assets not found. Downloading from HuggingFace Hub...
Assets already downloaded at /root/.cache/libero/assetsAssets already downloaded at /root/.cache/libero/assets

Local assets not found. Downloading from HuggingFace Hub...
Local assets not found. Downloading from HuggingFace Hub...
Assets already downloaded at /root/.cache/libero/assets
Assets already downloaded at /root/.cache/libero/assets
Local assets not found. Downloading from HuggingFace Hub...
Local assets not found. Downloading from HuggingFace Hub...
Assets already downloaded at /root/.cache/libero/assets
Assets already downloaded at /root/.cache/libero/assets
Local assets not found. Downloading from HuggingFace Hub...
Local assets not found. Downloading from HuggingFace Hub...
Assets already downloaded at /root/.cache/libero/assets
Assets already downloaded at /root/.cache/libero/assets
Local assets not found. Downloading from HuggingFace Hub...
Assets already downloaded at /root/.cache/libero/assets
batch libero_object:0 A,control real=10/10 30.0 s brain 11.5 s 19 calls 158 rows
110/260 episodes, 4.79 s/episode, eta 0.20 h
[info] using task orders [0, 1, 2, 3, 4, 5, 6, 7, 8, 9]
[info] using task orders [0, 1, 2, 3, 4, 5, 6, 7, 8, 9]
[info] using task orders [0, 1, 2, 3, 4, 5, 6, 7, 8, 9]
[info] using task orders [0, 1, 2, 3, 4, 5, 6, 7, 8, 9]
[info] using task orders [0, 1, 2, 3, 4, 5, 6, 7, 8, 9]
[info] using task orders [0, 1, 2, 3, 4, 5, 6, 7, 8, 9]
[info] using task orders [0, 1, 2, 3, 4, 5, 6, 7, 8, 9]
[info] using task orders [0, 1, 2, 3, 4, 5, 6, 7, 8, 9]
[info] using task orders [0, 1, 2, 3, 4, 5, 6, 7, 8, 9]
[info] using task orders [0, 1, 2, 3, 4, 5, 6, 7, 8, 9]
[info] using task orders [0, 1, 2, 3, 4, 5, 6, 7, 8, 9]
Local assets not found. Downloading from HuggingFace Hub...
Assets already downloaded at /root/.cache/libero/assets
Local assets not found. Downloading from HuggingFace Hub...
Assets already downloaded at /root/.cache/libero/assets
Local assets not found. Downloading from HuggingFace Hub...
Assets already downloaded at /root/.cache/libero/assets
Local assets not found. Downloading from HuggingFace Hub...
Assets already downloaded at /root/.cache/libero/assets
Local assets not found. Downloading from HuggingFace Hub...
Assets already downloaded at /root/.cache/libero/assets
Local assets not found. Downloading from HuggingFace Hub...
Assets already downloaded at /root/.cache/libero/assets
Local assets not found. Downloading from HuggingFace Hub...
Assets already downloaded at /root/.cache/libero/assets
Local assets not found. Downloading from HuggingFace Hub...
Local assets not found. Downloading from HuggingFace Hub...
Assets already downloaded at /root/.cache/libero/assets
Assets already downloaded at /root/.cache/libero/assets
Local assets not found. Downloading from HuggingFace Hub...
Assets already downloaded at /root/.cache/libero/assets
batch libero_object:1 A,control real=10/10 27.1 s brain 9.5 s 16 calls 131 rows
120/260 episodes, 4.64 s/episode, eta 0.18 h
[info] using task orders [0, 1, 2, 3, 4, 5, 6, 7, 8, 9]
[info] using task orders [0, 1, 2, 3, 4, 5, 6, 7, 8, 9]
[info] using task orders [0, 1, 2, 3, 4, 5, 6, 7, 8, 9]
[info] using task orders [0, 1, 2, 3, 4, 5, 6, 7, 8, 9]
[info] using task orders [0, 1, 2, 3, 4, 5, 6, 7, 8, 9]
[info] using task orders [0, 1, 2, 3, 4, 5, 6, 7, 8, 9]
[info] using task orders [0, 1, 2, 3, 4, 5, 6, 7, 8, 9]
[info] using task orders [0, 1, 2, 3, 4, 5, 6, 7, 8, 9]
[info] using task orders [0, 1, 2, 3, 4, 5, 6, 7, 8, 9]
[info] using task orders [0, 1, 2, 3, 4, 5, 6, 7, 8, 9]
[info] using task orders [0, 1, 2, 3, 4, 5, 6, 7, 8, 9]
Local assets not found. Downloading from HuggingFace Hub...
Local assets not found. Downloading from HuggingFace Hub...Local assets not found. Downloading from HuggingFace Hub...Local assets not found. Downloading from HuggingFace Hub...


Assets already downloaded at /root/.cache/libero/assets
Assets already downloaded at /root/.cache/libero/assetsAssets already downloaded at /root/.cache/libero/assetsAssets already downloaded at /root/.cache/libero/assets


Local assets not found. Downloading from HuggingFace Hub...
Local assets not found. Downloading from HuggingFace Hub...
Assets already downloaded at /root/.cache/libero/assets
Assets already downloaded at /root/.cache/libero/assets
Local assets not found. Downloading from HuggingFace Hub...
Local assets not found. Downloading from HuggingFace Hub...
Assets already downloaded at /root/.cache/libero/assets
Assets already downloaded at /root/.cache/libero/assets
Local assets not found. Downloading from HuggingFace Hub...
Assets already downloaded at /root/.cache/libero/assets
Local assets not found. Downloading from HuggingFace Hub...
Assets already downloaded at /root/.cache/libero/assets
batch libero_object:2 A,control real=10/10 27.7 s brain 9.8 s 17 calls 130 rows
130/260 episodes, 4.51 s/episode, eta 0.16 h
[info] using task orders [0, 1, 2, 3, 4, 5, 6, 7, 8, 9]
[info] using task orders [0, 1, 2, 3, 4, 5, 6, 7, 8, 9]
[info] using task orders [0, 1, 2, 3, 4, 5, 6, 7, 8, 9]
[info] using task orders [0, 1, 2, 3, 4, 5, 6, 7, 8, 9]
[info] using task orders [0, 1, 2, 3, 4, 5, 6, 7, 8, 9]
[info] using task orders [0, 1, 2, 3, 4, 5, 6, 7, 8, 9]
[info] using task orders [0, 1, 2, 3, 4, 5, 6, 7, 8, 9]
[info] using task orders [0, 1, 2, 3, 4, 5, 6, 7, 8, 9]
[info] using task orders [0, 1, 2, 3, 4, 5, 6, 7, 8, 9]
[info] using task orders [0, 1, 2, 3, 4, 5, 6, 7, 8, 9]
[info] using task orders [0, 1, 2, 3, 4, 5, 6, 7, 8, 9]
Local assets not found. Downloading from HuggingFace Hub...
Assets already downloaded at /root/.cache/libero/assets
Local assets not found. Downloading from HuggingFace Hub...
Assets already downloaded at /root/.cache/libero/assets
Local assets not found. Downloading from HuggingFace Hub...
Assets already downloaded at /root/.cache/libero/assets
Local assets not found. Downloading from HuggingFace Hub...
Local assets not found. Downloading from HuggingFace Hub...
Assets already downloaded at /root/.cache/libero/assets
Local assets not found. Downloading from HuggingFace Hub...
Assets already downloaded at /root/.cache/libero/assets
Local assets not found. Downloading from HuggingFace Hub...
Local assets not found. Downloading from HuggingFace Hub...
Assets already downloaded at /root/.cache/libero/assets
Assets already downloaded at /root/.cache/libero/assets
Assets already downloaded at /root/.cache/libero/assets
Local assets not found. Downloading from HuggingFace Hub...
Assets already downloaded at /root/.cache/libero/assets
Local assets not found. Downloading from HuggingFace Hub...
Assets already downloaded at /root/.cache/libero/assets
batch libero_object:3 A,control real=10/10 36.6 s brain 15.8 s 28 calls 162 rows
140/260 episodes, 4.47 s/episode, eta 0.15 h
[info] using task orders [0, 1, 2, 3, 4, 5, 6, 7, 8, 9]
[info] using task orders [0, 1, 2, 3, 4, 5, 6, 7, 8, 9]
[info] using task orders [0, 1, 2, 3, 4, 5, 6, 7, 8, 9]
[info] using task orders [0, 1, 2, 3, 4, 5, 6, 7, 8, 9]
[info] using task orders [0, 1, 2, 3, 4, 5, 6, 7, 8, 9]
[info] using task orders [0, 1, 2, 3, 4, 5, 6, 7, 8, 9]
[info] using task orders [0, 1, 2, 3, 4, 5, 6, 7, 8, 9]
[info] using task orders [0, 1, 2, 3, 4, 5, 6, 7, 8, 9]
[info] using task orders [0, 1, 2, 3, 4, 5, 6, 7, 8, 9]
[info] using task orders [0, 1, 2, 3, 4, 5, 6, 7, 8, 9]
[info] using task orders [0, 1, 2, 3, 4, 5, 6, 7, 8, 9]
Local assets not found. Downloading from HuggingFace Hub...Local assets not found. Downloading from HuggingFace Hub...Local assets not found. Downloading from HuggingFace Hub...Local assets not found. Downloading from HuggingFace Hub...



Local assets not found. Downloading from HuggingFace Hub...
Assets already downloaded at /root/.cache/libero/assetsAssets already downloaded at /root/.cache/libero/assetsAssets already downloaded at /root/.cache/libero/assetsAssets already downloaded at /root/.cache/libero/assets



Assets already downloaded at /root/.cache/libero/assets
Local assets not found. Downloading from HuggingFace Hub...Local assets not found. Downloading from HuggingFace Hub...

Local assets not found. Downloading from HuggingFace Hub...
Assets already downloaded at /root/.cache/libero/assetsAssets already downloaded at /root/.cache/libero/assets

Assets already downloaded at /root/.cache/libero/assets
Local assets not found. Downloading from HuggingFace Hub...
Assets already downloaded at /root/.cache/libero/assets
Local assets not found. Downloading from HuggingFace Hub...
Assets already downloaded at /root/.cache/libero/assets
batch libero_object:4 A,control real=10/10 36.4 s brain 16.2 s 28 calls 177 rows
150/260 episodes, 4.43 s/episode, eta 0.14 h
[info] using task orders [0, 1, 2, 3, 4, 5, 6, 7, 8, 9]
[info] using task orders [0, 1, 2, 3, 4, 5, 6, 7, 8, 9]
[info] using task orders [0, 1, 2, 3, 4, 5, 6, 7, 8, 9]
[info] using task orders [0, 1, 2, 3, 4, 5, 6, 7, 8, 9]
[info] using task orders [0, 1, 2, 3, 4, 5, 6, 7, 8, 9]
[info] using task orders [0, 1, 2, 3, 4, 5, 6, 7, 8, 9]
[info] using task orders [0, 1, 2, 3, 4, 5, 6, 7, 8, 9]
[info] using task orders [0, 1, 2, 3, 4, 5, 6, 7, 8, 9]
[info] using task orders [0, 1, 2, 3, 4, 5, 6, 7, 8, 9]
[info] using task orders [0, 1, 2, 3, 4, 5, 6, 7, 8, 9]
[info] using task orders [0, 1, 2, 3, 4, 5, 6, 7, 8, 9]
Local assets not found. Downloading from HuggingFace Hub...
Assets already downloaded at /root/.cache/libero/assets
Local assets not found. Downloading from HuggingFace Hub...
Assets already downloaded at /root/.cache/libero/assets
Local assets not found. Downloading from HuggingFace Hub...Local assets not found. Downloading from HuggingFace Hub...

Local assets not found. Downloading from HuggingFace Hub...
Assets already downloaded at /root/.cache/libero/assets
Assets already downloaded at /root/.cache/libero/assets
Assets already downloaded at /root/.cache/libero/assets
Local assets not found. Downloading from HuggingFace Hub...
Assets already downloaded at /root/.cache/libero/assets
Local assets not found. Downloading from HuggingFace Hub...
Assets already downloaded at /root/.cache/libero/assets
Local assets not found. Downloading from HuggingFace Hub...
Local assets not found. Downloading from HuggingFace Hub...
Assets already downloaded at /root/.cache/libero/assets
Assets already downloaded at /root/.cache/libero/assets
Local assets not found. Downloading from HuggingFace Hub...
Assets already downloaded at /root/.cache/libero/assets
batch libero_object:5 A,control real=10/10 37.5 s brain 15.8 s 28 calls 167 rows
160/260 episodes, 4.40 s/episode, eta 0.12 h
[info] using task orders [0, 1, 2, 3, 4, 5, 6, 7, 8, 9]
[info] using task orders [0, 1, 2, 3, 4, 5, 6, 7, 8, 9]
[info] using task orders [0, 1, 2, 3, 4, 5, 6, 7, 8, 9]
[info] using task orders [0, 1, 2, 3, 4, 5, 6, 7, 8, 9]
[info] using task orders [0, 1, 2, 3, 4, 5, 6, 7, 8, 9]
[info] using task orders [0, 1, 2, 3, 4, 5, 6, 7, 8, 9]
[info] using task orders [0, 1, 2, 3, 4, 5, 6, 7, 8, 9]
[info] using task orders [0, 1, 2, 3, 4, 5, 6, 7, 8, 9]
[info] using task orders [0, 1, 2, 3, 4, 5, 6, 7, 8, 9]
[info] using task orders [0, 1, 2, 3, 4, 5, 6, 7, 8, 9]
[info] using task orders [0, 1, 2, 3, 4, 5, 6, 7, 8, 9]
Local assets not found. Downloading from HuggingFace Hub...Local assets not found. Downloading from HuggingFace Hub...Local assets not found. Downloading from HuggingFace Hub...Local assets not found. Downloading from HuggingFace Hub...



Assets already downloaded at /root/.cache/libero/assetsAssets already downloaded at /root/.cache/libero/assetsAssets already downloaded at /root/.cache/libero/assetsAssets already downloaded at /root/.cache/libero/assets



Local assets not found. Downloading from HuggingFace Hub...
Assets already downloaded at /root/.cache/libero/assets
Local assets not found. Downloading from HuggingFace Hub...
Assets already downloaded at /root/.cache/libero/assets
Local assets not found. Downloading from HuggingFace Hub...
Local assets not found. Downloading from HuggingFace Hub...
Local assets not found. Downloading from HuggingFace Hub...
Assets already downloaded at /root/.cache/libero/assets
Assets already downloaded at /root/.cache/libero/assetsAssets already downloaded at /root/.cache/libero/assets

Local assets not found. Downloading from HuggingFace Hub...
Assets already downloaded at /root/.cache/libero/assets
batch libero_object:6 A,control real=10/10 31.8 s brain 12.7 s 22 calls 158 rows
170/260 episodes, 4.34 s/episode, eta 0.11 h
[info] using task orders [0, 1, 2, 3, 4, 5, 6, 7, 8, 9]
[info] using task orders [0, 1, 2, 3, 4, 5, 6, 7, 8, 9]
[info] using task orders [0, 1, 2, 3, 4, 5, 6, 7, 8, 9]
[info] using task orders [0, 1, 2, 3, 4, 5, 6, 7, 8, 9]
[info] using task orders [0, 1, 2, 3, 4, 5, 6, 7, 8, 9]
[info] using task orders [0, 1, 2, 3, 4, 5, 6, 7, 8, 9]
[info] using task orders [0, 1, 2, 3, 4, 5, 6, 7, 8, 9]
[info] using task orders [0, 1, 2, 3, 4, 5, 6, 7, 8, 9]
[info] using task orders [0, 1, 2, 3, 4, 5, 6, 7, 8, 9]
[info] using task orders [0, 1, 2, 3, 4, 5, 6, 7, 8, 9]
[info] using task orders [0, 1, 2, 3, 4, 5, 6, 7, 8, 9]
Local assets not found. Downloading from HuggingFace Hub...Local assets not found. Downloading from HuggingFace Hub...Local assets not found. Downloading from HuggingFace Hub...


Assets already downloaded at /root/.cache/libero/assetsAssets already downloaded at /root/.cache/libero/assetsAssets already downloaded at /root/.cache/libero/assets


Local assets not found. Downloading from HuggingFace Hub...
Assets already downloaded at /root/.cache/libero/assets
Local assets not found. Downloading from HuggingFace Hub...
Local assets not found. Downloading from HuggingFace Hub...
Assets already downloaded at /root/.cache/libero/assets
Assets already downloaded at /root/.cache/libero/assets
Local assets not found. Downloading from HuggingFace Hub...
Assets already downloaded at /root/.cache/libero/assets
Local assets not found. Downloading from HuggingFace Hub...
Assets already downloaded at /root/.cache/libero/assetsLocal assets not found. Downloading from HuggingFace Hub...

Assets already downloaded at /root/.cache/libero/assets
Local assets not found. Downloading from HuggingFace Hub...
Assets already downloaded at /root/.cache/libero/assets
batch libero_object:7 A,control real=10/10 36.9 s brain 16.3 s 28 calls 210 rows
180/260 episodes, 4.32 s/episode, eta 0.10 h
[info] using task orders [0, 1, 2, 3, 4, 5, 6, 7, 8, 9]
[info] using task orders [0, 1, 2, 3, 4, 5, 6, 7, 8, 9]
[info] using task orders [0, 1, 2, 3, 4, 5, 6, 7, 8, 9]
[info] using task orders [0, 1, 2, 3, 4, 5, 6, 7, 8, 9]
[info] using task orders [0, 1, 2, 3, 4, 5, 6, 7, 8, 9]
[info] using task orders [0, 1, 2, 3, 4, 5, 6, 7, 8, 9]
[info] using task orders [0, 1, 2, 3, 4, 5, 6, 7, 8, 9]
[info] using task orders [0, 1, 2, 3, 4, 5, 6, 7, 8, 9]
[info] using task orders [0, 1, 2, 3, 4, 5, 6, 7, 8, 9]
[info] using task orders [0, 1, 2, 3, 4, 5, 6, 7, 8, 9]
[info] using task orders [0, 1, 2, 3, 4, 5, 6, 7, 8, 9]
Local assets not found. Downloading from HuggingFace Hub...
Assets already downloaded at /root/.cache/libero/assets
Local assets not found. Downloading from HuggingFace Hub...
Local assets not found. Downloading from HuggingFace Hub...
Assets already downloaded at /root/.cache/libero/assets
Assets already downloaded at /root/.cache/libero/assets
Local assets not found. Downloading from HuggingFace Hub...
Local assets not found. Downloading from HuggingFace Hub...
Assets already downloaded at /root/.cache/libero/assets
Assets already downloaded at /root/.cache/libero/assets
Local assets not found. Downloading from HuggingFace Hub...
Assets already downloaded at /root/.cache/libero/assets
Local assets not found. Downloading from HuggingFace Hub...Local assets not found. Downloading from HuggingFace Hub...

Local assets not found. Downloading from HuggingFace Hub...
Assets already downloaded at /root/.cache/libero/assets
Assets already downloaded at /root/.cache/libero/assetsAssets already downloaded at /root/.cache/libero/assets

Local assets not found. Downloading from HuggingFace Hub...
Assets already downloaded at /root/.cache/libero/assets
batch libero_object:8 A,control real=10/10 26.9 s brain 9.8 s 16 calls 151 rows
190/260 episodes, 4.24 s/episode, eta 0.08 h
[info] using task orders [0, 1, 2, 3, 4, 5, 6, 7, 8, 9]
[info] using task orders [0, 1, 2, 3, 4, 5, 6, 7, 8, 9]
[info] using task orders [0, 1, 2, 3, 4, 5, 6, 7, 8, 9]
[info] using task orders [0, 1, 2, 3, 4, 5, 6, 7, 8, 9]
[info] using task orders [0, 1, 2, 3, 4, 5, 6, 7, 8, 9]
[info] using task orders [0, 1, 2, 3, 4, 5, 6, 7, 8, 9]
[info] using task orders [0, 1, 2, 3, 4, 5, 6, 7, 8, 9]
[info] using task orders [0, 1, 2, 3, 4, 5, 6, 7, 8, 9]
[info] using task orders [0, 1, 2, 3, 4, 5, 6, 7, 8, 9]
[info] using task orders [0, 1, 2, 3, 4, 5, 6, 7, 8, 9]
[info] using task orders [0, 1, 2, 3, 4, 5, 6, 7, 8, 9]
Local assets not found. Downloading from HuggingFace Hub...
Assets already downloaded at /root/.cache/libero/assets
Local assets not found. Downloading from HuggingFace Hub...
Assets already downloaded at /root/.cache/libero/assets
Local assets not found. Downloading from HuggingFace Hub...
Local assets not found. Downloading from HuggingFace Hub...
Local assets not found. Downloading from HuggingFace Hub...
Assets already downloaded at /root/.cache/libero/assets
Assets already downloaded at /root/.cache/libero/assets
Assets already downloaded at /root/.cache/libero/assets
Local assets not found. Downloading from HuggingFace Hub...
Local assets not found. Downloading from HuggingFace Hub...
Assets already downloaded at /root/.cache/libero/assets
Assets already downloaded at /root/.cache/libero/assets
Local assets not found. Downloading from HuggingFace Hub...
Assets already downloaded at /root/.cache/libero/assets
Local assets not found. Downloading from HuggingFace Hub...
Assets already downloaded at /root/.cache/libero/assets
Local assets not found. Downloading from HuggingFace Hub...
Assets already downloaded at /root/.cache/libero/assets
batch libero_object:9 A,control real=10/10 36.7 s brain 15.8 s 28 calls 165 rows
200/260 episodes, 4.23 s/episode, eta 0.07 h
[info] using task orders [0, 1, 2, 3, 4, 5, 6, 7, 8, 9]
[info] using task orders [0, 1, 2, 3, 4, 5, 6, 7, 8, 9]
[info] using task orders [0, 1, 2, 3, 4, 5, 6, 7, 8, 9]
[info] using task orders [0, 1, 2, 3, 4, 5, 6, 7, 8, 9]
[info] using task orders [0, 1, 2, 3, 4, 5, 6, 7, 8, 9]
[info] using task orders [0, 1, 2, 3, 4, 5, 6, 7, 8, 9]
[info] using task orders [0, 1, 2, 3, 4, 5, 6, 7, 8, 9]
[info] using task orders [0, 1, 2, 3, 4, 5, 6, 7, 8, 9]
[info] using task orders [0, 1, 2, 3, 4, 5, 6, 7, 8, 9]
[info] using task orders [0, 1, 2, 3, 4, 5, 6, 7, 8, 9]
[info] using task orders [0, 1, 2, 3, 4, 5, 6, 7, 8, 9]
Local assets not found. Downloading from HuggingFace Hub...Local assets not found. Downloading from HuggingFace Hub...

Assets already downloaded at /root/.cache/libero/assetsAssets already downloaded at /root/.cache/libero/assets

Local assets not found. Downloading from HuggingFace Hub...
Local assets not found. Downloading from HuggingFace Hub...Assets already downloaded at /root/.cache/libero/assets

Assets already downloaded at /root/.cache/libero/assets
Local assets not found. Downloading from HuggingFace Hub...
Assets already downloaded at /root/.cache/libero/assets
Local assets not found. Downloading from HuggingFace Hub...
Assets already downloaded at /root/.cache/libero/assets
Local assets not found. Downloading from HuggingFace Hub...
Assets already downloaded at /root/.cache/libero/assets
Local assets not found. Downloading from HuggingFace Hub...
Assets already downloaded at /root/.cache/libero/assets
Local assets not found. Downloading from HuggingFace Hub...
Assets already downloaded at /root/.cache/libero/assets
Local assets not found. Downloading from HuggingFace Hub...
Assets already downloaded at /root/.cache/libero/assets
batch libero_goal:1 A,control real=10/10 21.2 s brain 6.1 s 9 calls 88 rows
210/260 episodes, 4.14 s/episode, eta 0.06 h
[info] using task orders [0, 1, 2, 3, 4, 5, 6, 7, 8, 9]
[info] using task orders [0, 1, 2, 3, 4, 5, 6, 7, 8, 9]
[info] using task orders [0, 1, 2, 3, 4, 5, 6, 7, 8, 9]
[info] using task orders [0, 1, 2, 3, 4, 5, 6, 7, 8, 9]
[info] using task orders [0, 1, 2, 3, 4, 5, 6, 7, 8, 9]
[info] using task orders [0, 1, 2, 3, 4, 5, 6, 7, 8, 9]
[info] using task orders [0, 1, 2, 3, 4, 5, 6, 7, 8, 9]
[info] using task orders [0, 1, 2, 3, 4, 5, 6, 7, 8, 9]
[info] using task orders [0, 1, 2, 3, 4, 5, 6, 7, 8, 9]
[info] using task orders [0, 1, 2, 3, 4, 5, 6, 7, 8, 9]
[info] using task orders [0, 1, 2, 3, 4, 5, 6, 7, 8, 9]
Local assets not found. Downloading from HuggingFace Hub...
Assets already downloaded at /root/.cache/libero/assets
Local assets not found. Downloading from HuggingFace Hub...
Local assets not found. Downloading from HuggingFace Hub...
Assets already downloaded at /root/.cache/libero/assets
Assets already downloaded at /root/.cache/libero/assets
Local assets not found. Downloading from HuggingFace Hub...
Local assets not found. Downloading from HuggingFace Hub...
Assets already downloaded at /root/.cache/libero/assets
Assets already downloaded at /root/.cache/libero/assets
Local assets not found. Downloading from HuggingFace Hub...
Assets already downloaded at /root/.cache/libero/assets
Local assets not found. Downloading from HuggingFace Hub...
Assets already downloaded at /root/.cache/libero/assets
Local assets not found. Downloading from HuggingFace Hub...Local assets not found. Downloading from HuggingFace Hub...

Assets already downloaded at /root/.cache/libero/assets
Assets already downloaded at /root/.cache/libero/assets
Local assets not found. Downloading from HuggingFace Hub...
Assets already downloaded at /root/.cache/libero/assets
batch libero_goal:2 A,control real=10/10 41.0 s brain 18.0 s 30 calls 138 rows
220/260 episodes, 4.15 s/episode, eta 0.05 h
[info] using task orders [0, 1, 2, 3, 4, 5, 6, 7, 8, 9]
[info] using task orders [0, 1, 2, 3, 4, 5, 6, 7, 8, 9]
[info] using task orders [0, 1, 2, 3, 4, 5, 6, 7, 8, 9]
[info] using task orders [0, 1, 2, 3, 4, 5, 6, 7, 8, 9]
[info] using task orders [0, 1, 2, 3, 4, 5, 6, 7, 8, 9]
[info] using task orders [0, 1, 2, 3, 4, 5, 6, 7, 8, 9]
[info] using task orders [0, 1, 2, 3, 4, 5, 6, 7, 8, 9]
[info] using task orders [0, 1, 2, 3, 4, 5, 6, 7, 8, 9]
[info] using task orders [0, 1, 2, 3, 4, 5, 6, 7, 8, 9]
[info] using task orders [0, 1, 2, 3, 4, 5, 6, 7, 8, 9]
[info] using task orders [0, 1, 2, 3, 4, 5, 6, 7, 8, 9]
Local assets not found. Downloading from HuggingFace Hub...
Assets already downloaded at /root/.cache/libero/assets
Local assets not found. Downloading from HuggingFace Hub...
Assets already downloaded at /root/.cache/libero/assets
Local assets not found. Downloading from HuggingFace Hub...
Assets already downloaded at /root/.cache/libero/assets
Local assets not found. Downloading from HuggingFace Hub...
Assets already downloaded at /root/.cache/libero/assets
Local assets not found. Downloading from HuggingFace Hub...
Local assets not found. Downloading from HuggingFace Hub...
Assets already downloaded at /root/.cache/libero/assets
Assets already downloaded at /root/.cache/libero/assets
Local assets not found. Downloading from HuggingFace Hub...
Assets already downloaded at /root/.cache/libero/assets
Local assets not found. Downloading from HuggingFace Hub...
Assets already downloaded at /root/.cache/libero/assets
Local assets not found. Downloading from HuggingFace Hub...
Local assets not found. Downloading from HuggingFace Hub...
Assets already downloaded at /root/.cache/libero/assets
Assets already downloaded at /root/.cache/libero/assets
batch libero_goal:4 A,control real=10/10 21.3 s brain 6.0 s 10 calls 88 rows
230/260 episodes, 4.07 s/episode, eta 0.03 h
[info] using task orders [0, 1, 2, 3, 4, 5, 6, 7, 8, 9]
[info] using task orders [0, 1, 2, 3, 4, 5, 6, 7, 8, 9]
[info] using task orders [0, 1, 2, 3, 4, 5, 6, 7, 8, 9]
[info] using task orders [0, 1, 2, 3, 4, 5, 6, 7, 8, 9]
[info] using task orders [0, 1, 2, 3, 4, 5, 6, 7, 8, 9]
[info] using task orders [0, 1, 2, 3, 4, 5, 6, 7, 8, 9]
[info] using task orders [0, 1, 2, 3, 4, 5, 6, 7, 8, 9]
[info] using task orders [0, 1, 2, 3, 4, 5, 6, 7, 8, 9]
[info] using task orders [0, 1, 2, 3, 4, 5, 6, 7, 8, 9]
[info] using task orders [0, 1, 2, 3, 4, 5, 6, 7, 8, 9]
[info] using task orders [0, 1, 2, 3, 4, 5, 6, 7, 8, 9]
Local assets not found. Downloading from HuggingFace Hub...
Local assets not found. Downloading from HuggingFace Hub...Local assets not found. Downloading from HuggingFace Hub...

Local assets not found. Downloading from HuggingFace Hub...
Assets already downloaded at /root/.cache/libero/assets
Assets already downloaded at /root/.cache/libero/assetsAssets already downloaded at /root/.cache/libero/assets

Assets already downloaded at /root/.cache/libero/assets
Local assets not found. Downloading from HuggingFace Hub...
Local assets not found. Downloading from HuggingFace Hub...
Assets already downloaded at /root/.cache/libero/assets
Assets already downloaded at /root/.cache/libero/assets
Local assets not found. Downloading from HuggingFace Hub...
Assets already downloaded at /root/.cache/libero/assets
Local assets not found. Downloading from HuggingFace Hub...
Assets already downloaded at /root/.cache/libero/assets
Local assets not found. Downloading from HuggingFace Hub...
Assets already downloaded at /root/.cache/libero/assets
Local assets not found. Downloading from HuggingFace Hub...
Assets already downloaded at /root/.cache/libero/assets
batch libero_goal:6 A,control real=10/10 38.4 s brain 16.6 s 30 calls 178 rows
240/260 episodes, 4.07 s/episode, eta 0.02 h
[info] using task orders [0, 1, 2, 3, 4, 5, 6, 7, 8, 9]
[info] using task orders [0, 1, 2, 3, 4, 5, 6, 7, 8, 9]
[info] using task orders [0, 1, 2, 3, 4, 5, 6, 7, 8, 9]
[info] using task orders [0, 1, 2, 3, 4, 5, 6, 7, 8, 9]
[info] using task orders [0, 1, 2, 3, 4, 5, 6, 7, 8, 9]
[info] using task orders [0, 1, 2, 3, 4, 5, 6, 7, 8, 9]
[info] using task orders [0, 1, 2, 3, 4, 5, 6, 7, 8, 9]
[info] using task orders [0, 1, 2, 3, 4, 5, 6, 7, 8, 9]
[info] using task orders [0, 1, 2, 3, 4, 5, 6, 7, 8, 9]
[info] using task orders [0, 1, 2, 3, 4, 5, 6, 7, 8, 9]
[info] using task orders [0, 1, 2, 3, 4, 5, 6, 7, 8, 9]
Local assets not found. Downloading from HuggingFace Hub...Local assets not found. Downloading from HuggingFace Hub...Local assets not found. Downloading from HuggingFace Hub...Local assets not found. Downloading from HuggingFace Hub...



Assets already downloaded at /root/.cache/libero/assetsAssets already downloaded at /root/.cache/libero/assetsAssets already downloaded at /root/.cache/libero/assetsAssets already downloaded at /root/.cache/libero/assets



Local assets not found. Downloading from HuggingFace Hub...
Assets already downloaded at /root/.cache/libero/assets
Local assets not found. Downloading from HuggingFace Hub...
Assets already downloaded at /root/.cache/libero/assets
Local assets not found. Downloading from HuggingFace Hub...
Assets already downloaded at /root/.cache/libero/assets
Local assets not found. Downloading from HuggingFace Hub...
Assets already downloaded at /root/.cache/libero/assets
Local assets not found. Downloading from HuggingFace Hub...
Local assets not found. Downloading from HuggingFace Hub...
Assets already downloaded at /root/.cache/libero/assets
Assets already downloaded at /root/.cache/libero/assets
batch libero_goal:8 A,control real=10/10 37.1 s brain 16.1 s 30 calls 124 rows
250/260 episodes, 4.06 s/episode, eta 0.01 h
[info] using task orders [0, 1, 2, 3, 4, 5, 6, 7, 8, 9]
[info] using task orders [0, 1, 2, 3, 4, 5, 6, 7, 8, 9]
[info] using task orders [0, 1, 2, 3, 4, 5, 6, 7, 8, 9]
[info] using task orders [0, 1, 2, 3, 4, 5, 6, 7, 8, 9]
[info] using task orders [0, 1, 2, 3, 4, 5, 6, 7, 8, 9]
[info] using task orders [0, 1, 2, 3, 4, 5, 6, 7, 8, 9]
[info] using task orders [0, 1, 2, 3, 4, 5, 6, 7, 8, 9]
[info] using task orders [0, 1, 2, 3, 4, 5, 6, 7, 8, 9]
[info] using task orders [0, 1, 2, 3, 4, 5, 6, 7, 8, 9]
[info] using task orders [0, 1, 2, 3, 4, 5, 6, 7, 8, 9]
[info] using task orders [0, 1, 2, 3, 4, 5, 6, 7, 8, 9]
Local assets not found. Downloading from HuggingFace Hub...Local assets not found. Downloading from HuggingFace Hub...Local assets not found. Downloading from HuggingFace Hub...


Assets already downloaded at /root/.cache/libero/assetsAssets already downloaded at /root/.cache/libero/assetsAssets already downloaded at /root/.cache/libero/assets


Local assets not found. Downloading from HuggingFace Hub...
Assets already downloaded at /root/.cache/libero/assets
Local assets not found. Downloading from HuggingFace Hub...
Assets already downloaded at /root/.cache/libero/assets
Local assets not found. Downloading from HuggingFace Hub...
Assets already downloaded at /root/.cache/libero/assets
Local assets not found. Downloading from HuggingFace Hub...
Assets already downloaded at /root/.cache/libero/assets
Local assets not found. Downloading from HuggingFace Hub...
Local assets not found. Downloading from HuggingFace Hub...
Assets already downloaded at /root/.cache/libero/assets
Assets already downloaded at /root/.cache/libero/assets
Local assets not found. Downloading from HuggingFace Hub...
Assets already downloaded at /root/.cache/libero/assets
batch libero_goal:9 A,control real=10/10 38.8 s brain 17.6 s 30 calls 251 rows
260/260 episodes, 4.06 s/episode, eta 0.00 h
[16:38:40] pass 2 skipped: pass 1 exited cleanly, no failed batch
[20:05:45] phase smolvla, lane b, id 7b (1560 episodes): --brain smolvla --kinds step --cells A --methods Gk0,Gauto --inits 0-29
[20:05:45] pass 1: --brain smolvla --kinds step --cells A --methods Gk0,Gauto --inits 0-29 --precision fp32 --n-envs 10 --kbar 0.0315 --t-ramp 5 --k-p 1.0 --tau-k 0.039517 --out results/c1-e4/pod/grid_smolvla_b.jsonl
[robosuite WARNING] No private macro file found! (__init__.py:7)
WARNING:robosuite_logs:No private macro file found!
[robosuite WARNING] It is recommended to use a private macro file (__init__.py:8)
WARNING:robosuite_logs:It is recommended to use a private macro file
[robosuite WARNING] To setup, run: python /workspace/jit-reflex/venv/lib/python3.12/site-packages/robosuite/scripts/setup_macros.py (__init__.py:9)
WARNING:robosuite_logs:To setup, run: python /workspace/jit-reflex/venv/lib/python3.12/site-packages/robosuite/scripts/setup_macros.py
1290 episodes to run
Fetching 8 files:   0%|          | 0/8 [00:00<?, ?it/s]Fetching 8 files: 100%|██████████| 8/8 [00:00<00:00, 476.35it/s]
Loading weights from local directory
[info] using task orders [0, 1, 2, 3, 4, 5, 6, 7, 8, 9]
/usr/lib/python3.12/multiprocessing/popen_fork.py:66: DeprecationWarning: This process (pid=221408) is multi-threaded, use of fork() may lead to deadlocks in the child.
  self.pid = os.fork()
[info] using task orders [0, 1, 2, 3, 4, 5, 6, 7, 8, 9]
[info] using task orders [0, 1, 2, 3, 4, 5, 6, 7, 8, 9]
[info] using task orders [0, 1, 2, 3, 4, 5, 6, 7, 8, 9]
[info] using task orders [0, 1, 2, 3, 4, 5, 6, 7, 8, 9]
[info] using task orders [0, 1, 2, 3, 4, 5, 6, 7, 8, 9]
[info] using task orders [0, 1, 2, 3, 4, 5, 6, 7, 8, 9]
[info] using task orders [0, 1, 2, 3, 4, 5, 6, 7, 8, 9]
[info] using task orders [0, 1, 2, 3, 4, 5, 6, 7, 8, 9]
[info] using task orders [0, 1, 2, 3, 4, 5, 6, 7, 8, 9]
[info] using task orders [0, 1, 2, 3, 4, 5, 6, 7, 8, 9]
Local assets not found. Downloading from HuggingFace Hub...Local assets not found. Downloading from HuggingFace Hub...

Assets already downloaded at /root/.cache/libero/assetsAssets already downloaded at /root/.cache/libero/assets

Local assets not found. Downloading from HuggingFace Hub...
Assets already downloaded at /root/.cache/libero/assets
Local assets not found. Downloading from HuggingFace Hub...
Local assets not found. Downloading from HuggingFace Hub...
Assets already downloaded at /root/.cache/libero/assets
Local assets not found. Downloading from HuggingFace Hub...Assets already downloaded at /root/.cache/libero/assets

Assets already downloaded at /root/.cache/libero/assets
Local assets not found. Downloading from HuggingFace Hub...
Assets already downloaded at /root/.cache/libero/assets
Local assets not found. Downloading from HuggingFace Hub...
Local assets not found. Downloading from HuggingFace Hub...
Local assets not found. Downloading from HuggingFace Hub...
Assets already downloaded at /root/.cache/libero/assets
Assets already downloaded at /root/.cache/libero/assets
Assets already downloaded at /root/.cache/libero/assets
batch libero_spatial:3 A,step real=10/10 42.6 s brain 16.2 s 28 calls 166 rows
10/1290 episodes, 4.33 s/episode, eta 1.54 h
[info] using task orders [0, 1, 2, 3, 4, 5, 6, 7, 8, 9]
[info] using task orders [0, 1, 2, 3, 4, 5, 6, 7, 8, 9]
[info] using task orders [0, 1, 2, 3, 4, 5, 6, 7, 8, 9]
[info] using task orders [0, 1, 2, 3, 4, 5, 6, 7, 8, 9]
[info] using task orders [0, 1, 2, 3, 4, 5, 6, 7, 8, 9]
[info] using task orders [0, 1, 2, 3, 4, 5, 6, 7, 8, 9]
[info] using task orders [0, 1, 2, 3, 4, 5, 6, 7, 8, 9]
[info] using task orders [0, 1, 2, 3, 4, 5, 6, 7, 8, 9]
[info] using task orders [0, 1, 2, 3, 4, 5, 6, 7, 8, 9]
[info] using task orders [0, 1, 2, 3, 4, 5, 6, 7, 8, 9]
[info] using task orders [0, 1, 2, 3, 4, 5, 6, 7, 8, 9]
Local assets not found. Downloading from HuggingFace Hub...Local assets not found. Downloading from HuggingFace Hub...Local assets not found. Downloading from HuggingFace Hub...Local assets not found. Downloading from HuggingFace Hub...



Assets already downloaded at /root/.cache/libero/assetsAssets already downloaded at /root/.cache/libero/assetsAssets already downloaded at /root/.cache/libero/assetsAssets already downloaded at /root/.cache/libero/assets



Local assets not found. Downloading from HuggingFace Hub...Local assets not found. Downloading from HuggingFace Hub...

Local assets not found. Downloading from HuggingFace Hub...
Local assets not found. Downloading from HuggingFace Hub...
Assets already downloaded at /root/.cache/libero/assets
Assets already downloaded at /root/.cache/libero/assets
Assets already downloaded at /root/.cache/libero/assetsAssets already downloaded at /root/.cache/libero/assets

Local assets not found. Downloading from HuggingFace Hub...
Local assets not found. Downloading from HuggingFace Hub...
Assets already downloaded at /root/.cache/libero/assets
Assets already downloaded at /root/.cache/libero/assets
batch libero_spatial:4 A,step real=10/10 43.6 s brain 16.9 s 28 calls 248 rows
20/1290 episodes, 4.46 s/episode, eta 1.57 h
batch libero_spatial:4 A,step real=10/10 34.7 s brain 17.0 s 28 calls 250 rows
30/1290 episodes, 4.13 s/episode, eta 1.45 h
batch libero_spatial:4 A,step real=10/10 33.7 s brain 16.3 s 28 calls 209 rows
40/1290 episodes, 3.94 s/episode, eta 1.37 h
batch libero_spatial:4 A,step real=10/10 35.7 s brain 17.7 s 28 calls 265 rows
50/1290 episodes, 3.87 s/episode, eta 1.33 h
[info] using task orders [0, 1, 2, 3, 4, 5, 6, 7, 8, 9]
[info] using task orders [0, 1, 2, 3, 4, 5, 6, 7, 8, 9]
[info] using task orders [0, 1, 2, 3, 4, 5, 6, 7, 8, 9]
[info] using task orders [0, 1, 2, 3, 4, 5, 6, 7, 8, 9]
[info] using task orders [0, 1, 2, 3, 4, 5, 6, 7, 8, 9]
[info] using task orders [0, 1, 2, 3, 4, 5, 6, 7, 8, 9]
[info] using task orders [0, 1, 2, 3, 4, 5, 6, 7, 8, 9]
[info] using task orders [0, 1, 2, 3, 4, 5, 6, 7, 8, 9]
[info] using task orders [0, 1, 2, 3, 4, 5, 6, 7, 8, 9]
[info] using task orders [0, 1, 2, 3, 4, 5, 6, 7, 8, 9]
[info] using task orders [0, 1, 2, 3, 4, 5, 6, 7, 8, 9]
Local assets not found. Downloading from HuggingFace Hub...Local assets not found. Downloading from HuggingFace Hub...

Assets already downloaded at /root/.cache/libero/assetsAssets already downloaded at /root/.cache/libero/assets

Local assets not found. Downloading from HuggingFace Hub...
Local assets not found. Downloading from HuggingFace Hub...
Assets already downloaded at /root/.cache/libero/assets
Assets already downloaded at /root/.cache/libero/assets
Local assets not found. Downloading from HuggingFace Hub...
Assets already downloaded at /root/.cache/libero/assets
Local assets not found. Downloading from HuggingFace Hub...
Assets already downloaded at /root/.cache/libero/assets
Local assets not found. Downloading from HuggingFace Hub...
Assets already downloaded at /root/.cache/libero/assets
Local assets not found. Downloading from HuggingFace Hub...
Assets already downloaded at /root/.cache/libero/assets
Local assets not found. Downloading from HuggingFace Hub...
Assets already downloaded at /root/.cache/libero/assets
Local assets not found. Downloading from HuggingFace Hub...
Assets already downloaded at /root/.cache/libero/assets
batch libero_spatial:5 A,step real=10/10 43.3 s brain 17.2 s 28 calls 280 rows
60/1290 episodes, 3.98 s/episode, eta 1.36 h
batch libero_spatial:5 A,step real=10/10 33.1 s brain 16.2 s 28 calls 206 rows
70/1290 episodes, 3.89 s/episode, eta 1.32 h
batch libero_spatial:5 A,step real=10/10 32.8 s brain 16.3 s 28 calls 205 rows
80/1290 episodes, 3.81 s/episode, eta 1.28 h
batch libero_spatial:5 A,step real=10/10 34.0 s brain 17.0 s 28 calls 280 rows
90/1290 episodes, 3.76 s/episode, eta 1.25 h
[info] using task orders [0, 1, 2, 3, 4, 5, 6, 7, 8, 9]
[info] using task orders [0, 1, 2, 3, 4, 5, 6, 7, 8, 9]
[info] using task orders [0, 1, 2, 3, 4, 5, 6, 7, 8, 9]
[info] using task orders [0, 1, 2, 3, 4, 5, 6, 7, 8, 9]
[info] using task orders [0, 1, 2, 3, 4, 5, 6, 7, 8, 9]
[info] using task orders [0, 1, 2, 3, 4, 5, 6, 7, 8, 9]
[info] using task orders [0, 1, 2, 3, 4, 5, 6, 7, 8, 9]
[info] using task orders [0, 1, 2, 3, 4, 5, 6, 7, 8, 9]
[info] using task orders [0, 1, 2, 3, 4, 5, 6, 7, 8, 9]
[info] using task orders [0, 1, 2, 3, 4, 5, 6, 7, 8, 9]
[info] using task orders [0, 1, 2, 3, 4, 5, 6, 7, 8, 9]
Local assets not found. Downloading from HuggingFace Hub...
Local assets not found. Downloading from HuggingFace Hub...
Local assets not found. Downloading from HuggingFace Hub...
Assets already downloaded at /root/.cache/libero/assets
Assets already downloaded at /root/.cache/libero/assets
Assets already downloaded at /root/.cache/libero/assets
Local assets not found. Downloading from HuggingFace Hub...
Assets already downloaded at /root/.cache/libero/assets
Local assets not found. Downloading from HuggingFace Hub...
Local assets not found. Downloading from HuggingFace Hub...
Assets already downloaded at /root/.cache/libero/assets
Assets already downloaded at /root/.cache/libero/assets
Local assets not found. Downloading from HuggingFace Hub...
Assets already downloaded at /root/.cache/libero/assets
Local assets not found. Downloading from HuggingFace Hub...
Assets already downloaded at /root/.cache/libero/assets
Local assets not found. Downloading from HuggingFace Hub...
Assets already downloaded at /root/.cache/libero/assets
Local assets not found. Downloading from HuggingFace Hub...
Assets already downloaded at /root/.cache/libero/assets
batch libero_spatial:6 A,step real=10/10 41.2 s brain 15.6 s 28 calls 160 rows
100/1290 episodes, 3.82 s/episode, eta 1.26 h
batch libero_spatial:6 A,step real=10/10 32.4 s brain 16.2 s 28 calls 197 rows
110/1290 episodes, 3.77 s/episode, eta 1.24 h
batch libero_spatial:6 A,step real=10/10 33.4 s brain 16.9 s 28 calls 245 rows
120/1290 episodes, 3.73 s/episode, eta 1.21 h
batch libero_spatial:6 A,step real=10/10 32.7 s brain 16.2 s 28 calls 176 rows
130/1290 episodes, 3.70 s/episode, eta 1.19 h
batch libero_spatial:6 A,step real=10/10 32.6 s brain 16.1 s 28 calls 181 rows
140/1290 episodes, 3.67 s/episode, eta 1.17 h
batch libero_spatial:6 A,step real=10/10 33.3 s brain 17.1 s 28 calls 245 rows
150/1290 episodes, 3.65 s/episode, eta 1.15 h
[info] using task orders [0, 1, 2, 3, 4, 5, 6, 7, 8, 9]
[info] using task orders [0, 1, 2, 3, 4, 5, 6, 7, 8, 9]
[info] using task orders [0, 1, 2, 3, 4, 5, 6, 7, 8, 9]
[info] using task orders [0, 1, 2, 3, 4, 5, 6, 7, 8, 9]
[info] using task orders [0, 1, 2, 3, 4, 5, 6, 7, 8, 9]
[info] using task orders [0, 1, 2, 3, 4, 5, 6, 7, 8, 9]
[info] using task orders [0, 1, 2, 3, 4, 5, 6, 7, 8, 9]
[info] using task orders [0, 1, 2, 3, 4, 5, 6, 7, 8, 9]
[info] using task orders [0, 1, 2, 3, 4, 5, 6, 7, 8, 9]
[info] using task orders [0, 1, 2, 3, 4, 5, 6, 7, 8, 9]
[info] using task orders [0, 1, 2, 3, 4, 5, 6, 7, 8, 9]
Local assets not found. Downloading from HuggingFace Hub...Local assets not found. Downloading from HuggingFace Hub...Local assets not found. Downloading from HuggingFace Hub...


Assets already downloaded at /root/.cache/libero/assetsAssets already downloaded at /root/.cache/libero/assetsAssets already downloaded at /root/.cache/libero/assets


Local assets not found. Downloading from HuggingFace Hub...
Assets already downloaded at /root/.cache/libero/assets
Local assets not found. Downloading from HuggingFace Hub...
Local assets not found. Downloading from HuggingFace Hub...
Local assets not found. Downloading from HuggingFace Hub...
Assets already downloaded at /root/.cache/libero/assets
Assets already downloaded at /root/.cache/libero/assets
Assets already downloaded at /root/.cache/libero/assets
Local assets not found. Downloading from HuggingFace Hub...
Local assets not found. Downloading from HuggingFace Hub...Assets already downloaded at /root/.cache/libero/assets

Assets already downloaded at /root/.cache/libero/assets
Local assets not found. Downloading from HuggingFace Hub...
Assets already downloaded at /root/.cache/libero/assets
batch libero_spatial:7 A,step real=10/10 42.3 s brain 17.0 s 28 calls 249 rows
160/1290 episodes, 3.70 s/episode, eta 1.16 h
batch libero_spatial:7 A,step real=10/10 32.8 s brain 16.2 s 28 calls 202 rows
170/1290 episodes, 3.67 s/episode, eta 1.14 h
batch libero_spatial:7 A,step real=10/10 32.5 s brain 15.9 s 28 calls 199 rows
180/1290 episodes, 3.65 s/episode, eta 1.12 h
batch libero_spatial:7 A,step real=10/10 33.5 s brain 16.7 s 28 calls 249 rows
190/1290 episodes, 3.63 s/episode, eta 1.11 h
batch libero_spatial:7 A,step real=10/10 33.2 s brain 16.4 s 28 calls 218 rows
200/1290 episodes, 3.62 s/episode, eta 1.10 h
batch libero_spatial:7 A,step real=10/10 32.4 s brain 15.9 s 28 calls 199 rows
210/1290 episodes, 3.60 s/episode, eta 1.08 h
[info] using task orders [0, 1, 2, 3, 4, 5, 6, 7, 8, 9]
[info] using task orders [0, 1, 2, 3, 4, 5, 6, 7, 8, 9]
[info] using task orders [0, 1, 2, 3, 4, 5, 6, 7, 8, 9]
[info] using task orders [0, 1, 2, 3, 4, 5, 6, 7, 8, 9]
[info] using task orders [0, 1, 2, 3, 4, 5, 6, 7, 8, 9]
[info] using task orders [0, 1, 2, 3, 4, 5, 6, 7, 8, 9]
[info] using task orders [0, 1, 2, 3, 4, 5, 6, 7, 8, 9]
[info] using task orders [0, 1, 2, 3, 4, 5, 6, 7, 8, 9]
[info] using task orders [0, 1, 2, 3, 4, 5, 6, 7, 8, 9]
[info] using task orders [0, 1, 2, 3, 4, 5, 6, 7, 8, 9]
[info] using task orders [0, 1, 2, 3, 4, 5, 6, 7, 8, 9]
Local assets not found. Downloading from HuggingFace Hub...Local assets not found. Downloading from HuggingFace Hub...Local assets not found. Downloading from HuggingFace Hub...Local assets not found. Downloading from HuggingFace Hub...



Assets already downloaded at /root/.cache/libero/assetsAssets already downloaded at /root/.cache/libero/assetsAssets already downloaded at /root/.cache/libero/assetsAssets already downloaded at /root/.cache/libero/assets



Local assets not found. Downloading from HuggingFace Hub...
Assets already downloaded at /root/.cache/libero/assets
Local assets not found. Downloading from HuggingFace Hub...
Assets already downloaded at /root/.cache/libero/assets
Local assets not found. Downloading from HuggingFace Hub...
Assets already downloaded at /root/.cache/libero/assets
Local assets not found. Downloading from HuggingFace Hub...
Assets already downloaded at /root/.cache/libero/assets
Local assets not found. Downloading from HuggingFace Hub...
Assets already downloaded at /root/.cache/libero/assets
Local assets not found. Downloading from HuggingFace Hub...
Assets already downloaded at /root/.cache/libero/assets
batch libero_spatial:8 A,step real=10/10 43.1 s brain 15.8 s 28 calls 171 rows
220/1290 episodes, 3.64 s/episode, eta 1.08 h
batch libero_spatial:8 A,step real=10/10 34.1 s brain 16.7 s 28 calls 243 rows
230/1290 episodes, 3.63 s/episode, eta 1.07 h
batch libero_spatial:8 A,step real=10/10 31.2 s brain 15.4 s 28 calls 151 rows
240/1290 episodes, 3.61 s/episode, eta 1.05 h
batch libero_spatial:8 A,step real=10/10 33.2 s brain 16.1 s 28 calls 179 rows
250/1290 episodes, 3.60 s/episode, eta 1.04 h
batch libero_spatial:8 A,step real=10/10 33.3 s brain 16.4 s 28 calls 225 rows
260/1290 episodes, 3.59 s/episode, eta 1.03 h
batch libero_spatial:8 A,step real=10/10 31.1 s brain 15.6 s 28 calls 151 rows
270/1290 episodes, 3.57 s/episode, eta 1.01 h
[info] using task orders [0, 1, 2, 3, 4, 5, 6, 7, 8, 9]
[info] using task orders [0, 1, 2, 3, 4, 5, 6, 7, 8, 9]
[info] using task orders [0, 1, 2, 3, 4, 5, 6, 7, 8, 9]
[info] using task orders [0, 1, 2, 3, 4, 5, 6, 7, 8, 9]
[info] using task orders [0, 1, 2, 3, 4, 5, 6, 7, 8, 9]
[info] using task orders [0, 1, 2, 3, 4, 5, 6, 7, 8, 9]
[info] using task orders [0, 1, 2, 3, 4, 5, 6, 7, 8, 9]
[info] using task orders [0, 1, 2, 3, 4, 5, 6, 7, 8, 9]
[info] using task orders [0, 1, 2, 3, 4, 5, 6, 7, 8, 9]
[info] using task orders [0, 1, 2, 3, 4, 5, 6, 7, 8, 9]
[info] using task orders [0, 1, 2, 3, 4, 5, 6, 7, 8, 9]
Local assets not found. Downloading from HuggingFace Hub...
Assets already downloaded at /root/.cache/libero/assets
Local assets not found. Downloading from HuggingFace Hub...
Assets already downloaded at /root/.cache/libero/assets
Local assets not found. Downloading from HuggingFace Hub...
Local assets not found. Downloading from HuggingFace Hub...
Local assets not found. Downloading from HuggingFace Hub...
Assets already downloaded at /root/.cache/libero/assets
Assets already downloaded at /root/.cache/libero/assets
Assets already downloaded at /root/.cache/libero/assets
Local assets not found. Downloading from HuggingFace Hub...
Assets already downloaded at /root/.cache/libero/assets
Local assets not found. Downloading from HuggingFace Hub...
Assets already downloaded at /root/.cache/libero/assets
Local assets not found. Downloading from HuggingFace Hub...
Assets already downloaded at /root/.cache/libero/assets
Local assets not found. Downloading from HuggingFace Hub...
Assets already downloaded at /root/.cache/libero/assets
Local assets not found. Downloading from HuggingFace Hub...
Assets already downloaded at /root/.cache/libero/assets
batch libero_spatial:9 A,step real=10/10 41.8 s brain 16.4 s 28 calls 200 rows
280/1290 episodes, 3.60 s/episode, eta 1.01 h
batch libero_spatial:9 A,step real=10/10 32.5 s brain 16.4 s 28 calls 199 rows
290/1290 episodes, 3.59 s/episode, eta 1.00 h
batch libero_spatial:9 A,step real=10/10 32.5 s brain 16.7 s 28 calls 248 rows
300/1290 episodes, 3.58 s/episode, eta 0.98 h
batch libero_spatial:9 A,step real=10/10 31.2 s brain 15.7 s 28 calls 200 rows
310/1290 episodes, 3.56 s/episode, eta 0.97 h
batch libero_spatial:9 A,step real=10/10 32.1 s brain 16.2 s 28 calls 219 rows
320/1290 episodes, 3.55 s/episode, eta 0.96 h
batch libero_spatial:9 A,step real=10/10 32.2 s brain 16.6 s 28 calls 248 rows
330/1290 episodes, 3.54 s/episode, eta 0.94 h
[info] using task orders [0, 1, 2, 3, 4, 5, 6, 7, 8, 9]
[info] using task orders [0, 1, 2, 3, 4, 5, 6, 7, 8, 9]
[info] using task orders [0, 1, 2, 3, 4, 5, 6, 7, 8, 9]
[info] using task orders [0, 1, 2, 3, 4, 5, 6, 7, 8, 9]
[info] using task orders [0, 1, 2, 3, 4, 5, 6, 7, 8, 9]
[info] using task orders [0, 1, 2, 3, 4, 5, 6, 7, 8, 9]
[info] using task orders [0, 1, 2, 3, 4, 5, 6, 7, 8, 9]
[info] using task orders [0, 1, 2, 3, 4, 5, 6, 7, 8, 9]
[info] using task orders [0, 1, 2, 3, 4, 5, 6, 7, 8, 9]
[info] using task orders [0, 1, 2, 3, 4, 5, 6, 7, 8, 9]
[info] using task orders [0, 1, 2, 3, 4, 5, 6, 7, 8, 9]
Local assets not found. Downloading from HuggingFace Hub...
Assets already downloaded at /root/.cache/libero/assets
Local assets not found. Downloading from HuggingFace Hub...
Assets already downloaded at /root/.cache/libero/assets
Local assets not found. Downloading from HuggingFace Hub...
Local assets not found. Downloading from HuggingFace Hub...
Local assets not found. Downloading from HuggingFace Hub...
Assets already downloaded at /root/.cache/libero/assets
Assets already downloaded at /root/.cache/libero/assetsLocal assets not found. Downloading from HuggingFace Hub...

Assets already downloaded at /root/.cache/libero/assets
Assets already downloaded at /root/.cache/libero/assets
Local assets not found. Downloading from HuggingFace Hub...
Assets already downloaded at /root/.cache/libero/assets
Local assets not found. Downloading from HuggingFace Hub...
Local assets not found. Downloading from HuggingFace Hub...
Assets already downloaded at /root/.cache/libero/assets
Assets already downloaded at /root/.cache/libero/assets
Local assets not found. Downloading from HuggingFace Hub...
Assets already downloaded at /root/.cache/libero/assets
batch libero_object:0 A,step real=10/10 38.5 s brain 16.4 s 28 calls 220 rows
340/1290 episodes, 3.56 s/episode, eta 0.94 h
batch libero_object:0 A,step real=10/10 28.8 s brain 15.8 s 28 calls 174 rows
350/1290 episodes, 3.54 s/episode, eta 0.92 h
batch libero_object:0 A,step real=10/10 29.1 s brain 16.0 s 28 calls 207 rows
360/1290 episodes, 3.52 s/episode, eta 0.91 h
batch libero_object:0 A,step real=10/10 30.0 s brain 16.5 s 28 calls 211 rows
370/1290 episodes, 3.51 s/episode, eta 0.90 h
batch libero_object:0 A,step real=10/10 28.9 s brain 16.1 s 28 calls 174 rows
380/1290 episodes, 3.49 s/episode, eta 0.88 h
batch libero_object:0 A,step real=10/10 30.0 s brain 16.5 s 28 calls 199 rows
390/1290 episodes, 3.48 s/episode, eta 0.87 h
[info] using task orders [0, 1, 2, 3, 4, 5, 6, 7, 8, 9]
[info] using task orders [0, 1, 2, 3, 4, 5, 6, 7, 8, 9]
[info] using task orders [0, 1, 2, 3, 4, 5, 6, 7, 8, 9]
[info] using task orders [0, 1, 2, 3, 4, 5, 6, 7, 8, 9]
[info] using task orders [0, 1, 2, 3, 4, 5, 6, 7, 8, 9]
[info] using task orders [0, 1, 2, 3, 4, 5, 6, 7, 8, 9]
[info] using task orders [0, 1, 2, 3, 4, 5, 6, 7, 8, 9]
[info] using task orders [0, 1, 2, 3, 4, 5, 6, 7, 8, 9]
[info] using task orders [0, 1, 2, 3, 4, 5, 6, 7, 8, 9]
[info] using task orders [0, 1, 2, 3, 4, 5, 6, 7, 8, 9]
[info] using task orders [0, 1, 2, 3, 4, 5, 6, 7, 8, 9]
Local assets not found. Downloading from HuggingFace Hub...
Assets already downloaded at /root/.cache/libero/assets
Local assets not found. Downloading from HuggingFace Hub...
Assets already downloaded at /root/.cache/libero/assets
Local assets not found. Downloading from HuggingFace Hub...
Local assets not found. Downloading from HuggingFace Hub...
Assets already downloaded at /root/.cache/libero/assets
Assets already downloaded at /root/.cache/libero/assets
Local assets not found. Downloading from HuggingFace Hub...
Assets already downloaded at /root/.cache/libero/assetsLocal assets not found. Downloading from HuggingFace Hub...

Assets already downloaded at /root/.cache/libero/assets
Local assets not found. Downloading from HuggingFace Hub...
Assets already downloaded at /root/.cache/libero/assets
Local assets not found. Downloading from HuggingFace Hub...
Assets already downloaded at /root/.cache/libero/assets
Local assets not found. Downloading from HuggingFace Hub...
Assets already downloaded at /root/.cache/libero/assets
Local assets not found. Downloading from HuggingFace Hub...
Assets already downloaded at /root/.cache/libero/assets
batch libero_object:1 A,step real=10/10 37.4 s brain 16.3 s 28 calls 186 rows
400/1290 episodes, 3.49 s/episode, eta 0.86 h
batch libero_object:1 A,step real=10/10 27.3 s brain 15.4 s 28 calls 142 rows
410/1290 episodes, 3.47 s/episode, eta 0.85 h
batch libero_object:1 A,step real=10/10 27.8 s brain 15.3 s 28 calls 153 rows
420/1290 episodes, 3.46 s/episode, eta 0.84 h
batch libero_object:1 A,step real=10/10 28.4 s brain 16.0 s 28 calls 188 rows
430/1290 episodes, 3.44 s/episode, eta 0.82 h
batch libero_object:1 A,step real=10/10 17.1 s brain 9.0 s 15 calls 127 rows
440/1290 episodes, 3.40 s/episode, eta 0.80 h
batch libero_object:1 A,step real=10/10 28.3 s brain 15.6 s 28 calls 155 rows
450/1290 episodes, 3.39 s/episode, eta 0.79 h
[info] using task orders [0, 1, 2, 3, 4, 5, 6, 7, 8, 9]
[info] using task orders [0, 1, 2, 3, 4, 5, 6, 7, 8, 9]
[info] using task orders [0, 1, 2, 3, 4, 5, 6, 7, 8, 9]
[info] using task orders [0, 1, 2, 3, 4, 5, 6, 7, 8, 9]
[info] using task orders [0, 1, 2, 3, 4, 5, 6, 7, 8, 9]
[info] using task orders [0, 1, 2, 3, 4, 5, 6, 7, 8, 9]
[info] using task orders [0, 1, 2, 3, 4, 5, 6, 7, 8, 9]
[info] using task orders [0, 1, 2, 3, 4, 5, 6, 7, 8, 9]
[info] using task orders [0, 1, 2, 3, 4, 5, 6, 7, 8, 9]
[info] using task orders [0, 1, 2, 3, 4, 5, 6, 7, 8, 9]
[info] using task orders [0, 1, 2, 3, 4, 5, 6, 7, 8, 9]
Local assets not found. Downloading from HuggingFace Hub...Local assets not found. Downloading from HuggingFace Hub...

Assets already downloaded at /root/.cache/libero/assetsAssets already downloaded at /root/.cache/libero/assets

Local assets not found. Downloading from HuggingFace Hub...
Assets already downloaded at /root/.cache/libero/assets
Local assets not found. Downloading from HuggingFace Hub...
Local assets not found. Downloading from HuggingFace Hub...
Assets already downloaded at /root/.cache/libero/assets
Assets already downloaded at /root/.cache/libero/assets
Local assets not found. Downloading from HuggingFace Hub...
Assets already downloaded at /root/.cache/libero/assets
Local assets not found. Downloading from HuggingFace Hub...
Local assets not found. Downloading from HuggingFace Hub...
Local assets not found. Downloading from HuggingFace Hub...
Assets already downloaded at /root/.cache/libero/assets
Assets already downloaded at /root/.cache/libero/assets
Assets already downloaded at /root/.cache/libero/assets
Local assets not found. Downloading from HuggingFace Hub...
Assets already downloaded at /root/.cache/libero/assets
batch libero_object:2 A,step real=10/10 26.0 s brain 9.5 s 16 calls 125 rows
460/1290 episodes, 3.38 s/episode, eta 0.78 h
batch libero_object:2 A,step real=10/10 20.9 s brain 10.9 s 19 calls 134 rows
470/1290 episodes, 3.35 s/episode, eta 0.76 h
batch libero_object:2 A,step real=10/10 27.8 s brain 15.4 s 28 calls 149 rows
480/1290 episodes, 3.34 s/episode, eta 0.75 h
batch libero_object:2 A,step real=10/10 17.5 s brain 8.9 s 15 calls 124 rows
490/1290 episodes, 3.31 s/episode, eta 0.73 h
batch libero_object:2 A,step real=10/10 21.0 s brain 11.3 s 19 calls 133 rows
500/1290 episodes, 3.28 s/episode, eta 0.72 h
batch libero_object:2 A,step real=10/10 20.2 s brain 10.7 s 18 calls 139 rows
510/1290 episodes, 3.26 s/episode, eta 0.71 h
[info] using task orders [0, 1, 2, 3, 4, 5, 6, 7, 8, 9]
[info] using task orders [0, 1, 2, 3, 4, 5, 6, 7, 8, 9]
[info] using task orders [0, 1, 2, 3, 4, 5, 6, 7, 8, 9]
[info] using task orders [0, 1, 2, 3, 4, 5, 6, 7, 8, 9]
[info] using task orders [0, 1, 2, 3, 4, 5, 6, 7, 8, 9]
[info] using task orders [0, 1, 2, 3, 4, 5, 6, 7, 8, 9]
[info] using task orders [0, 1, 2, 3, 4, 5, 6, 7, 8, 9]
[info] using task orders [0, 1, 2, 3, 4, 5, 6, 7, 8, 9]
[info] using task orders [0, 1, 2, 3, 4, 5, 6, 7, 8, 9]
[info] using task orders [0, 1, 2, 3, 4, 5, 6, 7, 8, 9]
[info] using task orders [0, 1, 2, 3, 4, 5, 6, 7, 8, 9]
Local assets not found. Downloading from HuggingFace Hub...Local assets not found. Downloading from HuggingFace Hub...Local assets not found. Downloading from HuggingFace Hub...


Local assets not found. Downloading from HuggingFace Hub...
Assets already downloaded at /root/.cache/libero/assetsAssets already downloaded at /root/.cache/libero/assetsAssets already downloaded at /root/.cache/libero/assetsAssets already downloaded at /root/.cache/libero/assets



Local assets not found. Downloading from HuggingFace Hub...
Local assets not found. Downloading from HuggingFace Hub...
Assets already downloaded at /root/.cache/libero/assets
Local assets not found. Downloading from HuggingFace Hub...Assets already downloaded at /root/.cache/libero/assets

Assets already downloaded at /root/.cache/libero/assets
Local assets not found. Downloading from HuggingFace Hub...Local assets not found. Downloading from HuggingFace Hub...

Assets already downloaded at /root/.cache/libero/assets
Assets already downloaded at /root/.cache/libero/assets
Local assets not found. Downloading from HuggingFace Hub...
Assets already downloaded at /root/.cache/libero/assets
batch libero_object:3 A,step real=10/10 36.0 s brain 15.8 s 28 calls 150 rows
520/1290 episodes, 3.27 s/episode, eta 0.70 h
batch libero_object:3 A,step real=10/10 28.3 s brain 15.9 s 28 calls 171 rows
530/1290 episodes, 3.26 s/episode, eta 0.69 h
batch libero_object:3 A,step real=10/10 27.9 s brain 15.7 s 28 calls 176 rows
540/1290 episodes, 3.25 s/episode, eta 0.68 h
batch libero_object:3 A,step real=10/10 27.8 s brain 15.5 s 28 calls 150 rows
550/1290 episodes, 3.24 s/episode, eta 0.67 h
batch libero_object:3 A,step real=10/10 27.7 s brain 15.6 s 28 calls 168 rows
560/1290 episodes, 3.23 s/episode, eta 0.66 h
batch libero_object:3 A,step real=10/10 28.2 s brain 16.0 s 28 calls 197 rows
570/1290 episodes, 3.23 s/episode, eta 0.65 h
[info] using task orders [0, 1, 2, 3, 4, 5, 6, 7, 8, 9]
[info] using task orders [0, 1, 2, 3, 4, 5, 6, 7, 8, 9]
[info] using task orders [0, 1, 2, 3, 4, 5, 6, 7, 8, 9]
[info] using task orders [0, 1, 2, 3, 4, 5, 6, 7, 8, 9]
[info] using task orders [0, 1, 2, 3, 4, 5, 6, 7, 8, 9]
[info] using task orders [0, 1, 2, 3, 4, 5, 6, 7, 8, 9]
[info] using task orders [0, 1, 2, 3, 4, 5, 6, 7, 8, 9]
[info] using task orders [0, 1, 2, 3, 4, 5, 6, 7, 8, 9]
[info] using task orders [0, 1, 2, 3, 4, 5, 6, 7, 8, 9]
[info] using task orders [0, 1, 2, 3, 4, 5, 6, 7, 8, 9]
[info] using task orders [0, 1, 2, 3, 4, 5, 6, 7, 8, 9]
Local assets not found. Downloading from HuggingFace Hub...
Assets already downloaded at /root/.cache/libero/assets
Local assets not found. Downloading from HuggingFace Hub...
Local assets not found. Downloading from HuggingFace Hub...
Assets already downloaded at /root/.cache/libero/assets
Assets already downloaded at /root/.cache/libero/assets
Local assets not found. Downloading from HuggingFace Hub...
Local assets not found. Downloading from HuggingFace Hub...
Assets already downloaded at /root/.cache/libero/assetsAssets already downloaded at /root/.cache/libero/assets

Local assets not found. Downloading from HuggingFace Hub...Local assets not found. Downloading from HuggingFace Hub...

Local assets not found. Downloading from HuggingFace Hub...
Assets already downloaded at /root/.cache/libero/assetsAssets already downloaded at /root/.cache/libero/assets

Local assets not found. Downloading from HuggingFace Hub...Assets already downloaded at /root/.cache/libero/assets

Local assets not found. Downloading from HuggingFace Hub...
Assets already downloaded at /root/.cache/libero/assets
Assets already downloaded at /root/.cache/libero/assets
batch libero_object:4 A,step real=10/10 37.0 s brain 16.2 s 28 calls 184 rows
580/1290 episodes, 3.24 s/episode, eta 0.64 h
batch libero_object:4 A,step real=10/10 27.9 s brain 15.6 s 28 calls 168 rows
590/1290 episodes, 3.23 s/episode, eta 0.63 h
batch libero_object:4 A,step real=10/10 28.7 s brain 16.3 s 28 calls 184 rows
600/1290 episodes, 3.23 s/episode, eta 0.62 h
batch libero_object:4 A,step real=10/10 28.2 s brain 15.9 s 28 calls 189 rows
610/1290 episodes, 3.22 s/episode, eta 0.61 h
batch libero_object:4 A,step real=10/10 27.8 s brain 15.6 s 28 calls 168 rows
620/1290 episodes, 3.21 s/episode, eta 0.60 h
batch libero_object:4 A,step real=10/10 28.2 s brain 15.9 s 28 calls 192 rows
630/1290 episodes, 3.21 s/episode, eta 0.59 h
[info] using task orders [0, 1, 2, 3, 4, 5, 6, 7, 8, 9]
[info] using task orders [0, 1, 2, 3, 4, 5, 6, 7, 8, 9]
[info] using task orders [0, 1, 2, 3, 4, 5, 6, 7, 8, 9]
[info] using task orders [0, 1, 2, 3, 4, 5, 6, 7, 8, 9]
[info] using task orders [0, 1, 2, 3, 4, 5, 6, 7, 8, 9]
[info] using task orders [0, 1, 2, 3, 4, 5, 6, 7, 8, 9]
[info] using task orders [0, 1, 2, 3, 4, 5, 6, 7, 8, 9]
[info] using task orders [0, 1, 2, 3, 4, 5, 6, 7, 8, 9]
[info] using task orders [0, 1, 2, 3, 4, 5, 6, 7, 8, 9]
[info] using task orders [0, 1, 2, 3, 4, 5, 6, 7, 8, 9]
[info] using task orders [0, 1, 2, 3, 4, 5, 6, 7, 8, 9]
Local assets not found. Downloading from HuggingFace Hub...
Assets already downloaded at /root/.cache/libero/assets
Local assets not found. Downloading from HuggingFace Hub...
Assets already downloaded at /root/.cache/libero/assets
Local assets not found. Downloading from HuggingFace Hub...
Local assets not found. Downloading from HuggingFace Hub...
Assets already downloaded at /root/.cache/libero/assets
Assets already downloaded at /root/.cache/libero/assets
Local assets not found. Downloading from HuggingFace Hub...Local assets not found. Downloading from HuggingFace Hub...

Assets already downloaded at /root/.cache/libero/assets
Assets already downloaded at /root/.cache/libero/assets
Local assets not found. Downloading from HuggingFace Hub...
Assets already downloaded at /root/.cache/libero/assets
Local assets not found. Downloading from HuggingFace Hub...
Local assets not found. Downloading from HuggingFace Hub...
Assets already downloaded at /root/.cache/libero/assets
Assets already downloaded at /root/.cache/libero/assets
Local assets not found. Downloading from HuggingFace Hub...
Assets already downloaded at /root/.cache/libero/assets
batch libero_object:5 A,step real=10/10 37.3 s brain 16.3 s 28 calls 232 rows
640/1290 episodes, 3.22 s/episode, eta 0.58 h
batch libero_object:5 A,step real=10/10 29.9 s brain 16.4 s 28 calls 230 rows
650/1290 episodes, 3.21 s/episode, eta 0.57 h
batch libero_object:5 A,step real=10/10 29.0 s brain 15.6 s 28 calls 176 rows
660/1290 episodes, 3.21 s/episode, eta 0.56 h
batch libero_object:5 A,step real=10/10 29.6 s brain 16.3 s 28 calls 232 rows
670/1290 episodes, 3.20 s/episode, eta 0.55 h
batch libero_object:5 A,step real=10/10 29.3 s brain 16.3 s 28 calls 218 rows
680/1290 episodes, 3.20 s/episode, eta 0.54 h
batch libero_object:5 A,step real=10/10 28.4 s brain 15.5 s 28 calls 172 rows
690/1290 episodes, 3.20 s/episode, eta 0.53 h
[info] using task orders [0, 1, 2, 3, 4, 5, 6, 7, 8, 9]
[info] using task orders [0, 1, 2, 3, 4, 5, 6, 7, 8, 9]
[info] using task orders [0, 1, 2, 3, 4, 5, 6, 7, 8, 9]
[info] using task orders [0, 1, 2, 3, 4, 5, 6, 7, 8, 9]
[info] using task orders [0, 1, 2, 3, 4, 5, 6, 7, 8, 9]
[info] using task orders [0, 1, 2, 3, 4, 5, 6, 7, 8, 9]
[info] using task orders [0, 1, 2, 3, 4, 5, 6, 7, 8, 9]
[info] using task orders [0, 1, 2, 3, 4, 5, 6, 7, 8, 9]
[info] using task orders [0, 1, 2, 3, 4, 5, 6, 7, 8, 9]
[info] using task orders [0, 1, 2, 3, 4, 5, 6, 7, 8, 9]
[info] using task orders [0, 1, 2, 3, 4, 5, 6, 7, 8, 9]
Local assets not found. Downloading from HuggingFace Hub...
Assets already downloaded at /root/.cache/libero/assets
Local assets not found. Downloading from HuggingFace Hub...
Assets already downloaded at /root/.cache/libero/assets
Local assets not found. Downloading from HuggingFace Hub...
Local assets not found. Downloading from HuggingFace Hub...
Local assets not found. Downloading from HuggingFace Hub...
Assets already downloaded at /root/.cache/libero/assets
Local assets not found. Downloading from HuggingFace Hub...
Assets already downloaded at /root/.cache/libero/assetsAssets already downloaded at /root/.cache/libero/assets

Local assets not found. Downloading from HuggingFace Hub...
Assets already downloaded at /root/.cache/libero/assets
Assets already downloaded at /root/.cache/libero/assets
Local assets not found. Downloading from HuggingFace Hub...
Assets already downloaded at /root/.cache/libero/assets
Local assets not found. Downloading from HuggingFace Hub...
Local assets not found. Downloading from HuggingFace Hub...
Assets already downloaded at /root/.cache/libero/assets
Assets already downloaded at /root/.cache/libero/assets
batch libero_object:6 A,step real=10/10 36.0 s brain 15.3 s 28 calls 169 rows
700/1290 episodes, 3.20 s/episode, eta 0.53 h
batch libero_object:6 A,step real=10/10 28.0 s brain 15.6 s 28 calls 170 rows
710/1290 episodes, 3.20 s/episode, eta 0.52 h
batch libero_object:6 A,step real=10/10 28.3 s brain 15.8 s 28 calls 171 rows
720/1290 episodes, 3.19 s/episode, eta 0.51 h
batch libero_object:6 A,step real=10/10 27.7 s brain 15.6 s 28 calls 170 rows
730/1290 episodes, 3.19 s/episode, eta 0.50 h
batch libero_object:6 A,step real=10/10 22.9 s brain 12.4 s 21 calls 163 rows
740/1290 episodes, 3.18 s/episode, eta 0.49 h
batch libero_object:6 A,step real=10/10 27.8 s brain 15.4 s 28 calls 170 rows
750/1290 episodes, 3.17 s/episode, eta 0.48 h
[info] using task orders [0, 1, 2, 3, 4, 5, 6, 7, 8, 9]
[info] using task orders [0, 1, 2, 3, 4, 5, 6, 7, 8, 9]
[info] using task orders [0, 1, 2, 3, 4, 5, 6, 7, 8, 9]
[info] using task orders [0, 1, 2, 3, 4, 5, 6, 7, 8, 9]
[info] using task orders [0, 1, 2, 3, 4, 5, 6, 7, 8, 9]
[info] using task orders [0, 1, 2, 3, 4, 5, 6, 7, 8, 9]
[info] using task orders [0, 1, 2, 3, 4, 5, 6, 7, 8, 9]
[info] using task orders [0, 1, 2, 3, 4, 5, 6, 7, 8, 9]
[info] using task orders [0, 1, 2, 3, 4, 5, 6, 7, 8, 9]
[info] using task orders [0, 1, 2, 3, 4, 5, 6, 7, 8, 9]
[info] using task orders [0, 1, 2, 3, 4, 5, 6, 7, 8, 9]
Local assets not found. Downloading from HuggingFace Hub...
Assets already downloaded at /root/.cache/libero/assets
Local assets not found. Downloading from HuggingFace Hub...
Assets already downloaded at /root/.cache/libero/assets
Local assets not found. Downloading from HuggingFace Hub...
Local assets not found. Downloading from HuggingFace Hub...
Assets already downloaded at /root/.cache/libero/assets
Assets already downloaded at /root/.cache/libero/assets
Local assets not found. Downloading from HuggingFace Hub...
Assets already downloaded at /root/.cache/libero/assets
Local assets not found. Downloading from HuggingFace Hub...Local assets not found. Downloading from HuggingFace Hub...

Assets already downloaded at /root/.cache/libero/assetsAssets already downloaded at /root/.cache/libero/assets

Local assets not found. Downloading from HuggingFace Hub...
Local assets not found. Downloading from HuggingFace Hub...Assets already downloaded at /root/.cache/libero/assets

Assets already downloaded at /root/.cache/libero/assets
Local assets not found. Downloading from HuggingFace Hub...
Assets already downloaded at /root/.cache/libero/assets
batch libero_object:7 A,step real=10/10 36.4 s brain 16.1 s 28 calls 204 rows
760/1290 episodes, 3.18 s/episode, eta 0.47 h
batch libero_object:7 A,step real=10/10 28.0 s brain 16.0 s 28 calls 210 rows
770/1290 episodes, 3.18 s/episode, eta 0.46 h
batch libero_object:7 A,step real=10/10 28.1 s brain 16.0 s 28 calls 223 rows
780/1290 episodes, 3.17 s/episode, eta 0.45 h
batch libero_object:7 A,step real=10/10 28.2 s brain 15.7 s 28 calls 209 rows
790/1290 episodes, 3.17 s/episode, eta 0.44 h
batch libero_object:7 A,step real=10/10 28.0 s brain 15.8 s 28 calls 210 rows
800/1290 episodes, 3.16 s/episode, eta 0.43 h
batch libero_object:7 A,step real=10/10 28.4 s brain 15.8 s 28 calls 211 rows
810/1290 episodes, 3.16 s/episode, eta 0.42 h
[info] using task orders [0, 1, 2, 3, 4, 5, 6, 7, 8, 9]
[info] using task orders [0, 1, 2, 3, 4, 5, 6, 7, 8, 9]
[info] using task orders [0, 1, 2, 3, 4, 5, 6, 7, 8, 9]
[info] using task orders [0, 1, 2, 3, 4, 5, 6, 7, 8, 9]
[info] using task orders [0, 1, 2, 3, 4, 5, 6, 7, 8, 9]
[info] using task orders [0, 1, 2, 3, 4, 5, 6, 7, 8, 9]
[info] using task orders [0, 1, 2, 3, 4, 5, 6, 7, 8, 9]
[info] using task orders [0, 1, 2, 3, 4, 5, 6, 7, 8, 9]
[info] using task orders [0, 1, 2, 3, 4, 5, 6, 7, 8, 9]
[info] using task orders [0, 1, 2, 3, 4, 5, 6, 7, 8, 9]
[info] using task orders [0, 1, 2, 3, 4, 5, 6, 7, 8, 9]
Local assets not found. Downloading from HuggingFace Hub...
Assets already downloaded at /root/.cache/libero/assets
Local assets not found. Downloading from HuggingFace Hub...
Local assets not found. Downloading from HuggingFace Hub...
Assets already downloaded at /root/.cache/libero/assetsAssets already downloaded at /root/.cache/libero/assets

Local assets not found. Downloading from HuggingFace Hub...
Assets already downloaded at /root/.cache/libero/assets
Local assets not found. Downloading from HuggingFace Hub...
Assets already downloaded at /root/.cache/libero/assets
Local assets not found. Downloading from HuggingFace Hub...
Assets already downloaded at /root/.cache/libero/assets
Local assets not found. Downloading from HuggingFace Hub...
Assets already downloaded at /root/.cache/libero/assets
Local assets not found. Downloading from HuggingFace Hub...
Local assets not found. Downloading from HuggingFace Hub...
Assets already downloaded at /root/.cache/libero/assets
Assets already downloaded at /root/.cache/libero/assets
Local assets not found. Downloading from HuggingFace Hub...
Assets already downloaded at /root/.cache/libero/assets
batch libero_object:8 A,step real=10/10 36.1 s brain 15.8 s 28 calls 201 rows
820/1290 episodes, 3.17 s/episode, eta 0.41 h
batch libero_object:8 A,step real=10/10 27.1 s brain 14.8 s 27 calls 169 rows
830/1290 episodes, 3.16 s/episode, eta 0.40 h
batch libero_object:8 A,step real=10/10 21.0 s brain 11.4 s 20 calls 155 rows
840/1290 episodes, 3.15 s/episode, eta 0.39 h
batch libero_object:8 A,step real=10/10 28.4 s brain 16.0 s 28 calls 210 rows
850/1290 episodes, 3.14 s/episode, eta 0.38 h
batch libero_object:8 A,step real=10/10 27.6 s brain 15.2 s 27 calls 169 rows
860/1290 episodes, 3.14 s/episode, eta 0.38 h
batch libero_object:8 A,step real=10/10 20.6 s brain 11.0 s 19 calls 154 rows
870/1290 episodes, 3.13 s/episode, eta 0.36 h
[info] using task orders [0, 1, 2, 3, 4, 5, 6, 7, 8, 9]
[info] using task orders [0, 1, 2, 3, 4, 5, 6, 7, 8, 9]
[info] using task orders [0, 1, 2, 3, 4, 5, 6, 7, 8, 9]
[info] using task orders [0, 1, 2, 3, 4, 5, 6, 7, 8, 9]
[info] using task orders [0, 1, 2, 3, 4, 5, 6, 7, 8, 9]
[info] using task orders [0, 1, 2, 3, 4, 5, 6, 7, 8, 9]
[info] using task orders [0, 1, 2, 3, 4, 5, 6, 7, 8, 9]
[info] using task orders [0, 1, 2, 3, 4, 5, 6, 7, 8, 9]
[info] using task orders [0, 1, 2, 3, 4, 5, 6, 7, 8, 9]
[info] using task orders [0, 1, 2, 3, 4, 5, 6, 7, 8, 9]
[info] using task orders [0, 1, 2, 3, 4, 5, 6, 7, 8, 9]
Local assets not found. Downloading from HuggingFace Hub...
Assets already downloaded at /root/.cache/libero/assets
Local assets not found. Downloading from HuggingFace Hub...Local assets not found. Downloading from HuggingFace Hub...

Local assets not found. Downloading from HuggingFace Hub...
Assets already downloaded at /root/.cache/libero/assetsAssets already downloaded at /root/.cache/libero/assets

Assets already downloaded at /root/.cache/libero/assets
Local assets not found. Downloading from HuggingFace Hub...
Assets already downloaded at /root/.cache/libero/assets
Local assets not found. Downloading from HuggingFace Hub...
Assets already downloaded at /root/.cache/libero/assets
Local assets not found. Downloading from HuggingFace Hub...
Local assets not found. Downloading from HuggingFace Hub...
Assets already downloaded at /root/.cache/libero/assets
Assets already downloaded at /root/.cache/libero/assets
Local assets not found. Downloading from HuggingFace Hub...
Assets already downloaded at /root/.cache/libero/assets
Local assets not found. Downloading from HuggingFace Hub...
Assets already downloaded at /root/.cache/libero/assets
batch libero_object:9 A,step real=10/10 35.5 s brain 15.6 s 28 calls 165 rows
880/1290 episodes, 3.13 s/episode, eta 0.36 h
batch libero_object:9 A,step real=10/10 27.7 s brain 15.6 s 28 calls 172 rows
890/1290 episodes, 3.13 s/episode, eta 0.35 h
batch libero_object:9 A,step real=10/10 28.5 s brain 15.6 s 28 calls 159 rows
900/1290 episodes, 3.13 s/episode, eta 0.34 h
batch libero_object:9 A,step real=10/10 28.4 s brain 15.5 s 28 calls 164 rows
910/1290 episodes, 3.12 s/episode, eta 0.33 h
batch libero_object:9 A,step real=10/10 28.3 s brain 15.5 s 28 calls 172 rows
920/1290 episodes, 3.12 s/episode, eta 0.32 h
batch libero_object:9 A,step real=10/10 27.8 s brain 15.4 s 28 calls 160 rows
930/1290 episodes, 3.12 s/episode, eta 0.31 h
[info] using task orders [0, 1, 2, 3, 4, 5, 6, 7, 8, 9]
[info] using task orders [0, 1, 2, 3, 4, 5, 6, 7, 8, 9]
[info] using task orders [0, 1, 2, 3, 4, 5, 6, 7, 8, 9]
[info] using task orders [0, 1, 2, 3, 4, 5, 6, 7, 8, 9]
[info] using task orders [0, 1, 2, 3, 4, 5, 6, 7, 8, 9]
[info] using task orders [0, 1, 2, 3, 4, 5, 6, 7, 8, 9]
[info] using task orders [0, 1, 2, 3, 4, 5, 6, 7, 8, 9]
[info] using task orders [0, 1, 2, 3, 4, 5, 6, 7, 8, 9]
[info] using task orders [0, 1, 2, 3, 4, 5, 6, 7, 8, 9]
[info] using task orders [0, 1, 2, 3, 4, 5, 6, 7, 8, 9]
[info] using task orders [0, 1, 2, 3, 4, 5, 6, 7, 8, 9]
Local assets not found. Downloading from HuggingFace Hub...Local assets not found. Downloading from HuggingFace Hub...

Assets already downloaded at /root/.cache/libero/assetsAssets already downloaded at /root/.cache/libero/assets

Local assets not found. Downloading from HuggingFace Hub...
Local assets not found. Downloading from HuggingFace Hub...
Assets already downloaded at /root/.cache/libero/assets
Assets already downloaded at /root/.cache/libero/assets
Local assets not found. Downloading from HuggingFace Hub...
Assets already downloaded at /root/.cache/libero/assets
Local assets not found. Downloading from HuggingFace Hub...
Assets already downloaded at /root/.cache/libero/assets
Local assets not found. Downloading from HuggingFace Hub...
Assets already downloaded at /root/.cache/libero/assets
Local assets not found. Downloading from HuggingFace Hub...
Local assets not found. Downloading from HuggingFace Hub...
Assets already downloaded at /root/.cache/libero/assets
Assets already downloaded at /root/.cache/libero/assets
Local assets not found. Downloading from HuggingFace Hub...
Assets already downloaded at /root/.cache/libero/assets
batch libero_goal:1 A,step real=10/10 38.6 s brain 16.7 s 30 calls 131 rows
940/1290 episodes, 3.13 s/episode, eta 0.30 h
batch libero_goal:1 A,step real=10/10 30.7 s brain 16.6 s 30 calls 174 rows
950/1290 episodes, 3.13 s/episode, eta 0.30 h
batch libero_goal:1 A,step real=10/10 30.6 s brain 16.5 s 30 calls 152 rows
960/1290 episodes, 3.13 s/episode, eta 0.29 h
batch libero_goal:1 A,step real=10/10 31.3 s brain 16.3 s 30 calls 132 rows
970/1290 episodes, 3.13 s/episode, eta 0.28 h
batch libero_goal:1 A,step real=10/10 30.5 s brain 16.7 s 30 calls 174 rows
980/1290 episodes, 3.13 s/episode, eta 0.27 h
batch libero_goal:1 A,step real=10/10 29.9 s brain 16.4 s 30 calls 152 rows
990/1290 episodes, 3.12 s/episode, eta 0.26 h
[info] using task orders [0, 1, 2, 3, 4, 5, 6, 7, 8, 9]
[info] using task orders [0, 1, 2, 3, 4, 5, 6, 7, 8, 9]
[info] using task orders [0, 1, 2, 3, 4, 5, 6, 7, 8, 9]
[info] using task orders [0, 1, 2, 3, 4, 5, 6, 7, 8, 9]
[info] using task orders [0, 1, 2, 3, 4, 5, 6, 7, 8, 9]
[info] using task orders [0, 1, 2, 3, 4, 5, 6, 7, 8, 9]
[info] using task orders [0, 1, 2, 3, 4, 5, 6, 7, 8, 9]
[info] using task orders [0, 1, 2, 3, 4, 5, 6, 7, 8, 9]
[info] using task orders [0, 1, 2, 3, 4, 5, 6, 7, 8, 9]
[info] using task orders [0, 1, 2, 3, 4, 5, 6, 7, 8, 9]
[info] using task orders [0, 1, 2, 3, 4, 5, 6, 7, 8, 9]
Local assets not found. Downloading from HuggingFace Hub...
Assets already downloaded at /root/.cache/libero/assetsLocal assets not found. Downloading from HuggingFace Hub...

Assets already downloaded at /root/.cache/libero/assets
Local assets not found. Downloading from HuggingFace Hub...
Local assets not found. Downloading from HuggingFace Hub...
Assets already downloaded at /root/.cache/libero/assets
Assets already downloaded at /root/.cache/libero/assets
Local assets not found. Downloading from HuggingFace Hub...
Local assets not found. Downloading from HuggingFace Hub...
Local assets not found. Downloading from HuggingFace Hub...
Assets already downloaded at /root/.cache/libero/assets
Assets already downloaded at /root/.cache/libero/assetsAssets already downloaded at /root/.cache/libero/assets

Local assets not found. Downloading from HuggingFace Hub...
Assets already downloaded at /root/.cache/libero/assets
Local assets not found. Downloading from HuggingFace Hub...Local assets not found. Downloading from HuggingFace Hub...

Assets already downloaded at /root/.cache/libero/assetsAssets already downloaded at /root/.cache/libero/assets

batch libero_goal:2 A,step real=10/10 37.9 s brain 15.8 s 30 calls 117 rows
1000/1290 episodes, 3.13 s/episode, eta 0.25 h
batch libero_goal:2 A,step real=10/10 30.6 s brain 16.8 s 30 calls 199 rows
1010/1290 episodes, 3.13 s/episode, eta 0.24 h
batch libero_goal:2 A,step real=10/10 31.2 s brain 17.5 s 30 calls 238 rows
1020/1290 episodes, 3.13 s/episode, eta 0.23 h
batch libero_goal:2 A,step real=10/10 29.8 s brain 16.0 s 30 calls 117 rows
1030/1290 episodes, 3.13 s/episode, eta 0.23 h
batch libero_goal:2 A,step real=10/10 30.9 s brain 16.9 s 30 calls 199 rows
1040/1290 episodes, 3.13 s/episode, eta 0.22 h
batch libero_goal:2 A,step real=10/10 31.2 s brain 17.5 s 30 calls 238 rows
1050/1290 episodes, 3.13 s/episode, eta 0.21 h
[info] using task orders [0, 1, 2, 3, 4, 5, 6, 7, 8, 9]
[info] using task orders [0, 1, 2, 3, 4, 5, 6, 7, 8, 9]
[info] using task orders [0, 1, 2, 3, 4, 5, 6, 7, 8, 9]
[info] using task orders [0, 1, 2, 3, 4, 5, 6, 7, 8, 9]
[info] using task orders [0, 1, 2, 3, 4, 5, 6, 7, 8, 9]
[info] using task orders [0, 1, 2, 3, 4, 5, 6, 7, 8, 9]
[info] using task orders [0, 1, 2, 3, 4, 5, 6, 7, 8, 9]
[info] using task orders [0, 1, 2, 3, 4, 5, 6, 7, 8, 9]
[info] using task orders [0, 1, 2, 3, 4, 5, 6, 7, 8, 9]
[info] using task orders [0, 1, 2, 3, 4, 5, 6, 7, 8, 9]
[info] using task orders [0, 1, 2, 3, 4, 5, 6, 7, 8, 9]
Local assets not found. Downloading from HuggingFace Hub...Local assets not found. Downloading from HuggingFace Hub...

Local assets not found. Downloading from HuggingFace Hub...
Assets already downloaded at /root/.cache/libero/assetsAssets already downloaded at /root/.cache/libero/assets

Assets already downloaded at /root/.cache/libero/assets
Local assets not found. Downloading from HuggingFace Hub...
Assets already downloaded at /root/.cache/libero/assets
Local assets not found. Downloading from HuggingFace Hub...
Assets already downloaded at /root/.cache/libero/assets
Local assets not found. Downloading from HuggingFace Hub...
Assets already downloaded at /root/.cache/libero/assets
Local assets not found. Downloading from HuggingFace Hub...
Local assets not found. Downloading from HuggingFace Hub...
Local assets not found. Downloading from HuggingFace Hub...
Assets already downloaded at /root/.cache/libero/assetsAssets already downloaded at /root/.cache/libero/assets

Assets already downloaded at /root/.cache/libero/assets
Local assets not found. Downloading from HuggingFace Hub...
Assets already downloaded at /root/.cache/libero/assets
batch libero_goal:4 A,step real=10/10 38.4 s brain 16.6 s 30 calls 173 rows
1060/1290 episodes, 3.14 s/episode, eta 0.20 h
batch libero_goal:4 A,step real=10/10 30.3 s brain 16.1 s 30 calls 130 rows
1070/1290 episodes, 3.14 s/episode, eta 0.19 h
batch libero_goal:4 A,step real=10/10 29.9 s brain 16.1 s 30 calls 139 rows
1080/1290 episodes, 3.14 s/episode, eta 0.18 h
batch libero_goal:4 A,step real=10/10 30.9 s brain 16.8 s 30 calls 196 rows
1090/1290 episodes, 3.14 s/episode, eta 0.17 h
batch libero_goal:4 A,step real=10/10 30.4 s brain 16.0 s 30 calls 130 rows
1100/1290 episodes, 3.14 s/episode, eta 0.17 h
batch libero_goal:4 A,step real=10/10 29.9 s brain 15.9 s 30 calls 138 rows
1110/1290 episodes, 3.13 s/episode, eta 0.16 h
[info] using task orders [0, 1, 2, 3, 4, 5, 6, 7, 8, 9]
[info] using task orders [0, 1, 2, 3, 4, 5, 6, 7, 8, 9]
[info] using task orders [0, 1, 2, 3, 4, 5, 6, 7, 8, 9]
[info] using task orders [0, 1, 2, 3, 4, 5, 6, 7, 8, 9]
[info] using task orders [0, 1, 2, 3, 4, 5, 6, 7, 8, 9]
[info] using task orders [0, 1, 2, 3, 4, 5, 6, 7, 8, 9]
[info] using task orders [0, 1, 2, 3, 4, 5, 6, 7, 8, 9]
[info] using task orders [0, 1, 2, 3, 4, 5, 6, 7, 8, 9]
[info] using task orders [0, 1, 2, 3, 4, 5, 6, 7, 8, 9]
[info] using task orders [0, 1, 2, 3, 4, 5, 6, 7, 8, 9]
[info] using task orders [0, 1, 2, 3, 4, 5, 6, 7, 8, 9]
Local assets not found. Downloading from HuggingFace Hub...
Assets already downloaded at /root/.cache/libero/assets
Local assets not found. Downloading from HuggingFace Hub...Local assets not found. Downloading from HuggingFace Hub...

Local assets not found. Downloading from HuggingFace Hub...
Assets already downloaded at /root/.cache/libero/assetsAssets already downloaded at /root/.cache/libero/assets

Assets already downloaded at /root/.cache/libero/assets
Local assets not found. Downloading from HuggingFace Hub...
Assets already downloaded at /root/.cache/libero/assets
Local assets not found. Downloading from HuggingFace Hub...
Assets already downloaded at /root/.cache/libero/assets
Local assets not found. Downloading from HuggingFace Hub...
Assets already downloaded at /root/.cache/libero/assets
Local assets not found. Downloading from HuggingFace Hub...
Assets already downloaded at /root/.cache/libero/assets
Local assets not found. Downloading from HuggingFace Hub...
Assets already downloaded at /root/.cache/libero/assets
Local assets not found. Downloading from HuggingFace Hub...
Assets already downloaded at /root/.cache/libero/assets
batch libero_goal:6 A,step real=10/10 38.8 s brain 16.6 s 30 calls 196 rows
1120/1290 episodes, 3.14 s/episode, eta 0.15 h
batch libero_goal:6 A,step real=10/10 31.6 s brain 17.5 s 30 calls 259 rows
1130/1290 episodes, 3.14 s/episode, eta 0.14 h
batch libero_goal:6 A,step real=10/10 29.4 s brain 15.8 s 30 calls 147 rows
1140/1290 episodes, 3.14 s/episode, eta 0.13 h
batch libero_goal:6 A,step real=10/10 30.6 s brain 16.6 s 30 calls 196 rows
1150/1290 episodes, 3.14 s/episode, eta 0.12 h
batch libero_goal:6 A,step real=10/10 31.4 s brain 17.3 s 30 calls 237 rows
1160/1290 episodes, 3.14 s/episode, eta 0.11 h
batch libero_goal:6 A,step real=10/10 30.0 s brain 16.3 s 30 calls 155 rows
1170/1290 episodes, 3.14 s/episode, eta 0.10 h
[info] using task orders [0, 1, 2, 3, 4, 5, 6, 7, 8, 9]
[info] using task orders [0, 1, 2, 3, 4, 5, 6, 7, 8, 9]
[info] using task orders [0, 1, 2, 3, 4, 5, 6, 7, 8, 9]
[info] using task orders [0, 1, 2, 3, 4, 5, 6, 7, 8, 9]
[info] using task orders [0, 1, 2, 3, 4, 5, 6, 7, 8, 9]
[info] using task orders [0, 1, 2, 3, 4, 5, 6, 7, 8, 9]
[info] using task orders [0, 1, 2, 3, 4, 5, 6, 7, 8, 9]
[info] using task orders [0, 1, 2, 3, 4, 5, 6, 7, 8, 9]
[info] using task orders [0, 1, 2, 3, 4, 5, 6, 7, 8, 9]
[info] using task orders [0, 1, 2, 3, 4, 5, 6, 7, 8, 9]
[info] using task orders [0, 1, 2, 3, 4, 5, 6, 7, 8, 9]
Local assets not found. Downloading from HuggingFace Hub...
Local assets not found. Downloading from HuggingFace Hub...
Assets already downloaded at /root/.cache/libero/assets
Assets already downloaded at /root/.cache/libero/assets
Local assets not found. Downloading from HuggingFace Hub...
Assets already downloaded at /root/.cache/libero/assets
Local assets not found. Downloading from HuggingFace Hub...
Local assets not found. Downloading from HuggingFace Hub...
Assets already downloaded at /root/.cache/libero/assets
Assets already downloaded at /root/.cache/libero/assets
Local assets not found. Downloading from HuggingFace Hub...
Assets already downloaded at /root/.cache/libero/assets
Local assets not found. Downloading from HuggingFace Hub...
Assets already downloaded at /root/.cache/libero/assets
Local assets not found. Downloading from HuggingFace Hub...
Assets already downloaded at /root/.cache/libero/assets
Local assets not found. Downloading from HuggingFace Hub...
Assets already downloaded at /root/.cache/libero/assets
Local assets not found. Downloading from HuggingFace Hub...
Assets already downloaded at /root/.cache/libero/assets
batch libero_goal:8 A,step real=10/10 39.2 s brain 17.4 s 30 calls 192 rows
1180/1290 episodes, 3.15 s/episode, eta 0.10 h
batch libero_goal:8 A,step real=10/10 31.6 s brain 16.7 s 30 calls 194 rows
1190/1290 episodes, 3.15 s/episode, eta 0.09 h
batch libero_goal:8 A,step real=10/10 31.5 s brain 17.4 s 30 calls 212 rows
1200/1290 episodes, 3.15 s/episode, eta 0.08 h
batch libero_goal:8 A,step real=10/10 30.9 s brain 16.6 s 30 calls 177 rows
1210/1290 episodes, 3.15 s/episode, eta 0.07 h
batch libero_goal:8 A,step real=10/10 31.8 s brain 16.8 s 30 calls 194 rows
1220/1290 episodes, 3.15 s/episode, eta 0.06 h
batch libero_goal:8 A,step real=10/10 31.3 s brain 16.9 s 30 calls 203 rows
1230/1290 episodes, 3.15 s/episode, eta 0.05 h
[info] using task orders [0, 1, 2, 3, 4, 5, 6, 7, 8, 9]
[info] using task orders [0, 1, 2, 3, 4, 5, 6, 7, 8, 9]
[info] using task orders [0, 1, 2, 3, 4, 5, 6, 7, 8, 9]
[info] using task orders [0, 1, 2, 3, 4, 5, 6, 7, 8, 9]
[info] using task orders [0, 1, 2, 3, 4, 5, 6, 7, 8, 9]
[info] using task orders [0, 1, 2, 3, 4, 5, 6, 7, 8, 9]
[info] using task orders [0, 1, 2, 3, 4, 5, 6, 7, 8, 9]
[info] using task orders [0, 1, 2, 3, 4, 5, 6, 7, 8, 9]
[info] using task orders [0, 1, 2, 3, 4, 5, 6, 7, 8, 9]
[info] using task orders [0, 1, 2, 3, 4, 5, 6, 7, 8, 9]
[info] using task orders [0, 1, 2, 3, 4, 5, 6, 7, 8, 9]
Local assets not found. Downloading from HuggingFace Hub...Local assets not found. Downloading from HuggingFace Hub...Local assets not found. Downloading from HuggingFace Hub...


Assets already downloaded at /root/.cache/libero/assetsAssets already downloaded at /root/.cache/libero/assetsAssets already downloaded at /root/.cache/libero/assets


Local assets not found. Downloading from HuggingFace Hub...
Assets already downloaded at /root/.cache/libero/assets
Local assets not found. Downloading from HuggingFace Hub...
Assets already downloaded at /root/.cache/libero/assets
Local assets not found. Downloading from HuggingFace Hub...
Assets already downloaded at /root/.cache/libero/assets
Local assets not found. Downloading from HuggingFace Hub...
Assets already downloaded at /root/.cache/libero/assets
Local assets not found. Downloading from HuggingFace Hub...Local assets not found. Downloading from HuggingFace Hub...

Assets already downloaded at /root/.cache/libero/assetsAssets already downloaded at /root/.cache/libero/assets

Local assets not found. Downloading from HuggingFace Hub...
Assets already downloaded at /root/.cache/libero/assets
batch libero_goal:9 A,step real=10/10 39.3 s brain 18.3 s 30 calls 284 rows
1240/1290 episodes, 3.16 s/episode, eta 0.04 h
batch libero_goal:9 A,step real=10/10 32.6 s brain 18.2 s 30 calls 219 rows
1250/1290 episodes, 3.16 s/episode, eta 0.04 h
batch libero_goal:9 A,step real=10/10 31.5 s brain 17.8 s 30 calls 268 rows
1260/1290 episodes, 3.16 s/episode, eta 0.03 h
batch libero_goal:9 A,step real=10/10 31.6 s brain 18.0 s 30 calls 284 rows
1270/1290 episodes, 3.16 s/episode, eta 0.02 h
batch libero_goal:9 A,step real=10/10 30.7 s brain 16.9 s 30 calls 219 rows
1280/1290 episodes, 3.16 s/episode, eta 0.01 h
batch libero_goal:9 A,step real=10/10 31.5 s brain 17.5 s 30 calls 268 rows
1290/1290 episodes, 3.16 s/episode, eta 0.00 h
[21:14:08] pass 2 skipped: pass 1 exited cleanly, no failed batch
[21:14:08] phase smolvla, lane b, id 8 (260 episodes): --brain smolvla --kinds control --cells A --methods none --inits 0-9
[21:14:08] pass 1: --brain smolvla --kinds control --cells A --methods none --inits 0-9 --precision fp32 --n-envs 10 --kbar 0.0315 --t-ramp 5 --k-p 1.0 --tau-k 0.039517 --out results/c1-e4/pod/grid_smolvla_b.jsonl
[robosuite WARNING] No private macro file found! (__init__.py:7)
WARNING:robosuite_logs:No private macro file found!
[robosuite WARNING] It is recommended to use a private macro file (__init__.py:8)
WARNING:robosuite_logs:It is recommended to use a private macro file
[robosuite WARNING] To setup, run: python /workspace/jit-reflex/venv/lib/python3.12/site-packages/robosuite/scripts/setup_macros.py (__init__.py:9)
WARNING:robosuite_logs:To setup, run: python /workspace/jit-reflex/venv/lib/python3.12/site-packages/robosuite/scripts/setup_macros.py
0 episodes to run
[21:14:18] pass 2 skipped: pass 1 exited cleanly, no failed batch
[22:42:51] phase r2, lane b, id 14b (1040 episodes): --brain smolvla --kinds step --cells A40 --methods none,G --inits 0-19
[22:42:51] pass 1: --brain smolvla --kinds step --cells A40 --methods none,G --inits 0-19 --precision fp32 --n-envs 10 --kbar 0.0315 --t-ramp 5 --k-p 1.0 --tau-k 0.039517 --out results/c1-e4/pod/grid_smolvla_b.jsonl
[robosuite WARNING] No private macro file found! (__init__.py:7)
WARNING:robosuite_logs:No private macro file found!
[robosuite WARNING] It is recommended to use a private macro file (__init__.py:8)
WARNING:robosuite_logs:It is recommended to use a private macro file
[robosuite WARNING] To setup, run: python /workspace/jit-reflex/venv/lib/python3.12/site-packages/robosuite/scripts/setup_macros.py (__init__.py:9)
WARNING:robosuite_logs:To setup, run: python /workspace/jit-reflex/venv/lib/python3.12/site-packages/robosuite/scripts/setup_macros.py
1040 episodes to run
Fetching 8 files:   0%|          | 0/8 [00:00<?, ?it/s]Fetching 8 files: 100%|██████████| 8/8 [00:00<00:00, 595.07it/s]
Loading weights from local directory
[info] using task orders [0, 1, 2, 3, 4, 5, 6, 7, 8, 9]
/usr/lib/python3.12/multiprocessing/popen_fork.py:66: DeprecationWarning: This process (pid=232397) is multi-threaded, use of fork() may lead to deadlocks in the child.
  self.pid = os.fork()
[info] using task orders [0, 1, 2, 3, 4, 5, 6, 7, 8, 9]
[info] using task orders [0, 1, 2, 3, 4, 5, 6, 7, 8, 9]
[info] using task orders [0, 1, 2, 3, 4, 5, 6, 7, 8, 9]
[info] using task orders [0, 1, 2, 3, 4, 5, 6, 7, 8, 9]
[info] using task orders [0, 1, 2, 3, 4, 5, 6, 7, 8, 9]
[info] using task orders [0, 1, 2, 3, 4, 5, 6, 7, 8, 9]
[info] using task orders [0, 1, 2, 3, 4, 5, 6, 7, 8, 9]
[info] using task orders [0, 1, 2, 3, 4, 5, 6, 7, 8, 9]
[info] using task orders [0, 1, 2, 3, 4, 5, 6, 7, 8, 9]
[info] using task orders [0, 1, 2, 3, 4, 5, 6, 7, 8, 9]
Local assets not found. Downloading from HuggingFace Hub...
Local assets not found. Downloading from HuggingFace Hub...
Assets already downloaded at /root/.cache/libero/assets
Assets already downloaded at /root/.cache/libero/assets
Local assets not found. Downloading from HuggingFace Hub...
Local assets not found. Downloading from HuggingFace Hub...
Local assets not found. Downloading from HuggingFace Hub...Assets already downloaded at /root/.cache/libero/assets

Assets already downloaded at /root/.cache/libero/assets
Local assets not found. Downloading from HuggingFace Hub...Assets already downloaded at /root/.cache/libero/assets

Local assets not found. Downloading from HuggingFace Hub...
Local assets not found. Downloading from HuggingFace Hub...
Local assets not found. Downloading from HuggingFace Hub...
Assets already downloaded at /root/.cache/libero/assets
Assets already downloaded at /root/.cache/libero/assets
Assets already downloaded at /root/.cache/libero/assets
Assets already downloaded at /root/.cache/libero/assets
Local assets not found. Downloading from HuggingFace Hub...
Assets already downloaded at /root/.cache/libero/assets
batch libero_spatial:0 A40,step real=10/10 43.2 s brain 16.7 s 28 calls 239 rows
10/1040 episodes, 4.39 s/episode, eta 1.26 h
batch libero_spatial:0 A40,step real=10/10 33.2 s brain 16.8 s 28 calls 259 rows
20/1040 episodes, 3.85 s/episode, eta 1.09 h
batch libero_spatial:0 A40,step real=10/10 34.0 s brain 16.7 s 28 calls 260 rows
30/1040 episodes, 3.70 s/episode, eta 1.04 h
batch libero_spatial:0 A40,step real=10/10 32.3 s brain 16.1 s 28 calls 219 rows
40/1040 episodes, 3.58 s/episode, eta 1.00 h
[info] using task orders [0, 1, 2, 3, 4, 5, 6, 7, 8, 9]
[info] using task orders [0, 1, 2, 3, 4, 5, 6, 7, 8, 9]
[info] using task orders [0, 1, 2, 3, 4, 5, 6, 7, 8, 9]
[info] using task orders [0, 1, 2, 3, 4, 5, 6, 7, 8, 9]
[info] using task orders [0, 1, 2, 3, 4, 5, 6, 7, 8, 9]
[info] using task orders [0, 1, 2, 3, 4, 5, 6, 7, 8, 9]
[info] using task orders [0, 1, 2, 3, 4, 5, 6, 7, 8, 9]
[info] using task orders [0, 1, 2, 3, 4, 5, 6, 7, 8, 9]
[info] using task orders [0, 1, 2, 3, 4, 5, 6, 7, 8, 9]
[info] using task orders [0, 1, 2, 3, 4, 5, 6, 7, 8, 9]
[info] using task orders [0, 1, 2, 3, 4, 5, 6, 7, 8, 9]
Local assets not found. Downloading from HuggingFace Hub...Local assets not found. Downloading from HuggingFace Hub...

Assets already downloaded at /root/.cache/libero/assetsAssets already downloaded at /root/.cache/libero/assets

Local assets not found. Downloading from HuggingFace Hub...
Local assets not found. Downloading from HuggingFace Hub...
Assets already downloaded at /root/.cache/libero/assets
Assets already downloaded at /root/.cache/libero/assets
Local assets not found. Downloading from HuggingFace Hub...
Assets already downloaded at /root/.cache/libero/assets
Local assets not found. Downloading from HuggingFace Hub...
Assets already downloaded at /root/.cache/libero/assets
Local assets not found. Downloading from HuggingFace Hub...Local assets not found. Downloading from HuggingFace Hub...

Assets already downloaded at /root/.cache/libero/assetsAssets already downloaded at /root/.cache/libero/assets

Local assets not found. Downloading from HuggingFace Hub...
Local assets not found. Downloading from HuggingFace Hub...
Assets already downloaded at /root/.cache/libero/assets
Assets already downloaded at /root/.cache/libero/assets
batch libero_spatial:1 A40,step real=10/10 41.7 s brain 17.0 s 28 calls 262 rows
50/1040 episodes, 3.75 s/episode, eta 1.03 h
batch libero_spatial:1 A40,step real=10/10 33.1 s brain 17.3 s 28 calls 262 rows
60/1040 episodes, 3.67 s/episode, eta 1.00 h
batch libero_spatial:1 A40,step real=10/10 32.5 s brain 16.9 s 28 calls 280 rows
70/1040 episodes, 3.61 s/episode, eta 0.97 h
batch libero_spatial:1 A40,step real=10/10 32.1 s brain 16.6 s 28 calls 226 rows
80/1040 episodes, 3.56 s/episode, eta 0.95 h
[info] using task orders [0, 1, 2, 3, 4, 5, 6, 7, 8, 9]
[info] using task orders [0, 1, 2, 3, 4, 5, 6, 7, 8, 9]
[info] using task orders [0, 1, 2, 3, 4, 5, 6, 7, 8, 9]
[info] using task orders [0, 1, 2, 3, 4, 5, 6, 7, 8, 9]
[info] using task orders [0, 1, 2, 3, 4, 5, 6, 7, 8, 9]
[info] using task orders [0, 1, 2, 3, 4, 5, 6, 7, 8, 9]
[info] using task orders [0, 1, 2, 3, 4, 5, 6, 7, 8, 9]
[info] using task orders [0, 1, 2, 3, 4, 5, 6, 7, 8, 9]
[info] using task orders [0, 1, 2, 3, 4, 5, 6, 7, 8, 9]
[info] using task orders [0, 1, 2, 3, 4, 5, 6, 7, 8, 9]
[info] using task orders [0, 1, 2, 3, 4, 5, 6, 7, 8, 9]
Local assets not found. Downloading from HuggingFace Hub...Local assets not found. Downloading from HuggingFace Hub...

Local assets not found. Downloading from HuggingFace Hub...
Assets already downloaded at /root/.cache/libero/assetsAssets already downloaded at /root/.cache/libero/assets

Local assets not found. Downloading from HuggingFace Hub...Local assets not found. Downloading from HuggingFace Hub...

Assets already downloaded at /root/.cache/libero/assets
Assets already downloaded at /root/.cache/libero/assetsAssets already downloaded at /root/.cache/libero/assets

Local assets not found. Downloading from HuggingFace Hub...
Assets already downloaded at /root/.cache/libero/assets
Local assets not found. Downloading from HuggingFace Hub...
Assets already downloaded at /root/.cache/libero/assets
Local assets not found. Downloading from HuggingFace Hub...
Assets already downloaded at /root/.cache/libero/assets
Local assets not found. Downloading from HuggingFace Hub...
Assets already downloaded at /root/.cache/libero/assets
Local assets not found. Downloading from HuggingFace Hub...
Assets already downloaded at /root/.cache/libero/assets
batch libero_spatial:2 A40,step real=10/10 42.8 s brain 17.7 s 28 calls 260 rows
90/1040 episodes, 3.67 s/episode, eta 0.97 h
batch libero_spatial:2 A40,step real=10/10 32.6 s brain 17.0 s 28 calls 280 rows
100/1040 episodes, 3.63 s/episode, eta 0.95 h
batch libero_spatial:2 A40,step real=10/10 33.3 s brain 17.0 s 28 calls 261 rows
110/1040 episodes, 3.60 s/episode, eta 0.93 h
batch libero_spatial:2 A40,step real=10/10 32.1 s brain 16.6 s 28 calls 262 rows
120/1040 episodes, 3.57 s/episode, eta 0.91 h
[info] using task orders [0, 1, 2, 3, 4, 5, 6, 7, 8, 9]
[info] using task orders [0, 1, 2, 3, 4, 5, 6, 7, 8, 9]
[info] using task orders [0, 1, 2, 3, 4, 5, 6, 7, 8, 9]
[info] using task orders [0, 1, 2, 3, 4, 5, 6, 7, 8, 9]
[info] using task orders [0, 1, 2, 3, 4, 5, 6, 7, 8, 9]
[info] using task orders [0, 1, 2, 3, 4, 5, 6, 7, 8, 9]
[info] using task orders [0, 1, 2, 3, 4, 5, 6, 7, 8, 9]
[info] using task orders [0, 1, 2, 3, 4, 5, 6, 7, 8, 9]
[info] using task orders [0, 1, 2, 3, 4, 5, 6, 7, 8, 9]
[info] using task orders [0, 1, 2, 3, 4, 5, 6, 7, 8, 9]
[info] using task orders [0, 1, 2, 3, 4, 5, 6, 7, 8, 9]
Local assets not found. Downloading from HuggingFace Hub...Local assets not found. Downloading from HuggingFace Hub...Local assets not found. Downloading from HuggingFace Hub...Local assets not found. Downloading from HuggingFace Hub...



Assets already downloaded at /root/.cache/libero/assetsAssets already downloaded at /root/.cache/libero/assetsAssets already downloaded at /root/.cache/libero/assetsAssets already downloaded at /root/.cache/libero/assets



Local assets not found. Downloading from HuggingFace Hub...
Local assets not found. Downloading from HuggingFace Hub...
Assets already downloaded at /root/.cache/libero/assets
Assets already downloaded at /root/.cache/libero/assets
Local assets not found. Downloading from HuggingFace Hub...
Local assets not found. Downloading from HuggingFace Hub...
Assets already downloaded at /root/.cache/libero/assets
Assets already downloaded at /root/.cache/libero/assets
Local assets not found. Downloading from HuggingFace Hub...
Assets already downloaded at /root/.cache/libero/assets
Local assets not found. Downloading from HuggingFace Hub...
Assets already downloaded at /root/.cache/libero/assets
batch libero_spatial:3 A40,step real=10/10 42.2 s brain 17.0 s 28 calls 260 rows
130/1040 episodes, 3.64 s/episode, eta 0.92 h
batch libero_spatial:3 A40,step real=10/10 33.2 s brain 16.8 s 28 calls 221 rows
140/1040 episodes, 3.61 s/episode, eta 0.90 h
batch libero_spatial:3 A40,step real=10/10 33.1 s brain 17.2 s 28 calls 260 rows
150/1040 episodes, 3.59 s/episode, eta 0.89 h
batch libero_spatial:3 A40,step real=10/10 32.1 s brain 16.5 s 28 calls 221 rows
160/1040 episodes, 3.57 s/episode, eta 0.87 h
[info] using task orders [0, 1, 2, 3, 4, 5, 6, 7, 8, 9]
[info] using task orders [0, 1, 2, 3, 4, 5, 6, 7, 8, 9]
[info] using task orders [0, 1, 2, 3, 4, 5, 6, 7, 8, 9]
[info] using task orders [0, 1, 2, 3, 4, 5, 6, 7, 8, 9]
[info] using task orders [0, 1, 2, 3, 4, 5, 6, 7, 8, 9]
[info] using task orders [0, 1, 2, 3, 4, 5, 6, 7, 8, 9]
[info] using task orders [0, 1, 2, 3, 4, 5, 6, 7, 8, 9]
[info] using task orders [0, 1, 2, 3, 4, 5, 6, 7, 8, 9]
[info] using task orders [0, 1, 2, 3, 4, 5, 6, 7, 8, 9]
[info] using task orders [0, 1, 2, 3, 4, 5, 6, 7, 8, 9]
[info] using task orders [0, 1, 2, 3, 4, 5, 6, 7, 8, 9]
Local assets not found. Downloading from HuggingFace Hub...Local assets not found. Downloading from HuggingFace Hub...

Assets already downloaded at /root/.cache/libero/assetsAssets already downloaded at /root/.cache/libero/assets

Local assets not found. Downloading from HuggingFace Hub...
Local assets not found. Downloading from HuggingFace Hub...
Assets already downloaded at /root/.cache/libero/assets
Assets already downloaded at /root/.cache/libero/assets
Local assets not found. Downloading from HuggingFace Hub...
Assets already downloaded at /root/.cache/libero/assets
Local assets not found. Downloading from HuggingFace Hub...
Assets already downloaded at /root/.cache/libero/assets
Local assets not found. Downloading from HuggingFace Hub...
Assets already downloaded at /root/.cache/libero/assets
Local assets not found. Downloading from HuggingFace Hub...
Local assets not found. Downloading from HuggingFace Hub...
Assets already downloaded at /root/.cache/libero/assetsAssets already downloaded at /root/.cache/libero/assets

Local assets not found. Downloading from HuggingFace Hub...
Assets already downloaded at /root/.cache/libero/assets
batch libero_spatial:4 A40,step real=10/10 42.2 s brain 17.0 s 28 calls 265 rows
170/1040 episodes, 3.62 s/episode, eta 0.88 h
batch libero_spatial:4 A40,step real=10/10 34.4 s brain 16.9 s 28 calls 280 rows
180/1040 episodes, 3.61 s/episode, eta 0.86 h
batch libero_spatial:4 A40,step real=10/10 33.8 s brain 17.0 s 28 calls 280 rows
190/1040 episodes, 3.60 s/episode, eta 0.85 h
batch libero_spatial:4 A40,step real=10/10 34.9 s brain 17.0 s 28 calls 280 rows
200/1040 episodes, 3.59 s/episode, eta 0.84 h
[info] using task orders [0, 1, 2, 3, 4, 5, 6, 7, 8, 9]
[info] using task orders [0, 1, 2, 3, 4, 5, 6, 7, 8, 9]
[info] using task orders [0, 1, 2, 3, 4, 5, 6, 7, 8, 9]
[info] using task orders [0, 1, 2, 3, 4, 5, 6, 7, 8, 9]
[info] using task orders [0, 1, 2, 3, 4, 5, 6, 7, 8, 9]
[info] using task orders [0, 1, 2, 3, 4, 5, 6, 7, 8, 9]
[info] using task orders [0, 1, 2, 3, 4, 5, 6, 7, 8, 9]
[info] using task orders [0, 1, 2, 3, 4, 5, 6, 7, 8, 9]
[info] using task orders [0, 1, 2, 3, 4, 5, 6, 7, 8, 9]
[info] using task orders [0, 1, 2, 3, 4, 5, 6, 7, 8, 9]
[info] using task orders [0, 1, 2, 3, 4, 5, 6, 7, 8, 9]
Local assets not found. Downloading from HuggingFace Hub...
Assets already downloaded at /root/.cache/libero/assets
Local assets not found. Downloading from HuggingFace Hub...
Local assets not found. Downloading from HuggingFace Hub...
Local assets not found. Downloading from HuggingFace Hub...Assets already downloaded at /root/.cache/libero/assets

Local assets not found. Downloading from HuggingFace Hub...
Assets already downloaded at /root/.cache/libero/assets
Assets already downloaded at /root/.cache/libero/assets
Assets already downloaded at /root/.cache/libero/assets
Local assets not found. Downloading from HuggingFace Hub...
Assets already downloaded at /root/.cache/libero/assets
Local assets not found. Downloading from HuggingFace Hub...
Assets already downloaded at /root/.cache/libero/assets
Local assets not found. Downloading from HuggingFace Hub...
Assets already downloaded at /root/.cache/libero/assets
Local assets not found. Downloading from HuggingFace Hub...
Assets already downloaded at /root/.cache/libero/assets
Local assets not found. Downloading from HuggingFace Hub...
Assets already downloaded at /root/.cache/libero/assets
batch libero_spatial:5 A40,step real=10/10 41.5 s brain 16.7 s 28 calls 261 rows
210/1040 episodes, 3.63 s/episode, eta 0.84 h
batch libero_spatial:5 A40,step real=10/10 32.5 s brain 17.0 s 28 calls 263 rows
220/1040 episodes, 3.62 s/episode, eta 0.82 h
batch libero_spatial:5 A40,step real=10/10 34.8 s brain 18.5 s 28 calls 261 rows
230/1040 episodes, 3.61 s/episode, eta 0.81 h
batch libero_spatial:5 A40,step real=10/10 33.3 s brain 17.6 s 28 calls 243 rows
240/1040 episodes, 3.60 s/episode, eta 0.80 h
[info] using task orders [0, 1, 2, 3, 4, 5, 6, 7, 8, 9]
[info] using task orders [0, 1, 2, 3, 4, 5, 6, 7, 8, 9]
[info] using task orders [0, 1, 2, 3, 4, 5, 6, 7, 8, 9]
[info] using task orders [0, 1, 2, 3, 4, 5, 6, 7, 8, 9]
[info] using task orders [0, 1, 2, 3, 4, 5, 6, 7, 8, 9]
[info] using task orders [0, 1, 2, 3, 4, 5, 6, 7, 8, 9]
[info] using task orders [0, 1, 2, 3, 4, 5, 6, 7, 8, 9]
[info] using task orders [0, 1, 2, 3, 4, 5, 6, 7, 8, 9]
[info] using task orders [0, 1, 2, 3, 4, 5, 6, 7, 8, 9]
[info] using task orders [0, 1, 2, 3, 4, 5, 6, 7, 8, 9]
[info] using task orders [0, 1, 2, 3, 4, 5, 6, 7, 8, 9]
Local assets not found. Downloading from HuggingFace Hub...
Local assets not found. Downloading from HuggingFace Hub...
Assets already downloaded at /root/.cache/libero/assets
Assets already downloaded at /root/.cache/libero/assets
Local assets not found. Downloading from HuggingFace Hub...
Assets already downloaded at /root/.cache/libero/assets
Local assets not found. Downloading from HuggingFace Hub...Local assets not found. Downloading from HuggingFace Hub...

Assets already downloaded at /root/.cache/libero/assetsAssets already downloaded at /root/.cache/libero/assets

Local assets not found. Downloading from HuggingFace Hub...
Assets already downloaded at /root/.cache/libero/assets
Local assets not found. Downloading from HuggingFace Hub...
Assets already downloaded at /root/.cache/libero/assets
Local assets not found. Downloading from HuggingFace Hub...
Assets already downloaded at /root/.cache/libero/assets
Local assets not found. Downloading from HuggingFace Hub...
Assets already downloaded at /root/.cache/libero/assets
Local assets not found. Downloading from HuggingFace Hub...
Assets already downloaded at /root/.cache/libero/assets
batch libero_spatial:6 A40,step real=10/10 40.4 s brain 17.1 s 28 calls 229 rows
250/1040 episodes, 3.63 s/episode, eta 0.80 h
batch libero_spatial:6 A40,step real=10/10 32.1 s brain 16.5 s 28 calls 227 rows
260/1040 episodes, 3.61 s/episode, eta 0.78 h
batch libero_spatial:6 A40,step real=10/10 32.2 s brain 16.6 s 28 calls 263 rows
270/1040 episodes, 3.60 s/episode, eta 0.77 h
batch libero_spatial:6 A40,step real=10/10 34.3 s brain 17.9 s 28 calls 262 rows
280/1040 episodes, 3.59 s/episode, eta 0.76 h
[info] using task orders [0, 1, 2, 3, 4, 5, 6, 7, 8, 9]
[info] using task orders [0, 1, 2, 3, 4, 5, 6, 7, 8, 9]
[info] using task orders [0, 1, 2, 3, 4, 5, 6, 7, 8, 9]
[info] using task orders [0, 1, 2, 3, 4, 5, 6, 7, 8, 9]
[info] using task orders [0, 1, 2, 3, 4, 5, 6, 7, 8, 9]
[info] using task orders [0, 1, 2, 3, 4, 5, 6, 7, 8, 9]
[info] using task orders [0, 1, 2, 3, 4, 5, 6, 7, 8, 9]
[info] using task orders [0, 1, 2, 3, 4, 5, 6, 7, 8, 9]
[info] using task orders [0, 1, 2, 3, 4, 5, 6, 7, 8, 9]
[info] using task orders [0, 1, 2, 3, 4, 5, 6, 7, 8, 9]
[info] using task orders [0, 1, 2, 3, 4, 5, 6, 7, 8, 9]
Local assets not found. Downloading from HuggingFace Hub...
Local assets not found. Downloading from HuggingFace Hub...
Assets already downloaded at /root/.cache/libero/assets
Assets already downloaded at /root/.cache/libero/assets
Local assets not found. Downloading from HuggingFace Hub...Local assets not found. Downloading from HuggingFace Hub...

Assets already downloaded at /root/.cache/libero/assetsAssets already downloaded at /root/.cache/libero/assets

Local assets not found. Downloading from HuggingFace Hub...
Assets already downloaded at /root/.cache/libero/assets
Local assets not found. Downloading from HuggingFace Hub...
Assets already downloaded at /root/.cache/libero/assets
Local assets not found. Downloading from HuggingFace Hub...
Assets already downloaded at /root/.cache/libero/assets
Local assets not found. Downloading from HuggingFace Hub...
Assets already downloaded at /root/.cache/libero/assets
Local assets not found. Downloading from HuggingFace Hub...
Assets already downloaded at /root/.cache/libero/assets
Local assets not found. Downloading from HuggingFace Hub...
Assets already downloaded at /root/.cache/libero/assets
batch libero_spatial:7 A40,step real=10/10 42.6 s brain 17.2 s 28 calls 263 rows
290/1040 episodes, 3.62 s/episode, eta 0.75 h
batch libero_spatial:7 A40,step real=10/10 33.1 s brain 17.0 s 28 calls 280 rows
300/1040 episodes, 3.61 s/episode, eta 0.74 h
batch libero_spatial:7 A40,step real=10/10 33.3 s brain 16.9 s 28 calls 263 rows
310/1040 episodes, 3.60 s/episode, eta 0.73 h
batch libero_spatial:7 A40,step real=10/10 33.0 s brain 17.0 s 28 calls 280 rows
320/1040 episodes, 3.59 s/episode, eta 0.72 h
[info] using task orders [0, 1, 2, 3, 4, 5, 6, 7, 8, 9]
[info] using task orders [0, 1, 2, 3, 4, 5, 6, 7, 8, 9]
[info] using task orders [0, 1, 2, 3, 4, 5, 6, 7, 8, 9]
[info] using task orders [0, 1, 2, 3, 4, 5, 6, 7, 8, 9]
[info] using task orders [0, 1, 2, 3, 4, 5, 6, 7, 8, 9]
[info] using task orders [0, 1, 2, 3, 4, 5, 6, 7, 8, 9]
[info] using task orders [0, 1, 2, 3, 4, 5, 6, 7, 8, 9]
[info] using task orders [0, 1, 2, 3, 4, 5, 6, 7, 8, 9]
[info] using task orders [0, 1, 2, 3, 4, 5, 6, 7, 8, 9]
[info] using task orders [0, 1, 2, 3, 4, 5, 6, 7, 8, 9]
[info] using task orders [0, 1, 2, 3, 4, 5, 6, 7, 8, 9]
Local assets not found. Downloading from HuggingFace Hub...
Assets already downloaded at /root/.cache/libero/assets
Local assets not found. Downloading from HuggingFace Hub...
Assets already downloaded at /root/.cache/libero/assets
Local assets not found. Downloading from HuggingFace Hub...
Assets already downloaded at /root/.cache/libero/assets
Local assets not found. Downloading from HuggingFace Hub...
Assets already downloaded at /root/.cache/libero/assets
Local assets not found. Downloading from HuggingFace Hub...
Assets already downloaded at /root/.cache/libero/assets
Local assets not found. Downloading from HuggingFace Hub...
Local assets not found. Downloading from HuggingFace Hub...
Assets already downloaded at /root/.cache/libero/assets
Local assets not found. Downloading from HuggingFace Hub...
Assets already downloaded at /root/.cache/libero/assets
Assets already downloaded at /root/.cache/libero/assets
Local assets not found. Downloading from HuggingFace Hub...
Local assets not found. Downloading from HuggingFace Hub...
Assets already downloaded at /root/.cache/libero/assets
Assets already downloaded at /root/.cache/libero/assets
batch libero_spatial:8 A40,step real=10/10 42.2 s brain 17.5 s 28 calls 261 rows
330/1040 episodes, 3.62 s/episode, eta 0.71 h
batch libero_spatial:8 A40,step real=10/10 33.5 s brain 17.6 s 28 calls 280 rows
340/1040 episodes, 3.61 s/episode, eta 0.70 h
batch libero_spatial:8 A40,step real=10/10 34.6 s brain 18.3 s 28 calls 260 rows
350/1040 episodes, 3.61 s/episode, eta 0.69 h
batch libero_spatial:8 A40,step real=10/10 36.3 s brain 19.3 s 28 calls 280 rows
360/1040 episodes, 3.61 s/episode, eta 0.68 h
[info] using task orders [0, 1, 2, 3, 4, 5, 6, 7, 8, 9]
[info] using task orders [0, 1, 2, 3, 4, 5, 6, 7, 8, 9]
[info] using task orders [0, 1, 2, 3, 4, 5, 6, 7, 8, 9]
[info] using task orders [0, 1, 2, 3, 4, 5, 6, 7, 8, 9]
[info] using task orders [0, 1, 2, 3, 4, 5, 6, 7, 8, 9]
[info] using task orders [0, 1, 2, 3, 4, 5, 6, 7, 8, 9]
[info] using task orders [0, 1, 2, 3, 4, 5, 6, 7, 8, 9]
[info] using task orders [0, 1, 2, 3, 4, 5, 6, 7, 8, 9]
[info] using task orders [0, 1, 2, 3, 4, 5, 6, 7, 8, 9]
[info] using task orders [0, 1, 2, 3, 4, 5, 6, 7, 8, 9]
[info] using task orders [0, 1, 2, 3, 4, 5, 6, 7, 8, 9]
Local assets not found. Downloading from HuggingFace Hub...Local assets not found. Downloading from HuggingFace Hub...

Local assets not found. Downloading from HuggingFace Hub...
Assets already downloaded at /root/.cache/libero/assets
Assets already downloaded at /root/.cache/libero/assets
Assets already downloaded at /root/.cache/libero/assets
Local assets not found. Downloading from HuggingFace Hub...
Assets already downloaded at /root/.cache/libero/assets
Local assets not found. Downloading from HuggingFace Hub...
Local assets not found. Downloading from HuggingFace Hub...
Assets already downloaded at /root/.cache/libero/assets
Assets already downloaded at /root/.cache/libero/assets
Local assets not found. Downloading from HuggingFace Hub...
Local assets not found. Downloading from HuggingFace Hub...
Assets already downloaded at /root/.cache/libero/assets
Assets already downloaded at /root/.cache/libero/assets
Local assets not found. Downloading from HuggingFace Hub...
Assets already downloaded at /root/.cache/libero/assets
Local assets not found. Downloading from HuggingFace Hub...
Assets already downloaded at /root/.cache/libero/assets
batch libero_spatial:9 A40,step real=10/10 41.9 s brain 16.9 s 28 calls 263 rows
370/1040 episodes, 3.63 s/episode, eta 0.68 h
batch libero_spatial:9 A40,step real=10/10 35.7 s brain 19.0 s 28 calls 280 rows
380/1040 episodes, 3.63 s/episode, eta 0.67 h
batch libero_spatial:9 A40,step real=10/10 33.4 s brain 17.6 s 28 calls 280 rows
390/1040 episodes, 3.62 s/episode, eta 0.65 h
batch libero_spatial:9 A40,step real=10/10 32.5 s brain 16.4 s 28 calls 247 rows
400/1040 episodes, 3.61 s/episode, eta 0.64 h
[info] using task orders [0, 1, 2, 3, 4, 5, 6, 7, 8, 9]
[info] using task orders [0, 1, 2, 3, 4, 5, 6, 7, 8, 9]
[info] using task orders [0, 1, 2, 3, 4, 5, 6, 7, 8, 9]
[info] using task orders [0, 1, 2, 3, 4, 5, 6, 7, 8, 9]
[info] using task orders [0, 1, 2, 3, 4, 5, 6, 7, 8, 9]
[info] using task orders [0, 1, 2, 3, 4, 5, 6, 7, 8, 9]
[info] using task orders [0, 1, 2, 3, 4, 5, 6, 7, 8, 9]
[info] using task orders [0, 1, 2, 3, 4, 5, 6, 7, 8, 9]
[info] using task orders [0, 1, 2, 3, 4, 5, 6, 7, 8, 9]
[info] using task orders [0, 1, 2, 3, 4, 5, 6, 7, 8, 9]
[info] using task orders [0, 1, 2, 3, 4, 5, 6, 7, 8, 9]
Local assets not found. Downloading from HuggingFace Hub...Local assets not found. Downloading from HuggingFace Hub...Local assets not found. Downloading from HuggingFace Hub...


Assets already downloaded at /root/.cache/libero/assetsAssets already downloaded at /root/.cache/libero/assetsAssets already downloaded at /root/.cache/libero/assets


Local assets not found. Downloading from HuggingFace Hub...
Assets already downloaded at /root/.cache/libero/assets
Local assets not found. Downloading from HuggingFace Hub...
Local assets not found. Downloading from HuggingFace Hub...Local assets not found. Downloading from HuggingFace Hub...

Assets already downloaded at /root/.cache/libero/assets
Assets already downloaded at /root/.cache/libero/assetsAssets already downloaded at /root/.cache/libero/assets

Local assets not found. Downloading from HuggingFace Hub...
Assets already downloaded at /root/.cache/libero/assets
Local assets not found. Downloading from HuggingFace Hub...
Assets already downloaded at /root/.cache/libero/assets
Local assets not found. Downloading from HuggingFace Hub...
Assets already downloaded at /root/.cache/libero/assets
batch libero_object:0 A40,step real=10/10 36.7 s brain 16.7 s 28 calls 251 rows
410/1040 episodes, 3.62 s/episode, eta 0.63 h
batch libero_object:0 A40,step real=10/10 29.1 s brain 16.7 s 28 calls 240 rows
420/1040 episodes, 3.60 s/episode, eta 0.62 h
batch libero_object:0 A40,step real=10/10 30.9 s brain 17.6 s 28 calls 255 rows
430/1040 episodes, 3.59 s/episode, eta 0.61 h
batch libero_object:0 A40,step real=10/10 30.7 s brain 17.7 s 28 calls 238 rows
440/1040 episodes, 3.58 s/episode, eta 0.60 h
[info] using task orders [0, 1, 2, 3, 4, 5, 6, 7, 8, 9]
[info] using task orders [0, 1, 2, 3, 4, 5, 6, 7, 8, 9]
[info] using task orders [0, 1, 2, 3, 4, 5, 6, 7, 8, 9]
[info] using task orders [0, 1, 2, 3, 4, 5, 6, 7, 8, 9]
[info] using task orders [0, 1, 2, 3, 4, 5, 6, 7, 8, 9]
[info] using task orders [0, 1, 2, 3, 4, 5, 6, 7, 8, 9]
[info] using task orders [0, 1, 2, 3, 4, 5, 6, 7, 8, 9]
[info] using task orders [0, 1, 2, 3, 4, 5, 6, 7, 8, 9]
[info] using task orders [0, 1, 2, 3, 4, 5, 6, 7, 8, 9]
[info] using task orders [0, 1, 2, 3, 4, 5, 6, 7, 8, 9]
[info] using task orders [0, 1, 2, 3, 4, 5, 6, 7, 8, 9]
Local assets not found. Downloading from HuggingFace Hub...
Assets already downloaded at /root/.cache/libero/assets
Local assets not found. Downloading from HuggingFace Hub...Local assets not found. Downloading from HuggingFace Hub...Local assets not found. Downloading from HuggingFace Hub...Local assets not found. Downloading from HuggingFace Hub...



Assets already downloaded at /root/.cache/libero/assetsAssets already downloaded at /root/.cache/libero/assetsAssets already downloaded at /root/.cache/libero/assetsAssets already downloaded at /root/.cache/libero/assets



Local assets not found. Downloading from HuggingFace Hub...
Assets already downloaded at /root/.cache/libero/assets
Local assets not found. Downloading from HuggingFace Hub...
Assets already downloaded at /root/.cache/libero/assets
Local assets not found. Downloading from HuggingFace Hub...
Assets already downloaded at /root/.cache/libero/assets
Local assets not found. Downloading from HuggingFace Hub...
Assets already downloaded at /root/.cache/libero/assets
Local assets not found. Downloading from HuggingFace Hub...
Assets already downloaded at /root/.cache/libero/assets
batch libero_object:1 A40,step real=10/10 37.3 s brain 16.9 s 28 calls 265 rows
450/1040 episodes, 3.59 s/episode, eta 0.59 h
batch libero_object:1 A40,step real=10/10 30.4 s brain 18.0 s 28 calls 280 rows
460/1040 episodes, 3.58 s/episode, eta 0.58 h
batch libero_object:1 A40,step real=10/10 29.7 s brain 17.1 s 28 calls 249 rows
470/1040 episodes, 3.56 s/episode, eta 0.56 h
batch libero_object:1 A40,step real=10/10 28.9 s brain 16.3 s 28 calls 250 rows
480/1040 episodes, 3.55 s/episode, eta 0.55 h
[info] using task orders [0, 1, 2, 3, 4, 5, 6, 7, 8, 9]
[info] using task orders [0, 1, 2, 3, 4, 5, 6, 7, 8, 9]
[info] using task orders [0, 1, 2, 3, 4, 5, 6, 7, 8, 9]
[info] using task orders [0, 1, 2, 3, 4, 5, 6, 7, 8, 9]
[info] using task orders [0, 1, 2, 3, 4, 5, 6, 7, 8, 9]
[info] using task orders [0, 1, 2, 3, 4, 5, 6, 7, 8, 9]
[info] using task orders [0, 1, 2, 3, 4, 5, 6, 7, 8, 9]
[info] using task orders [0, 1, 2, 3, 4, 5, 6, 7, 8, 9]
[info] using task orders [0, 1, 2, 3, 4, 5, 6, 7, 8, 9]
[info] using task orders [0, 1, 2, 3, 4, 5, 6, 7, 8, 9]
[info] using task orders [0, 1, 2, 3, 4, 5, 6, 7, 8, 9]
Local assets not found. Downloading from HuggingFace Hub...Local assets not found. Downloading from HuggingFace Hub...

Assets already downloaded at /root/.cache/libero/assetsAssets already downloaded at /root/.cache/libero/assets

Local assets not found. Downloading from HuggingFace Hub...
Local assets not found. Downloading from HuggingFace Hub...
Local assets not found. Downloading from HuggingFace Hub...
Local assets not found. Downloading from HuggingFace Hub...
Assets already downloaded at /root/.cache/libero/assets
Assets already downloaded at /root/.cache/libero/assets
Assets already downloaded at /root/.cache/libero/assets
Assets already downloaded at /root/.cache/libero/assets
Local assets not found. Downloading from HuggingFace Hub...
Local assets not found. Downloading from HuggingFace Hub...
Assets already downloaded at /root/.cache/libero/assets
Assets already downloaded at /root/.cache/libero/assets
Local assets not found. Downloading from HuggingFace Hub...
Local assets not found. Downloading from HuggingFace Hub...
Assets already downloaded at /root/.cache/libero/assets
Assets already downloaded at /root/.cache/libero/assets
batch libero_object:2 A40,step real=10/10 36.9 s brain 16.3 s 28 calls 214 rows
490/1040 episodes, 3.56 s/episode, eta 0.54 h
batch libero_object:2 A40,step real=10/10 28.8 s brain 16.5 s 28 calls 249 rows
500/1040 episodes, 3.54 s/episode, eta 0.53 h
batch libero_object:2 A40,step real=10/10 28.3 s brain 15.6 s 28 calls 201 rows
510/1040 episodes, 3.53 s/episode, eta 0.52 h
batch libero_object:2 A40,step real=10/10 28.6 s brain 15.8 s 28 calls 202 rows
520/1040 episodes, 3.52 s/episode, eta 0.51 h
[info] using task orders [0, 1, 2, 3, 4, 5, 6, 7, 8, 9]
[info] using task orders [0, 1, 2, 3, 4, 5, 6, 7, 8, 9]
[info] using task orders [0, 1, 2, 3, 4, 5, 6, 7, 8, 9]
[info] using task orders [0, 1, 2, 3, 4, 5, 6, 7, 8, 9]
[info] using task orders [0, 1, 2, 3, 4, 5, 6, 7, 8, 9]
[info] using task orders [0, 1, 2, 3, 4, 5, 6, 7, 8, 9]
[info] using task orders [0, 1, 2, 3, 4, 5, 6, 7, 8, 9]
[info] using task orders [0, 1, 2, 3, 4, 5, 6, 7, 8, 9]
[info] using task orders [0, 1, 2, 3, 4, 5, 6, 7, 8, 9]
[info] using task orders [0, 1, 2, 3, 4, 5, 6, 7, 8, 9]
[info] using task orders [0, 1, 2, 3, 4, 5, 6, 7, 8, 9]
Local assets not found. Downloading from HuggingFace Hub...Local assets not found. Downloading from HuggingFace Hub...

Assets already downloaded at /root/.cache/libero/assetsAssets already downloaded at /root/.cache/libero/assets

Local assets not found. Downloading from HuggingFace Hub...Local assets not found. Downloading from HuggingFace Hub...

Assets already downloaded at /root/.cache/libero/assetsAssets already downloaded at /root/.cache/libero/assets

Local assets not found. Downloading from HuggingFace Hub...
Local assets not found. Downloading from HuggingFace Hub...
Assets already downloaded at /root/.cache/libero/assets
Assets already downloaded at /root/.cache/libero/assets
Local assets not found. Downloading from HuggingFace Hub...
Assets already downloaded at /root/.cache/libero/assets
Local assets not found. Downloading from HuggingFace Hub...
Assets already downloaded at /root/.cache/libero/assets
Local assets not found. Downloading from HuggingFace Hub...
Local assets not found. Downloading from HuggingFace Hub...
Assets already downloaded at /root/.cache/libero/assets
Assets already downloaded at /root/.cache/libero/assets
batch libero_object:3 A40,step real=10/10 37.5 s brain 17.2 s 28 calls 280 rows
530/1040 episodes, 3.53 s/episode, eta 0.50 h
batch libero_object:3 A40,step real=10/10 31.8 s brain 18.8 s 28 calls 280 rows
540/1040 episodes, 3.52 s/episode, eta 0.49 h
batch libero_object:3 A40,step real=10/10 32.5 s brain 18.5 s 28 calls 249 rows
550/1040 episodes, 3.51 s/episode, eta 0.48 h
batch libero_object:3 A40,step real=10/10 31.2 s brain 18.3 s 28 calls 280 rows
560/1040 episodes, 3.51 s/episode, eta 0.47 h
[info] using task orders [0, 1, 2, 3, 4, 5, 6, 7, 8, 9]
[info] using task orders [0, 1, 2, 3, 4, 5, 6, 7, 8, 9]
[info] using task orders [0, 1, 2, 3, 4, 5, 6, 7, 8, 9]
[info] using task orders [0, 1, 2, 3, 4, 5, 6, 7, 8, 9]
[info] using task orders [0, 1, 2, 3, 4, 5, 6, 7, 8, 9]
[info] using task orders [0, 1, 2, 3, 4, 5, 6, 7, 8, 9]
[info] using task orders [0, 1, 2, 3, 4, 5, 6, 7, 8, 9]
[info] using task orders [0, 1, 2, 3, 4, 5, 6, 7, 8, 9]
[info] using task orders [0, 1, 2, 3, 4, 5, 6, 7, 8, 9]
[info] using task orders [0, 1, 2, 3, 4, 5, 6, 7, 8, 9]
[info] using task orders [0, 1, 2, 3, 4, 5, 6, 7, 8, 9]
Local assets not found. Downloading from HuggingFace Hub...
Assets already downloaded at /root/.cache/libero/assets
Local assets not found. Downloading from HuggingFace Hub...
Assets already downloaded at /root/.cache/libero/assets
Local assets not found. Downloading from HuggingFace Hub...
Assets already downloaded at /root/.cache/libero/assets
Local assets not found. Downloading from HuggingFace Hub...
Local assets not found. Downloading from HuggingFace Hub...
Assets already downloaded at /root/.cache/libero/assets
Assets already downloaded at /root/.cache/libero/assets
Local assets not found. Downloading from HuggingFace Hub...
Assets already downloaded at /root/.cache/libero/assets
Local assets not found. Downloading from HuggingFace Hub...
Assets already downloaded at /root/.cache/libero/assets
Local assets not found. Downloading from HuggingFace Hub...
Assets already downloaded at /root/.cache/libero/assets
Local assets not found. Downloading from HuggingFace Hub...
Assets already downloaded at /root/.cache/libero/assets
Local assets not found. Downloading from HuggingFace Hub...
Assets already downloaded at /root/.cache/libero/assets
batch libero_object:4 A40,step real=10/10 37.0 s brain 17.2 s 28 calls 267 rows
570/1040 episodes, 3.51 s/episode, eta 0.46 h
batch libero_object:4 A40,step real=10/10 28.9 s brain 16.4 s 28 calls 228 rows
580/1040 episodes, 3.50 s/episode, eta 0.45 h
batch libero_object:4 A40,step real=10/10 29.7 s brain 17.1 s 28 calls 267 rows
590/1040 episodes, 3.49 s/episode, eta 0.44 h
batch libero_object:4 A40,step real=10/10 29.0 s brain 16.7 s 28 calls 258 rows
600/1040 episodes, 3.48 s/episode, eta 0.43 h
[info] using task orders [0, 1, 2, 3, 4, 5, 6, 7, 8, 9]
[info] using task orders [0, 1, 2, 3, 4, 5, 6, 7, 8, 9]
[info] using task orders [0, 1, 2, 3, 4, 5, 6, 7, 8, 9]
[info] using task orders [0, 1, 2, 3, 4, 5, 6, 7, 8, 9]
[info] using task orders [0, 1, 2, 3, 4, 5, 6, 7, 8, 9]
[info] using task orders [0, 1, 2, 3, 4, 5, 6, 7, 8, 9]
[info] using task orders [0, 1, 2, 3, 4, 5, 6, 7, 8, 9]
[info] using task orders [0, 1, 2, 3, 4, 5, 6, 7, 8, 9]
[info] using task orders [0, 1, 2, 3, 4, 5, 6, 7, 8, 9]
[info] using task orders [0, 1, 2, 3, 4, 5, 6, 7, 8, 9]
[info] using task orders [0, 1, 2, 3, 4, 5, 6, 7, 8, 9]
Local assets not found. Downloading from HuggingFace Hub...Local assets not found. Downloading from HuggingFace Hub...

Assets already downloaded at /root/.cache/libero/assetsAssets already downloaded at /root/.cache/libero/assets

Local assets not found. Downloading from HuggingFace Hub...
Assets already downloaded at /root/.cache/libero/assets
Local assets not found. Downloading from HuggingFace Hub...
Assets already downloaded at /root/.cache/libero/assets
Local assets not found. Downloading from HuggingFace Hub...
Local assets not found. Downloading from HuggingFace Hub...
Assets already downloaded at /root/.cache/libero/assets
Assets already downloaded at /root/.cache/libero/assets
Local assets not found. Downloading from HuggingFace Hub...
Assets already downloaded at /root/.cache/libero/assets
Local assets not found. Downloading from HuggingFace Hub...
Assets already downloaded at /root/.cache/libero/assets
Local assets not found. Downloading from HuggingFace Hub...
Assets already downloaded at /root/.cache/libero/assets
Local assets not found. Downloading from HuggingFace Hub...
Assets already downloaded at /root/.cache/libero/assets
batch libero_object:5 A40,step real=10/10 37.9 s brain 17.0 s 28 calls 264 rows
610/1040 episodes, 3.49 s/episode, eta 0.42 h
batch libero_object:5 A40,step real=10/10 29.1 s brain 16.7 s 28 calls 251 rows
620/1040 episodes, 3.48 s/episode, eta 0.41 h
batch libero_object:5 A40,step real=10/10 29.3 s brain 16.9 s 28 calls 267 rows
630/1040 episodes, 3.48 s/episode, eta 0.40 h
batch libero_object:5 A40,step real=10/10 31.2 s brain 18.0 s 28 calls 231 rows
640/1040 episodes, 3.47 s/episode, eta 0.39 h
[info] using task orders [0, 1, 2, 3, 4, 5, 6, 7, 8, 9]
[info] using task orders [0, 1, 2, 3, 4, 5, 6, 7, 8, 9]
[info] using task orders [0, 1, 2, 3, 4, 5, 6, 7, 8, 9]
[info] using task orders [0, 1, 2, 3, 4, 5, 6, 7, 8, 9]
[info] using task orders [0, 1, 2, 3, 4, 5, 6, 7, 8, 9]
[info] using task orders [0, 1, 2, 3, 4, 5, 6, 7, 8, 9]
[info] using task orders [0, 1, 2, 3, 4, 5, 6, 7, 8, 9]
[info] using task orders [0, 1, 2, 3, 4, 5, 6, 7, 8, 9]
[info] using task orders [0, 1, 2, 3, 4, 5, 6, 7, 8, 9]
[info] using task orders [0, 1, 2, 3, 4, 5, 6, 7, 8, 9]
[info] using task orders [0, 1, 2, 3, 4, 5, 6, 7, 8, 9]
Local assets not found. Downloading from HuggingFace Hub...Local assets not found. Downloading from HuggingFace Hub...

Assets already downloaded at /root/.cache/libero/assetsAssets already downloaded at /root/.cache/libero/assets

Local assets not found. Downloading from HuggingFace Hub...Local assets not found. Downloading from HuggingFace Hub...

Assets already downloaded at /root/.cache/libero/assetsAssets already downloaded at /root/.cache/libero/assets

Local assets not found. Downloading from HuggingFace Hub...
Assets already downloaded at /root/.cache/libero/assets
Local assets not found. Downloading from HuggingFace Hub...
Assets already downloaded at /root/.cache/libero/assets
Local assets not found. Downloading from HuggingFace Hub...
Assets already downloaded at /root/.cache/libero/assets
Local assets not found. Downloading from HuggingFace Hub...
Assets already downloaded at /root/.cache/libero/assets
Local assets not found. Downloading from HuggingFace Hub...
Assets already downloaded at /root/.cache/libero/assets
Local assets not found. Downloading from HuggingFace Hub...
Assets already downloaded at /root/.cache/libero/assets
batch libero_object:6 A40,step real=10/10 37.3 s brain 17.3 s 28 calls 268 rows
650/1040 episodes, 3.48 s/episode, eta 0.38 h
batch libero_object:6 A40,step real=10/10 28.5 s brain 16.8 s 28 calls 267 rows
660/1040 episodes, 3.47 s/episode, eta 0.37 h
batch libero_object:6 A40,step real=10/10 28.7 s brain 16.6 s 28 calls 226 rows
670/1040 episodes, 3.46 s/episode, eta 0.36 h
batch libero_object:6 A40,step real=10/10 28.6 s brain 16.2 s 28 calls 215 rows
680/1040 episodes, 3.45 s/episode, eta 0.35 h
[info] using task orders [0, 1, 2, 3, 4, 5, 6, 7, 8, 9]
[info] using task orders [0, 1, 2, 3, 4, 5, 6, 7, 8, 9]
[info] using task orders [0, 1, 2, 3, 4, 5, 6, 7, 8, 9]
[info] using task orders [0, 1, 2, 3, 4, 5, 6, 7, 8, 9]
[info] using task orders [0, 1, 2, 3, 4, 5, 6, 7, 8, 9]
[info] using task orders [0, 1, 2, 3, 4, 5, 6, 7, 8, 9]
[info] using task orders [0, 1, 2, 3, 4, 5, 6, 7, 8, 9]
[info] using task orders [0, 1, 2, 3, 4, 5, 6, 7, 8, 9]
[info] using task orders [0, 1, 2, 3, 4, 5, 6, 7, 8, 9]
[info] using task orders [0, 1, 2, 3, 4, 5, 6, 7, 8, 9]
[info] using task orders [0, 1, 2, 3, 4, 5, 6, 7, 8, 9]
Local assets not found. Downloading from HuggingFace Hub...Local assets not found. Downloading from HuggingFace Hub...Local assets not found. Downloading from HuggingFace Hub...


Assets already downloaded at /root/.cache/libero/assetsAssets already downloaded at /root/.cache/libero/assetsAssets already downloaded at /root/.cache/libero/assets


Local assets not found. Downloading from HuggingFace Hub...
Assets already downloaded at /root/.cache/libero/assets
Local assets not found. Downloading from HuggingFace Hub...
Assets already downloaded at /root/.cache/libero/assets
Local assets not found. Downloading from HuggingFace Hub...Local assets not found. Downloading from HuggingFace Hub...

Local assets not found. Downloading from HuggingFace Hub...
Assets already downloaded at /root/.cache/libero/assetsAssets already downloaded at /root/.cache/libero/assets

Assets already downloaded at /root/.cache/libero/assets
Local assets not found. Downloading from HuggingFace Hub...
Assets already downloaded at /root/.cache/libero/assets
Local assets not found. Downloading from HuggingFace Hub...
Assets already downloaded at /root/.cache/libero/assets
batch libero_object:7 A40,step real=10/10 38.6 s brain 17.8 s 28 calls 242 rows
690/1040 episodes, 3.46 s/episode, eta 0.34 h
batch libero_object:7 A40,step real=10/10 30.9 s brain 18.1 s 28 calls 249 rows
700/1040 episodes, 3.46 s/episode, eta 0.33 h
batch libero_object:7 A40,step real=10/10 30.6 s brain 17.9 s 28 calls 249 rows
710/1040 episodes, 3.45 s/episode, eta 0.32 h
batch libero_object:7 A40,step real=10/10 28.9 s brain 16.6 s 28 calls 235 rows
720/1040 episodes, 3.44 s/episode, eta 0.31 h
[info] using task orders [0, 1, 2, 3, 4, 5, 6, 7, 8, 9]
[info] using task orders [0, 1, 2, 3, 4, 5, 6, 7, 8, 9]
[info] using task orders [0, 1, 2, 3, 4, 5, 6, 7, 8, 9]
[info] using task orders [0, 1, 2, 3, 4, 5, 6, 7, 8, 9]
[info] using task orders [0, 1, 2, 3, 4, 5, 6, 7, 8, 9]
[info] using task orders [0, 1, 2, 3, 4, 5, 6, 7, 8, 9]
[info] using task orders [0, 1, 2, 3, 4, 5, 6, 7, 8, 9]
[info] using task orders [0, 1, 2, 3, 4, 5, 6, 7, 8, 9]
[info] using task orders [0, 1, 2, 3, 4, 5, 6, 7, 8, 9]
[info] using task orders [0, 1, 2, 3, 4, 5, 6, 7, 8, 9]
[info] using task orders [0, 1, 2, 3, 4, 5, 6, 7, 8, 9]
Local assets not found. Downloading from HuggingFace Hub...Local assets not found. Downloading from HuggingFace Hub...

Assets already downloaded at /root/.cache/libero/assetsAssets already downloaded at /root/.cache/libero/assets

Local assets not found. Downloading from HuggingFace Hub...Local assets not found. Downloading from HuggingFace Hub...

Local assets not found. Downloading from HuggingFace Hub...Local assets not found. Downloading from HuggingFace Hub...

Assets already downloaded at /root/.cache/libero/assetsAssets already downloaded at /root/.cache/libero/assets

Assets already downloaded at /root/.cache/libero/assetsAssets already downloaded at /root/.cache/libero/assets

Local assets not found. Downloading from HuggingFace Hub...
Assets already downloaded at /root/.cache/libero/assets
Local assets not found. Downloading from HuggingFace Hub...
Assets already downloaded at /root/.cache/libero/assets
Local assets not found. Downloading from HuggingFace Hub...
Assets already downloaded at /root/.cache/libero/assets
Local assets not found. Downloading from HuggingFace Hub...
Assets already downloaded at /root/.cache/libero/assets
batch libero_object:8 A40,step real=10/10 38.3 s brain 17.8 s 28 calls 253 rows
730/1040 episodes, 3.45 s/episode, eta 0.30 h
batch libero_object:8 A40,step real=10/10 30.3 s brain 18.0 s 28 calls 267 rows
740/1040 episodes, 3.45 s/episode, eta 0.29 h
batch libero_object:8 A40,step real=10/10 29.8 s brain 17.3 s 28 calls 254 rows
750/1040 episodes, 3.44 s/episode, eta 0.28 h
batch libero_object:8 A40,step real=10/10 30.1 s brain 17.3 s 28 calls 241 rows
760/1040 episodes, 3.43 s/episode, eta 0.27 h
[info] using task orders [0, 1, 2, 3, 4, 5, 6, 7, 8, 9]
[info] using task orders [0, 1, 2, 3, 4, 5, 6, 7, 8, 9]
[info] using task orders [0, 1, 2, 3, 4, 5, 6, 7, 8, 9]
[info] using task orders [0, 1, 2, 3, 4, 5, 6, 7, 8, 9]
[info] using task orders [0, 1, 2, 3, 4, 5, 6, 7, 8, 9]
[info] using task orders [0, 1, 2, 3, 4, 5, 6, 7, 8, 9]
[info] using task orders [0, 1, 2, 3, 4, 5, 6, 7, 8, 9]
[info] using task orders [0, 1, 2, 3, 4, 5, 6, 7, 8, 9]
[info] using task orders [0, 1, 2, 3, 4, 5, 6, 7, 8, 9]
[info] using task orders [0, 1, 2, 3, 4, 5, 6, 7, 8, 9]
[info] using task orders [0, 1, 2, 3, 4, 5, 6, 7, 8, 9]
Local assets not found. Downloading from HuggingFace Hub...Local assets not found. Downloading from HuggingFace Hub...Local assets not found. Downloading from HuggingFace Hub...Local assets not found. Downloading from HuggingFace Hub...



Local assets not found. Downloading from HuggingFace Hub...
Assets already downloaded at /root/.cache/libero/assetsAssets already downloaded at /root/.cache/libero/assetsAssets already downloaded at /root/.cache/libero/assetsAssets already downloaded at /root/.cache/libero/assetsAssets already downloaded at /root/.cache/libero/assets




Local assets not found. Downloading from HuggingFace Hub...
Assets already downloaded at /root/.cache/libero/assets
Local assets not found. Downloading from HuggingFace Hub...
Assets already downloaded at /root/.cache/libero/assets
Local assets not found. Downloading from HuggingFace Hub...
Local assets not found. Downloading from HuggingFace Hub...
Assets already downloaded at /root/.cache/libero/assets
Assets already downloaded at /root/.cache/libero/assets
Local assets not found. Downloading from HuggingFace Hub...
Assets already downloaded at /root/.cache/libero/assets
batch libero_object:9 A40,step real=10/10 37.2 s brain 17.3 s 28 calls 248 rows
770/1040 episodes, 3.44 s/episode, eta 0.26 h
batch libero_object:9 A40,step real=10/10 30.2 s brain 18.0 s 28 calls 266 rows
780/1040 episodes, 3.43 s/episode, eta 0.25 h
batch libero_object:9 A40,step real=10/10 29.4 s brain 16.8 s 28 calls 213 rows
790/1040 episodes, 3.43 s/episode, eta 0.24 h
batch libero_object:9 A40,step real=10/10 28.6 s brain 16.2 s 28 calls 216 rows
800/1040 episodes, 3.42 s/episode, eta 0.23 h
[info] using task orders [0, 1, 2, 3, 4, 5, 6, 7, 8, 9]
[info] using task orders [0, 1, 2, 3, 4, 5, 6, 7, 8, 9]
[info] using task orders [0, 1, 2, 3, 4, 5, 6, 7, 8, 9]
[info] using task orders [0, 1, 2, 3, 4, 5, 6, 7, 8, 9]
[info] using task orders [0, 1, 2, 3, 4, 5, 6, 7, 8, 9]
[info] using task orders [0, 1, 2, 3, 4, 5, 6, 7, 8, 9]
[info] using task orders [0, 1, 2, 3, 4, 5, 6, 7, 8, 9]
[info] using task orders [0, 1, 2, 3, 4, 5, 6, 7, 8, 9]
[info] using task orders [0, 1, 2, 3, 4, 5, 6, 7, 8, 9]
[info] using task orders [0, 1, 2, 3, 4, 5, 6, 7, 8, 9]
[info] using task orders [0, 1, 2, 3, 4, 5, 6, 7, 8, 9]
Local assets not found. Downloading from HuggingFace Hub...
Assets already downloaded at /root/.cache/libero/assets
Local assets not found. Downloading from HuggingFace Hub...
Assets already downloaded at /root/.cache/libero/assets
Local assets not found. Downloading from HuggingFace Hub...
Assets already downloaded at /root/.cache/libero/assets
Local assets not found. Downloading from HuggingFace Hub...
Assets already downloaded at /root/.cache/libero/assets
Local assets not found. Downloading from HuggingFace Hub...
Assets already downloaded at /root/.cache/libero/assets
Local assets not found. Downloading from HuggingFace Hub...
Assets already downloaded at /root/.cache/libero/assets
Local assets not found. Downloading from HuggingFace Hub...
Assets already downloaded at /root/.cache/libero/assets
Local assets not found. Downloading from HuggingFace Hub...
Local assets not found. Downloading from HuggingFace Hub...
Assets already downloaded at /root/.cache/libero/assets
Assets already downloaded at /root/.cache/libero/assets
Local assets not found. Downloading from HuggingFace Hub...
Assets already downloaded at /root/.cache/libero/assets
batch libero_goal:1 A40,step real=10/10 38.4 s brain 17.0 s 30 calls 195 rows
810/1040 episodes, 3.43 s/episode, eta 0.22 h
batch libero_goal:1 A40,step real=10/10 31.9 s brain 18.0 s 30 calls 237 rows
820/1040 episodes, 3.43 s/episode, eta 0.21 h
batch libero_goal:1 A40,step real=10/10 30.7 s brain 16.3 s 30 calls 153 rows
830/1040 episodes, 3.42 s/episode, eta 0.20 h
batch libero_goal:1 A40,step real=10/10 30.9 s brain 17.2 s 30 calls 214 rows
840/1040 episodes, 3.42 s/episode, eta 0.19 h
[info] using task orders [0, 1, 2, 3, 4, 5, 6, 7, 8, 9]
[info] using task orders [0, 1, 2, 3, 4, 5, 6, 7, 8, 9]
[info] using task orders [0, 1, 2, 3, 4, 5, 6, 7, 8, 9]
[info] using task orders [0, 1, 2, 3, 4, 5, 6, 7, 8, 9]
[info] using task orders [0, 1, 2, 3, 4, 5, 6, 7, 8, 9]
[info] using task orders [0, 1, 2, 3, 4, 5, 6, 7, 8, 9]
[info] using task orders [0, 1, 2, 3, 4, 5, 6, 7, 8, 9]
[info] using task orders [0, 1, 2, 3, 4, 5, 6, 7, 8, 9]
[info] using task orders [0, 1, 2, 3, 4, 5, 6, 7, 8, 9]
[info] using task orders [0, 1, 2, 3, 4, 5, 6, 7, 8, 9]
[info] using task orders [0, 1, 2, 3, 4, 5, 6, 7, 8, 9]
Local assets not found. Downloading from HuggingFace Hub...
Local assets not found. Downloading from HuggingFace Hub...
Local assets not found. Downloading from HuggingFace Hub...
Assets already downloaded at /root/.cache/libero/assets
Assets already downloaded at /root/.cache/libero/assets
Assets already downloaded at /root/.cache/libero/assets
Local assets not found. Downloading from HuggingFace Hub...
Assets already downloaded at /root/.cache/libero/assets
Local assets not found. Downloading from HuggingFace Hub...
Local assets not found. Downloading from HuggingFace Hub...
Assets already downloaded at /root/.cache/libero/assets
Local assets not found. Downloading from HuggingFace Hub...
Local assets not found. Downloading from HuggingFace Hub...
Assets already downloaded at /root/.cache/libero/assets
Assets already downloaded at /root/.cache/libero/assets
Assets already downloaded at /root/.cache/libero/assets
Local assets not found. Downloading from HuggingFace Hub...
Assets already downloaded at /root/.cache/libero/assets
Local assets not found. Downloading from HuggingFace Hub...
Assets already downloaded at /root/.cache/libero/assets
batch libero_goal:2 A40,step real=10/10 39.3 s brain 18.0 s 30 calls 237 rows
850/1040 episodes, 3.43 s/episode, eta 0.18 h
batch libero_goal:2 A40,step real=10/10 31.3 s brain 17.6 s 30 calls 215 rows
860/1040 episodes, 3.42 s/episode, eta 0.17 h
batch libero_goal:2 A40,step real=10/10 35.2 s brain 19.7 s 30 calls 236 rows
870/1040 episodes, 3.42 s/episode, eta 0.16 h
batch libero_goal:2 A40,step real=10/10 32.5 s brain 18.0 s 30 calls 215 rows
880/1040 episodes, 3.42 s/episode, eta 0.15 h
[info] using task orders [0, 1, 2, 3, 4, 5, 6, 7, 8, 9]
[info] using task orders [0, 1, 2, 3, 4, 5, 6, 7, 8, 9]
[info] using task orders [0, 1, 2, 3, 4, 5, 6, 7, 8, 9]
[info] using task orders [0, 1, 2, 3, 4, 5, 6, 7, 8, 9]
[info] using task orders [0, 1, 2, 3, 4, 5, 6, 7, 8, 9]
[info] using task orders [0, 1, 2, 3, 4, 5, 6, 7, 8, 9]
[info] using task orders [0, 1, 2, 3, 4, 5, 6, 7, 8, 9]
[info] using task orders [0, 1, 2, 3, 4, 5, 6, 7, 8, 9]
[info] using task orders [0, 1, 2, 3, 4, 5, 6, 7, 8, 9]
[info] using task orders [0, 1, 2, 3, 4, 5, 6, 7, 8, 9]
[info] using task orders [0, 1, 2, 3, 4, 5, 6, 7, 8, 9]
Local assets not found. Downloading from HuggingFace Hub...Local assets not found. Downloading from HuggingFace Hub...Local assets not found. Downloading from HuggingFace Hub...Local assets not found. Downloading from HuggingFace Hub...



Assets already downloaded at /root/.cache/libero/assetsAssets already downloaded at /root/.cache/libero/assetsAssets already downloaded at /root/.cache/libero/assets


Assets already downloaded at /root/.cache/libero/assets
Local assets not found. Downloading from HuggingFace Hub...
Local assets not found. Downloading from HuggingFace Hub...
Assets already downloaded at /root/.cache/libero/assets
Assets already downloaded at /root/.cache/libero/assets
Local assets not found. Downloading from HuggingFace Hub...
Assets already downloaded at /root/.cache/libero/assets
Local assets not found. Downloading from HuggingFace Hub...
Assets already downloaded at /root/.cache/libero/assets
Local assets not found. Downloading from HuggingFace Hub...
Assets already downloaded at /root/.cache/libero/assets
Local assets not found. Downloading from HuggingFace Hub...
Assets already downloaded at /root/.cache/libero/assets
batch libero_goal:4 A40,step real=10/10 39.5 s brain 17.6 s 30 calls 193 rows
890/1040 episodes, 3.43 s/episode, eta 0.14 h
batch libero_goal:4 A40,step real=10/10 31.6 s brain 17.4 s 30 calls 194 rows
900/1040 episodes, 3.43 s/episode, eta 0.13 h
batch libero_goal:4 A40,step real=10/10 32.4 s brain 18.2 s 30 calls 259 rows
910/1040 episodes, 3.43 s/episode, eta 0.12 h
batch libero_goal:4 A40,step real=10/10 32.2 s brain 17.8 s 30 calls 196 rows
920/1040 episodes, 3.42 s/episode, eta 0.11 h
[info] using task orders [0, 1, 2, 3, 4, 5, 6, 7, 8, 9]
[info] using task orders [0, 1, 2, 3, 4, 5, 6, 7, 8, 9]
[info] using task orders [0, 1, 2, 3, 4, 5, 6, 7, 8, 9]
[info] using task orders [0, 1, 2, 3, 4, 5, 6, 7, 8, 9]
[info] using task orders [0, 1, 2, 3, 4, 5, 6, 7, 8, 9]
[info] using task orders [0, 1, 2, 3, 4, 5, 6, 7, 8, 9]
[info] using task orders [0, 1, 2, 3, 4, 5, 6, 7, 8, 9]
[info] using task orders [0, 1, 2, 3, 4, 5, 6, 7, 8, 9]
[info] using task orders [0, 1, 2, 3, 4, 5, 6, 7, 8, 9]
[info] using task orders [0, 1, 2, 3, 4, 5, 6, 7, 8, 9]
[info] using task orders [0, 1, 2, 3, 4, 5, 6, 7, 8, 9]
Local assets not found. Downloading from HuggingFace Hub...Local assets not found. Downloading from HuggingFace Hub...Local assets not found. Downloading from HuggingFace Hub...Local assets not found. Downloading from HuggingFace Hub...



Assets already downloaded at /root/.cache/libero/assetsAssets already downloaded at /root/.cache/libero/assetsAssets already downloaded at /root/.cache/libero/assetsAssets already downloaded at /root/.cache/libero/assets



Local assets not found. Downloading from HuggingFace Hub...Local assets not found. Downloading from HuggingFace Hub...

Assets already downloaded at /root/.cache/libero/assetsAssets already downloaded at /root/.cache/libero/assets

Local assets not found. Downloading from HuggingFace Hub...
Local assets not found. Downloading from HuggingFace Hub...
Assets already downloaded at /root/.cache/libero/assets
Assets already downloaded at /root/.cache/libero/assets
Local assets not found. Downloading from HuggingFace Hub...
Assets already downloaded at /root/.cache/libero/assets
Local assets not found. Downloading from HuggingFace Hub...
Assets already downloaded at /root/.cache/libero/assets
batch libero_goal:6 A40,step real=10/10 40.3 s brain 18.5 s 30 calls 300 rows
930/1040 episodes, 3.43 s/episode, eta 0.10 h
batch libero_goal:6 A40,step real=10/10 34.2 s brain 19.9 s 30 calls 300 rows
940/1040 episodes, 3.43 s/episode, eta 0.10 h
batch libero_goal:6 A40,step real=10/10 33.4 s brain 19.2 s 30 calls 300 rows
950/1040 episodes, 3.43 s/episode, eta 0.09 h
batch libero_goal:6 A40,step real=10/10 32.3 s brain 18.1 s 30 calls 278 rows
960/1040 episodes, 3.43 s/episode, eta 0.08 h
[info] using task orders [0, 1, 2, 3, 4, 5, 6, 7, 8, 9]
[info] using task orders [0, 1, 2, 3, 4, 5, 6, 7, 8, 9]
[info] using task orders [0, 1, 2, 3, 4, 5, 6, 7, 8, 9]
[info] using task orders [0, 1, 2, 3, 4, 5, 6, 7, 8, 9]
[info] using task orders [0, 1, 2, 3, 4, 5, 6, 7, 8, 9]
[info] using task orders [0, 1, 2, 3, 4, 5, 6, 7, 8, 9]
[info] using task orders [0, 1, 2, 3, 4, 5, 6, 7, 8, 9]
[info] using task orders [0, 1, 2, 3, 4, 5, 6, 7, 8, 9]
[info] using task orders [0, 1, 2, 3, 4, 5, 6, 7, 8, 9]
[info] using task orders [0, 1, 2, 3, 4, 5, 6, 7, 8, 9]
[info] using task orders [0, 1, 2, 3, 4, 5, 6, 7, 8, 9]
Local assets not found. Downloading from HuggingFace Hub...Local assets not found. Downloading from HuggingFace Hub...Local assets not found. Downloading from HuggingFace Hub...Local assets not found. Downloading from HuggingFace Hub...



Assets already downloaded at /root/.cache/libero/assetsAssets already downloaded at /root/.cache/libero/assetsAssets already downloaded at /root/.cache/libero/assetsAssets already downloaded at /root/.cache/libero/assets



Local assets not found. Downloading from HuggingFace Hub...
Local assets not found. Downloading from HuggingFace Hub...
Assets already downloaded at /root/.cache/libero/assets
Assets already downloaded at /root/.cache/libero/assets
Local assets not found. Downloading from HuggingFace Hub...
Assets already downloaded at /root/.cache/libero/assets
Local assets not found. Downloading from HuggingFace Hub...
Assets already downloaded at /root/.cache/libero/assets
Local assets not found. Downloading from HuggingFace Hub...
Assets already downloaded at /root/.cache/libero/assets
Local assets not found. Downloading from HuggingFace Hub...
Assets already downloaded at /root/.cache/libero/assets
batch libero_goal:8 A40,step real=10/10 39.1 s brain 18.0 s 30 calls 256 rows
970/1040 episodes, 3.44 s/episode, eta 0.07 h
batch libero_goal:8 A40,step real=10/10 33.7 s brain 18.4 s 30 calls 300 rows
980/1040 episodes, 3.44 s/episode, eta 0.06 h
batch libero_goal:8 A40,step real=10/10 31.9 s brain 17.8 s 30 calls 255 rows
990/1040 episodes, 3.43 s/episode, eta 0.05 h
batch libero_goal:8 A40,step real=10/10 33.6 s brain 18.3 s 30 calls 300 rows
1000/1040 episodes, 3.43 s/episode, eta 0.04 h
[info] using task orders [0, 1, 2, 3, 4, 5, 6, 7, 8, 9]
[info] using task orders [0, 1, 2, 3, 4, 5, 6, 7, 8, 9]
[info] using task orders [0, 1, 2, 3, 4, 5, 6, 7, 8, 9]
[info] using task orders [0, 1, 2, 3, 4, 5, 6, 7, 8, 9]
[info] using task orders [0, 1, 2, 3, 4, 5, 6, 7, 8, 9]
[info] using task orders [0, 1, 2, 3, 4, 5, 6, 7, 8, 9]
[info] using task orders [0, 1, 2, 3, 4, 5, 6, 7, 8, 9]
[info] using task orders [0, 1, 2, 3, 4, 5, 6, 7, 8, 9]
[info] using task orders [0, 1, 2, 3, 4, 5, 6, 7, 8, 9]
[info] using task orders [0, 1, 2, 3, 4, 5, 6, 7, 8, 9]
[info] using task orders [0, 1, 2, 3, 4, 5, 6, 7, 8, 9]
Local assets not found. Downloading from HuggingFace Hub...Local assets not found. Downloading from HuggingFace Hub...Local assets not found. Downloading from HuggingFace Hub...Local assets not found. Downloading from HuggingFace Hub...



Assets already downloaded at /root/.cache/libero/assetsAssets already downloaded at /root/.cache/libero/assetsAssets already downloaded at /root/.cache/libero/assets


Local assets not found. Downloading from HuggingFace Hub...
Assets already downloaded at /root/.cache/libero/assets
Assets already downloaded at /root/.cache/libero/assets
Local assets not found. Downloading from HuggingFace Hub...
Assets already downloaded at /root/.cache/libero/assets
Local assets not found. Downloading from HuggingFace Hub...
Assets already downloaded at /root/.cache/libero/assets
Local assets not found. Downloading from HuggingFace Hub...
Local assets not found. Downloading from HuggingFace Hub...
Assets already downloaded at /root/.cache/libero/assets
Local assets not found. Downloading from HuggingFace Hub...Assets already downloaded at /root/.cache/libero/assets

Assets already downloaded at /root/.cache/libero/assets
batch libero_goal:9 A40,step real=10/10 39.6 s brain 18.5 s 30 calls 300 rows
1010/1040 episodes, 3.44 s/episode, eta 0.03 h
batch libero_goal:9 A40,step real=10/10 31.5 s brain 18.1 s 30 calls 283 rows
1020/1040 episodes, 3.44 s/episode, eta 0.02 h
batch libero_goal:9 A40,step real=10/10 31.5 s brain 18.2 s 30 calls 300 rows
1030/1040 episodes, 3.43 s/episode, eta 0.01 h
batch libero_goal:9 A40,step real=10/10 31.7 s brain 17.7 s 30 calls 266 rows
1040/1040 episodes, 3.43 s/episode, eta 0.00 h
[23:42:54] pass 2 skipped: pass 1 exited cleanly, no failed batch
[02:15:47] phase r4, lane b, id 15b (346 episodes): --brain smolvla --kinds step --cells C --methods GT,GautoT --inits 0-19 --classes 2
[02:15:47] pass 1: --brain smolvla --kinds step --cells C --methods GT,GautoT --inits 0-19 --classes 2 --precision fp32 --n-envs 10 --kbar 0.0315 --t-ramp 5 --k-p 1.0 --tau-k 0.039517 --out results/c1-e4/pod/grid_smolvla_b.jsonl
[robosuite WARNING] No private macro file found! (__init__.py:7)
WARNING:robosuite_logs:No private macro file found!
[robosuite WARNING] It is recommended to use a private macro file (__init__.py:8)
WARNING:robosuite_logs:It is recommended to use a private macro file
[robosuite WARNING] To setup, run: python /workspace/jit-reflex/venv/lib/python3.12/site-packages/robosuite/scripts/setup_macros.py (__init__.py:9)
WARNING:robosuite_logs:To setup, run: python /workspace/jit-reflex/venv/lib/python3.12/site-packages/robosuite/scripts/setup_macros.py
346 episodes to run
Fetching 8 files:   0%|          | 0/8 [00:00<?, ?it/s]Fetching 8 files: 100%|██████████| 8/8 [00:00<00:00, 488.52it/s]
Loading weights from local directory
[info] using task orders [0, 1, 2, 3, 4, 5, 6, 7, 8, 9]
/usr/lib/python3.12/multiprocessing/popen_fork.py:66: DeprecationWarning: This process (pid=243061) is multi-threaded, use of fork() may lead to deadlocks in the child.
  self.pid = os.fork()
[info] using task orders [0, 1, 2, 3, 4, 5, 6, 7, 8, 9]
[info] using task orders [0, 1, 2, 3, 4, 5, 6, 7, 8, 9]
[info] using task orders [0, 1, 2, 3, 4, 5, 6, 7, 8, 9]
[info] using task orders [0, 1, 2, 3, 4, 5, 6, 7, 8, 9]
[info] using task orders [0, 1, 2, 3, 4, 5, 6, 7, 8, 9]
[info] using task orders [0, 1, 2, 3, 4, 5, 6, 7, 8, 9]
[info] using task orders [0, 1, 2, 3, 4, 5, 6, 7, 8, 9]
[info] using task orders [0, 1, 2, 3, 4, 5, 6, 7, 8, 9]
[info] using task orders [0, 1, 2, 3, 4, 5, 6, 7, 8, 9]
[info] using task orders [0, 1, 2, 3, 4, 5, 6, 7, 8, 9]
Local assets not found. Downloading from HuggingFace Hub...
Assets already downloaded at /root/.cache/libero/assets
Local assets not found. Downloading from HuggingFace Hub...
Assets already downloaded at /root/.cache/libero/assets
Local assets not found. Downloading from HuggingFace Hub...
Assets already downloaded at /root/.cache/libero/assets
Local assets not found. Downloading from HuggingFace Hub...
Assets already downloaded at /root/.cache/libero/assets
Local assets not found. Downloading from HuggingFace Hub...
Assets already downloaded at /root/.cache/libero/assets
Local assets not found. Downloading from HuggingFace Hub...
Assets already downloaded at /root/.cache/libero/assets
Local assets not found. Downloading from HuggingFace Hub...
Assets already downloaded at /root/.cache/libero/assets
Local assets not found. Downloading from HuggingFace Hub...
Assets already downloaded at /root/.cache/libero/assets
Local assets not found. Downloading from HuggingFace Hub...
Assets already downloaded at /root/.cache/libero/assets
Local assets not found. Downloading from HuggingFace Hub...
Assets already downloaded at /root/.cache/libero/assets
batch libero_spatial:0 C,step real=10/10 37.6 s brain 13.3 s 26 calls 53 rows
10/346 episodes, 3.83 s/episode, eta 0.36 h
batch libero_spatial:0 C,step real=2/10 16.7 s brain 3.6 s 7 calls 13 rows
12/346 episodes, 4.58 s/episode, eta 0.43 h
[info] using task orders [0, 1, 2, 3, 4, 5, 6, 7, 8, 9]
[info] using task orders [0, 1, 2, 3, 4, 5, 6, 7, 8, 9]
[info] using task orders [0, 1, 2, 3, 4, 5, 6, 7, 8, 9]
[info] using task orders [0, 1, 2, 3, 4, 5, 6, 7, 8, 9]
[info] using task orders [0, 1, 2, 3, 4, 5, 6, 7, 8, 9]
[info] using task orders [0, 1, 2, 3, 4, 5, 6, 7, 8, 9]
[info] using task orders [0, 1, 2, 3, 4, 5, 6, 7, 8, 9]
[info] using task orders [0, 1, 2, 3, 4, 5, 6, 7, 8, 9]
[info] using task orders [0, 1, 2, 3, 4, 5, 6, 7, 8, 9]
[info] using task orders [0, 1, 2, 3, 4, 5, 6, 7, 8, 9]
[info] using task orders [0, 1, 2, 3, 4, 5, 6, 7, 8, 9]
Local assets not found. Downloading from HuggingFace Hub...Local assets not found. Downloading from HuggingFace Hub...Local assets not found. Downloading from HuggingFace Hub...


Assets already downloaded at /root/.cache/libero/assetsAssets already downloaded at /root/.cache/libero/assetsAssets already downloaded at /root/.cache/libero/assets


Local assets not found. Downloading from HuggingFace Hub...
Assets already downloaded at /root/.cache/libero/assets
Local assets not found. Downloading from HuggingFace Hub...Local assets not found. Downloading from HuggingFace Hub...

Local assets not found. Downloading from HuggingFace Hub...Local assets not found. Downloading from HuggingFace Hub...

Assets already downloaded at /root/.cache/libero/assets
Assets already downloaded at /root/.cache/libero/assets
Assets already downloaded at /root/.cache/libero/assets
Assets already downloaded at /root/.cache/libero/assets
Local assets not found. Downloading from HuggingFace Hub...
Local assets not found. Downloading from HuggingFace Hub...
Assets already downloaded at /root/.cache/libero/assets
Assets already downloaded at /root/.cache/libero/assets
batch libero_spatial:1 C,step real=10/10 34.7 s brain 11.9 s 23 calls 55 rows
22/346 episodes, 4.18 s/episode, eta 0.38 h
batch libero_spatial:1 C,step real=4/10 21.0 s brain 6.4 s 13 calls 21 rows
26/346 episodes, 4.35 s/episode, eta 0.39 h
[info] using task orders [0, 1, 2, 3, 4, 5, 6, 7, 8, 9]
[info] using task orders [0, 1, 2, 3, 4, 5, 6, 7, 8, 9]
[info] using task orders [0, 1, 2, 3, 4, 5, 6, 7, 8, 9]
[info] using task orders [0, 1, 2, 3, 4, 5, 6, 7, 8, 9]
[info] using task orders [0, 1, 2, 3, 4, 5, 6, 7, 8, 9]
[info] using task orders [0, 1, 2, 3, 4, 5, 6, 7, 8, 9]
[info] using task orders [0, 1, 2, 3, 4, 5, 6, 7, 8, 9]
[info] using task orders [0, 1, 2, 3, 4, 5, 6, 7, 8, 9]
[info] using task orders [0, 1, 2, 3, 4, 5, 6, 7, 8, 9]
[info] using task orders [0, 1, 2, 3, 4, 5, 6, 7, 8, 9]
[info] using task orders [0, 1, 2, 3, 4, 5, 6, 7, 8, 9]
Local assets not found. Downloading from HuggingFace Hub...
Assets already downloaded at /root/.cache/libero/assets
Local assets not found. Downloading from HuggingFace Hub...
Assets already downloaded at /root/.cache/libero/assets
Local assets not found. Downloading from HuggingFace Hub...
Local assets not found. Downloading from HuggingFace Hub...
Assets already downloaded at /root/.cache/libero/assets
Assets already downloaded at /root/.cache/libero/assets
Local assets not found. Downloading from HuggingFace Hub...
Assets already downloaded at /root/.cache/libero/assets
Local assets not found. Downloading from HuggingFace Hub...
Assets already downloaded at /root/.cache/libero/assets
Local assets not found. Downloading from HuggingFace Hub...
Assets already downloaded at /root/.cache/libero/assets
Local assets not found. Downloading from HuggingFace Hub...
Local assets not found. Downloading from HuggingFace Hub...
Assets already downloaded at /root/.cache/libero/assets
Assets already downloaded at /root/.cache/libero/assets
Local assets not found. Downloading from HuggingFace Hub...
Assets already downloaded at /root/.cache/libero/assets
batch libero_spatial:2 C,step real=10/10 42.5 s brain 18.3 s 37 calls 60 rows
36/346 episodes, 4.38 s/episode, eta 0.38 h
batch libero_spatial:2 C,step real=4/10 26.6 s brain 12.1 s 25 calls 28 rows
40/346 episodes, 4.61 s/episode, eta 0.39 h
[info] using task orders [0, 1, 2, 3, 4, 5, 6, 7, 8, 9]
[info] using task orders [0, 1, 2, 3, 4, 5, 6, 7, 8, 9]
[info] using task orders [0, 1, 2, 3, 4, 5, 6, 7, 8, 9]
[info] using task orders [0, 1, 2, 3, 4, 5, 6, 7, 8, 9]
[info] using task orders [0, 1, 2, 3, 4, 5, 6, 7, 8, 9]
[info] using task orders [0, 1, 2, 3, 4, 5, 6, 7, 8, 9]
[info] using task orders [0, 1, 2, 3, 4, 5, 6, 7, 8, 9]
[info] using task orders [0, 1, 2, 3, 4, 5, 6, 7, 8, 9]
[info] using task orders [0, 1, 2, 3, 4, 5, 6, 7, 8, 9]
[info] using task orders [0, 1, 2, 3, 4, 5, 6, 7, 8, 9]
[info] using task orders [0, 1, 2, 3, 4, 5, 6, 7, 8, 9]
Local assets not found. Downloading from HuggingFace Hub...
Local assets not found. Downloading from HuggingFace Hub...
Assets already downloaded at /root/.cache/libero/assets
Assets already downloaded at /root/.cache/libero/assets
Local assets not found. Downloading from HuggingFace Hub...
Local assets not found. Downloading from HuggingFace Hub...
Assets already downloaded at /root/.cache/libero/assets
Assets already downloaded at /root/.cache/libero/assets
Local assets not found. Downloading from HuggingFace Hub...Local assets not found. Downloading from HuggingFace Hub...

Assets already downloaded at /root/.cache/libero/assetsAssets already downloaded at /root/.cache/libero/assets

Local assets not found. Downloading from HuggingFace Hub...
Assets already downloaded at /root/.cache/libero/assets
Local assets not found. Downloading from HuggingFace Hub...
Assets already downloaded at /root/.cache/libero/assets
Local assets not found. Downloading from HuggingFace Hub...
Assets already downloaded at /root/.cache/libero/assets
Local assets not found. Downloading from HuggingFace Hub...
Assets already downloaded at /root/.cache/libero/assets
batch libero_spatial:3 C,step real=10/10 42.2 s brain 18.1 s 37 calls 60 rows
50/346 episodes, 4.58 s/episode, eta 0.38 h
batch libero_spatial:3 C,step real=2/10 17.3 s brain 4.0 s 8 calls 9 rows
52/346 episodes, 4.74 s/episode, eta 0.39 h
[info] using task orders [0, 1, 2, 3, 4, 5, 6, 7, 8, 9]
[info] using task orders [0, 1, 2, 3, 4, 5, 6, 7, 8, 9]
[info] using task orders [0, 1, 2, 3, 4, 5, 6, 7, 8, 9]
[info] using task orders [0, 1, 2, 3, 4, 5, 6, 7, 8, 9]
[info] using task orders [0, 1, 2, 3, 4, 5, 6, 7, 8, 9]
[info] using task orders [0, 1, 2, 3, 4, 5, 6, 7, 8, 9]
[info] using task orders [0, 1, 2, 3, 4, 5, 6, 7, 8, 9]
[info] using task orders [0, 1, 2, 3, 4, 5, 6, 7, 8, 9]
[info] using task orders [0, 1, 2, 3, 4, 5, 6, 7, 8, 9]
[info] using task orders [0, 1, 2, 3, 4, 5, 6, 7, 8, 9]
[info] using task orders [0, 1, 2, 3, 4, 5, 6, 7, 8, 9]
Local assets not found. Downloading from HuggingFace Hub...
Assets already downloaded at /root/.cache/libero/assets
Local assets not found. Downloading from HuggingFace Hub...Local assets not found. Downloading from HuggingFace Hub...

Assets already downloaded at /root/.cache/libero/assetsAssets already downloaded at /root/.cache/libero/assets

Local assets not found. Downloading from HuggingFace Hub...
Assets already downloaded at /root/.cache/libero/assets
Local assets not found. Downloading from HuggingFace Hub...
Assets already downloaded at /root/.cache/libero/assets
Local assets not found. Downloading from HuggingFace Hub...
Assets already downloaded at /root/.cache/libero/assets
Local assets not found. Downloading from HuggingFace Hub...
Local assets not found. Downloading from HuggingFace Hub...
Assets already downloaded at /root/.cache/libero/assets
Local assets not found. Downloading from HuggingFace Hub...Local assets not found. Downloading from HuggingFace Hub...

Assets already downloaded at /root/.cache/libero/assets
Assets already downloaded at /root/.cache/libero/assetsAssets already downloaded at /root/.cache/libero/assets

batch libero_spatial:4 C,step real=10/10 50.9 s brain 25.5 s 51 calls 112 rows
62/346 episodes, 4.83 s/episode, eta 0.38 h
batch libero_spatial:4 C,step real=4/10 29.5 s brain 13.4 s 28 calls 38 rows
66/346 episodes, 4.99 s/episode, eta 0.39 h
[info] using task orders [0, 1, 2, 3, 4, 5, 6, 7, 8, 9]
[info] using task orders [0, 1, 2, 3, 4, 5, 6, 7, 8, 9]
[info] using task orders [0, 1, 2, 3, 4, 5, 6, 7, 8, 9]
[info] using task orders [0, 1, 2, 3, 4, 5, 6, 7, 8, 9]
[info] using task orders [0, 1, 2, 3, 4, 5, 6, 7, 8, 9]
[info] using task orders [0, 1, 2, 3, 4, 5, 6, 7, 8, 9]
[info] using task orders [0, 1, 2, 3, 4, 5, 6, 7, 8, 9]
[info] using task orders [0, 1, 2, 3, 4, 5, 6, 7, 8, 9]
[info] using task orders [0, 1, 2, 3, 4, 5, 6, 7, 8, 9]
[info] using task orders [0, 1, 2, 3, 4, 5, 6, 7, 8, 9]
[info] using task orders [0, 1, 2, 3, 4, 5, 6, 7, 8, 9]
Local assets not found. Downloading from HuggingFace Hub...Local assets not found. Downloading from HuggingFace Hub...Local assets not found. Downloading from HuggingFace Hub...Local assets not found. Downloading from HuggingFace Hub...



Assets already downloaded at /root/.cache/libero/assetsAssets already downloaded at /root/.cache/libero/assetsAssets already downloaded at /root/.cache/libero/assetsAssets already downloaded at /root/.cache/libero/assets



Local assets not found. Downloading from HuggingFace Hub...
Assets already downloaded at /root/.cache/libero/assets
Local assets not found. Downloading from HuggingFace Hub...
Assets already downloaded at /root/.cache/libero/assets
Local assets not found. Downloading from HuggingFace Hub...
Assets already downloaded at /root/.cache/libero/assets
Local assets not found. Downloading from HuggingFace Hub...
Local assets not found. Downloading from HuggingFace Hub...
Assets already downloaded at /root/.cache/libero/assets
Assets already downloaded at /root/.cache/libero/assets
Local assets not found. Downloading from HuggingFace Hub...
Assets already downloaded at /root/.cache/libero/assets
batch libero_spatial:5 C,step real=10/10 40.2 s brain 15.6 s 32 calls 66 rows
76/346 episodes, 4.89 s/episode, eta 0.37 h
batch libero_spatial:5 C,step real=4/10 27.7 s brain 12.9 s 27 calls 32 rows
80/346 episodes, 4.99 s/episode, eta 0.37 h
[info] using task orders [0, 1, 2, 3, 4, 5, 6, 7, 8, 9]
[info] using task orders [0, 1, 2, 3, 4, 5, 6, 7, 8, 9]
[info] using task orders [0, 1, 2, 3, 4, 5, 6, 7, 8, 9]
[info] using task orders [0, 1, 2, 3, 4, 5, 6, 7, 8, 9]
[info] using task orders [0, 1, 2, 3, 4, 5, 6, 7, 8, 9]
[info] using task orders [0, 1, 2, 3, 4, 5, 6, 7, 8, 9]
[info] using task orders [0, 1, 2, 3, 4, 5, 6, 7, 8, 9]
[info] using task orders [0, 1, 2, 3, 4, 5, 6, 7, 8, 9]
[info] using task orders [0, 1, 2, 3, 4, 5, 6, 7, 8, 9]
[info] using task orders [0, 1, 2, 3, 4, 5, 6, 7, 8, 9]
[info] using task orders [0, 1, 2, 3, 4, 5, 6, 7, 8, 9]
Local assets not found. Downloading from HuggingFace Hub...
Assets already downloaded at /root/.cache/libero/assets
Local assets not found. Downloading from HuggingFace Hub...
Assets already downloaded at /root/.cache/libero/assets
Local assets not found. Downloading from HuggingFace Hub...
Assets already downloaded at /root/.cache/libero/assets
Local assets not found. Downloading from HuggingFace Hub...
Assets already downloaded at /root/.cache/libero/assets
Local assets not found. Downloading from HuggingFace Hub...
Assets already downloaded at /root/.cache/libero/assets
Local assets not found. Downloading from HuggingFace Hub...Local assets not found. Downloading from HuggingFace Hub...

Assets already downloaded at /root/.cache/libero/assets
Assets already downloaded at /root/.cache/libero/assets
Local assets not found. Downloading from HuggingFace Hub...Local assets not found. Downloading from HuggingFace Hub...

Local assets not found. Downloading from HuggingFace Hub...
Assets already downloaded at /root/.cache/libero/assetsAssets already downloaded at /root/.cache/libero/assets

Assets already downloaded at /root/.cache/libero/assets
batch libero_spatial:6 C,step real=10/10 48.1 s brain 22.9 s 47 calls 85 rows
90/346 episodes, 5.00 s/episode, eta 0.36 h
batch libero_spatial:6 C,step real=2/10 19.8 s brain 5.8 s 12 calls 13 rows
92/346 episodes, 5.10 s/episode, eta 0.36 h
[info] using task orders [0, 1, 2, 3, 4, 5, 6, 7, 8, 9]
[info] using task orders [0, 1, 2, 3, 4, 5, 6, 7, 8, 9]
[info] using task orders [0, 1, 2, 3, 4, 5, 6, 7, 8, 9]
[info] using task orders [0, 1, 2, 3, 4, 5, 6, 7, 8, 9]
[info] using task orders [0, 1, 2, 3, 4, 5, 6, 7, 8, 9]
[info] using task orders [0, 1, 2, 3, 4, 5, 6, 7, 8, 9]
[info] using task orders [0, 1, 2, 3, 4, 5, 6, 7, 8, 9]
[info] using task orders [0, 1, 2, 3, 4, 5, 6, 7, 8, 9]
[info] using task orders [0, 1, 2, 3, 4, 5, 6, 7, 8, 9]
[info] using task orders [0, 1, 2, 3, 4, 5, 6, 7, 8, 9]
[info] using task orders [0, 1, 2, 3, 4, 5, 6, 7, 8, 9]
Local assets not found. Downloading from HuggingFace Hub...
Assets already downloaded at /root/.cache/libero/assets
Local assets not found. Downloading from HuggingFace Hub...
Assets already downloaded at /root/.cache/libero/assets
Local assets not found. Downloading from HuggingFace Hub...
Local assets not found. Downloading from HuggingFace Hub...
Assets already downloaded at /root/.cache/libero/assets
Assets already downloaded at /root/.cache/libero/assets
Local assets not found. Downloading from HuggingFace Hub...Local assets not found. Downloading from HuggingFace Hub...

Local assets not found. Downloading from HuggingFace Hub...
Local assets not found. Downloading from HuggingFace Hub...
Local assets not found. Downloading from HuggingFace Hub...
Assets already downloaded at /root/.cache/libero/assetsAssets already downloaded at /root/.cache/libero/assets

Assets already downloaded at /root/.cache/libero/assets
Assets already downloaded at /root/.cache/libero/assets
Assets already downloaded at /root/.cache/libero/assets
Local assets not found. Downloading from HuggingFace Hub...
Assets already downloaded at /root/.cache/libero/assets
batch libero_spatial:7 C,step real=10/10 42.9 s brain 17.9 s 37 calls 58 rows
102/346 episodes, 5.05 s/episode, eta 0.34 h
batch libero_spatial:7 C,step real=4/10 21.8 s brain 7.7 s 16 calls 19 rows
106/346 episodes, 5.06 s/episode, eta 0.34 h
[info] using task orders [0, 1, 2, 3, 4, 5, 6, 7, 8, 9]
[info] using task orders [0, 1, 2, 3, 4, 5, 6, 7, 8, 9]
[info] using task orders [0, 1, 2, 3, 4, 5, 6, 7, 8, 9]
[info] using task orders [0, 1, 2, 3, 4, 5, 6, 7, 8, 9]
[info] using task orders [0, 1, 2, 3, 4, 5, 6, 7, 8, 9]
[info] using task orders [0, 1, 2, 3, 4, 5, 6, 7, 8, 9]
[info] using task orders [0, 1, 2, 3, 4, 5, 6, 7, 8, 9]
[info] using task orders [0, 1, 2, 3, 4, 5, 6, 7, 8, 9]
[info] using task orders [0, 1, 2, 3, 4, 5, 6, 7, 8, 9]
[info] using task orders [0, 1, 2, 3, 4, 5, 6, 7, 8, 9]
[info] using task orders [0, 1, 2, 3, 4, 5, 6, 7, 8, 9]
Local assets not found. Downloading from HuggingFace Hub...Local assets not found. Downloading from HuggingFace Hub...Local assets not found. Downloading from HuggingFace Hub...


Assets already downloaded at /root/.cache/libero/assets
Assets already downloaded at /root/.cache/libero/assetsAssets already downloaded at /root/.cache/libero/assets

Local assets not found. Downloading from HuggingFace Hub...
Assets already downloaded at /root/.cache/libero/assets
Local assets not found. Downloading from HuggingFace Hub...
Assets already downloaded at /root/.cache/libero/assets
Local assets not found. Downloading from HuggingFace Hub...Local assets not found. Downloading from HuggingFace Hub...

Assets already downloaded at /root/.cache/libero/assetsAssets already downloaded at /root/.cache/libero/assets

Local assets not found. Downloading from HuggingFace Hub...
Assets already downloaded at /root/.cache/libero/assets
Local assets not found. Downloading from HuggingFace Hub...
Assets already downloaded at /root/.cache/libero/assets
Local assets not found. Downloading from HuggingFace Hub...
Assets already downloaded at /root/.cache/libero/assets
batch libero_spatial:8 C,step real=10/10 33.1 s brain 9.0 s 18 calls 42 rows
116/346 episodes, 4.93 s/episode, eta 0.32 h
batch libero_spatial:8 C,step real=4/10 19.8 s brain 5.4 s 11 calls 16 rows
120/346 episodes, 4.93 s/episode, eta 0.31 h
[info] using task orders [0, 1, 2, 3, 4, 5, 6, 7, 8, 9]
[info] using task orders [0, 1, 2, 3, 4, 5, 6, 7, 8, 9]
[info] using task orders [0, 1, 2, 3, 4, 5, 6, 7, 8, 9]
[info] using task orders [0, 1, 2, 3, 4, 5, 6, 7, 8, 9]
[info] using task orders [0, 1, 2, 3, 4, 5, 6, 7, 8, 9]
[info] using task orders [0, 1, 2, 3, 4, 5, 6, 7, 8, 9]
[info] using task orders [0, 1, 2, 3, 4, 5, 6, 7, 8, 9]
[info] using task orders [0, 1, 2, 3, 4, 5, 6, 7, 8, 9]
[info] using task orders [0, 1, 2, 3, 4, 5, 6, 7, 8, 9]
[info] using task orders [0, 1, 2, 3, 4, 5, 6, 7, 8, 9]
[info] using task orders [0, 1, 2, 3, 4, 5, 6, 7, 8, 9]
Local assets not found. Downloading from HuggingFace Hub...
Assets already downloaded at /root/.cache/libero/assets
Local assets not found. Downloading from HuggingFace Hub...
Assets already downloaded at /root/.cache/libero/assets
Local assets not found. Downloading from HuggingFace Hub...Local assets not found. Downloading from HuggingFace Hub...

Local assets not found. Downloading from HuggingFace Hub...Local assets not found. Downloading from HuggingFace Hub...

Assets already downloaded at /root/.cache/libero/assetsAssets already downloaded at /root/.cache/libero/assets

Assets already downloaded at /root/.cache/libero/assetsAssets already downloaded at /root/.cache/libero/assets

Local assets not found. Downloading from HuggingFace Hub...
Local assets not found. Downloading from HuggingFace Hub...
Assets already downloaded at /root/.cache/libero/assets
Local assets not found. Downloading from HuggingFace Hub...
Assets already downloaded at /root/.cache/libero/assets
Assets already downloaded at /root/.cache/libero/assets
Local assets not found. Downloading from HuggingFace Hub...
Assets already downloaded at /root/.cache/libero/assets
batch libero_spatial:9 C,step real=10/10 40.4 s brain 15.9 s 32 calls 61 rows
130/346 episodes, 4.88 s/episode, eta 0.29 h
batch libero_spatial:9 C,step real=2/10 20.4 s brain 6.2 s 13 calls 14 rows
132/346 episodes, 4.96 s/episode, eta 0.30 h
[info] using task orders [0, 1, 2, 3, 4, 5, 6, 7, 8, 9]
[info] using task orders [0, 1, 2, 3, 4, 5, 6, 7, 8, 9]
[info] using task orders [0, 1, 2, 3, 4, 5, 6, 7, 8, 9]
[info] using task orders [0, 1, 2, 3, 4, 5, 6, 7, 8, 9]
[info] using task orders [0, 1, 2, 3, 4, 5, 6, 7, 8, 9]
[info] using task orders [0, 1, 2, 3, 4, 5, 6, 7, 8, 9]
[info] using task orders [0, 1, 2, 3, 4, 5, 6, 7, 8, 9]
[info] using task orders [0, 1, 2, 3, 4, 5, 6, 7, 8, 9]
[info] using task orders [0, 1, 2, 3, 4, 5, 6, 7, 8, 9]
[info] using task orders [0, 1, 2, 3, 4, 5, 6, 7, 8, 9]
[info] using task orders [0, 1, 2, 3, 4, 5, 6, 7, 8, 9]
Local assets not found. Downloading from HuggingFace Hub...
Assets already downloaded at /root/.cache/libero/assets
Local assets not found. Downloading from HuggingFace Hub...
Assets already downloaded at /root/.cache/libero/assets
Local assets not found. Downloading from HuggingFace Hub...
Assets already downloaded at /root/.cache/libero/assets
Local assets not found. Downloading from HuggingFace Hub...
Assets already downloaded at /root/.cache/libero/assets
Local assets not found. Downloading from HuggingFace Hub...
Assets already downloaded at /root/.cache/libero/assets
Local assets not found. Downloading from HuggingFace Hub...Local assets not found. Downloading from HuggingFace Hub...

Assets already downloaded at /root/.cache/libero/assetsAssets already downloaded at /root/.cache/libero/assets

Local assets not found. Downloading from HuggingFace Hub...
Local assets not found. Downloading from HuggingFace Hub...
Assets already downloaded at /root/.cache/libero/assets
Assets already downloaded at /root/.cache/libero/assets
Local assets not found. Downloading from HuggingFace Hub...
Assets already downloaded at /root/.cache/libero/assets
batch libero_object:0 C,step real=10/10 39.7 s brain 18.0 s 37 calls 62 rows
142/346 episodes, 4.91 s/episode, eta 0.28 h
batch libero_object:0 C,step real=4/10 21.0 s brain 9.5 s 20 calls 23 rows
146/346 episodes, 4.92 s/episode, eta 0.27 h
[info] using task orders [0, 1, 2, 3, 4, 5, 6, 7, 8, 9]
[info] using task orders [0, 1, 2, 3, 4, 5, 6, 7, 8, 9]
[info] using task orders [0, 1, 2, 3, 4, 5, 6, 7, 8, 9]
[info] using task orders [0, 1, 2, 3, 4, 5, 6, 7, 8, 9]
[info] using task orders [0, 1, 2, 3, 4, 5, 6, 7, 8, 9]
[info] using task orders [0, 1, 2, 3, 4, 5, 6, 7, 8, 9]
[info] using task orders [0, 1, 2, 3, 4, 5, 6, 7, 8, 9]
[info] using task orders [0, 1, 2, 3, 4, 5, 6, 7, 8, 9]
[info] using task orders [0, 1, 2, 3, 4, 5, 6, 7, 8, 9]
[info] using task orders [0, 1, 2, 3, 4, 5, 6, 7, 8, 9]
[info] using task orders [0, 1, 2, 3, 4, 5, 6, 7, 8, 9]
Local assets not found. Downloading from HuggingFace Hub...
Assets already downloaded at /root/.cache/libero/assets
Local assets not found. Downloading from HuggingFace Hub...
Local assets not found. Downloading from HuggingFace Hub...
Assets already downloaded at /root/.cache/libero/assets
Assets already downloaded at /root/.cache/libero/assets
Local assets not found. Downloading from HuggingFace Hub...
Local assets not found. Downloading from HuggingFace Hub...
Assets already downloaded at /root/.cache/libero/assets
Assets already downloaded at /root/.cache/libero/assets
Local assets not found. Downloading from HuggingFace Hub...
Local assets not found. Downloading from HuggingFace Hub...
Assets already downloaded at /root/.cache/libero/assetsAssets already downloaded at /root/.cache/libero/assets

Local assets not found. Downloading from HuggingFace Hub...
Local assets not found. Downloading from HuggingFace Hub...
Assets already downloaded at /root/.cache/libero/assets
Assets already downloaded at /root/.cache/libero/assets
Local assets not found. Downloading from HuggingFace Hub...
Assets already downloaded at /root/.cache/libero/assets
batch libero_object:1 C,step real=10/10 38.3 s brain 17.4 s 36 calls 57 rows
156/346 episodes, 4.86 s/episode, eta 0.26 h
batch libero_object:1 C,step real=4/10 18.6 s brain 7.8 s 16 calls 19 rows
160/346 episodes, 4.86 s/episode, eta 0.25 h
[info] using task orders [0, 1, 2, 3, 4, 5, 6, 7, 8, 9]
[info] using task orders [0, 1, 2, 3, 4, 5, 6, 7, 8, 9]
[info] using task orders [0, 1, 2, 3, 4, 5, 6, 7, 8, 9]
[info] using task orders [0, 1, 2, 3, 4, 5, 6, 7, 8, 9]
[info] using task orders [0, 1, 2, 3, 4, 5, 6, 7, 8, 9]
[info] using task orders [0, 1, 2, 3, 4, 5, 6, 7, 8, 9]
[info] using task orders [0, 1, 2, 3, 4, 5, 6, 7, 8, 9]
[info] using task orders [0, 1, 2, 3, 4, 5, 6, 7, 8, 9]
[info] using task orders [0, 1, 2, 3, 4, 5, 6, 7, 8, 9]
[info] using task orders [0, 1, 2, 3, 4, 5, 6, 7, 8, 9]
[info] using task orders [0, 1, 2, 3, 4, 5, 6, 7, 8, 9]
Local assets not found. Downloading from HuggingFace Hub...Local assets not found. Downloading from HuggingFace Hub...

Local assets not found. Downloading from HuggingFace Hub...
Local assets not found. Downloading from HuggingFace Hub...Assets already downloaded at /root/.cache/libero/assets

Assets already downloaded at /root/.cache/libero/assets
Assets already downloaded at /root/.cache/libero/assets
Local assets not found. Downloading from HuggingFace Hub...
Assets already downloaded at /root/.cache/libero/assets
Assets already downloaded at /root/.cache/libero/assets
Local assets not found. Downloading from HuggingFace Hub...
Assets already downloaded at /root/.cache/libero/assets
Local assets not found. Downloading from HuggingFace Hub...
Assets already downloaded at /root/.cache/libero/assets
Local assets not found. Downloading from HuggingFace Hub...
Assets already downloaded at /root/.cache/libero/assets
Local assets not found. Downloading from HuggingFace Hub...
Assets already downloaded at /root/.cache/libero/assets
Local assets not found. Downloading from HuggingFace Hub...
Assets already downloaded at /root/.cache/libero/assets
batch libero_object:2 C,step real=10/10 34.0 s brain 13.9 s 28 calls 58 rows
170/346 episodes, 4.79 s/episode, eta 0.23 h
batch libero_object:2 C,step real=2/10 15.2 s brain 4.3 s 9 calls 10 rows
172/346 episodes, 4.82 s/episode, eta 0.23 h
[info] using task orders [0, 1, 2, 3, 4, 5, 6, 7, 8, 9]
[info] using task orders [0, 1, 2, 3, 4, 5, 6, 7, 8, 9]
[info] using task orders [0, 1, 2, 3, 4, 5, 6, 7, 8, 9]
[info] using task orders [0, 1, 2, 3, 4, 5, 6, 7, 8, 9]
[info] using task orders [0, 1, 2, 3, 4, 5, 6, 7, 8, 9]
[info] using task orders [0, 1, 2, 3, 4, 5, 6, 7, 8, 9]
[info] using task orders [0, 1, 2, 3, 4, 5, 6, 7, 8, 9]
[info] using task orders [0, 1, 2, 3, 4, 5, 6, 7, 8, 9]
[info] using task orders [0, 1, 2, 3, 4, 5, 6, 7, 8, 9]
[info] using task orders [0, 1, 2, 3, 4, 5, 6, 7, 8, 9]
[info] using task orders [0, 1, 2, 3, 4, 5, 6, 7, 8, 9]
Local assets not found. Downloading from HuggingFace Hub...Local assets not found. Downloading from HuggingFace Hub...

Assets already downloaded at /root/.cache/libero/assetsAssets already downloaded at /root/.cache/libero/assets

Local assets not found. Downloading from HuggingFace Hub...
Assets already downloaded at /root/.cache/libero/assets
Local assets not found. Downloading from HuggingFace Hub...
Assets already downloaded at /root/.cache/libero/assets
Local assets not found. Downloading from HuggingFace Hub...
Assets already downloaded at /root/.cache/libero/assets
Local assets not found. Downloading from HuggingFace Hub...
Assets already downloaded at /root/.cache/libero/assets
Local assets not found. Downloading from HuggingFace Hub...
Assets already downloaded at /root/.cache/libero/assets
Local assets not found. Downloading from HuggingFace Hub...
Assets already downloaded at /root/.cache/libero/assets
Local assets not found. Downloading from HuggingFace Hub...Local assets not found. Downloading from HuggingFace Hub...

Assets already downloaded at /root/.cache/libero/assetsAssets already downloaded at /root/.cache/libero/assets

batch libero_object:3 C,step real=10/10 36.8 s brain 15.8 s 32 calls 60 rows
182/346 episodes, 4.77 s/episode, eta 0.22 h
batch libero_object:3 C,step real=4/10 16.4 s brain 5.4 s 11 calls 22 rows
186/346 episodes, 4.76 s/episode, eta 0.21 h
[info] using task orders [0, 1, 2, 3, 4, 5, 6, 7, 8, 9]
[info] using task orders [0, 1, 2, 3, 4, 5, 6, 7, 8, 9]
[info] using task orders [0, 1, 2, 3, 4, 5, 6, 7, 8, 9]
[info] using task orders [0, 1, 2, 3, 4, 5, 6, 7, 8, 9]
[info] using task orders [0, 1, 2, 3, 4, 5, 6, 7, 8, 9]
[info] using task orders [0, 1, 2, 3, 4, 5, 6, 7, 8, 9]
[info] using task orders [0, 1, 2, 3, 4, 5, 6, 7, 8, 9]
[info] using task orders [0, 1, 2, 3, 4, 5, 6, 7, 8, 9]
[info] using task orders [0, 1, 2, 3, 4, 5, 6, 7, 8, 9]
[info] using task orders [0, 1, 2, 3, 4, 5, 6, 7, 8, 9]
[info] using task orders [0, 1, 2, 3, 4, 5, 6, 7, 8, 9]
Local assets not found. Downloading from HuggingFace Hub...Local assets not found. Downloading from HuggingFace Hub...Local assets not found. Downloading from HuggingFace Hub...Local assets not found. Downloading from HuggingFace Hub...



Assets already downloaded at /root/.cache/libero/assetsAssets already downloaded at /root/.cache/libero/assetsAssets already downloaded at /root/.cache/libero/assetsAssets already downloaded at /root/.cache/libero/assets



Local assets not found. Downloading from HuggingFace Hub...
Local assets not found. Downloading from HuggingFace Hub...Local assets not found. Downloading from HuggingFace Hub...

Assets already downloaded at /root/.cache/libero/assets
Assets already downloaded at /root/.cache/libero/assetsAssets already downloaded at /root/.cache/libero/assets

Local assets not found. Downloading from HuggingFace Hub...
Local assets not found. Downloading from HuggingFace Hub...
Assets already downloaded at /root/.cache/libero/assets
Local assets not found. Downloading from HuggingFace Hub...
Assets already downloaded at /root/.cache/libero/assets
Assets already downloaded at /root/.cache/libero/assets
batch libero_object:4 C,step real=10/10 36.8 s brain 16.4 s 34 calls 51 rows
196/346 episodes, 4.71 s/episode, eta 0.20 h
batch libero_object:4 C,step real=4/10 23.2 s brain 12.0 s 25 calls 28 rows
200/346 episodes, 4.73 s/episode, eta 0.19 h
[info] using task orders [0, 1, 2, 3, 4, 5, 6, 7, 8, 9]
[info] using task orders [0, 1, 2, 3, 4, 5, 6, 7, 8, 9]
[info] using task orders [0, 1, 2, 3, 4, 5, 6, 7, 8, 9]
[info] using task orders [0, 1, 2, 3, 4, 5, 6, 7, 8, 9]
[info] using task orders [0, 1, 2, 3, 4, 5, 6, 7, 8, 9]
[info] using task orders [0, 1, 2, 3, 4, 5, 6, 7, 8, 9]
[info] using task orders [0, 1, 2, 3, 4, 5, 6, 7, 8, 9]
[info] using task orders [0, 1, 2, 3, 4, 5, 6, 7, 8, 9]
[info] using task orders [0, 1, 2, 3, 4, 5, 6, 7, 8, 9]
[info] using task orders [0, 1, 2, 3, 4, 5, 6, 7, 8, 9]
[info] using task orders [0, 1, 2, 3, 4, 5, 6, 7, 8, 9]
Local assets not found. Downloading from HuggingFace Hub...Local assets not found. Downloading from HuggingFace Hub...Local assets not found. Downloading from HuggingFace Hub...


Assets already downloaded at /root/.cache/libero/assetsAssets already downloaded at /root/.cache/libero/assetsAssets already downloaded at /root/.cache/libero/assets


Local assets not found. Downloading from HuggingFace Hub...
Assets already downloaded at /root/.cache/libero/assets
Local assets not found. Downloading from HuggingFace Hub...
Local assets not found. Downloading from HuggingFace Hub...
Assets already downloaded at /root/.cache/libero/assets
Assets already downloaded at /root/.cache/libero/assets
Local assets not found. Downloading from HuggingFace Hub...
Assets already downloaded at /root/.cache/libero/assets
Local assets not found. Downloading from HuggingFace Hub...
Assets already downloaded at /root/.cache/libero/assets
Local assets not found. Downloading from HuggingFace Hub...
Assets already downloaded at /root/.cache/libero/assets
Local assets not found. Downloading from HuggingFace Hub...
Assets already downloaded at /root/.cache/libero/assets
batch libero_object:5 C,step real=10/10 41.1 s brain 20.4 s 41 calls 101 rows
210/346 episodes, 4.71 s/episode, eta 0.18 h
batch libero_object:5 C,step real=2/10 20.3 s brain 9.3 s 19 calls 21 rows
212/346 episodes, 4.77 s/episode, eta 0.18 h
[info] using task orders [0, 1, 2, 3, 4, 5, 6, 7, 8, 9]
[info] using task orders [0, 1, 2, 3, 4, 5, 6, 7, 8, 9]
[info] using task orders [0, 1, 2, 3, 4, 5, 6, 7, 8, 9]
[info] using task orders [0, 1, 2, 3, 4, 5, 6, 7, 8, 9]
[info] using task orders [0, 1, 2, 3, 4, 5, 6, 7, 8, 9]
[info] using task orders [0, 1, 2, 3, 4, 5, 6, 7, 8, 9]
[info] using task orders [0, 1, 2, 3, 4, 5, 6, 7, 8, 9]
[info] using task orders [0, 1, 2, 3, 4, 5, 6, 7, 8, 9]
[info] using task orders [0, 1, 2, 3, 4, 5, 6, 7, 8, 9]
[info] using task orders [0, 1, 2, 3, 4, 5, 6, 7, 8, 9]
[info] using task orders [0, 1, 2, 3, 4, 5, 6, 7, 8, 9]
Local assets not found. Downloading from HuggingFace Hub...Local assets not found. Downloading from HuggingFace Hub...Local assets not found. Downloading from HuggingFace Hub...Local assets not found. Downloading from HuggingFace Hub...



Assets already downloaded at /root/.cache/libero/assetsAssets already downloaded at /root/.cache/libero/assetsAssets already downloaded at /root/.cache/libero/assetsAssets already downloaded at /root/.cache/libero/assets



Local assets not found. Downloading from HuggingFace Hub...
Local assets not found. Downloading from HuggingFace Hub...
Assets already downloaded at /root/.cache/libero/assetsAssets already downloaded at /root/.cache/libero/assets

Local assets not found. Downloading from HuggingFace Hub...
Assets already downloaded at /root/.cache/libero/assets
Local assets not found. Downloading from HuggingFace Hub...
Assets already downloaded at /root/.cache/libero/assets
Local assets not found. Downloading from HuggingFace Hub...
Assets already downloaded at /root/.cache/libero/assets
Local assets not found. Downloading from HuggingFace Hub...
Assets already downloaded at /root/.cache/libero/assets
batch libero_object:6 C,step real=10/10 34.4 s brain 14.5 s 29 calls 51 rows
222/346 episodes, 4.72 s/episode, eta 0.16 h
batch libero_object:6 C,step real=4/10 19.3 s brain 8.5 s 18 calls 21 rows
226/346 episodes, 4.72 s/episode, eta 0.16 h
[info] using task orders [0, 1, 2, 3, 4, 5, 6, 7, 8, 9]
[info] using task orders [0, 1, 2, 3, 4, 5, 6, 7, 8, 9]
[info] using task orders [0, 1, 2, 3, 4, 5, 6, 7, 8, 9]
[info] using task orders [0, 1, 2, 3, 4, 5, 6, 7, 8, 9]
[info] using task orders [0, 1, 2, 3, 4, 5, 6, 7, 8, 9]
[info] using task orders [0, 1, 2, 3, 4, 5, 6, 7, 8, 9]
[info] using task orders [0, 1, 2, 3, 4, 5, 6, 7, 8, 9]
[info] using task orders [0, 1, 2, 3, 4, 5, 6, 7, 8, 9]
[info] using task orders [0, 1, 2, 3, 4, 5, 6, 7, 8, 9]
[info] using task orders [0, 1, 2, 3, 4, 5, 6, 7, 8, 9]
[info] using task orders [0, 1, 2, 3, 4, 5, 6, 7, 8, 9]
Local assets not found. Downloading from HuggingFace Hub...
Assets already downloaded at /root/.cache/libero/assets
Local assets not found. Downloading from HuggingFace Hub...Local assets not found. Downloading from HuggingFace Hub...

Local assets not found. Downloading from HuggingFace Hub...
Assets already downloaded at /root/.cache/libero/assetsAssets already downloaded at /root/.cache/libero/assets

Assets already downloaded at /root/.cache/libero/assets
Local assets not found. Downloading from HuggingFace Hub...
Local assets not found. Downloading from HuggingFace Hub...Local assets not found. Downloading from HuggingFace Hub...

Local assets not found. Downloading from HuggingFace Hub...
Assets already downloaded at /root/.cache/libero/assetsAssets already downloaded at /root/.cache/libero/assetsAssets already downloaded at /root/.cache/libero/assets


Assets already downloaded at /root/.cache/libero/assets
Local assets not found. Downloading from HuggingFace Hub...Local assets not found. Downloading from HuggingFace Hub...

Assets already downloaded at /root/.cache/libero/assetsAssets already downloaded at /root/.cache/libero/assets

batch libero_object:7 C,step real=10/10 36.7 s brain 16.4 s 33 calls 60 rows
236/346 episodes, 4.68 s/episode, eta 0.14 h
batch libero_object:7 C,step real=4/10 19.4 s brain 8.2 s 17 calls 20 rows
240/346 episodes, 4.69 s/episode, eta 0.14 h
[info] using task orders [0, 1, 2, 3, 4, 5, 6, 7, 8, 9]
[info] using task orders [0, 1, 2, 3, 4, 5, 6, 7, 8, 9]
[info] using task orders [0, 1, 2, 3, 4, 5, 6, 7, 8, 9]
[info] using task orders [0, 1, 2, 3, 4, 5, 6, 7, 8, 9]
[info] using task orders [0, 1, 2, 3, 4, 5, 6, 7, 8, 9]
[info] using task orders [0, 1, 2, 3, 4, 5, 6, 7, 8, 9]
[info] using task orders [0, 1, 2, 3, 4, 5, 6, 7, 8, 9]
[info] using task orders [0, 1, 2, 3, 4, 5, 6, 7, 8, 9]
[info] using task orders [0, 1, 2, 3, 4, 5, 6, 7, 8, 9]
[info] using task orders [0, 1, 2, 3, 4, 5, 6, 7, 8, 9]
[info] using task orders [0, 1, 2, 3, 4, 5, 6, 7, 8, 9]
Local assets not found. Downloading from HuggingFace Hub...Local assets not found. Downloading from HuggingFace Hub...

Assets already downloaded at /root/.cache/libero/assetsAssets already downloaded at /root/.cache/libero/assets

Local assets not found. Downloading from HuggingFace Hub...
Assets already downloaded at /root/.cache/libero/assets
Local assets not found. Downloading from HuggingFace Hub...
Local assets not found. Downloading from HuggingFace Hub...Local assets not found. Downloading from HuggingFace Hub...

Assets already downloaded at /root/.cache/libero/assets
Assets already downloaded at /root/.cache/libero/assetsAssets already downloaded at /root/.cache/libero/assets

Local assets not found. Downloading from HuggingFace Hub...
Local assets not found. Downloading from HuggingFace Hub...
Local assets not found. Downloading from HuggingFace Hub...
Local assets not found. Downloading from HuggingFace Hub...Assets already downloaded at /root/.cache/libero/assets
Assets already downloaded at /root/.cache/libero/assets

Assets already downloaded at /root/.cache/libero/assets
Assets already downloaded at /root/.cache/libero/assets
batch libero_object:8 C,step real=10/10 34.8 s brain 14.3 s 29 calls 55 rows
250/346 episodes, 4.65 s/episode, eta 0.12 h
batch libero_object:8 C,step real=2/10 15.8 s brain 5.3 s 11 calls 12 rows
252/346 episodes, 4.67 s/episode, eta 0.12 h
[info] using task orders [0, 1, 2, 3, 4, 5, 6, 7, 8, 9]
[info] using task orders [0, 1, 2, 3, 4, 5, 6, 7, 8, 9]
[info] using task orders [0, 1, 2, 3, 4, 5, 6, 7, 8, 9]
[info] using task orders [0, 1, 2, 3, 4, 5, 6, 7, 8, 9]
[info] using task orders [0, 1, 2, 3, 4, 5, 6, 7, 8, 9]
[info] using task orders [0, 1, 2, 3, 4, 5, 6, 7, 8, 9]
[info] using task orders [0, 1, 2, 3, 4, 5, 6, 7, 8, 9]
[info] using task orders [0, 1, 2, 3, 4, 5, 6, 7, 8, 9]
[info] using task orders [0, 1, 2, 3, 4, 5, 6, 7, 8, 9]
[info] using task orders [0, 1, 2, 3, 4, 5, 6, 7, 8, 9]
[info] using task orders [0, 1, 2, 3, 4, 5, 6, 7, 8, 9]
Local assets not found. Downloading from HuggingFace Hub...
Assets already downloaded at /root/.cache/libero/assets
Local assets not found. Downloading from HuggingFace Hub...
Assets already downloaded at /root/.cache/libero/assets
Local assets not found. Downloading from HuggingFace Hub...
Assets already downloaded at /root/.cache/libero/assets
Local assets not found. Downloading from HuggingFace Hub...
Assets already downloaded at /root/.cache/libero/assets
Local assets not found. Downloading from HuggingFace Hub...
Local assets not found. Downloading from HuggingFace Hub...
Assets already downloaded at /root/.cache/libero/assets
Local assets not found. Downloading from HuggingFace Hub...
Assets already downloaded at /root/.cache/libero/assets
Assets already downloaded at /root/.cache/libero/assets
Local assets not found. Downloading from HuggingFace Hub...
Local assets not found. Downloading from HuggingFace Hub...
Assets already downloaded at /root/.cache/libero/assets
Assets already downloaded at /root/.cache/libero/assets
Local assets not found. Downloading from HuggingFace Hub...
Assets already downloaded at /root/.cache/libero/assets
batch libero_object:9 C,step real=10/10 37.0 s brain 16.6 s 33 calls 57 rows
262/346 episodes, 4.65 s/episode, eta 0.11 h
batch libero_object:9 C,step real=4/10 11.3 s brain 4.2 s 9 calls 12 rows
266/346 episodes, 4.62 s/episode, eta 0.10 h
[info] using task orders [0, 1, 2, 3, 4, 5, 6, 7, 8, 9]
[info] using task orders [0, 1, 2, 3, 4, 5, 6, 7, 8, 9]
[info] using task orders [0, 1, 2, 3, 4, 5, 6, 7, 8, 9]
[info] using task orders [0, 1, 2, 3, 4, 5, 6, 7, 8, 9]
[info] using task orders [0, 1, 2, 3, 4, 5, 6, 7, 8, 9]
[info] using task orders [0, 1, 2, 3, 4, 5, 6, 7, 8, 9]
[info] using task orders [0, 1, 2, 3, 4, 5, 6, 7, 8, 9]
[info] using task orders [0, 1, 2, 3, 4, 5, 6, 7, 8, 9]
[info] using task orders [0, 1, 2, 3, 4, 5, 6, 7, 8, 9]
[info] using task orders [0, 1, 2, 3, 4, 5, 6, 7, 8, 9]
[info] using task orders [0, 1, 2, 3, 4, 5, 6, 7, 8, 9]
Local assets not found. Downloading from HuggingFace Hub...Local assets not found. Downloading from HuggingFace Hub...Local assets not found. Downloading from HuggingFace Hub...


Local assets not found. Downloading from HuggingFace Hub...Local assets not found. Downloading from HuggingFace Hub...

Assets already downloaded at /root/.cache/libero/assetsAssets already downloaded at /root/.cache/libero/assets

Assets already downloaded at /root/.cache/libero/assetsAssets already downloaded at /root/.cache/libero/assets

Assets already downloaded at /root/.cache/libero/assets
Local assets not found. Downloading from HuggingFace Hub...
Assets already downloaded at /root/.cache/libero/assets
Local assets not found. Downloading from HuggingFace Hub...
Assets already downloaded at /root/.cache/libero/assets
Local assets not found. Downloading from HuggingFace Hub...
Assets already downloaded at /root/.cache/libero/assets
Local assets not found. Downloading from HuggingFace Hub...
Assets already downloaded at /root/.cache/libero/assetsLocal assets not found. Downloading from HuggingFace Hub...

Assets already downloaded at /root/.cache/libero/assets
batch libero_goal:1 C,step real=10/10 37.0 s brain 14.6 s 29 calls 66 rows
276/346 episodes, 4.59 s/episode, eta 0.09 h
batch libero_goal:1 C,step real=4/10 18.3 s brain 6.3 s 13 calls 18 rows
280/346 episodes, 4.59 s/episode, eta 0.08 h
[info] using task orders [0, 1, 2, 3, 4, 5, 6, 7, 8, 9]
[info] using task orders [0, 1, 2, 3, 4, 5, 6, 7, 8, 9]
[info] using task orders [0, 1, 2, 3, 4, 5, 6, 7, 8, 9]
[info] using task orders [0, 1, 2, 3, 4, 5, 6, 7, 8, 9]
[info] using task orders [0, 1, 2, 3, 4, 5, 6, 7, 8, 9]
[info] using task orders [0, 1, 2, 3, 4, 5, 6, 7, 8, 9]
[info] using task orders [0, 1, 2, 3, 4, 5, 6, 7, 8, 9]
[info] using task orders [0, 1, 2, 3, 4, 5, 6, 7, 8, 9]
[info] using task orders [0, 1, 2, 3, 4, 5, 6, 7, 8, 9]
[info] using task orders [0, 1, 2, 3, 4, 5, 6, 7, 8, 9]
[info] using task orders [0, 1, 2, 3, 4, 5, 6, 7, 8, 9]
Local assets not found. Downloading from HuggingFace Hub...Local assets not found. Downloading from HuggingFace Hub...

Local assets not found. Downloading from HuggingFace Hub...
Assets already downloaded at /root/.cache/libero/assetsAssets already downloaded at /root/.cache/libero/assets

Assets already downloaded at /root/.cache/libero/assets
Local assets not found. Downloading from HuggingFace Hub...
Assets already downloaded at /root/.cache/libero/assets
Local assets not found. Downloading from HuggingFace Hub...
Local assets not found. Downloading from HuggingFace Hub...
Assets already downloaded at /root/.cache/libero/assets
Assets already downloaded at /root/.cache/libero/assets
Local assets not found. Downloading from HuggingFace Hub...Local assets not found. Downloading from HuggingFace Hub...

Local assets not found. Downloading from HuggingFace Hub...
Local assets not found. Downloading from HuggingFace Hub...
Assets already downloaded at /root/.cache/libero/assets
Assets already downloaded at /root/.cache/libero/assetsAssets already downloaded at /root/.cache/libero/assets

Assets already downloaded at /root/.cache/libero/assets
batch libero_goal:2 C,step real=10/10 35.8 s brain 14.1 s 28 calls 54 rows
290/346 episodes, 4.57 s/episode, eta 0.07 h
batch libero_goal:2 C,step real=2/10 23.5 s brain 10.6 s 22 calls 24 rows
292/346 episodes, 4.62 s/episode, eta 0.07 h
[info] using task orders [0, 1, 2, 3, 4, 5, 6, 7, 8, 9]
[info] using task orders [0, 1, 2, 3, 4, 5, 6, 7, 8, 9]
[info] using task orders [0, 1, 2, 3, 4, 5, 6, 7, 8, 9]
[info] using task orders [0, 1, 2, 3, 4, 5, 6, 7, 8, 9]
[info] using task orders [0, 1, 2, 3, 4, 5, 6, 7, 8, 9]
[info] using task orders [0, 1, 2, 3, 4, 5, 6, 7, 8, 9]
[info] using task orders [0, 1, 2, 3, 4, 5, 6, 7, 8, 9]
[info] using task orders [0, 1, 2, 3, 4, 5, 6, 7, 8, 9]
[info] using task orders [0, 1, 2, 3, 4, 5, 6, 7, 8, 9]
[info] using task orders [0, 1, 2, 3, 4, 5, 6, 7, 8, 9]
[info] using task orders [0, 1, 2, 3, 4, 5, 6, 7, 8, 9]
Local assets not found. Downloading from HuggingFace Hub...Local assets not found. Downloading from HuggingFace Hub...Local assets not found. Downloading from HuggingFace Hub...Local assets not found. Downloading from HuggingFace Hub...



Assets already downloaded at /root/.cache/libero/assetsAssets already downloaded at /root/.cache/libero/assetsAssets already downloaded at /root/.cache/libero/assetsAssets already downloaded at /root/.cache/libero/assets



Local assets not found. Downloading from HuggingFace Hub...
Local assets not found. Downloading from HuggingFace Hub...
Assets already downloaded at /root/.cache/libero/assets
Assets already downloaded at /root/.cache/libero/assets
Local assets not found. Downloading from HuggingFace Hub...
Assets already downloaded at /root/.cache/libero/assets
Local assets not found. Downloading from HuggingFace Hub...
Assets already downloaded at /root/.cache/libero/assets
Local assets not found. Downloading from HuggingFace Hub...
Assets already downloaded at /root/.cache/libero/assets
Local assets not found. Downloading from HuggingFace Hub...
Assets already downloaded at /root/.cache/libero/assets
batch libero_goal:4 C,step real=10/10 41.4 s brain 18.7 s 38 calls 69 rows
302/346 episodes, 4.61 s/episode, eta 0.06 h
batch libero_goal:4 C,step real=4/10 20.0 s brain 7.5 s 15 calls 19 rows
306/346 episodes, 4.61 s/episode, eta 0.05 h
[info] using task orders [0, 1, 2, 3, 4, 5, 6, 7, 8, 9]
[info] using task orders [0, 1, 2, 3, 4, 5, 6, 7, 8, 9]
[info] using task orders [0, 1, 2, 3, 4, 5, 6, 7, 8, 9]
[info] using task orders [0, 1, 2, 3, 4, 5, 6, 7, 8, 9]
[info] using task orders [0, 1, 2, 3, 4, 5, 6, 7, 8, 9]
[info] using task orders [0, 1, 2, 3, 4, 5, 6, 7, 8, 9]
[info] using task orders [0, 1, 2, 3, 4, 5, 6, 7, 8, 9]
[info] using task orders [0, 1, 2, 3, 4, 5, 6, 7, 8, 9]
[info] using task orders [0, 1, 2, 3, 4, 5, 6, 7, 8, 9]
[info] using task orders [0, 1, 2, 3, 4, 5, 6, 7, 8, 9]
[info] using task orders [0, 1, 2, 3, 4, 5, 6, 7, 8, 9]
Local assets not found. Downloading from HuggingFace Hub...Local assets not found. Downloading from HuggingFace Hub...Local assets not found. Downloading from HuggingFace Hub...Local assets not found. Downloading from HuggingFace Hub...



Assets already downloaded at /root/.cache/libero/assetsAssets already downloaded at /root/.cache/libero/assetsAssets already downloaded at /root/.cache/libero/assetsAssets already downloaded at /root/.cache/libero/assets



Local assets not found. Downloading from HuggingFace Hub...
Assets already downloaded at /root/.cache/libero/assets
Local assets not found. Downloading from HuggingFace Hub...
Assets already downloaded at /root/.cache/libero/assets
Local assets not found. Downloading from HuggingFace Hub...
Assets already downloaded at /root/.cache/libero/assets
Local assets not found. Downloading from HuggingFace Hub...
Assets already downloaded at /root/.cache/libero/assets
Local assets not found. Downloading from HuggingFace Hub...
Assets already downloaded at /root/.cache/libero/assets
Local assets not found. Downloading from HuggingFace Hub...
Assets already downloaded at /root/.cache/libero/assets
batch libero_goal:6 C,step real=10/10 43.9 s brain 20.4 s 42 calls 65 rows
316/346 episodes, 4.61 s/episode, eta 0.04 h
batch libero_goal:6 C,step real=4/10 24.4 s brain 11.4 s 24 calls 27 rows
320/346 episodes, 4.63 s/episode, eta 0.03 h
[info] using task orders [0, 1, 2, 3, 4, 5, 6, 7, 8, 9]
[info] using task orders [0, 1, 2, 3, 4, 5, 6, 7, 8, 9]
[info] using task orders [0, 1, 2, 3, 4, 5, 6, 7, 8, 9]
[info] using task orders [0, 1, 2, 3, 4, 5, 6, 7, 8, 9]
[info] using task orders [0, 1, 2, 3, 4, 5, 6, 7, 8, 9]
[info] using task orders [0, 1, 2, 3, 4, 5, 6, 7, 8, 9]
[info] using task orders [0, 1, 2, 3, 4, 5, 6, 7, 8, 9]
[info] using task orders [0, 1, 2, 3, 4, 5, 6, 7, 8, 9]
[info] using task orders [0, 1, 2, 3, 4, 5, 6, 7, 8, 9]
[info] using task orders [0, 1, 2, 3, 4, 5, 6, 7, 8, 9]
[info] using task orders [0, 1, 2, 3, 4, 5, 6, 7, 8, 9]
Local assets not found. Downloading from HuggingFace Hub...Local assets not found. Downloading from HuggingFace Hub...

Local assets not found. Downloading from HuggingFace Hub...
Assets already downloaded at /root/.cache/libero/assetsAssets already downloaded at /root/.cache/libero/assets

Assets already downloaded at /root/.cache/libero/assets
Local assets not found. Downloading from HuggingFace Hub...
Assets already downloaded at /root/.cache/libero/assets
Local assets not found. Downloading from HuggingFace Hub...
Local assets not found. Downloading from HuggingFace Hub...Local assets not found. Downloading from HuggingFace Hub...

Assets already downloaded at /root/.cache/libero/assets
Assets already downloaded at /root/.cache/libero/assetsAssets already downloaded at /root/.cache/libero/assets

Local assets not found. Downloading from HuggingFace Hub...
Assets already downloaded at /root/.cache/libero/assets
Local assets not found. Downloading from HuggingFace Hub...Local assets not found. Downloading from HuggingFace Hub...

Assets already downloaded at /root/.cache/libero/assetsAssets already downloaded at /root/.cache/libero/assets

batch libero_goal:8 C,step real=10/10 38.5 s brain 16.0 s 33 calls 62 rows
330/346 episodes, 4.61 s/episode, eta 0.02 h
batch libero_goal:8 C,step real=2/10 20.8 s brain 6.2 s 13 calls 14 rows
332/346 episodes, 4.65 s/episode, eta 0.02 h
[info] using task orders [0, 1, 2, 3, 4, 5, 6, 7, 8, 9]
[info] using task orders [0, 1, 2, 3, 4, 5, 6, 7, 8, 9]
[info] using task orders [0, 1, 2, 3, 4, 5, 6, 7, 8, 9]
[info] using task orders [0, 1, 2, 3, 4, 5, 6, 7, 8, 9]
[info] using task orders [0, 1, 2, 3, 4, 5, 6, 7, 8, 9]
[info] using task orders [0, 1, 2, 3, 4, 5, 6, 7, 8, 9]
[info] using task orders [0, 1, 2, 3, 4, 5, 6, 7, 8, 9]
[info] using task orders [0, 1, 2, 3, 4, 5, 6, 7, 8, 9]
[info] using task orders [0, 1, 2, 3, 4, 5, 6, 7, 8, 9]
[info] using task orders [0, 1, 2, 3, 4, 5, 6, 7, 8, 9]
[info] using task orders [0, 1, 2, 3, 4, 5, 6, 7, 8, 9]
Local assets not found. Downloading from HuggingFace Hub...Local assets not found. Downloading from HuggingFace Hub...Local assets not found. Downloading from HuggingFace Hub...


Assets already downloaded at /root/.cache/libero/assetsAssets already downloaded at /root/.cache/libero/assetsAssets already downloaded at /root/.cache/libero/assets


Local assets not found. Downloading from HuggingFace Hub...
Assets already downloaded at /root/.cache/libero/assets
Local assets not found. Downloading from HuggingFace Hub...
Assets already downloaded at /root/.cache/libero/assets
Local assets not found. Downloading from HuggingFace Hub...
Assets already downloaded at /root/.cache/libero/assets
Local assets not found. Downloading from HuggingFace Hub...
Assets already downloaded at /root/.cache/libero/assets
Local assets not found. Downloading from HuggingFace Hub...
Assets already downloaded at /root/.cache/libero/assets
Local assets not found. Downloading from HuggingFace Hub...
Assets already downloaded at /root/.cache/libero/assets
Local assets not found. Downloading from HuggingFace Hub...
Assets already downloaded at /root/.cache/libero/assets
batch libero_goal:9 C,step real=10/10 36.2 s brain 15.5 s 31 calls 69 rows
342/346 episodes, 4.63 s/episode, eta 0.01 h
batch libero_goal:9 C,step real=4/10 19.8 s brain 7.7 s 16 calls 27 rows
346/346 episodes, 4.63 s/episode, eta 0.00 h
[02:43:00] pass 2 skipped: pass 1 exited cleanly, no failed batch
[06:54:40] phase r6, lane b, id 16b (520 episodes): --brain smolvla --kinds step --cells C --methods T0 --inits 0-19
[06:54:40] pass 1: --brain smolvla --kinds step --cells C --methods T0 --inits 0-19 --precision fp32 --n-envs 10 --kbar 0.0315 --t-ramp 5 --k-p 1.0 --tau-k 0.039517 --out results/c1-e4/pod/grid_smolvla_b.jsonl
[robosuite WARNING] No private macro file found! (__init__.py:7)
WARNING:robosuite_logs:No private macro file found!
[robosuite WARNING] It is recommended to use a private macro file (__init__.py:8)
WARNING:robosuite_logs:It is recommended to use a private macro file
[robosuite WARNING] To setup, run: python /workspace/jit-reflex/venv/lib/python3.12/site-packages/robosuite/scripts/setup_macros.py (__init__.py:9)
WARNING:robosuite_logs:To setup, run: python /workspace/jit-reflex/venv/lib/python3.12/site-packages/robosuite/scripts/setup_macros.py
520 episodes to run
Fetching 8 files:   0%|          | 0/8 [00:00<?, ?it/s]Fetching 8 files: 100%|██████████| 8/8 [00:00<00:00, 516.89it/s]
Loading weights from local directory
[info] using task orders [0, 1, 2, 3, 4, 5, 6, 7, 8, 9]
/usr/lib/python3.12/multiprocessing/popen_fork.py:66: DeprecationWarning: This process (pid=258051) is multi-threaded, use of fork() may lead to deadlocks in the child.
  self.pid = os.fork()
[info] using task orders [0, 1, 2, 3, 4, 5, 6, 7, 8, 9]
[info] using task orders [0, 1, 2, 3, 4, 5, 6, 7, 8, 9]
[info] using task orders [0, 1, 2, 3, 4, 5, 6, 7, 8, 9]
[info] using task orders [0, 1, 2, 3, 4, 5, 6, 7, 8, 9]
[info] using task orders [0, 1, 2, 3, 4, 5, 6, 7, 8, 9]
[info] using task orders [0, 1, 2, 3, 4, 5, 6, 7, 8, 9]
[info] using task orders [0, 1, 2, 3, 4, 5, 6, 7, 8, 9]
[info] using task orders [0, 1, 2, 3, 4, 5, 6, 7, 8, 9]
[info] using task orders [0, 1, 2, 3, 4, 5, 6, 7, 8, 9]
[info] using task orders [0, 1, 2, 3, 4, 5, 6, 7, 8, 9]
Local assets not found. Downloading from HuggingFace Hub...Local assets not found. Downloading from HuggingFace Hub...

Assets already downloaded at /root/.cache/libero/assetsAssets already downloaded at /root/.cache/libero/assets

Local assets not found. Downloading from HuggingFace Hub...
Assets already downloaded at /root/.cache/libero/assets
Local assets not found. Downloading from HuggingFace Hub...
Assets already downloaded at /root/.cache/libero/assets
Local assets not found. Downloading from HuggingFace Hub...
Assets already downloaded at /root/.cache/libero/assets
Local assets not found. Downloading from HuggingFace Hub...
Assets already downloaded at /root/.cache/libero/assets
Local assets not found. Downloading from HuggingFace Hub...
Assets already downloaded at /root/.cache/libero/assets
Local assets not found. Downloading from HuggingFace Hub...
Assets already downloaded at /root/.cache/libero/assets
Local assets not found. Downloading from HuggingFace Hub...
Assets already downloaded at /root/.cache/libero/assets
Local assets not found. Downloading from HuggingFace Hub...
Assets already downloaded at /root/.cache/libero/assets
batch libero_spatial:0 C,step real=10/10 46.1 s brain 19.3 s 38 calls 62 rows
10/520 episodes, 4.68 s/episode, eta 0.66 h
batch libero_spatial:0 C,step real=10/10 30.8 s brain 14.9 s 29 calls 58 rows
20/520 episodes, 3.88 s/episode, eta 0.54 h
[info] using task orders [0, 1, 2, 3, 4, 5, 6, 7, 8, 9]
[info] using task orders [0, 1, 2, 3, 4, 5, 6, 7, 8, 9]
[info] using task orders [0, 1, 2, 3, 4, 5, 6, 7, 8, 9]
[info] using task orders [0, 1, 2, 3, 4, 5, 6, 7, 8, 9]
[info] using task orders [0, 1, 2, 3, 4, 5, 6, 7, 8, 9]
[info] using task orders [0, 1, 2, 3, 4, 5, 6, 7, 8, 9]
[info] using task orders [0, 1, 2, 3, 4, 5, 6, 7, 8, 9]
[info] using task orders [0, 1, 2, 3, 4, 5, 6, 7, 8, 9]
[info] using task orders [0, 1, 2, 3, 4, 5, 6, 7, 8, 9]
[info] using task orders [0, 1, 2, 3, 4, 5, 6, 7, 8, 9]
[info] using task orders [0, 1, 2, 3, 4, 5, 6, 7, 8, 9]
Local assets not found. Downloading from HuggingFace Hub...Local assets not found. Downloading from HuggingFace Hub...Local assets not found. Downloading from HuggingFace Hub...Local assets not found. Downloading from HuggingFace Hub...



Assets already downloaded at /root/.cache/libero/assetsAssets already downloaded at /root/.cache/libero/assetsAssets already downloaded at /root/.cache/libero/assetsAssets already downloaded at /root/.cache/libero/assets



Local assets not found. Downloading from HuggingFace Hub...
Assets already downloaded at /root/.cache/libero/assets
Local assets not found. Downloading from HuggingFace Hub...
Assets already downloaded at /root/.cache/libero/assets
Local assets not found. Downloading from HuggingFace Hub...
Assets already downloaded at /root/.cache/libero/assets
Local assets not found. Downloading from HuggingFace Hub...
Assets already downloaded at /root/.cache/libero/assets
Local assets not found. Downloading from HuggingFace Hub...
Assets already downloaded at /root/.cache/libero/assets
Local assets not found. Downloading from HuggingFace Hub...
Assets already downloaded at /root/.cache/libero/assets
batch libero_spatial:1 C,step real=10/10 37.4 s brain 13.2 s 27 calls 51 rows
30/520 episodes, 3.91 s/episode, eta 0.53 h
batch libero_spatial:1 C,step real=10/10 31.2 s brain 15.9 s 33 calls 56 rows
40/520 episodes, 3.71 s/episode, eta 0.50 h
[info] using task orders [0, 1, 2, 3, 4, 5, 6, 7, 8, 9]
[info] using task orders [0, 1, 2, 3, 4, 5, 6, 7, 8, 9]
[info] using task orders [0, 1, 2, 3, 4, 5, 6, 7, 8, 9]
[info] using task orders [0, 1, 2, 3, 4, 5, 6, 7, 8, 9]
[info] using task orders [0, 1, 2, 3, 4, 5, 6, 7, 8, 9]
[info] using task orders [0, 1, 2, 3, 4, 5, 6, 7, 8, 9]
[info] using task orders [0, 1, 2, 3, 4, 5, 6, 7, 8, 9]
[info] using task orders [0, 1, 2, 3, 4, 5, 6, 7, 8, 9]
[info] using task orders [0, 1, 2, 3, 4, 5, 6, 7, 8, 9]
[info] using task orders [0, 1, 2, 3, 4, 5, 6, 7, 8, 9]
[info] using task orders [0, 1, 2, 3, 4, 5, 6, 7, 8, 9]
Local assets not found. Downloading from HuggingFace Hub...Local assets not found. Downloading from HuggingFace Hub...

Assets already downloaded at /root/.cache/libero/assetsAssets already downloaded at /root/.cache/libero/assets

Local assets not found. Downloading from HuggingFace Hub...Local assets not found. Downloading from HuggingFace Hub...

Assets already downloaded at /root/.cache/libero/assetsAssets already downloaded at /root/.cache/libero/assets

Local assets not found. Downloading from HuggingFace Hub...
Assets already downloaded at /root/.cache/libero/assets
Local assets not found. Downloading from HuggingFace Hub...
Assets already downloaded at /root/.cache/libero/assets
Local assets not found. Downloading from HuggingFace Hub...
Assets already downloaded at /root/.cache/libero/assets
Local assets not found. Downloading from HuggingFace Hub...
Assets already downloaded at /root/.cache/libero/assets
Local assets not found. Downloading from HuggingFace Hub...
Local assets not found. Downloading from HuggingFace Hub...
Assets already downloaded at /root/.cache/libero/assets
Assets already downloaded at /root/.cache/libero/assets
batch libero_spatial:2 C,step real=10/10 42.6 s brain 18.6 s 39 calls 55 rows
50/520 episodes, 3.87 s/episode, eta 0.51 h
batch libero_spatial:2 C,step real=10/10 32.4 s brain 17.4 s 36 calls 59 rows
60/520 episodes, 3.77 s/episode, eta 0.48 h
[info] using task orders [0, 1, 2, 3, 4, 5, 6, 7, 8, 9]
[info] using task orders [0, 1, 2, 3, 4, 5, 6, 7, 8, 9]
[info] using task orders [0, 1, 2, 3, 4, 5, 6, 7, 8, 9]
[info] using task orders [0, 1, 2, 3, 4, 5, 6, 7, 8, 9]
[info] using task orders [0, 1, 2, 3, 4, 5, 6, 7, 8, 9]
[info] using task orders [0, 1, 2, 3, 4, 5, 6, 7, 8, 9]
[info] using task orders [0, 1, 2, 3, 4, 5, 6, 7, 8, 9]
[info] using task orders [0, 1, 2, 3, 4, 5, 6, 7, 8, 9]
[info] using task orders [0, 1, 2, 3, 4, 5, 6, 7, 8, 9]
[info] using task orders [0, 1, 2, 3, 4, 5, 6, 7, 8, 9]
[info] using task orders [0, 1, 2, 3, 4, 5, 6, 7, 8, 9]
Local assets not found. Downloading from HuggingFace Hub...
Assets already downloaded at /root/.cache/libero/assets
Local assets not found. Downloading from HuggingFace Hub...
Assets already downloaded at /root/.cache/libero/assets
Local assets not found. Downloading from HuggingFace Hub...
Assets already downloaded at /root/.cache/libero/assets
Local assets not found. Downloading from HuggingFace Hub...
Assets already downloaded at /root/.cache/libero/assets
Local assets not found. Downloading from HuggingFace Hub...Local assets not found. Downloading from HuggingFace Hub...

Assets already downloaded at /root/.cache/libero/assetsAssets already downloaded at /root/.cache/libero/assets

Local assets not found. Downloading from HuggingFace Hub...
Local assets not found. Downloading from HuggingFace Hub...
Assets already downloaded at /root/.cache/libero/assets
Assets already downloaded at /root/.cache/libero/assets
Local assets not found. Downloading from HuggingFace Hub...
Assets already downloaded at /root/.cache/libero/assets
Local assets not found. Downloading from HuggingFace Hub...
Assets already downloaded at /root/.cache/libero/assets
batch libero_spatial:3 C,step real=10/10 40.4 s brain 16.5 s 34 calls 55 rows
70/520 episodes, 3.84 s/episode, eta 0.48 h
batch libero_spatial:3 C,step real=10/10 27.9 s brain 13.1 s 27 calls 45 rows
80/520 episodes, 3.71 s/episode, eta 0.45 h
[info] using task orders [0, 1, 2, 3, 4, 5, 6, 7, 8, 9]
[info] using task orders [0, 1, 2, 3, 4, 5, 6, 7, 8, 9]
[info] using task orders [0, 1, 2, 3, 4, 5, 6, 7, 8, 9]
[info] using task orders [0, 1, 2, 3, 4, 5, 6, 7, 8, 9]
[info] using task orders [0, 1, 2, 3, 4, 5, 6, 7, 8, 9]
[info] using task orders [0, 1, 2, 3, 4, 5, 6, 7, 8, 9]
[info] using task orders [0, 1, 2, 3, 4, 5, 6, 7, 8, 9]
[info] using task orders [0, 1, 2, 3, 4, 5, 6, 7, 8, 9]
[info] using task orders [0, 1, 2, 3, 4, 5, 6, 7, 8, 9]
[info] using task orders [0, 1, 2, 3, 4, 5, 6, 7, 8, 9]
[info] using task orders [0, 1, 2, 3, 4, 5, 6, 7, 8, 9]
Local assets not found. Downloading from HuggingFace Hub...Local assets not found. Downloading from HuggingFace Hub...

Assets already downloaded at /root/.cache/libero/assetsAssets already downloaded at /root/.cache/libero/assets

Local assets not found. Downloading from HuggingFace Hub...
Assets already downloaded at /root/.cache/libero/assets
Local assets not found. Downloading from HuggingFace Hub...Local assets not found. Downloading from HuggingFace Hub...

Assets already downloaded at /root/.cache/libero/assetsAssets already downloaded at /root/.cache/libero/assets

Local assets not found. Downloading from HuggingFace Hub...
Assets already downloaded at /root/.cache/libero/assets
Local assets not found. Downloading from HuggingFace Hub...Local assets not found. Downloading from HuggingFace Hub...

Assets already downloaded at /root/.cache/libero/assetsAssets already downloaded at /root/.cache/libero/assets

Local assets not found. Downloading from HuggingFace Hub...
Assets already downloaded at /root/.cache/libero/assets
Local assets not found. Downloading from HuggingFace Hub...
Assets already downloaded at /root/.cache/libero/assets
batch libero_spatial:4 C,step real=10/10 48.7 s brain 23.7 s 49 calls 82 rows
90/520 episodes, 3.86 s/episode, eta 0.46 h
batch libero_spatial:4 C,step real=10/10 40.6 s brain 23.5 s 49 calls 71 rows
100/520 episodes, 3.88 s/episode, eta 0.45 h
[info] using task orders [0, 1, 2, 3, 4, 5, 6, 7, 8, 9]
[info] using task orders [0, 1, 2, 3, 4, 5, 6, 7, 8, 9]
[info] using task orders [0, 1, 2, 3, 4, 5, 6, 7, 8, 9]
[info] using task orders [0, 1, 2, 3, 4, 5, 6, 7, 8, 9]
[info] using task orders [0, 1, 2, 3, 4, 5, 6, 7, 8, 9]
[info] using task orders [0, 1, 2, 3, 4, 5, 6, 7, 8, 9]
[info] using task orders [0, 1, 2, 3, 4, 5, 6, 7, 8, 9]
[info] using task orders [0, 1, 2, 3, 4, 5, 6, 7, 8, 9]
[info] using task orders [0, 1, 2, 3, 4, 5, 6, 7, 8, 9]
[info] using task orders [0, 1, 2, 3, 4, 5, 6, 7, 8, 9]
[info] using task orders [0, 1, 2, 3, 4, 5, 6, 7, 8, 9]
Local assets not found. Downloading from HuggingFace Hub...
Assets already downloaded at /root/.cache/libero/assets
Local assets not found. Downloading from HuggingFace Hub...
Assets already downloaded at /root/.cache/libero/assets
Local assets not found. Downloading from HuggingFace Hub...
Local assets not found. Downloading from HuggingFace Hub...
Assets already downloaded at /root/.cache/libero/assetsAssets already downloaded at /root/.cache/libero/assets

Local assets not found. Downloading from HuggingFace Hub...
Local assets not found. Downloading from HuggingFace Hub...
Assets already downloaded at /root/.cache/libero/assetsAssets already downloaded at /root/.cache/libero/assets

Local assets not found. Downloading from HuggingFace Hub...
Local assets not found. Downloading from HuggingFace Hub...
Assets already downloaded at /root/.cache/libero/assets
Assets already downloaded at /root/.cache/libero/assets
Local assets not found. Downloading from HuggingFace Hub...
Assets already downloaded at /root/.cache/libero/assets
Local assets not found. Downloading from HuggingFace Hub...
Assets already downloaded at /root/.cache/libero/assets
batch libero_spatial:5 C,step real=10/10 42.5 s brain 17.2 s 35 calls 65 rows
110/520 episodes, 3.94 s/episode, eta 0.45 h
batch libero_spatial:5 C,step real=10/10 36.2 s brain 20.5 s 42 calls 77 rows
120/520 episodes, 3.91 s/episode, eta 0.43 h
[info] using task orders [0, 1, 2, 3, 4, 5, 6, 7, 8, 9]
[info] using task orders [0, 1, 2, 3, 4, 5, 6, 7, 8, 9]
[info] using task orders [0, 1, 2, 3, 4, 5, 6, 7, 8, 9]
[info] using task orders [0, 1, 2, 3, 4, 5, 6, 7, 8, 9]
[info] using task orders [0, 1, 2, 3, 4, 5, 6, 7, 8, 9]
[info] using task orders [0, 1, 2, 3, 4, 5, 6, 7, 8, 9]
[info] using task orders [0, 1, 2, 3, 4, 5, 6, 7, 8, 9]
[info] using task orders [0, 1, 2, 3, 4, 5, 6, 7, 8, 9]
[info] using task orders [0, 1, 2, 3, 4, 5, 6, 7, 8, 9]
[info] using task orders [0, 1, 2, 3, 4, 5, 6, 7, 8, 9]
[info] using task orders [0, 1, 2, 3, 4, 5, 6, 7, 8, 9]
Local assets not found. Downloading from HuggingFace Hub...Local assets not found. Downloading from HuggingFace Hub...Local assets not found. Downloading from HuggingFace Hub...Local assets not found. Downloading from HuggingFace Hub...



Assets already downloaded at /root/.cache/libero/assetsAssets already downloaded at /root/.cache/libero/assetsAssets already downloaded at /root/.cache/libero/assetsAssets already downloaded at /root/.cache/libero/assets



Local assets not found. Downloading from HuggingFace Hub...
Local assets not found. Downloading from HuggingFace Hub...
Assets already downloaded at /root/.cache/libero/assetsAssets already downloaded at /root/.cache/libero/assets

Local assets not found. Downloading from HuggingFace Hub...
Assets already downloaded at /root/.cache/libero/assets
Local assets not found. Downloading from HuggingFace Hub...
Assets already downloaded at /root/.cache/libero/assets
Local assets not found. Downloading from HuggingFace Hub...
Assets already downloaded at /root/.cache/libero/assets
Local assets not found. Downloading from HuggingFace Hub...
Assets already downloaded at /root/.cache/libero/assets
batch libero_spatial:6 C,step real=10/10 45.0 s brain 20.5 s 42 calls 60 rows
130/520 episodes, 3.98 s/episode, eta 0.43 h
batch libero_spatial:6 C,step real=10/10 45.6 s brain 29.1 s 60 calls 94 rows
140/520 episodes, 4.02 s/episode, eta 0.42 h
[info] using task orders [0, 1, 2, 3, 4, 5, 6, 7, 8, 9]
[info] using task orders [0, 1, 2, 3, 4, 5, 6, 7, 8, 9]
[info] using task orders [0, 1, 2, 3, 4, 5, 6, 7, 8, 9]
[info] using task orders [0, 1, 2, 3, 4, 5, 6, 7, 8, 9]
[info] using task orders [0, 1, 2, 3, 4, 5, 6, 7, 8, 9]
[info] using task orders [0, 1, 2, 3, 4, 5, 6, 7, 8, 9]
[info] using task orders [0, 1, 2, 3, 4, 5, 6, 7, 8, 9]
[info] using task orders [0, 1, 2, 3, 4, 5, 6, 7, 8, 9]
[info] using task orders [0, 1, 2, 3, 4, 5, 6, 7, 8, 9]
[info] using task orders [0, 1, 2, 3, 4, 5, 6, 7, 8, 9]
[info] using task orders [0, 1, 2, 3, 4, 5, 6, 7, 8, 9]
Local assets not found. Downloading from HuggingFace Hub...Local assets not found. Downloading from HuggingFace Hub...

Assets already downloaded at /root/.cache/libero/assetsAssets already downloaded at /root/.cache/libero/assets

Local assets not found. Downloading from HuggingFace Hub...
Assets already downloaded at /root/.cache/libero/assets
Local assets not found. Downloading from HuggingFace Hub...
Assets already downloaded at /root/.cache/libero/assets
Local assets not found. Downloading from HuggingFace Hub...
Assets already downloaded at /root/.cache/libero/assets
Local assets not found. Downloading from HuggingFace Hub...Local assets not found. Downloading from HuggingFace Hub...

Local assets not found. Downloading from HuggingFace Hub...
Assets already downloaded at /root/.cache/libero/assetsAssets already downloaded at /root/.cache/libero/assets

Assets already downloaded at /root/.cache/libero/assets
Local assets not found. Downloading from HuggingFace Hub...Local assets not found. Downloading from HuggingFace Hub...

Assets already downloaded at /root/.cache/libero/assetsAssets already downloaded at /root/.cache/libero/assets

batch libero_spatial:7 C,step real=10/10 46.4 s brain 20.6 s 41 calls 56 rows
150/520 episodes, 4.07 s/episode, eta 0.42 h
batch libero_spatial:7 C,step real=10/10 38.5 s brain 21.3 s 42 calls 63 rows
160/520 episodes, 4.06 s/episode, eta 0.41 h
[info] using task orders [0, 1, 2, 3, 4, 5, 6, 7, 8, 9]
[info] using task orders [0, 1, 2, 3, 4, 5, 6, 7, 8, 9]
[info] using task orders [0, 1, 2, 3, 4, 5, 6, 7, 8, 9]
[info] using task orders [0, 1, 2, 3, 4, 5, 6, 7, 8, 9]
[info] using task orders [0, 1, 2, 3, 4, 5, 6, 7, 8, 9]
[info] using task orders [0, 1, 2, 3, 4, 5, 6, 7, 8, 9]
[info] using task orders [0, 1, 2, 3, 4, 5, 6, 7, 8, 9]
[info] using task orders [0, 1, 2, 3, 4, 5, 6, 7, 8, 9]
[info] using task orders [0, 1, 2, 3, 4, 5, 6, 7, 8, 9]
[info] using task orders [0, 1, 2, 3, 4, 5, 6, 7, 8, 9]
[info] using task orders [0, 1, 2, 3, 4, 5, 6, 7, 8, 9]
Local assets not found. Downloading from HuggingFace Hub...
Local assets not found. Downloading from HuggingFace Hub...
Assets already downloaded at /root/.cache/libero/assets
Assets already downloaded at /root/.cache/libero/assets
Local assets not found. Downloading from HuggingFace Hub...
Assets already downloaded at /root/.cache/libero/assets
Local assets not found. Downloading from HuggingFace Hub...
Assets already downloaded at /root/.cache/libero/assets
Local assets not found. Downloading from HuggingFace Hub...
Assets already downloaded at /root/.cache/libero/assets
Local assets not found. Downloading from HuggingFace Hub...
Assets already downloaded at /root/.cache/libero/assets
Local assets not found. Downloading from HuggingFace Hub...
Assets already downloaded at /root/.cache/libero/assets
Local assets not found. Downloading from HuggingFace Hub...
Assets already downloaded at /root/.cache/libero/assets
Local assets not found. Downloading from HuggingFace Hub...
Local assets not found. Downloading from HuggingFace Hub...
Assets already downloaded at /root/.cache/libero/assetsAssets already downloaded at /root/.cache/libero/assets

batch libero_spatial:8 C,step real=10/10 46.0 s brain 20.0 s 39 calls 55 rows
170/520 episodes, 4.11 s/episode, eta 0.40 h
batch libero_spatial:8 C,step real=10/10 34.4 s brain 17.1 s 34 calls 50 rows
180/520 episodes, 4.07 s/episode, eta 0.38 h
[info] using task orders [0, 1, 2, 3, 4, 5, 6, 7, 8, 9]
[info] using task orders [0, 1, 2, 3, 4, 5, 6, 7, 8, 9]
[info] using task orders [0, 1, 2, 3, 4, 5, 6, 7, 8, 9]
[info] using task orders [0, 1, 2, 3, 4, 5, 6, 7, 8, 9]
[info] using task orders [0, 1, 2, 3, 4, 5, 6, 7, 8, 9]
[info] using task orders [0, 1, 2, 3, 4, 5, 6, 7, 8, 9]
[info] using task orders [0, 1, 2, 3, 4, 5, 6, 7, 8, 9]
[info] using task orders [0, 1, 2, 3, 4, 5, 6, 7, 8, 9]
[info] using task orders [0, 1, 2, 3, 4, 5, 6, 7, 8, 9]
[info] using task orders [0, 1, 2, 3, 4, 5, 6, 7, 8, 9]
[info] using task orders [0, 1, 2, 3, 4, 5, 6, 7, 8, 9]
Local assets not found. Downloading from HuggingFace Hub...
Assets already downloaded at /root/.cache/libero/assets
Local assets not found. Downloading from HuggingFace Hub...
Assets already downloaded at /root/.cache/libero/assets
Local assets not found. Downloading from HuggingFace Hub...
Assets already downloaded at /root/.cache/libero/assets
Local assets not found. Downloading from HuggingFace Hub...
Assets already downloaded at /root/.cache/libero/assets
Local assets not found. Downloading from HuggingFace Hub...Local assets not found. Downloading from HuggingFace Hub...

Assets already downloaded at /root/.cache/libero/assets
Assets already downloaded at /root/.cache/libero/assets
Local assets not found. Downloading from HuggingFace Hub...Local assets not found. Downloading from HuggingFace Hub...

Local assets not found. Downloading from HuggingFace Hub...Local assets not found. Downloading from HuggingFace Hub...

Assets already downloaded at /root/.cache/libero/assetsAssets already downloaded at /root/.cache/libero/assets

Assets already downloaded at /root/.cache/libero/assetsAssets already downloaded at /root/.cache/libero/assets

batch libero_spatial:9 C,step real=10/10 52.8 s brain 26.9 s 54 calls 69 rows
190/520 episodes, 4.14 s/episode, eta 0.38 h
batch libero_spatial:9 C,step real=10/10 38.2 s brain 21.4 s 44 calls 61 rows
200/520 episodes, 4.13 s/episode, eta 0.37 h
[info] using task orders [0, 1, 2, 3, 4, 5, 6, 7, 8, 9]
[info] using task orders [0, 1, 2, 3, 4, 5, 6, 7, 8, 9]
[info] using task orders [0, 1, 2, 3, 4, 5, 6, 7, 8, 9]
[info] using task orders [0, 1, 2, 3, 4, 5, 6, 7, 8, 9]
[info] using task orders [0, 1, 2, 3, 4, 5, 6, 7, 8, 9]
[info] using task orders [0, 1, 2, 3, 4, 5, 6, 7, 8, 9]
[info] using task orders [0, 1, 2, 3, 4, 5, 6, 7, 8, 9]
[info] using task orders [0, 1, 2, 3, 4, 5, 6, 7, 8, 9]
[info] using task orders [0, 1, 2, 3, 4, 5, 6, 7, 8, 9]
[info] using task orders [0, 1, 2, 3, 4, 5, 6, 7, 8, 9]
[info] using task orders [0, 1, 2, 3, 4, 5, 6, 7, 8, 9]
Local assets not found. Downloading from HuggingFace Hub...
Local assets not found. Downloading from HuggingFace Hub...
Assets already downloaded at /root/.cache/libero/assets
Assets already downloaded at /root/.cache/libero/assets
Local assets not found. Downloading from HuggingFace Hub...
Assets already downloaded at /root/.cache/libero/assets
Local assets not found. Downloading from HuggingFace Hub...Local assets not found. Downloading from HuggingFace Hub...

Assets already downloaded at /root/.cache/libero/assetsAssets already downloaded at /root/.cache/libero/assets

Local assets not found. Downloading from HuggingFace Hub...
Assets already downloaded at /root/.cache/libero/assets
Local assets not found. Downloading from HuggingFace Hub...
Assets already downloaded at /root/.cache/libero/assets
Local assets not found. Downloading from HuggingFace Hub...
Assets already downloaded at /root/.cache/libero/assets
Local assets not found. Downloading from HuggingFace Hub...
Assets already downloaded at /root/.cache/libero/assets
Local assets not found. Downloading from HuggingFace Hub...
Assets already downloaded at /root/.cache/libero/assets
batch libero_object:0 C,step real=10/10 40.6 s brain 19.7 s 40 calls 54 rows
210/520 episodes, 4.14 s/episode, eta 0.36 h
batch libero_object:0 C,step real=10/10 30.6 s brain 17.8 s 36 calls 55 rows
220/520 episodes, 4.09 s/episode, eta 0.34 h
[info] using task orders [0, 1, 2, 3, 4, 5, 6, 7, 8, 9]
[info] using task orders [0, 1, 2, 3, 4, 5, 6, 7, 8, 9]
[info] using task orders [0, 1, 2, 3, 4, 5, 6, 7, 8, 9]
[info] using task orders [0, 1, 2, 3, 4, 5, 6, 7, 8, 9]
[info] using task orders [0, 1, 2, 3, 4, 5, 6, 7, 8, 9]
[info] using task orders [0, 1, 2, 3, 4, 5, 6, 7, 8, 9]
[info] using task orders [0, 1, 2, 3, 4, 5, 6, 7, 8, 9]
[info] using task orders [0, 1, 2, 3, 4, 5, 6, 7, 8, 9]
[info] using task orders [0, 1, 2, 3, 4, 5, 6, 7, 8, 9]
[info] using task orders [0, 1, 2, 3, 4, 5, 6, 7, 8, 9]
[info] using task orders [0, 1, 2, 3, 4, 5, 6, 7, 8, 9]
Local assets not found. Downloading from HuggingFace Hub...Local assets not found. Downloading from HuggingFace Hub...Local assets not found. Downloading from HuggingFace Hub...


Assets already downloaded at /root/.cache/libero/assetsAssets already downloaded at /root/.cache/libero/assetsAssets already downloaded at /root/.cache/libero/assets


Local assets not found. Downloading from HuggingFace Hub...
Assets already downloaded at /root/.cache/libero/assets
Local assets not found. Downloading from HuggingFace Hub...
Assets already downloaded at /root/.cache/libero/assets
Local assets not found. Downloading from HuggingFace Hub...
Assets already downloaded at /root/.cache/libero/assets
Local assets not found. Downloading from HuggingFace Hub...
Local assets not found. Downloading from HuggingFace Hub...Local assets not found. Downloading from HuggingFace Hub...

Assets already downloaded at /root/.cache/libero/assets
Assets already downloaded at /root/.cache/libero/assets
Assets already downloaded at /root/.cache/libero/assets
Local assets not found. Downloading from HuggingFace Hub...
Assets already downloaded at /root/.cache/libero/assets
batch libero_object:1 C,step real=10/10 36.7 s brain 16.3 s 31 calls 52 rows
230/520 episodes, 4.08 s/episode, eta 0.33 h
batch libero_object:1 C,step real=10/10 33.0 s brain 20.7 s 43 calls 54 rows
240/520 episodes, 4.05 s/episode, eta 0.31 h
[info] using task orders [0, 1, 2, 3, 4, 5, 6, 7, 8, 9]
[info] using task orders [0, 1, 2, 3, 4, 5, 6, 7, 8, 9]
[info] using task orders [0, 1, 2, 3, 4, 5, 6, 7, 8, 9]
[info] using task orders [0, 1, 2, 3, 4, 5, 6, 7, 8, 9]
[info] using task orders [0, 1, 2, 3, 4, 5, 6, 7, 8, 9]
[info] using task orders [0, 1, 2, 3, 4, 5, 6, 7, 8, 9]
[info] using task orders [0, 1, 2, 3, 4, 5, 6, 7, 8, 9]
[info] using task orders [0, 1, 2, 3, 4, 5, 6, 7, 8, 9]
[info] using task orders [0, 1, 2, 3, 4, 5, 6, 7, 8, 9]
[info] using task orders [0, 1, 2, 3, 4, 5, 6, 7, 8, 9]
[info] using task orders [0, 1, 2, 3, 4, 5, 6, 7, 8, 9]
Local assets not found. Downloading from HuggingFace Hub...
Assets already downloaded at /root/.cache/libero/assets
Local assets not found. Downloading from HuggingFace Hub...
Assets already downloaded at /root/.cache/libero/assets
Local assets not found. Downloading from HuggingFace Hub...
Assets already downloaded at /root/.cache/libero/assets
Local assets not found. Downloading from HuggingFace Hub...
Local assets not found. Downloading from HuggingFace Hub...
Assets already downloaded at /root/.cache/libero/assets
Assets already downloaded at /root/.cache/libero/assets
Local assets not found. Downloading from HuggingFace Hub...
Local assets not found. Downloading from HuggingFace Hub...
Assets already downloaded at /root/.cache/libero/assets
Assets already downloaded at /root/.cache/libero/assets
Local assets not found. Downloading from HuggingFace Hub...
Assets already downloaded at /root/.cache/libero/assets
Local assets not found. Downloading from HuggingFace Hub...
Assets already downloaded at /root/.cache/libero/assets
Local assets not found. Downloading from HuggingFace Hub...
Assets already downloaded at /root/.cache/libero/assets
batch libero_object:2 C,step real=10/10 39.7 s brain 19.1 s 40 calls 52 rows
250/520 episodes, 4.05 s/episode, eta 0.30 h
batch libero_object:2 C,step real=10/10 31.5 s brain 18.8 s 39 calls 54 rows
260/520 episodes, 4.02 s/episode, eta 0.29 h
[info] using task orders [0, 1, 2, 3, 4, 5, 6, 7, 8, 9]
[info] using task orders [0, 1, 2, 3, 4, 5, 6, 7, 8, 9]
[info] using task orders [0, 1, 2, 3, 4, 5, 6, 7, 8, 9]
[info] using task orders [0, 1, 2, 3, 4, 5, 6, 7, 8, 9]
[info] using task orders [0, 1, 2, 3, 4, 5, 6, 7, 8, 9]
[info] using task orders [0, 1, 2, 3, 4, 5, 6, 7, 8, 9]
[info] using task orders [0, 1, 2, 3, 4, 5, 6, 7, 8, 9]
[info] using task orders [0, 1, 2, 3, 4, 5, 6, 7, 8, 9]
[info] using task orders [0, 1, 2, 3, 4, 5, 6, 7, 8, 9]
[info] using task orders [0, 1, 2, 3, 4, 5, 6, 7, 8, 9]
[info] using task orders [0, 1, 2, 3, 4, 5, 6, 7, 8, 9]
Local assets not found. Downloading from HuggingFace Hub...Local assets not found. Downloading from HuggingFace Hub...Local assets not found. Downloading from HuggingFace Hub...Local assets not found. Downloading from HuggingFace Hub...



Local assets not found. Downloading from HuggingFace Hub...
Local assets not found. Downloading from HuggingFace Hub...
Assets already downloaded at /root/.cache/libero/assetsAssets already downloaded at /root/.cache/libero/assetsAssets already downloaded at /root/.cache/libero/assetsAssets already downloaded at /root/.cache/libero/assets



Assets already downloaded at /root/.cache/libero/assetsAssets already downloaded at /root/.cache/libero/assets

Local assets not found. Downloading from HuggingFace Hub...
Local assets not found. Downloading from HuggingFace Hub...
Assets already downloaded at /root/.cache/libero/assets
Assets already downloaded at /root/.cache/libero/assets
Local assets not found. Downloading from HuggingFace Hub...
Assets already downloaded at /root/.cache/libero/assets
Local assets not found. Downloading from HuggingFace Hub...
Assets already downloaded at /root/.cache/libero/assets
batch libero_object:3 C,step real=10/10 40.9 s brain 20.0 s 42 calls 53 rows
270/520 episodes, 4.03 s/episode, eta 0.28 h
batch libero_object:3 C,step real=10/10 36.4 s brain 23.5 s 48 calls 68 rows
280/520 episodes, 4.01 s/episode, eta 0.27 h
[info] using task orders [0, 1, 2, 3, 4, 5, 6, 7, 8, 9]
[info] using task orders [0, 1, 2, 3, 4, 5, 6, 7, 8, 9]
[info] using task orders [0, 1, 2, 3, 4, 5, 6, 7, 8, 9]
[info] using task orders [0, 1, 2, 3, 4, 5, 6, 7, 8, 9]
[info] using task orders [0, 1, 2, 3, 4, 5, 6, 7, 8, 9]
[info] using task orders [0, 1, 2, 3, 4, 5, 6, 7, 8, 9]
[info] using task orders [0, 1, 2, 3, 4, 5, 6, 7, 8, 9]
[info] using task orders [0, 1, 2, 3, 4, 5, 6, 7, 8, 9]
[info] using task orders [0, 1, 2, 3, 4, 5, 6, 7, 8, 9]
[info] using task orders [0, 1, 2, 3, 4, 5, 6, 7, 8, 9]
[info] using task orders [0, 1, 2, 3, 4, 5, 6, 7, 8, 9]
Local assets not found. Downloading from HuggingFace Hub...
Assets already downloaded at /root/.cache/libero/assets
Local assets not found. Downloading from HuggingFace Hub...
Local assets not found. Downloading from HuggingFace Hub...
Assets already downloaded at /root/.cache/libero/assets
Assets already downloaded at /root/.cache/libero/assets
Local assets not found. Downloading from HuggingFace Hub...
Local assets not found. Downloading from HuggingFace Hub...
Assets already downloaded at /root/.cache/libero/assets
Assets already downloaded at /root/.cache/libero/assets
Local assets not found. Downloading from HuggingFace Hub...
Assets already downloaded at /root/.cache/libero/assets
Local assets not found. Downloading from HuggingFace Hub...
Assets already downloaded at /root/.cache/libero/assets
Local assets not found. Downloading from HuggingFace Hub...
Assets already downloaded at /root/.cache/libero/assets
Local assets not found. Downloading from HuggingFace Hub...
Assets already downloaded at /root/.cache/libero/assets
Local assets not found. Downloading from HuggingFace Hub...
Assets already downloaded at /root/.cache/libero/assets
batch libero_object:4 C,step real=10/10 43.4 s brain 21.5 s 40 calls 51 rows
290/520 episodes, 4.03 s/episode, eta 0.26 h
batch libero_object:4 C,step real=10/10 36.1 s brain 22.9 s 43 calls 57 rows
300/520 episodes, 4.02 s/episode, eta 0.25 h
[info] using task orders [0, 1, 2, 3, 4, 5, 6, 7, 8, 9]
[info] using task orders [0, 1, 2, 3, 4, 5, 6, 7, 8, 9]
[info] using task orders [0, 1, 2, 3, 4, 5, 6, 7, 8, 9]
[info] using task orders [0, 1, 2, 3, 4, 5, 6, 7, 8, 9]
[info] using task orders [0, 1, 2, 3, 4, 5, 6, 7, 8, 9]
[info] using task orders [0, 1, 2, 3, 4, 5, 6, 7, 8, 9]
[info] using task orders [0, 1, 2, 3, 4, 5, 6, 7, 8, 9]
[info] using task orders [0, 1, 2, 3, 4, 5, 6, 7, 8, 9]
[info] using task orders [0, 1, 2, 3, 4, 5, 6, 7, 8, 9]
[info] using task orders [0, 1, 2, 3, 4, 5, 6, 7, 8, 9]
[info] using task orders [0, 1, 2, 3, 4, 5, 6, 7, 8, 9]
Local assets not found. Downloading from HuggingFace Hub...Local assets not found. Downloading from HuggingFace Hub...

Assets already downloaded at /root/.cache/libero/assetsAssets already downloaded at /root/.cache/libero/assets

Local assets not found. Downloading from HuggingFace Hub...
Assets already downloaded at /root/.cache/libero/assets
Local assets not found. Downloading from HuggingFace Hub...
Local assets not found. Downloading from HuggingFace Hub...
Assets already downloaded at /root/.cache/libero/assets
Local assets not found. Downloading from HuggingFace Hub...Assets already downloaded at /root/.cache/libero/assets

Assets already downloaded at /root/.cache/libero/assets
Local assets not found. Downloading from HuggingFace Hub...
Local assets not found. Downloading from HuggingFace Hub...
Assets already downloaded at /root/.cache/libero/assetsLocal assets not found. Downloading from HuggingFace Hub...

Assets already downloaded at /root/.cache/libero/assets
Local assets not found. Downloading from HuggingFace Hub...
Assets already downloaded at /root/.cache/libero/assets
Assets already downloaded at /root/.cache/libero/assets
batch libero_object:5 C,step real=10/10 53.2 s brain 31.2 s 64 calls 78 rows
310/520 episodes, 4.07 s/episode, eta 0.24 h
batch libero_object:5 C,step real=10/10 35.6 s brain 22.5 s 46 calls 64 rows
320/520 episodes, 4.05 s/episode, eta 0.23 h
[info] using task orders [0, 1, 2, 3, 4, 5, 6, 7, 8, 9]
[info] using task orders [0, 1, 2, 3, 4, 5, 6, 7, 8, 9]
[info] using task orders [0, 1, 2, 3, 4, 5, 6, 7, 8, 9]
[info] using task orders [0, 1, 2, 3, 4, 5, 6, 7, 8, 9]
[info] using task orders [0, 1, 2, 3, 4, 5, 6, 7, 8, 9]
[info] using task orders [0, 1, 2, 3, 4, 5, 6, 7, 8, 9]
[info] using task orders [0, 1, 2, 3, 4, 5, 6, 7, 8, 9]
[info] using task orders [0, 1, 2, 3, 4, 5, 6, 7, 8, 9]
[info] using task orders [0, 1, 2, 3, 4, 5, 6, 7, 8, 9]
[info] using task orders [0, 1, 2, 3, 4, 5, 6, 7, 8, 9]
[info] using task orders [0, 1, 2, 3, 4, 5, 6, 7, 8, 9]
Local assets not found. Downloading from HuggingFace Hub...Local assets not found. Downloading from HuggingFace Hub...Local assets not found. Downloading from HuggingFace Hub...Local assets not found. Downloading from HuggingFace Hub...Local assets not found. Downloading from HuggingFace Hub...




Assets already downloaded at /root/.cache/libero/assetsAssets already downloaded at /root/.cache/libero/assetsAssets already downloaded at /root/.cache/libero/assetsAssets already downloaded at /root/.cache/libero/assetsAssets already downloaded at /root/.cache/libero/assets




Local assets not found. Downloading from HuggingFace Hub...
Assets already downloaded at /root/.cache/libero/assets
Local assets not found. Downloading from HuggingFace Hub...
Assets already downloaded at /root/.cache/libero/assets
Local assets not found. Downloading from HuggingFace Hub...
Assets already downloaded at /root/.cache/libero/assets
Local assets not found. Downloading from HuggingFace Hub...
Assets already downloaded at /root/.cache/libero/assets
Local assets not found. Downloading from HuggingFace Hub...
Assets already downloaded at /root/.cache/libero/assets
batch libero_object:6 C,step real=10/10 37.6 s brain 17.7 s 36 calls 56 rows
330/520 episodes, 4.05 s/episode, eta 0.21 h
batch libero_object:6 C,step real=10/10 27.9 s brain 15.5 s 32 calls 52 rows
340/520 episodes, 4.01 s/episode, eta 0.20 h
[info] using task orders [0, 1, 2, 3, 4, 5, 6, 7, 8, 9]
[info] using task orders [0, 1, 2, 3, 4, 5, 6, 7, 8, 9]
[info] using task orders [0, 1, 2, 3, 4, 5, 6, 7, 8, 9]
[info] using task orders [0, 1, 2, 3, 4, 5, 6, 7, 8, 9]
[info] using task orders [0, 1, 2, 3, 4, 5, 6, 7, 8, 9]
[info] using task orders [0, 1, 2, 3, 4, 5, 6, 7, 8, 9]
[info] using task orders [0, 1, 2, 3, 4, 5, 6, 7, 8, 9]
[info] using task orders [0, 1, 2, 3, 4, 5, 6, 7, 8, 9]
[info] using task orders [0, 1, 2, 3, 4, 5, 6, 7, 8, 9]
[info] using task orders [0, 1, 2, 3, 4, 5, 6, 7, 8, 9]
[info] using task orders [0, 1, 2, 3, 4, 5, 6, 7, 8, 9]
Local assets not found. Downloading from HuggingFace Hub...
Local assets not found. Downloading from HuggingFace Hub...
Local assets not found. Downloading from HuggingFace Hub...
Assets already downloaded at /root/.cache/libero/assets
Assets already downloaded at /root/.cache/libero/assetsAssets already downloaded at /root/.cache/libero/assets

Local assets not found. Downloading from HuggingFace Hub...
Local assets not found. Downloading from HuggingFace Hub...
Local assets not found. Downloading from HuggingFace Hub...
Assets already downloaded at /root/.cache/libero/assetsAssets already downloaded at /root/.cache/libero/assets

Assets already downloaded at /root/.cache/libero/assets
Local assets not found. Downloading from HuggingFace Hub...
Assets already downloaded at /root/.cache/libero/assets
Local assets not found. Downloading from HuggingFace Hub...
Assets already downloaded at /root/.cache/libero/assets
Local assets not found. Downloading from HuggingFace Hub...
Assets already downloaded at /root/.cache/libero/assets
Local assets not found. Downloading from HuggingFace Hub...
Assets already downloaded at /root/.cache/libero/assets
batch libero_object:7 C,step real=10/10 36.4 s brain 15.8 s 32 calls 54 rows
350/520 episodes, 4.01 s/episode, eta 0.19 h
batch libero_object:7 C,step real=10/10 33.1 s brain 20.4 s 42 calls 51 rows
360/520 episodes, 3.99 s/episode, eta 0.18 h
[info] using task orders [0, 1, 2, 3, 4, 5, 6, 7, 8, 9]
[info] using task orders [0, 1, 2, 3, 4, 5, 6, 7, 8, 9]
[info] using task orders [0, 1, 2, 3, 4, 5, 6, 7, 8, 9]
[info] using task orders [0, 1, 2, 3, 4, 5, 6, 7, 8, 9]
[info] using task orders [0, 1, 2, 3, 4, 5, 6, 7, 8, 9]
[info] using task orders [0, 1, 2, 3, 4, 5, 6, 7, 8, 9]
[info] using task orders [0, 1, 2, 3, 4, 5, 6, 7, 8, 9]
[info] using task orders [0, 1, 2, 3, 4, 5, 6, 7, 8, 9]
[info] using task orders [0, 1, 2, 3, 4, 5, 6, 7, 8, 9]
[info] using task orders [0, 1, 2, 3, 4, 5, 6, 7, 8, 9]
[info] using task orders [0, 1, 2, 3, 4, 5, 6, 7, 8, 9]
Local assets not found. Downloading from HuggingFace Hub...
Assets already downloaded at /root/.cache/libero/assets
Local assets not found. Downloading from HuggingFace Hub...Local assets not found. Downloading from HuggingFace Hub...

Assets already downloaded at /root/.cache/libero/assetsAssets already downloaded at /root/.cache/libero/assets

Local assets not found. Downloading from HuggingFace Hub...Local assets not found. Downloading from HuggingFace Hub...

Assets already downloaded at /root/.cache/libero/assetsAssets already downloaded at /root/.cache/libero/assets

Local assets not found. Downloading from HuggingFace Hub...
Assets already downloaded at /root/.cache/libero/assets
Local assets not found. Downloading from HuggingFace Hub...
Assets already downloaded at /root/.cache/libero/assets
Local assets not found. Downloading from HuggingFace Hub...
Assets already downloaded at /root/.cache/libero/assets
Local assets not found. Downloading from HuggingFace Hub...
Local assets not found. Downloading from HuggingFace Hub...
Assets already downloaded at /root/.cache/libero/assets
Assets already downloaded at /root/.cache/libero/assets
batch libero_object:8 C,step real=10/10 37.5 s brain 17.5 s 36 calls 57 rows
370/520 episodes, 3.99 s/episode, eta 0.17 h
batch libero_object:8 C,step real=10/10 27.4 s brain 15.4 s 31 calls 56 rows
380/520 episodes, 3.96 s/episode, eta 0.15 h
[info] using task orders [0, 1, 2, 3, 4, 5, 6, 7, 8, 9]
[info] using task orders [0, 1, 2, 3, 4, 5, 6, 7, 8, 9]
[info] using task orders [0, 1, 2, 3, 4, 5, 6, 7, 8, 9]
[info] using task orders [0, 1, 2, 3, 4, 5, 6, 7, 8, 9]
[info] using task orders [0, 1, 2, 3, 4, 5, 6, 7, 8, 9]
[info] using task orders [0, 1, 2, 3, 4, 5, 6, 7, 8, 9]
[info] using task orders [0, 1, 2, 3, 4, 5, 6, 7, 8, 9]
[info] using task orders [0, 1, 2, 3, 4, 5, 6, 7, 8, 9]
[info] using task orders [0, 1, 2, 3, 4, 5, 6, 7, 8, 9]
[info] using task orders [0, 1, 2, 3, 4, 5, 6, 7, 8, 9]
[info] using task orders [0, 1, 2, 3, 4, 5, 6, 7, 8, 9]
Local assets not found. Downloading from HuggingFace Hub...
Assets already downloaded at /root/.cache/libero/assets
Local assets not found. Downloading from HuggingFace Hub...
Assets already downloaded at /root/.cache/libero/assets
Local assets not found. Downloading from HuggingFace Hub...Local assets not found. Downloading from HuggingFace Hub...

Assets already downloaded at /root/.cache/libero/assetsAssets already downloaded at /root/.cache/libero/assets

Local assets not found. Downloading from HuggingFace Hub...
Assets already downloaded at /root/.cache/libero/assets
Local assets not found. Downloading from HuggingFace Hub...
Assets already downloaded at /root/.cache/libero/assets
Local assets not found. Downloading from HuggingFace Hub...
Local assets not found. Downloading from HuggingFace Hub...
Assets already downloaded at /root/.cache/libero/assets
Assets already downloaded at /root/.cache/libero/assets
Local assets not found. Downloading from HuggingFace Hub...
Assets already downloaded at /root/.cache/libero/assets
Local assets not found. Downloading from HuggingFace Hub...
Assets already downloaded at /root/.cache/libero/assets
batch libero_object:9 C,step real=10/10 33.6 s brain 13.3 s 27 calls 50 rows
390/520 episodes, 3.95 s/episode, eta 0.14 h
batch libero_object:9 C,step real=10/10 34.7 s brain 22.1 s 46 calls 64 rows
400/520 episodes, 3.94 s/episode, eta 0.13 h
[info] using task orders [0, 1, 2, 3, 4, 5, 6, 7, 8, 9]
[info] using task orders [0, 1, 2, 3, 4, 5, 6, 7, 8, 9]
[info] using task orders [0, 1, 2, 3, 4, 5, 6, 7, 8, 9]
[info] using task orders [0, 1, 2, 3, 4, 5, 6, 7, 8, 9]
[info] using task orders [0, 1, 2, 3, 4, 5, 6, 7, 8, 9]
[info] using task orders [0, 1, 2, 3, 4, 5, 6, 7, 8, 9]
[info] using task orders [0, 1, 2, 3, 4, 5, 6, 7, 8, 9]
[info] using task orders [0, 1, 2, 3, 4, 5, 6, 7, 8, 9]
[info] using task orders [0, 1, 2, 3, 4, 5, 6, 7, 8, 9]
[info] using task orders [0, 1, 2, 3, 4, 5, 6, 7, 8, 9]
[info] using task orders [0, 1, 2, 3, 4, 5, 6, 7, 8, 9]
Local assets not found. Downloading from HuggingFace Hub...
Assets already downloaded at /root/.cache/libero/assets
Local assets not found. Downloading from HuggingFace Hub...Local assets not found. Downloading from HuggingFace Hub...

Assets already downloaded at /root/.cache/libero/assetsAssets already downloaded at /root/.cache/libero/assets

Local assets not found. Downloading from HuggingFace Hub...
Assets already downloaded at /root/.cache/libero/assets
Local assets not found. Downloading from HuggingFace Hub...
Local assets not found. Downloading from HuggingFace Hub...
Local assets not found. Downloading from HuggingFace Hub...
Assets already downloaded at /root/.cache/libero/assetsAssets already downloaded at /root/.cache/libero/assets

Assets already downloaded at /root/.cache/libero/assets
Local assets not found. Downloading from HuggingFace Hub...
Assets already downloaded at /root/.cache/libero/assets
Local assets not found. Downloading from HuggingFace Hub...
Assets already downloaded at /root/.cache/libero/assets
Local assets not found. Downloading from HuggingFace Hub...
Assets already downloaded at /root/.cache/libero/assets
batch libero_goal:1 C,step real=10/10 33.3 s brain 11.9 s 24 calls 41 rows
410/520 episodes, 3.93 s/episode, eta 0.12 h
batch libero_goal:1 C,step real=10/10 30.4 s brain 17.6 s 35 calls 60 rows
420/520 episodes, 3.91 s/episode, eta 0.11 h
[info] using task orders [0, 1, 2, 3, 4, 5, 6, 7, 8, 9]
[info] using task orders [0, 1, 2, 3, 4, 5, 6, 7, 8, 9]
[info] using task orders [0, 1, 2, 3, 4, 5, 6, 7, 8, 9]
[info] using task orders [0, 1, 2, 3, 4, 5, 6, 7, 8, 9]
[info] using task orders [0, 1, 2, 3, 4, 5, 6, 7, 8, 9]
[info] using task orders [0, 1, 2, 3, 4, 5, 6, 7, 8, 9]
[info] using task orders [0, 1, 2, 3, 4, 5, 6, 7, 8, 9]
[info] using task orders [0, 1, 2, 3, 4, 5, 6, 7, 8, 9]
[info] using task orders [0, 1, 2, 3, 4, 5, 6, 7, 8, 9]
[info] using task orders [0, 1, 2, 3, 4, 5, 6, 7, 8, 9]
[info] using task orders [0, 1, 2, 3, 4, 5, 6, 7, 8, 9]
Local assets not found. Downloading from HuggingFace Hub...
Local assets not found. Downloading from HuggingFace Hub...Local assets not found. Downloading from HuggingFace Hub...Local assets not found. Downloading from HuggingFace Hub...


Assets already downloaded at /root/.cache/libero/assetsLocal assets not found. Downloading from HuggingFace Hub...

Assets already downloaded at /root/.cache/libero/assetsAssets already downloaded at /root/.cache/libero/assets

Assets already downloaded at /root/.cache/libero/assetsAssets already downloaded at /root/.cache/libero/assets

Local assets not found. Downloading from HuggingFace Hub...
Assets already downloaded at /root/.cache/libero/assets
Local assets not found. Downloading from HuggingFace Hub...
Assets already downloaded at /root/.cache/libero/assets
Local assets not found. Downloading from HuggingFace Hub...
Assets already downloaded at /root/.cache/libero/assets
Local assets not found. Downloading from HuggingFace Hub...
Assets already downloaded at /root/.cache/libero/assets
Local assets not found. Downloading from HuggingFace Hub...
Assets already downloaded at /root/.cache/libero/assets
batch libero_goal:2 C,step real=10/10 32.5 s brain 12.2 s 24 calls 41 rows
430/520 episodes, 3.90 s/episode, eta 0.10 h
batch libero_goal:2 C,step real=10/10 33.7 s brain 20.1 s 40 calls 57 rows
440/520 episodes, 3.88 s/episode, eta 0.09 h
[info] using task orders [0, 1, 2, 3, 4, 5, 6, 7, 8, 9]
[info] using task orders [0, 1, 2, 3, 4, 5, 6, 7, 8, 9]
[info] using task orders [0, 1, 2, 3, 4, 5, 6, 7, 8, 9]
[info] using task orders [0, 1, 2, 3, 4, 5, 6, 7, 8, 9]
[info] using task orders [0, 1, 2, 3, 4, 5, 6, 7, 8, 9]
[info] using task orders [0, 1, 2, 3, 4, 5, 6, 7, 8, 9]
[info] using task orders [0, 1, 2, 3, 4, 5, 6, 7, 8, 9]
[info] using task orders [0, 1, 2, 3, 4, 5, 6, 7, 8, 9]
[info] using task orders [0, 1, 2, 3, 4, 5, 6, 7, 8, 9]
[info] using task orders [0, 1, 2, 3, 4, 5, 6, 7, 8, 9]
[info] using task orders [0, 1, 2, 3, 4, 5, 6, 7, 8, 9]
Local assets not found. Downloading from HuggingFace Hub...
Assets already downloaded at /root/.cache/libero/assets
Local assets not found. Downloading from HuggingFace Hub...
Assets already downloaded at /root/.cache/libero/assets
Local assets not found. Downloading from HuggingFace Hub...
Assets already downloaded at /root/.cache/libero/assets
Local assets not found. Downloading from HuggingFace Hub...
Assets already downloaded at /root/.cache/libero/assets
Local assets not found. Downloading from HuggingFace Hub...
Assets already downloaded at /root/.cache/libero/assets
Local assets not found. Downloading from HuggingFace Hub...
Local assets not found. Downloading from HuggingFace Hub...
Assets already downloaded at /root/.cache/libero/assets
Assets already downloaded at /root/.cache/libero/assets
Local assets not found. Downloading from HuggingFace Hub...
Assets already downloaded at /root/.cache/libero/assets
Local assets not found. Downloading from HuggingFace Hub...
Assets already downloaded at /root/.cache/libero/assets
Local assets not found. Downloading from HuggingFace Hub...
Assets already downloaded at /root/.cache/libero/assets
batch libero_goal:4 C,step real=10/10 40.0 s brain 18.6 s 37 calls 51 rows
450/520 episodes, 3.89 s/episode, eta 0.08 h
batch libero_goal:4 C,step real=10/10 28.5 s brain 15.4 s 30 calls 54 rows
460/520 episodes, 3.87 s/episode, eta 0.06 h
[info] using task orders [0, 1, 2, 3, 4, 5, 6, 7, 8, 9]
[info] using task orders [0, 1, 2, 3, 4, 5, 6, 7, 8, 9]
[info] using task orders [0, 1, 2, 3, 4, 5, 6, 7, 8, 9]
[info] using task orders [0, 1, 2, 3, 4, 5, 6, 7, 8, 9]
[info] using task orders [0, 1, 2, 3, 4, 5, 6, 7, 8, 9]
[info] using task orders [0, 1, 2, 3, 4, 5, 6, 7, 8, 9]
[info] using task orders [0, 1, 2, 3, 4, 5, 6, 7, 8, 9]
[info] using task orders [0, 1, 2, 3, 4, 5, 6, 7, 8, 9]
[info] using task orders [0, 1, 2, 3, 4, 5, 6, 7, 8, 9]
[info] using task orders [0, 1, 2, 3, 4, 5, 6, 7, 8, 9]
[info] using task orders [0, 1, 2, 3, 4, 5, 6, 7, 8, 9]
Local assets not found. Downloading from HuggingFace Hub...Local assets not found. Downloading from HuggingFace Hub...

Assets already downloaded at /root/.cache/libero/assets
Assets already downloaded at /root/.cache/libero/assets
Local assets not found. Downloading from HuggingFace Hub...
Assets already downloaded at /root/.cache/libero/assets
Local assets not found. Downloading from HuggingFace Hub...Local assets not found. Downloading from HuggingFace Hub...Local assets not found. Downloading from HuggingFace Hub...Local assets not found. Downloading from HuggingFace Hub...



Assets already downloaded at /root/.cache/libero/assetsAssets already downloaded at /root/.cache/libero/assetsAssets already downloaded at /root/.cache/libero/assetsAssets already downloaded at /root/.cache/libero/assets



Local assets not found. Downloading from HuggingFace Hub...
Assets already downloaded at /root/.cache/libero/assets
Local assets not found. Downloading from HuggingFace Hub...
Assets already downloaded at /root/.cache/libero/assets
Local assets not found. Downloading from HuggingFace Hub...
Assets already downloaded at /root/.cache/libero/assets
batch libero_goal:6 C,step real=10/10 38.5 s brain 18.6 s 37 calls 58 rows
470/520 episodes, 3.87 s/episode, eta 0.05 h
batch libero_goal:6 C,step real=10/10 34.9 s brain 21.4 s 41 calls 64 rows
480/520 episodes, 3.87 s/episode, eta 0.04 h
[info] using task orders [0, 1, 2, 3, 4, 5, 6, 7, 8, 9]
[info] using task orders [0, 1, 2, 3, 4, 5, 6, 7, 8, 9]
[info] using task orders [0, 1, 2, 3, 4, 5, 6, 7, 8, 9]
[info] using task orders [0, 1, 2, 3, 4, 5, 6, 7, 8, 9]
[info] using task orders [0, 1, 2, 3, 4, 5, 6, 7, 8, 9]
[info] using task orders [0, 1, 2, 3, 4, 5, 6, 7, 8, 9]
[info] using task orders [0, 1, 2, 3, 4, 5, 6, 7, 8, 9]
[info] using task orders [0, 1, 2, 3, 4, 5, 6, 7, 8, 9]
[info] using task orders [0, 1, 2, 3, 4, 5, 6, 7, 8, 9]
[info] using task orders [0, 1, 2, 3, 4, 5, 6, 7, 8, 9]
[info] using task orders [0, 1, 2, 3, 4, 5, 6, 7, 8, 9]
Local assets not found. Downloading from HuggingFace Hub...Local assets not found. Downloading from HuggingFace Hub...Local assets not found. Downloading from HuggingFace Hub...


Local assets not found. Downloading from HuggingFace Hub...
Assets already downloaded at /root/.cache/libero/assetsAssets already downloaded at /root/.cache/libero/assetsAssets already downloaded at /root/.cache/libero/assets


Assets already downloaded at /root/.cache/libero/assets
Local assets not found. Downloading from HuggingFace Hub...
Assets already downloaded at /root/.cache/libero/assets
Local assets not found. Downloading from HuggingFace Hub...
Local assets not found. Downloading from HuggingFace Hub...
Assets already downloaded at /root/.cache/libero/assets
Local assets not found. Downloading from HuggingFace Hub...
Assets already downloaded at /root/.cache/libero/assets
Assets already downloaded at /root/.cache/libero/assets
Local assets not found. Downloading from HuggingFace Hub...
Assets already downloaded at /root/.cache/libero/assets
Local assets not found. Downloading from HuggingFace Hub...
Assets already downloaded at /root/.cache/libero/assets
batch libero_goal:8 C,step real=10/10 44.6 s brain 23.2 s 46 calls 63 rows
490/520 episodes, 3.88 s/episode, eta 0.03 h
batch libero_goal:8 C,step real=10/10 37.5 s brain 22.5 s 45 calls 62 rows
500/520 episodes, 3.88 s/episode, eta 0.02 h
[info] using task orders [0, 1, 2, 3, 4, 5, 6, 7, 8, 9]
[info] using task orders [0, 1, 2, 3, 4, 5, 6, 7, 8, 9]
[info] using task orders [0, 1, 2, 3, 4, 5, 6, 7, 8, 9]
[info] using task orders [0, 1, 2, 3, 4, 5, 6, 7, 8, 9]
[info] using task orders [0, 1, 2, 3, 4, 5, 6, 7, 8, 9]
[info] using task orders [0, 1, 2, 3, 4, 5, 6, 7, 8, 9]
[info] using task orders [0, 1, 2, 3, 4, 5, 6, 7, 8, 9]
[info] using task orders [0, 1, 2, 3, 4, 5, 6, 7, 8, 9]
[info] using task orders [0, 1, 2, 3, 4, 5, 6, 7, 8, 9]
[info] using task orders [0, 1, 2, 3, 4, 5, 6, 7, 8, 9]
[info] using task orders [0, 1, 2, 3, 4, 5, 6, 7, 8, 9]
Local assets not found. Downloading from HuggingFace Hub...Local assets not found. Downloading from HuggingFace Hub...
Assets already downloaded at /root/.cache/libero/assets
Local assets not found. Downloading from HuggingFace Hub...
Assets already downloaded at /root/.cache/libero/assets
Local assets not found. Downloading from HuggingFace Hub...
Assets already downloaded at /root/.cache/libero/assets
Local assets not found. Downloading from HuggingFace Hub...

Local assets not found. Downloading from HuggingFace Hub...
Assets already downloaded at /root/.cache/libero/assets
Local assets not found. Downloading from HuggingFace Hub...
Assets already downloaded at /root/.cache/libero/assets
Assets already downloaded at /root/.cache/libero/assets
Assets already downloaded at /root/.cache/libero/assets
Local assets not found. Downloading from HuggingFace Hub...
Assets already downloaded at /root/.cache/libero/assets
Local assets not found. Downloading from HuggingFace Hub...
Assets already downloaded at /root/.cache/libero/assets
Local assets not found. Downloading from HuggingFace Hub...
Assets already downloaded at /root/.cache/libero/assets
batch libero_goal:9 C,step real=10/10 37.1 s brain 16.5 s 32 calls 67 rows
510/520 episodes, 3.88 s/episode, eta 0.01 h
batch libero_goal:9 C,step real=10/10 32.0 s brain 19.0 s 37 calls 69 rows
520/520 episodes, 3.87 s/episode, eta 0.00 h
[07:28:44] pass 2 skipped: pass 1 exited cleanly, no failed batch
