[21:46:04] phase control, lane p, id 6 (520 episodes): --brain pi05 --kinds control --cells A --methods none,G@glr --inits 0-9
[21:46:04] pass 1: --brain pi05 --kinds control --cells A --methods none,G@glr --inits 0-9 --precision fp32 --n-envs 6 --kbar 0.1566 --t-ramp 5 --k-p 1.0 --tau-k 0.039517 --out results/c1-e4/pod/grid_pi05.jsonl
[robosuite WARNING] No private macro file found! (__init__.py:7)
WARNING:robosuite_logs:No private macro file found!
[robosuite WARNING] It is recommended to use a private macro file (__init__.py:8)
WARNING:robosuite_logs:It is recommended to use a private macro file
[robosuite WARNING] To setup, run: python /workspace/jit-reflex/venv/lib/python3.12/site-packages/robosuite/scripts/setup_macros.py (__init__.py:9)
WARNING:robosuite_logs:To setup, run: python /workspace/jit-reflex/venv/lib/python3.12/site-packages/robosuite/scripts/setup_macros.py
520 episodes to run
Fetching 9 files:   0%|          | 0/9 [00:00<?, ?it/s]Fetching 9 files: 100%|██████████| 9/9 [00:00<00:00, 631.96it/s]
The PI05 model is a direct port of the OpenPI implementation. 
This implementation follows the original OpenPI structure for compatibility. 
Original implementation: https://github.com/Physical-Intelligence/openpi
Loading model from: /workspace/.cache/huggingface/hub/models--lerobot--pi05_libero_finetuned_v044/snapshots/8e174154ef5f6c60a8da12ae99c303d8963138c1
✓ Loaded state dict from model.safetensors
WARNING:root:Vision embedding key might need handling: model.paligemma_with_expert.paligemma.model.vision_tower.vision_model.embeddings.patch_embedding.bias
WARNING:root:Vision embedding key might need handling: model.paligemma_with_expert.paligemma.model.vision_tower.vision_model.embeddings.patch_embedding.weight
All keys loaded successfully!
[info] using task orders [0, 1, 2, 3, 4, 5, 6, 7, 8, 9]
/usr/lib/python3.12/multiprocessing/popen_fork.py:66: DeprecationWarning: This process (pid=78201) is multi-threaded, use of fork() may lead to deadlocks in the child.
  self.pid = os.fork()
[info] using task orders [0, 1, 2, 3, 4, 5, 6, 7, 8, 9]
[info] using task orders [0, 1, 2, 3, 4, 5, 6, 7, 8, 9]
[info] using task orders [0, 1, 2, 3, 4, 5, 6, 7, 8, 9]
[info] using task orders [0, 1, 2, 3, 4, 5, 6, 7, 8, 9]
[info] using task orders [0, 1, 2, 3, 4, 5, 6, 7, 8, 9]
[info] using task orders [0, 1, 2, 3, 4, 5, 6, 7, 8, 9]
Local assets not found. Downloading from HuggingFace Hub...Local assets not found. Downloading from HuggingFace Hub...

Assets already downloaded at /root/.cache/libero/assetsAssets already downloaded at /root/.cache/libero/assets

Local assets not found. Downloading from HuggingFace Hub...Local assets not found. Downloading from HuggingFace Hub...

Assets already downloaded at /root/.cache/libero/assetsAssets already downloaded at /root/.cache/libero/assets

Local assets not found. Downloading from HuggingFace Hub...
Local assets not found. Downloading from HuggingFace Hub...
Assets already downloaded at /root/.cache/libero/assetsAssets already downloaded at /root/.cache/libero/assets

batch libero_spatial:0 A,control real=6/6 22.3 s brain 8.9 s 9 calls 49 rows
6/520 episodes, 3.88 s/episode, eta 0.55 h
batch libero_spatial:0 A,control real=6/6 14.3 s brain 8.3 s 9 calls 48 rows
12/520 episodes, 3.13 s/episode, eta 0.44 h
batch libero_spatial:0 A,control real=6/6 14.6 s brain 8.4 s 9 calls 50 rows
18/520 episodes, 2.90 s/episode, eta 0.40 h
batch libero_spatial:0 A,control real=2/6 9.6 s brain 3.9 s 8 calls 15 rows
20/520 episodes, 3.09 s/episode, eta 0.43 h
[info] using task orders [0, 1, 2, 3, 4, 5, 6, 7, 8, 9]
[info] using task orders [0, 1, 2, 3, 4, 5, 6, 7, 8, 9]
[info] using task orders [0, 1, 2, 3, 4, 5, 6, 7, 8, 9]
[info] using task orders [0, 1, 2, 3, 4, 5, 6, 7, 8, 9]
[info] using task orders [0, 1, 2, 3, 4, 5, 6, 7, 8, 9]
[info] using task orders [0, 1, 2, 3, 4, 5, 6, 7, 8, 9]
[info] using task orders [0, 1, 2, 3, 4, 5, 6, 7, 8, 9]
Local assets not found. Downloading from HuggingFace Hub...Local assets not found. Downloading from HuggingFace Hub...

Local assets not found. Downloading from HuggingFace Hub...
Local assets not found. Downloading from HuggingFace Hub...
Assets already downloaded at /root/.cache/libero/assetsAssets already downloaded at /root/.cache/libero/assets

Assets already downloaded at /root/.cache/libero/assets
Assets already downloaded at /root/.cache/libero/assets
Local assets not found. Downloading from HuggingFace Hub...
Local assets not found. Downloading from HuggingFace Hub...
Assets already downloaded at /root/.cache/libero/assetsAssets already downloaded at /root/.cache/libero/assets

batch libero_spatial:1 A,control real=6/6 25.7 s brain 11.5 s 12 calls 67 rows
26/520 episodes, 3.45 s/episode, eta 0.47 h
batch libero_spatial:1 A,control real=6/6 19.1 s brain 11.5 s 12 calls 69 rows
32/520 episodes, 3.40 s/episode, eta 0.46 h
batch libero_spatial:1 A,control real=6/6 18.8 s brain 11.4 s 12 calls 67 rows
38/520 episodes, 3.35 s/episode, eta 0.45 h
batch libero_spatial:1 A,control real=2/6 12.8 s brain 5.9 s 12 calls 23 rows
40/520 episodes, 3.51 s/episode, eta 0.47 h
[info] using task orders [0, 1, 2, 3, 4, 5, 6, 7, 8, 9]
[info] using task orders [0, 1, 2, 3, 4, 5, 6, 7, 8, 9]
[info] using task orders [0, 1, 2, 3, 4, 5, 6, 7, 8, 9]
[info] using task orders [0, 1, 2, 3, 4, 5, 6, 7, 8, 9]
[info] using task orders [0, 1, 2, 3, 4, 5, 6, 7, 8, 9]
[info] using task orders [0, 1, 2, 3, 4, 5, 6, 7, 8, 9]
[info] using task orders [0, 1, 2, 3, 4, 5, 6, 7, 8, 9]
Local assets not found. Downloading from HuggingFace Hub...Local assets not found. Downloading from HuggingFace Hub...

Assets already downloaded at /root/.cache/libero/assetsAssets already downloaded at /root/.cache/libero/assets

Local assets not found. Downloading from HuggingFace Hub...
Local assets not found. Downloading from HuggingFace Hub...
Assets already downloaded at /root/.cache/libero/assets
Assets already downloaded at /root/.cache/libero/assets
Local assets not found. Downloading from HuggingFace Hub...Local assets not found. Downloading from HuggingFace Hub...

Assets already downloaded at /root/.cache/libero/assetsAssets already downloaded at /root/.cache/libero/assets

batch libero_spatial:2 A,control real=6/6 23.8 s brain 9.6 s 10 calls 57 rows
46/520 episodes, 3.61 s/episode, eta 0.48 h
batch libero_spatial:2 A,control real=6/6 16.4 s brain 9.7 s 10 calls 56 rows
52/520 episodes, 3.51 s/episode, eta 0.46 h
batch libero_spatial:2 A,control real=6/6 16.0 s brain 9.6 s 10 calls 57 rows
58/520 episodes, 3.42 s/episode, eta 0.44 h
batch libero_spatial:2 A,control real=2/6 10.7 s brain 4.6 s 9 calls 18 rows
60/520 episodes, 3.49 s/episode, eta 0.45 h
[info] using task orders [0, 1, 2, 3, 4, 5, 6, 7, 8, 9]
[info] using task orders [0, 1, 2, 3, 4, 5, 6, 7, 8, 9]
[info] using task orders [0, 1, 2, 3, 4, 5, 6, 7, 8, 9]
[info] using task orders [0, 1, 2, 3, 4, 5, 6, 7, 8, 9]
[info] using task orders [0, 1, 2, 3, 4, 5, 6, 7, 8, 9]
[info] using task orders [0, 1, 2, 3, 4, 5, 6, 7, 8, 9]
[info] using task orders [0, 1, 2, 3, 4, 5, 6, 7, 8, 9]
Local assets not found. Downloading from HuggingFace Hub...Local assets not found. Downloading from HuggingFace Hub...Local assets not found. Downloading from HuggingFace Hub...Local assets not found. Downloading from HuggingFace Hub...



Assets already downloaded at /root/.cache/libero/assetsAssets already downloaded at /root/.cache/libero/assetsAssets already downloaded at /root/.cache/libero/assetsAssets already downloaded at /root/.cache/libero/assets



Local assets not found. Downloading from HuggingFace Hub...Local assets not found. Downloading from HuggingFace Hub...

Assets already downloaded at /root/.cache/libero/assetsAssets already downloaded at /root/.cache/libero/assets

batch libero_spatial:3 A,control real=6/6 23.8 s brain 9.6 s 10 calls 55 rows
66/520 episodes, 3.56 s/episode, eta 0.45 h
batch libero_spatial:3 A,control real=6/6 15.5 s brain 9.0 s 9 calls 54 rows
72/520 episodes, 3.48 s/episode, eta 0.43 h
batch libero_spatial:3 A,control real=6/6 15.9 s brain 9.5 s 10 calls 55 rows
78/520 episodes, 3.42 s/episode, eta 0.42 h
batch libero_spatial:3 A,control real=2/6 10.6 s brain 4.5 s 9 calls 18 rows
80/520 episodes, 3.47 s/episode, eta 0.42 h
[info] using task orders [0, 1, 2, 3, 4, 5, 6, 7, 8, 9]
[info] using task orders [0, 1, 2, 3, 4, 5, 6, 7, 8, 9]
[info] using task orders [0, 1, 2, 3, 4, 5, 6, 7, 8, 9]
[info] using task orders [0, 1, 2, 3, 4, 5, 6, 7, 8, 9]
[info] using task orders [0, 1, 2, 3, 4, 5, 6, 7, 8, 9]
[info] using task orders [0, 1, 2, 3, 4, 5, 6, 7, 8, 9]
[info] using task orders [0, 1, 2, 3, 4, 5, 6, 7, 8, 9]
Local assets not found. Downloading from HuggingFace Hub...
Local assets not found. Downloading from HuggingFace Hub...Local assets not found. Downloading from HuggingFace Hub...

Local assets not found. Downloading from HuggingFace Hub...
Assets already downloaded at /root/.cache/libero/assetsAssets already downloaded at /root/.cache/libero/assets

Assets already downloaded at /root/.cache/libero/assets
Assets already downloaded at /root/.cache/libero/assets
Local assets not found. Downloading from HuggingFace Hub...
Assets already downloaded at /root/.cache/libero/assets
Local assets not found. Downloading from HuggingFace Hub...
Assets already downloaded at /root/.cache/libero/assets
batch libero_spatial:4 A,control real=6/6 32.7 s brain 15.4 s 19 calls 85 rows
86/520 episodes, 3.63 s/episode, eta 0.44 h
batch libero_spatial:4 A,control real=6/6 20.7 s brain 12.6 s 13 calls 75 rows
92/520 episodes, 3.62 s/episode, eta 0.43 h
batch libero_spatial:4 A,control real=6/6 33.6 s brain 19.2 s 28 calls 97 rows
98/520 episodes, 3.74 s/episode, eta 0.44 h
batch libero_spatial:4 A,control real=2/6 15.0 s brain 6.7 s 13 calls 26 rows
100/520 episodes, 3.81 s/episode, eta 0.44 h
[info] using task orders [0, 1, 2, 3, 4, 5, 6, 7, 8, 9]
[info] using task orders [0, 1, 2, 3, 4, 5, 6, 7, 8, 9]
[info] using task orders [0, 1, 2, 3, 4, 5, 6, 7, 8, 9]
[info] using task orders [0, 1, 2, 3, 4, 5, 6, 7, 8, 9]
[info] using task orders [0, 1, 2, 3, 4, 5, 6, 7, 8, 9]
[info] using task orders [0, 1, 2, 3, 4, 5, 6, 7, 8, 9]
[info] using task orders [0, 1, 2, 3, 4, 5, 6, 7, 8, 9]
Local assets not found. Downloading from HuggingFace Hub...Local assets not found. Downloading from HuggingFace Hub...

Assets already downloaded at /root/.cache/libero/assetsAssets already downloaded at /root/.cache/libero/assets

Local assets not found. Downloading from HuggingFace Hub...
Assets already downloaded at /root/.cache/libero/assets
Local assets not found. Downloading from HuggingFace Hub...
Assets already downloaded at /root/.cache/libero/assets
Local assets not found. Downloading from HuggingFace Hub...
Assets already downloaded at /root/.cache/libero/assets
Local assets not found. Downloading from HuggingFace Hub...
Assets already downloaded at /root/.cache/libero/assets
batch libero_spatial:5 A,control real=6/6 23.8 s brain 9.9 s 10 calls 58 rows
106/520 episodes, 3.84 s/episode, eta 0.44 h
batch libero_spatial:5 A,control real=6/6 18.2 s brain 10.8 s 12 calls 62 rows
112/520 episodes, 3.80 s/episode, eta 0.43 h
batch libero_spatial:5 A,control real=6/6 16.6 s brain 9.9 s 10 calls 58 rows
118/520 episodes, 3.75 s/episode, eta 0.42 h
batch libero_spatial:5 A,control real=2/6 12.7 s brain 5.8 s 12 calls 22 rows
120/520 episodes, 3.79 s/episode, eta 0.42 h
[info] using task orders [0, 1, 2, 3, 4, 5, 6, 7, 8, 9]
[info] using task orders [0, 1, 2, 3, 4, 5, 6, 7, 8, 9]
[info] using task orders [0, 1, 2, 3, 4, 5, 6, 7, 8, 9]
[info] using task orders [0, 1, 2, 3, 4, 5, 6, 7, 8, 9]
[info] using task orders [0, 1, 2, 3, 4, 5, 6, 7, 8, 9]
[info] using task orders [0, 1, 2, 3, 4, 5, 6, 7, 8, 9]
[info] using task orders [0, 1, 2, 3, 4, 5, 6, 7, 8, 9]
Local assets not found. Downloading from HuggingFace Hub...
Assets already downloaded at /root/.cache/libero/assets
Local assets not found. Downloading from HuggingFace Hub...
Assets already downloaded at /root/.cache/libero/assets
Local assets not found. Downloading from HuggingFace Hub...Local assets not found. Downloading from HuggingFace Hub...

Assets already downloaded at /root/.cache/libero/assetsAssets already downloaded at /root/.cache/libero/assets

Local assets not found. Downloading from HuggingFace Hub...
Assets already downloaded at /root/.cache/libero/assets
Local assets not found. Downloading from HuggingFace Hub...
Assets already downloaded at /root/.cache/libero/assets
batch libero_spatial:6 A,control real=6/6 24.8 s brain 10.8 s 11 calls 63 rows
126/520 episodes, 3.82 s/episode, eta 0.42 h
batch libero_spatial:6 A,control real=6/6 19.0 s brain 11.4 s 12 calls 67 rows
132/520 episodes, 3.79 s/episode, eta 0.41 h
batch libero_spatial:6 A,control real=6/6 19.1 s brain 11.7 s 13 calls 66 rows
138/520 episodes, 3.77 s/episode, eta 0.40 h
batch libero_spatial:6 A,control real=2/6 12.4 s brain 5.9 s 12 calls 23 rows
140/520 episodes, 3.80 s/episode, eta 0.40 h
[info] using task orders [0, 1, 2, 3, 4, 5, 6, 7, 8, 9]
[info] using task orders [0, 1, 2, 3, 4, 5, 6, 7, 8, 9]
[info] using task orders [0, 1, 2, 3, 4, 5, 6, 7, 8, 9]
[info] using task orders [0, 1, 2, 3, 4, 5, 6, 7, 8, 9]
[info] using task orders [0, 1, 2, 3, 4, 5, 6, 7, 8, 9]
[info] using task orders [0, 1, 2, 3, 4, 5, 6, 7, 8, 9]
[info] using task orders [0, 1, 2, 3, 4, 5, 6, 7, 8, 9]
Local assets not found. Downloading from HuggingFace Hub...Local assets not found. Downloading from HuggingFace Hub...Local assets not found. Downloading from HuggingFace Hub...Local assets not found. Downloading from HuggingFace Hub...



Assets already downloaded at /root/.cache/libero/assetsAssets already downloaded at /root/.cache/libero/assetsAssets already downloaded at /root/.cache/libero/assetsAssets already downloaded at /root/.cache/libero/assets



Local assets not found. Downloading from HuggingFace Hub...
Local assets not found. Downloading from HuggingFace Hub...
Assets already downloaded at /root/.cache/libero/assets
Assets already downloaded at /root/.cache/libero/assets
batch libero_spatial:7 A,control real=6/6 39.3 s brain 18.1 s 28 calls 88 rows
146/520 episodes, 3.93 s/episode, eta 0.41 h
batch libero_spatial:7 A,control real=6/6 31.9 s brain 18.0 s 28 calls 89 rows
152/520 episodes, 3.98 s/episode, eta 0.41 h
batch libero_spatial:7 A,control real=6/6 20.6 s brain 12.5 s 13 calls 74 rows
158/520 episodes, 3.96 s/episode, eta 0.40 h
batch libero_spatial:7 A,control real=2/6 14.0 s brain 6.5 s 13 calls 25 rows
160/520 episodes, 4.00 s/episode, eta 0.40 h
[info] using task orders [0, 1, 2, 3, 4, 5, 6, 7, 8, 9]
[info] using task orders [0, 1, 2, 3, 4, 5, 6, 7, 8, 9]
[info] using task orders [0, 1, 2, 3, 4, 5, 6, 7, 8, 9]
[info] using task orders [0, 1, 2, 3, 4, 5, 6, 7, 8, 9]
[info] using task orders [0, 1, 2, 3, 4, 5, 6, 7, 8, 9]
[info] using task orders [0, 1, 2, 3, 4, 5, 6, 7, 8, 9]
[info] using task orders [0, 1, 2, 3, 4, 5, 6, 7, 8, 9]
Local assets not found. Downloading from HuggingFace Hub...Local assets not found. Downloading from HuggingFace Hub...Local assets not found. Downloading from HuggingFace Hub...


Assets already downloaded at /root/.cache/libero/assetsAssets already downloaded at /root/.cache/libero/assetsAssets already downloaded at /root/.cache/libero/assets


Local assets not found. Downloading from HuggingFace Hub...
Assets already downloaded at /root/.cache/libero/assets
Local assets not found. Downloading from HuggingFace Hub...
Assets already downloaded at /root/.cache/libero/assets
Local assets not found. Downloading from HuggingFace Hub...
Assets already downloaded at /root/.cache/libero/assets
batch libero_spatial:8 A,control real=6/6 24.7 s brain 10.5 s 11 calls 61 rows
166/520 episodes, 4.02 s/episode, eta 0.40 h
batch libero_spatial:8 A,control real=6/6 17.4 s brain 10.3 s 11 calls 61 rows
172/520 episodes, 3.98 s/episode, eta 0.38 h
batch libero_spatial:8 A,control real=6/6 16.7 s brain 10.0 s 10 calls 60 rows
178/520 episodes, 3.94 s/episode, eta 0.37 h
batch libero_spatial:8 A,control real=2/6 11.5 s brain 5.1 s 10 calls 20 rows
180/520 episodes, 3.96 s/episode, eta 0.37 h
[info] using task orders [0, 1, 2, 3, 4, 5, 6, 7, 8, 9]
[info] using task orders [0, 1, 2, 3, 4, 5, 6, 7, 8, 9]
[info] using task orders [0, 1, 2, 3, 4, 5, 6, 7, 8, 9]
[info] using task orders [0, 1, 2, 3, 4, 5, 6, 7, 8, 9]
[info] using task orders [0, 1, 2, 3, 4, 5, 6, 7, 8, 9]
[info] using task orders [0, 1, 2, 3, 4, 5, 6, 7, 8, 9]
[info] using task orders [0, 1, 2, 3, 4, 5, 6, 7, 8, 9]
Local assets not found. Downloading from HuggingFace Hub...Local assets not found. Downloading from HuggingFace Hub...Local assets not found. Downloading from HuggingFace Hub...Local assets not found. Downloading from HuggingFace Hub...



Assets already downloaded at /root/.cache/libero/assetsAssets already downloaded at /root/.cache/libero/assetsAssets already downloaded at /root/.cache/libero/assetsAssets already downloaded at /root/.cache/libero/assets



Local assets not found. Downloading from HuggingFace Hub...Local assets not found. Downloading from HuggingFace Hub...

Assets already downloaded at /root/.cache/libero/assetsAssets already downloaded at /root/.cache/libero/assets

batch libero_spatial:9 A,control real=6/6 39.3 s brain 18.4 s 28 calls 90 rows
186/520 episodes, 4.06 s/episode, eta 0.38 h
batch libero_spatial:9 A,control real=6/6 31.2 s brain 18.3 s 28 calls 91 rows
192/520 episodes, 4.09 s/episode, eta 0.37 h
batch libero_spatial:9 A,control real=6/6 20.3 s brain 12.5 s 13 calls 75 rows
198/520 episodes, 4.07 s/episode, eta 0.36 h
batch libero_spatial:9 A,control real=2/6 14.2 s brain 6.5 s 13 calls 26 rows
200/520 episodes, 4.10 s/episode, eta 0.36 h
[info] using task orders [0, 1, 2, 3, 4, 5, 6, 7, 8, 9]
[info] using task orders [0, 1, 2, 3, 4, 5, 6, 7, 8, 9]
[info] using task orders [0, 1, 2, 3, 4, 5, 6, 7, 8, 9]
[info] using task orders [0, 1, 2, 3, 4, 5, 6, 7, 8, 9]
[info] using task orders [0, 1, 2, 3, 4, 5, 6, 7, 8, 9]
[info] using task orders [0, 1, 2, 3, 4, 5, 6, 7, 8, 9]
[info] using task orders [0, 1, 2, 3, 4, 5, 6, 7, 8, 9]
Local assets not found. Downloading from HuggingFace Hub...
Assets already downloaded at /root/.cache/libero/assets
Local assets not found. Downloading from HuggingFace Hub...
Assets already downloaded at /root/.cache/libero/assets
Local assets not found. Downloading from HuggingFace Hub...
Local assets not found. Downloading from HuggingFace Hub...
Assets already downloaded at /root/.cache/libero/assets
Assets already downloaded at /root/.cache/libero/assets
Local assets not found. Downloading from HuggingFace Hub...
Assets already downloaded at /root/.cache/libero/assets
Local assets not found. Downloading from HuggingFace Hub...
Assets already downloaded at /root/.cache/libero/assets
batch libero_object:0 A,control real=6/6 30.6 s brain 15.5 s 17 calls 89 rows
206/520 episodes, 4.14 s/episode, eta 0.36 h
batch libero_object:0 A,control real=6/6 22.0 s brain 14.5 s 15 calls 87 rows
212/520 episodes, 4.13 s/episode, eta 0.35 h
batch libero_object:0 A,control real=6/6 23.3 s brain 15.4 s 17 calls 90 rows
218/520 episodes, 4.12 s/episode, eta 0.35 h
batch libero_object:0 A,control real=2/6 13.9 s brain 7.2 s 15 calls 29 rows
220/520 episodes, 4.15 s/episode, eta 0.35 h
[info] using task orders [0, 1, 2, 3, 4, 5, 6, 7, 8, 9]
[info] using task orders [0, 1, 2, 3, 4, 5, 6, 7, 8, 9]
[info] using task orders [0, 1, 2, 3, 4, 5, 6, 7, 8, 9]
[info] using task orders [0, 1, 2, 3, 4, 5, 6, 7, 8, 9]
[info] using task orders [0, 1, 2, 3, 4, 5, 6, 7, 8, 9]
[info] using task orders [0, 1, 2, 3, 4, 5, 6, 7, 8, 9]
[info] using task orders [0, 1, 2, 3, 4, 5, 6, 7, 8, 9]
Local assets not found. Downloading from HuggingFace Hub...
Local assets not found. Downloading from HuggingFace Hub...
Assets already downloaded at /root/.cache/libero/assets
Assets already downloaded at /root/.cache/libero/assets
Local assets not found. Downloading from HuggingFace Hub...
Local assets not found. Downloading from HuggingFace Hub...
Assets already downloaded at /root/.cache/libero/assets
Assets already downloaded at /root/.cache/libero/assets
Local assets not found. Downloading from HuggingFace Hub...
Assets already downloaded at /root/.cache/libero/assets
Local assets not found. Downloading from HuggingFace Hub...
Assets already downloaded at /root/.cache/libero/assets
batch libero_object:1 A,control real=6/6 27.1 s brain 13.6 s 15 calls 79 rows
226/520 episodes, 4.17 s/episode, eta 0.34 h
batch libero_object:1 A,control real=6/6 20.3 s brain 13.5 s 15 calls 78 rows
232/520 episodes, 4.15 s/episode, eta 0.33 h
batch libero_object:1 A,control real=6/6 19.2 s brain 12.9 s 13 calls 78 rows
238/520 episodes, 4.12 s/episode, eta 0.32 h
batch libero_object:1 A,control real=2/6 13.0 s brain 6.9 s 14 calls 28 rows
240/520 episodes, 4.14 s/episode, eta 0.32 h
[info] using task orders [0, 1, 2, 3, 4, 5, 6, 7, 8, 9]
[info] using task orders [0, 1, 2, 3, 4, 5, 6, 7, 8, 9]
[info] using task orders [0, 1, 2, 3, 4, 5, 6, 7, 8, 9]
[info] using task orders [0, 1, 2, 3, 4, 5, 6, 7, 8, 9]
[info] using task orders [0, 1, 2, 3, 4, 5, 6, 7, 8, 9]
[info] using task orders [0, 1, 2, 3, 4, 5, 6, 7, 8, 9]
[info] using task orders [0, 1, 2, 3, 4, 5, 6, 7, 8, 9]
Local assets not found. Downloading from HuggingFace Hub...Local assets not found. Downloading from HuggingFace Hub...

Assets already downloaded at /root/.cache/libero/assetsAssets already downloaded at /root/.cache/libero/assets

Local assets not found. Downloading from HuggingFace Hub...
Local assets not found. Downloading from HuggingFace Hub...
Assets already downloaded at /root/.cache/libero/assetsAssets already downloaded at /root/.cache/libero/assets

Local assets not found. Downloading from HuggingFace Hub...Local assets not found. Downloading from HuggingFace Hub...

Assets already downloaded at /root/.cache/libero/assetsAssets already downloaded at /root/.cache/libero/assets

batch libero_object:2 A,control real=6/6 25.4 s brain 12.2 s 13 calls 71 rows
246/520 episodes, 4.15 s/episode, eta 0.32 h
batch libero_object:2 A,control real=6/6 21.0 s brain 13.8 s 16 calls 78 rows
252/520 episodes, 4.14 s/episode, eta 0.31 h
batch libero_object:2 A,control real=6/6 20.3 s brain 13.2 s 16 calls 74 rows
258/520 episodes, 4.12 s/episode, eta 0.30 h
batch libero_object:2 A,control real=2/6 12.1 s brain 6.3 s 13 calls 25 rows
260/520 episodes, 4.13 s/episode, eta 0.30 h
[info] using task orders [0, 1, 2, 3, 4, 5, 6, 7, 8, 9]
[info] using task orders [0, 1, 2, 3, 4, 5, 6, 7, 8, 9]
[info] using task orders [0, 1, 2, 3, 4, 5, 6, 7, 8, 9]
[info] using task orders [0, 1, 2, 3, 4, 5, 6, 7, 8, 9]
[info] using task orders [0, 1, 2, 3, 4, 5, 6, 7, 8, 9]
[info] using task orders [0, 1, 2, 3, 4, 5, 6, 7, 8, 9]
[info] using task orders [0, 1, 2, 3, 4, 5, 6, 7, 8, 9]
Local assets not found. Downloading from HuggingFace Hub...
Assets already downloaded at /root/.cache/libero/assets
Local assets not found. Downloading from HuggingFace Hub...
Assets already downloaded at /root/.cache/libero/assets
Local assets not found. Downloading from HuggingFace Hub...
Assets already downloaded at /root/.cache/libero/assets
Local assets not found. Downloading from HuggingFace Hub...
Local assets not found. Downloading from HuggingFace Hub...
Assets already downloaded at /root/.cache/libero/assets
Assets already downloaded at /root/.cache/libero/assets
Local assets not found. Downloading from HuggingFace Hub...
Assets already downloaded at /root/.cache/libero/assets
batch libero_object:3 A,control real=6/6 30.2 s brain 15.2 s 19 calls 84 rows
266/520 episodes, 4.16 s/episode, eta 0.29 h
batch libero_object:3 A,control real=6/6 24.2 s brain 15.9 s 19 calls 90 rows
272/520 episodes, 4.16 s/episode, eta 0.29 h
batch libero_object:3 A,control real=6/6 21.4 s brain 14.3 s 16 calls 83 rows
278/520 episodes, 4.15 s/episode, eta 0.28 h
batch libero_object:3 A,control real=2/6 13.0 s brain 6.8 s 14 calls 27 rows
280/520 episodes, 4.16 s/episode, eta 0.28 h
[info] using task orders [0, 1, 2, 3, 4, 5, 6, 7, 8, 9]
[info] using task orders [0, 1, 2, 3, 4, 5, 6, 7, 8, 9]
[info] using task orders [0, 1, 2, 3, 4, 5, 6, 7, 8, 9]
[info] using task orders [0, 1, 2, 3, 4, 5, 6, 7, 8, 9]
[info] using task orders [0, 1, 2, 3, 4, 5, 6, 7, 8, 9]
[info] using task orders [0, 1, 2, 3, 4, 5, 6, 7, 8, 9]
[info] using task orders [0, 1, 2, 3, 4, 5, 6, 7, 8, 9]
Local assets not found. Downloading from HuggingFace Hub...Local assets not found. Downloading from HuggingFace Hub...

Assets already downloaded at /root/.cache/libero/assetsAssets already downloaded at /root/.cache/libero/assets

Local assets not found. Downloading from HuggingFace Hub...Local assets not found. Downloading from HuggingFace Hub...

Assets already downloaded at /root/.cache/libero/assetsAssets already downloaded at /root/.cache/libero/assets

Local assets not found. Downloading from HuggingFace Hub...Local assets not found. Downloading from HuggingFace Hub...

Assets already downloaded at /root/.cache/libero/assetsAssets already downloaded at /root/.cache/libero/assets

batch libero_object:4 A,control real=6/6 28.3 s brain 14.3 s 15 calls 84 rows
286/520 episodes, 4.18 s/episode, eta 0.27 h
batch libero_object:4 A,control real=6/6 20.6 s brain 13.8 s 14 calls 83 rows
292/520 episodes, 4.17 s/episode, eta 0.26 h
batch libero_object:4 A,control real=6/6 21.5 s brain 14.4 s 15 calls 85 rows
298/520 episodes, 4.16 s/episode, eta 0.26 h
batch libero_object:4 A,control real=2/6 13.5 s brain 7.1 s 14 calls 28 rows
300/520 episodes, 4.17 s/episode, eta 0.26 h
[info] using task orders [0, 1, 2, 3, 4, 5, 6, 7, 8, 9]
[info] using task orders [0, 1, 2, 3, 4, 5, 6, 7, 8, 9]
[info] using task orders [0, 1, 2, 3, 4, 5, 6, 7, 8, 9]
[info] using task orders [0, 1, 2, 3, 4, 5, 6, 7, 8, 9]
[info] using task orders [0, 1, 2, 3, 4, 5, 6, 7, 8, 9]
[info] using task orders [0, 1, 2, 3, 4, 5, 6, 7, 8, 9]
[info] using task orders [0, 1, 2, 3, 4, 5, 6, 7, 8, 9]
Local assets not found. Downloading from HuggingFace Hub...Local assets not found. Downloading from HuggingFace Hub...

Assets already downloaded at /root/.cache/libero/assetsAssets already downloaded at /root/.cache/libero/assets

Local assets not found. Downloading from HuggingFace Hub...
Local assets not found. Downloading from HuggingFace Hub...
Assets already downloaded at /root/.cache/libero/assets
Assets already downloaded at /root/.cache/libero/assets
Local assets not found. Downloading from HuggingFace Hub...Local assets not found. Downloading from HuggingFace Hub...

Assets already downloaded at /root/.cache/libero/assetsAssets already downloaded at /root/.cache/libero/assets

batch libero_object:5 A,control real=6/6 28.5 s brain 14.1 s 16 calls 80 rows
306/520 episodes, 4.19 s/episode, eta 0.25 h
batch libero_object:5 A,control real=6/6 23.6 s brain 15.3 s 18 calls 87 rows
312/520 episodes, 4.19 s/episode, eta 0.24 h
batch libero_object:5 A,control real=6/6 21.7 s brain 14.1 s 16 calls 82 rows
318/520 episodes, 4.18 s/episode, eta 0.23 h
batch libero_object:5 A,control real=2/6 15.1 s brain 8.0 s 16 calls 31 rows
320/520 episodes, 4.20 s/episode, eta 0.23 h
[info] using task orders [0, 1, 2, 3, 4, 5, 6, 7, 8, 9]
[info] using task orders [0, 1, 2, 3, 4, 5, 6, 7, 8, 9]
[info] using task orders [0, 1, 2, 3, 4, 5, 6, 7, 8, 9]
[info] using task orders [0, 1, 2, 3, 4, 5, 6, 7, 8, 9]
[info] using task orders [0, 1, 2, 3, 4, 5, 6, 7, 8, 9]
[info] using task orders [0, 1, 2, 3, 4, 5, 6, 7, 8, 9]
[info] using task orders [0, 1, 2, 3, 4, 5, 6, 7, 8, 9]
Local assets not found. Downloading from HuggingFace Hub...Local assets not found. Downloading from HuggingFace Hub...Local assets not found. Downloading from HuggingFace Hub...Local assets not found. Downloading from HuggingFace Hub...



Assets already downloaded at /root/.cache/libero/assetsAssets already downloaded at /root/.cache/libero/assetsAssets already downloaded at /root/.cache/libero/assetsAssets already downloaded at /root/.cache/libero/assets



Local assets not found. Downloading from HuggingFace Hub...Local assets not found. Downloading from HuggingFace Hub...

Assets already downloaded at /root/.cache/libero/assetsAssets already downloaded at /root/.cache/libero/assets

batch libero_object:6 A,control real=6/6 29.3 s brain 15.2 s 16 calls 90 rows
326/520 episodes, 4.22 s/episode, eta 0.23 h
batch libero_object:6 A,control real=6/6 22.9 s brain 15.6 s 16 calls 94 rows
332/520 episodes, 4.21 s/episode, eta 0.22 h
batch libero_object:6 A,control real=6/6 22.4 s brain 15.1 s 16 calls 90 rows
338/520 episodes, 4.20 s/episode, eta 0.21 h
batch libero_object:6 A,control real=2/6 14.3 s brain 7.9 s 16 calls 32 rows
340/520 episodes, 4.22 s/episode, eta 0.21 h
[info] using task orders [0, 1, 2, 3, 4, 5, 6, 7, 8, 9]
[info] using task orders [0, 1, 2, 3, 4, 5, 6, 7, 8, 9]
[info] using task orders [0, 1, 2, 3, 4, 5, 6, 7, 8, 9]
[info] using task orders [0, 1, 2, 3, 4, 5, 6, 7, 8, 9]
[info] using task orders [0, 1, 2, 3, 4, 5, 6, 7, 8, 9]
[info] using task orders [0, 1, 2, 3, 4, 5, 6, 7, 8, 9]
[info] using task orders [0, 1, 2, 3, 4, 5, 6, 7, 8, 9]
Local assets not found. Downloading from HuggingFace Hub...
Assets already downloaded at /root/.cache/libero/assets
Local assets not found. Downloading from HuggingFace Hub...
Assets already downloaded at /root/.cache/libero/assets
Local assets not found. Downloading from HuggingFace Hub...
Assets already downloaded at /root/.cache/libero/assets
Local assets not found. Downloading from HuggingFace Hub...
Local assets not found. Downloading from HuggingFace Hub...
Assets already downloaded at /root/.cache/libero/assets
Assets already downloaded at /root/.cache/libero/assets
Local assets not found. Downloading from HuggingFace Hub...
Assets already downloaded at /root/.cache/libero/assets
batch libero_object:7 A,control real=6/6 27.2 s brain 13.6 s 14 calls 80 rows
346/520 episodes, 4.23 s/episode, eta 0.20 h
batch libero_object:7 A,control real=6/6 23.6 s brain 15.6 s 18 calls 89 rows
352/520 episodes, 4.22 s/episode, eta 0.20 h
batch libero_object:7 A,control real=6/6 23.1 s brain 15.1 s 19 calls 85 rows
358/520 episodes, 4.22 s/episode, eta 0.19 h
batch libero_object:7 A,control real=2/6 15.4 s brain 8.2 s 18 calls 31 rows
360/520 episodes, 4.24 s/episode, eta 0.19 h
[info] using task orders [0, 1, 2, 3, 4, 5, 6, 7, 8, 9]
[info] using task orders [0, 1, 2, 3, 4, 5, 6, 7, 8, 9]
[info] using task orders [0, 1, 2, 3, 4, 5, 6, 7, 8, 9]
[info] using task orders [0, 1, 2, 3, 4, 5, 6, 7, 8, 9]
[info] using task orders [0, 1, 2, 3, 4, 5, 6, 7, 8, 9]
[info] using task orders [0, 1, 2, 3, 4, 5, 6, 7, 8, 9]
[info] using task orders [0, 1, 2, 3, 4, 5, 6, 7, 8, 9]
Local assets not found. Downloading from HuggingFace Hub...Local assets not found. Downloading from HuggingFace Hub...Local assets not found. Downloading from HuggingFace Hub...Local assets not found. Downloading from HuggingFace Hub...



Assets already downloaded at /root/.cache/libero/assetsAssets already downloaded at /root/.cache/libero/assetsAssets already downloaded at /root/.cache/libero/assetsAssets already downloaded at /root/.cache/libero/assets



Local assets not found. Downloading from HuggingFace Hub...Local assets not found. Downloading from HuggingFace Hub...

Assets already downloaded at /root/.cache/libero/assetsAssets already downloaded at /root/.cache/libero/assets

batch libero_object:8 A,control real=6/6 29.4 s brain 15.6 s 16 calls 93 rows
366/520 episodes, 4.25 s/episode, eta 0.18 h
batch libero_object:8 A,control real=6/6 22.5 s brain 15.4 s 16 calls 91 rows
372/520 episodes, 4.25 s/episode, eta 0.17 h
batch libero_object:8 A,control real=6/6 22.2 s brain 15.2 s 16 calls 91 rows
378/520 episodes, 4.24 s/episode, eta 0.17 h
batch libero_object:8 A,control real=2/6 14.0 s brain 7.4 s 15 calls 30 rows
380/520 episodes, 4.25 s/episode, eta 0.17 h
[info] using task orders [0, 1, 2, 3, 4, 5, 6, 7, 8, 9]
[info] using task orders [0, 1, 2, 3, 4, 5, 6, 7, 8, 9]
[info] using task orders [0, 1, 2, 3, 4, 5, 6, 7, 8, 9]
[info] using task orders [0, 1, 2, 3, 4, 5, 6, 7, 8, 9]
[info] using task orders [0, 1, 2, 3, 4, 5, 6, 7, 8, 9]
[info] using task orders [0, 1, 2, 3, 4, 5, 6, 7, 8, 9]
[info] using task orders [0, 1, 2, 3, 4, 5, 6, 7, 8, 9]
Local assets not found. Downloading from HuggingFace Hub...
Assets already downloaded at /root/.cache/libero/assets
Local assets not found. Downloading from HuggingFace Hub...
Assets already downloaded at /root/.cache/libero/assets
Local assets not found. Downloading from HuggingFace Hub...
Assets already downloaded at /root/.cache/libero/assets
Local assets not found. Downloading from HuggingFace Hub...
Assets already downloaded at /root/.cache/libero/assets
Local assets not found. Downloading from HuggingFace Hub...
Assets already downloaded at /root/.cache/libero/assets
Local assets not found. Downloading from HuggingFace Hub...
Assets already downloaded at /root/.cache/libero/assets
batch libero_object:9 A,control real=6/6 26.6 s brain 12.5 s 13 calls 74 rows
386/520 episodes, 4.26 s/episode, eta 0.16 h
batch libero_object:9 A,control real=6/6 19.6 s brain 13.0 s 14 calls 75 rows
392/520 episodes, 4.24 s/episode, eta 0.15 h
batch libero_object:9 A,control real=6/6 18.4 s brain 12.3 s 13 calls 73 rows
398/520 episodes, 4.23 s/episode, eta 0.14 h
batch libero_object:9 A,control real=2/6 12.4 s brain 6.4 s 13 calls 25 rows
400/520 episodes, 4.24 s/episode, eta 0.14 h
[info] using task orders [0, 1, 2, 3, 4, 5, 6, 7, 8, 9]
[info] using task orders [0, 1, 2, 3, 4, 5, 6, 7, 8, 9]
[info] using task orders [0, 1, 2, 3, 4, 5, 6, 7, 8, 9]
[info] using task orders [0, 1, 2, 3, 4, 5, 6, 7, 8, 9]
[info] using task orders [0, 1, 2, 3, 4, 5, 6, 7, 8, 9]
[info] using task orders [0, 1, 2, 3, 4, 5, 6, 7, 8, 9]
[info] using task orders [0, 1, 2, 3, 4, 5, 6, 7, 8, 9]
Local assets not found. Downloading from HuggingFace Hub...Local assets not found. Downloading from HuggingFace Hub...

Local assets not found. Downloading from HuggingFace Hub...Local assets not found. Downloading from HuggingFace Hub...

Assets already downloaded at /root/.cache/libero/assetsAssets already downloaded at /root/.cache/libero/assets

Assets already downloaded at /root/.cache/libero/assetsAssets already downloaded at /root/.cache/libero/assets

Local assets not found. Downloading from HuggingFace Hub...Local assets not found. Downloading from HuggingFace Hub...

Assets already downloaded at /root/.cache/libero/assetsAssets already downloaded at /root/.cache/libero/assets

batch libero_goal:1 A,control real=6/6 20.9 s brain 9.0 s 9 calls 53 rows
406/520 episodes, 4.23 s/episode, eta 0.13 h
batch libero_goal:1 A,control real=6/6 14.4 s brain 8.9 s 9 calls 53 rows
412/520 episodes, 4.20 s/episode, eta 0.13 h
batch libero_goal:1 A,control real=6/6 13.9 s brain 8.6 s 9 calls 52 rows
418/520 episodes, 4.18 s/episode, eta 0.12 h
batch libero_goal:1 A,control real=2/6 9.5 s brain 4.5 s 9 calls 18 rows
420/520 episodes, 4.18 s/episode, eta 0.12 h
[info] using task orders [0, 1, 2, 3, 4, 5, 6, 7, 8, 9]
[info] using task orders [0, 1, 2, 3, 4, 5, 6, 7, 8, 9]
[info] using task orders [0, 1, 2, 3, 4, 5, 6, 7, 8, 9]
[info] using task orders [0, 1, 2, 3, 4, 5, 6, 7, 8, 9]
[info] using task orders [0, 1, 2, 3, 4, 5, 6, 7, 8, 9]
[info] using task orders [0, 1, 2, 3, 4, 5, 6, 7, 8, 9]
[info] using task orders [0, 1, 2, 3, 4, 5, 6, 7, 8, 9]
Local assets not found. Downloading from HuggingFace Hub...
Local assets not found. Downloading from HuggingFace Hub...
Assets already downloaded at /root/.cache/libero/assets
Assets already downloaded at /root/.cache/libero/assets
Local assets not found. Downloading from HuggingFace Hub...
Assets already downloaded at /root/.cache/libero/assets
Local assets not found. Downloading from HuggingFace Hub...
Assets already downloaded at /root/.cache/libero/assets
Local assets not found. Downloading from HuggingFace Hub...
Local assets not found. Downloading from HuggingFace Hub...
Assets already downloaded at /root/.cache/libero/assets
Assets already downloaded at /root/.cache/libero/assets
batch libero_goal:2 A,control real=6/6 38.8 s brain 19.8 s 30 calls 97 rows
426/520 episodes, 4.22 s/episode, eta 0.11 h
batch libero_goal:2 A,control real=6/6 31.3 s brain 19.3 s 30 calls 97 rows
432/520 episodes, 4.23 s/episode, eta 0.10 h
batch libero_goal:2 A,control real=6/6 31.3 s brain 19.6 s 30 calls 98 rows
438/520 episodes, 4.24 s/episode, eta 0.10 h
batch libero_goal:2 A,control real=2/6 9.9 s brain 4.7 s 10 calls 19 rows
440/520 episodes, 4.25 s/episode, eta 0.09 h
[info] using task orders [0, 1, 2, 3, 4, 5, 6, 7, 8, 9]
[info] using task orders [0, 1, 2, 3, 4, 5, 6, 7, 8, 9]
[info] using task orders [0, 1, 2, 3, 4, 5, 6, 7, 8, 9]
[info] using task orders [0, 1, 2, 3, 4, 5, 6, 7, 8, 9]
[info] using task orders [0, 1, 2, 3, 4, 5, 6, 7, 8, 9]
[info] using task orders [0, 1, 2, 3, 4, 5, 6, 7, 8, 9]
[info] using task orders [0, 1, 2, 3, 4, 5, 6, 7, 8, 9]
Local assets not found. Downloading from HuggingFace Hub...Local assets not found. Downloading from HuggingFace Hub...

Assets already downloaded at /root/.cache/libero/assetsAssets already downloaded at /root/.cache/libero/assets

Local assets not found. Downloading from HuggingFace Hub...
Assets already downloaded at /root/.cache/libero/assets
Local assets not found. Downloading from HuggingFace Hub...Local assets not found. Downloading from HuggingFace Hub...

Local assets not found. Downloading from HuggingFace Hub...
Assets already downloaded at /root/.cache/libero/assetsAssets already downloaded at /root/.cache/libero/assets

Assets already downloaded at /root/.cache/libero/assets
batch libero_goal:4 A,control real=6/6 20.3 s brain 8.8 s 9 calls 52 rows
446/520 episodes, 4.24 s/episode, eta 0.09 h
batch libero_goal:4 A,control real=6/6 14.0 s brain 8.7 s 9 calls 52 rows
452/520 episodes, 4.21 s/episode, eta 0.08 h
batch libero_goal:4 A,control real=6/6 14.0 s brain 8.5 s 9 calls 51 rows
458/520 episodes, 4.19 s/episode, eta 0.07 h
batch libero_goal:4 A,control real=2/6 8.9 s brain 4.2 s 9 calls 17 rows
460/520 episodes, 4.19 s/episode, eta 0.07 h
[info] using task orders [0, 1, 2, 3, 4, 5, 6, 7, 8, 9]
[info] using task orders [0, 1, 2, 3, 4, 5, 6, 7, 8, 9]
[info] using task orders [0, 1, 2, 3, 4, 5, 6, 7, 8, 9]
[info] using task orders [0, 1, 2, 3, 4, 5, 6, 7, 8, 9]
[info] using task orders [0, 1, 2, 3, 4, 5, 6, 7, 8, 9]
[info] using task orders [0, 1, 2, 3, 4, 5, 6, 7, 8, 9]
[info] using task orders [0, 1, 2, 3, 4, 5, 6, 7, 8, 9]
Local assets not found. Downloading from HuggingFace Hub...Local assets not found. Downloading from HuggingFace Hub...

Assets already downloaded at /root/.cache/libero/assetsAssets already downloaded at /root/.cache/libero/assets

Local assets not found. Downloading from HuggingFace Hub...
Local assets not found. Downloading from HuggingFace Hub...
Assets already downloaded at /root/.cache/libero/assets
Assets already downloaded at /root/.cache/libero/assets
Local assets not found. Downloading from HuggingFace Hub...
Assets already downloaded at /root/.cache/libero/assets
Local assets not found. Downloading from HuggingFace Hub...
Assets already downloaded at /root/.cache/libero/assets
batch libero_goal:6 A,control real=6/6 21.1 s brain 9.0 s 9 calls 54 rows
466/520 episodes, 4.19 s/episode, eta 0.06 h
batch libero_goal:6 A,control real=6/6 14.2 s brain 8.8 s 9 calls 53 rows
472/520 episodes, 4.16 s/episode, eta 0.06 h
batch libero_goal:6 A,control real=6/6 14.1 s brain 8.8 s 9 calls 53 rows
478/520 episodes, 4.14 s/episode, eta 0.05 h
batch libero_goal:6 A,control real=2/6 9.4 s brain 4.5 s 9 calls 18 rows
480/520 episodes, 4.14 s/episode, eta 0.05 h
[info] using task orders [0, 1, 2, 3, 4, 5, 6, 7, 8, 9]
[info] using task orders [0, 1, 2, 3, 4, 5, 6, 7, 8, 9]
[info] using task orders [0, 1, 2, 3, 4, 5, 6, 7, 8, 9]
[info] using task orders [0, 1, 2, 3, 4, 5, 6, 7, 8, 9]
[info] using task orders [0, 1, 2, 3, 4, 5, 6, 7, 8, 9]
[info] using task orders [0, 1, 2, 3, 4, 5, 6, 7, 8, 9]
[info] using task orders [0, 1, 2, 3, 4, 5, 6, 7, 8, 9]
Local assets not found. Downloading from HuggingFace Hub...Local assets not found. Downloading from HuggingFace Hub...

Assets already downloaded at /root/.cache/libero/assetsAssets already downloaded at /root/.cache/libero/assets

Local assets not found. Downloading from HuggingFace Hub...
Local assets not found. Downloading from HuggingFace Hub...
Assets already downloaded at /root/.cache/libero/assetsAssets already downloaded at /root/.cache/libero/assets

Local assets not found. Downloading from HuggingFace Hub...
Assets already downloaded at /root/.cache/libero/assets
Local assets not found. Downloading from HuggingFace Hub...
Assets already downloaded at /root/.cache/libero/assets
batch libero_goal:8 A,control real=6/6 20.0 s brain 8.3 s 9 calls 48 rows
486/520 episodes, 4.14 s/episode, eta 0.04 h
batch libero_goal:8 A,control real=6/6 13.4 s brain 8.2 s 9 calls 48 rows
492/520 episodes, 4.11 s/episode, eta 0.03 h
batch libero_goal:8 A,control real=6/6 12.7 s brain 7.7 s 8 calls 46 rows
498/520 episodes, 4.09 s/episode, eta 0.02 h
batch libero_goal:8 A,control real=2/6 8.6 s brain 4.0 s 8 calls 16 rows
500/520 episodes, 4.09 s/episode, eta 0.02 h
[info] using task orders [0, 1, 2, 3, 4, 5, 6, 7, 8, 9]
[info] using task orders [0, 1, 2, 3, 4, 5, 6, 7, 8, 9]
[info] using task orders [0, 1, 2, 3, 4, 5, 6, 7, 8, 9]
[info] using task orders [0, 1, 2, 3, 4, 5, 6, 7, 8, 9]
[info] using task orders [0, 1, 2, 3, 4, 5, 6, 7, 8, 9]
[info] using task orders [0, 1, 2, 3, 4, 5, 6, 7, 8, 9]
[info] using task orders [0, 1, 2, 3, 4, 5, 6, 7, 8, 9]
Local assets not found. Downloading from HuggingFace Hub...Local assets not found. Downloading from HuggingFace Hub...Local assets not found. Downloading from HuggingFace Hub...


Local assets not found. Downloading from HuggingFace Hub...
Assets already downloaded at /root/.cache/libero/assetsAssets already downloaded at /root/.cache/libero/assetsAssets already downloaded at /root/.cache/libero/assetsAssets already downloaded at /root/.cache/libero/assets



Local assets not found. Downloading from HuggingFace Hub...Local assets not found. Downloading from HuggingFace Hub...

Assets already downloaded at /root/.cache/libero/assetsAssets already downloaded at /root/.cache/libero/assets

batch libero_goal:9 A,control real=6/6 38.4 s brain 20.0 s 30 calls 99 rows
506/520 episodes, 4.12 s/episode, eta 0.02 h
batch libero_goal:9 A,control real=6/6 20.6 s brain 13.6 s 15 calls 80 rows
512/520 episodes, 4.11 s/episode, eta 0.01 h
batch libero_goal:9 A,control real=6/6 31.6 s brain 19.5 s 30 calls 99 rows
518/520 episodes, 4.13 s/episode, eta 0.00 h
batch libero_goal:9 A,control real=2/6 13.9 s brain 7.3 s 15 calls 28 rows
520/520 episodes, 4.14 s/episode, eta 0.00 h
[22:24:34] pass 2 skipped: pass 1 exited cleanly, no failed batch
[22:24:37] phase q0, lane p, id 1 (2080 episodes): --brain pi05 --kinds step --cells C --methods none,T0 --inits 0-39
[22:24:37] pass 1: --brain pi05 --kinds step --cells C --methods none,T0 --inits 0-39 --precision fp32 --n-envs 6 --kbar 0.1566 --t-ramp 5 --k-p 1.0 --tau-k 0.039517 --out results/c1-e4/pod/grid_pi05.jsonl
[robosuite WARNING] No private macro file found! (__init__.py:7)
WARNING:robosuite_logs:No private macro file found!
[robosuite WARNING] It is recommended to use a private macro file (__init__.py:8)
WARNING:robosuite_logs:It is recommended to use a private macro file
[robosuite WARNING] To setup, run: python /workspace/jit-reflex/venv/lib/python3.12/site-packages/robosuite/scripts/setup_macros.py (__init__.py:9)
WARNING:robosuite_logs:To setup, run: python /workspace/jit-reflex/venv/lib/python3.12/site-packages/robosuite/scripts/setup_macros.py
2080 episodes to run
Fetching 9 files:   0%|          | 0/9 [00:00<?, ?it/s]Fetching 9 files: 100%|██████████| 9/9 [00:00<00:00, 547.69it/s]
The PI05 model is a direct port of the OpenPI implementation. 
This implementation follows the original OpenPI structure for compatibility. 
Original implementation: https://github.com/Physical-Intelligence/openpi
Loading model from: /workspace/.cache/huggingface/hub/models--lerobot--pi05_libero_finetuned_v044/snapshots/8e174154ef5f6c60a8da12ae99c303d8963138c1
✓ Loaded state dict from model.safetensors
WARNING:root:Vision embedding key might need handling: model.paligemma_with_expert.paligemma.model.vision_tower.vision_model.embeddings.patch_embedding.bias
WARNING:root:Vision embedding key might need handling: model.paligemma_with_expert.paligemma.model.vision_tower.vision_model.embeddings.patch_embedding.weight
All keys loaded successfully!
[info] using task orders [0, 1, 2, 3, 4, 5, 6, 7, 8, 9]
/usr/lib/python3.12/multiprocessing/popen_fork.py:66: DeprecationWarning: This process (pid=92540) is multi-threaded, use of fork() may lead to deadlocks in the child.
  self.pid = os.fork()
[info] using task orders [0, 1, 2, 3, 4, 5, 6, 7, 8, 9]
[info] using task orders [0, 1, 2, 3, 4, 5, 6, 7, 8, 9]
[info] using task orders [0, 1, 2, 3, 4, 5, 6, 7, 8, 9]
[info] using task orders [0, 1, 2, 3, 4, 5, 6, 7, 8, 9]
[info] using task orders [0, 1, 2, 3, 4, 5, 6, 7, 8, 9]
[info] using task orders [0, 1, 2, 3, 4, 5, 6, 7, 8, 9]
Local assets not found. Downloading from HuggingFace Hub...Local assets not found. Downloading from HuggingFace Hub...Local assets not found. Downloading from HuggingFace Hub...


Assets already downloaded at /root/.cache/libero/assets
Assets already downloaded at /root/.cache/libero/assetsAssets already downloaded at /root/.cache/libero/assets

Local assets not found. Downloading from HuggingFace Hub...
Assets already downloaded at /root/.cache/libero/assets
Local assets not found. Downloading from HuggingFace Hub...Local assets not found. Downloading from HuggingFace Hub...

Assets already downloaded at /root/.cache/libero/assetsAssets already downloaded at /root/.cache/libero/assets

batch libero_spatial:0 C,step real=6/6 26.6 s brain 5.7 s 6 calls 28 rows
6/2080 episodes, 4.63 s/episode, eta 2.67 h
batch libero_spatial:0 C,step real=6/6 15.7 s brain 4.4 s 6 calls 22 rows
12/2080 episodes, 3.62 s/episode, eta 2.08 h
batch libero_spatial:0 C,step real=6/6 16.9 s brain 4.4 s 6 calls 24 rows
18/2080 episodes, 3.35 s/episode, eta 1.92 h
batch libero_spatial:0 C,step real=6/6 16.4 s brain 4.6 s 6 calls 26 rows
24/2080 episodes, 3.20 s/episode, eta 1.82 h
batch libero_spatial:0 C,step real=6/6 17.7 s brain 4.5 s 6 calls 25 rows
30/2080 episodes, 3.15 s/episode, eta 1.79 h
batch libero_spatial:0 C,step real=6/6 16.1 s brain 4.9 s 6 calls 28 rows
36/2080 episodes, 3.07 s/episode, eta 1.74 h
batch libero_spatial:0 C,step real=6/6 23.6 s brain 9.3 s 22 calls 32 rows
42/2080 episodes, 3.19 s/episode, eta 1.81 h
batch libero_spatial:0 C,step real=6/6 19.9 s brain 6.5 s 16 calls 21 rows
48/2080 episodes, 3.21 s/episode, eta 1.81 h
batch libero_spatial:0 C,step real=6/6 17.8 s brain 5.6 s 13 calls 19 rows
54/2080 episodes, 3.18 s/episode, eta 1.79 h
batch libero_spatial:0 C,step real=6/6 22.0 s brain 8.6 s 20 calls 31 rows
60/2080 episodes, 3.23 s/episode, eta 1.81 h
batch libero_spatial:0 C,step real=6/6 23.1 s brain 9.4 s 23 calls 29 rows
66/2080 episodes, 3.29 s/episode, eta 1.84 h
batch libero_spatial:0 C,step real=6/6 21.9 s brain 8.4 s 19 calls 30 rows
72/2080 episodes, 3.32 s/episode, eta 1.85 h
batch libero_spatial:0 C,step real=6/6 19.8 s brain 7.4 s 18 calls 24 rows
78/2080 episodes, 3.32 s/episode, eta 1.84 h
batch libero_spatial:0 C,step real=2/6 15.3 s brain 3.1 s 8 calls 9 rows
80/2080 episodes, 3.42 s/episode, eta 1.90 h
[info] using task orders [0, 1, 2, 3, 4, 5, 6, 7, 8, 9]
[info] using task orders [0, 1, 2, 3, 4, 5, 6, 7, 8, 9]
[info] using task orders [0, 1, 2, 3, 4, 5, 6, 7, 8, 9]
[info] using task orders [0, 1, 2, 3, 4, 5, 6, 7, 8, 9]
[info] using task orders [0, 1, 2, 3, 4, 5, 6, 7, 8, 9]
[info] using task orders [0, 1, 2, 3, 4, 5, 6, 7, 8, 9]
[info] using task orders [0, 1, 2, 3, 4, 5, 6, 7, 8, 9]
Local assets not found. Downloading from HuggingFace Hub...Local assets not found. Downloading from HuggingFace Hub...

Assets already downloaded at /root/.cache/libero/assetsAssets already downloaded at /root/.cache/libero/assets

Local assets not found. Downloading from HuggingFace Hub...
Local assets not found. Downloading from HuggingFace Hub...
Assets already downloaded at /root/.cache/libero/assets
Assets already downloaded at /root/.cache/libero/assets
Local assets not found. Downloading from HuggingFace Hub...Local assets not found. Downloading from HuggingFace Hub...

Assets already downloaded at /root/.cache/libero/assetsAssets already downloaded at /root/.cache/libero/assets

batch libero_spatial:1 C,step real=6/6 23.6 s brain 4.6 s 6 calls 24 rows
86/2080 episodes, 3.49 s/episode, eta 1.93 h
batch libero_spatial:1 C,step real=6/6 15.9 s brain 4.6 s 6 calls 25 rows
92/2080 episodes, 3.43 s/episode, eta 1.90 h
batch libero_spatial:1 C,step real=6/6 15.8 s brain 4.7 s 6 calls 26 rows
98/2080 episodes, 3.38 s/episode, eta 1.86 h
batch libero_spatial:1 C,step real=6/6 16.3 s brain 5.2 s 6 calls 30 rows
104/2080 episodes, 3.34 s/episode, eta 1.84 h
batch libero_spatial:1 C,step real=6/6 15.8 s brain 4.5 s 6 calls 24 rows
110/2080 episodes, 3.31 s/episode, eta 1.81 h
batch libero_spatial:1 C,step real=6/6 15.5 s brain 4.2 s 6 calls 21 rows
116/2080 episodes, 3.27 s/episode, eta 1.78 h
batch libero_spatial:1 C,step real=6/6 18.4 s brain 6.3 s 12 calls 29 rows
122/2080 episodes, 3.26 s/episode, eta 1.77 h
batch libero_spatial:1 C,step real=6/6 21.6 s brain 9.1 s 23 calls 28 rows
128/2080 episodes, 3.27 s/episode, eta 1.78 h
batch libero_spatial:1 C,step real=6/6 20.2 s brain 7.4 s 17 calls 27 rows
134/2080 episodes, 3.28 s/episode, eta 1.77 h
batch libero_spatial:1 C,step real=6/6 20.5 s brain 8.0 s 20 calls 25 rows
140/2080 episodes, 3.28 s/episode, eta 1.77 h
batch libero_spatial:1 C,step real=6/6 22.2 s brain 9.9 s 25 calls 31 rows
146/2080 episodes, 3.30 s/episode, eta 1.77 h
batch libero_spatial:1 C,step real=6/6 18.7 s brain 6.8 s 17 calls 22 rows
152/2080 episodes, 3.29 s/episode, eta 1.76 h
batch libero_spatial:1 C,step real=6/6 18.2 s brain 6.4 s 16 calls 21 rows
158/2080 episodes, 3.28 s/episode, eta 1.75 h
batch libero_spatial:1 C,step real=2/6 7.7 s brain 2.0 s 5 calls 6 rows
160/2080 episodes, 3.29 s/episode, eta 1.75 h
[info] using task orders [0, 1, 2, 3, 4, 5, 6, 7, 8, 9]
[info] using task orders [0, 1, 2, 3, 4, 5, 6, 7, 8, 9]
[info] using task orders [0, 1, 2, 3, 4, 5, 6, 7, 8, 9]
[info] using task orders [0, 1, 2, 3, 4, 5, 6, 7, 8, 9]
[info] using task orders [0, 1, 2, 3, 4, 5, 6, 7, 8, 9]
[info] using task orders [0, 1, 2, 3, 4, 5, 6, 7, 8, 9]
[info] using task orders [0, 1, 2, 3, 4, 5, 6, 7, 8, 9]
Local assets not found. Downloading from HuggingFace Hub...
Assets already downloaded at /root/.cache/libero/assets
Local assets not found. Downloading from HuggingFace Hub...
Assets already downloaded at /root/.cache/libero/assets
Local assets not found. Downloading from HuggingFace Hub...
Assets already downloaded at /root/.cache/libero/assets
Local assets not found. Downloading from HuggingFace Hub...Local assets not found. Downloading from HuggingFace Hub...

Assets already downloaded at /root/.cache/libero/assetsAssets already downloaded at /root/.cache/libero/assets

Local assets not found. Downloading from HuggingFace Hub...
Assets already downloaded at /root/.cache/libero/assets
batch libero_spatial:2 C,step real=6/6 23.3 s brain 4.6 s 6 calls 24 rows
166/2080 episodes, 3.33 s/episode, eta 1.77 h
batch libero_spatial:2 C,step real=6/6 15.8 s brain 4.4 s 6 calls 24 rows
172/2080 episodes, 3.30 s/episode, eta 1.75 h
batch libero_spatial:2 C,step real=6/6 16.0 s brain 4.5 s 6 calls 25 rows
178/2080 episodes, 3.28 s/episode, eta 1.73 h
batch libero_spatial:2 C,step real=6/6 15.4 s brain 4.0 s 6 calls 21 rows
184/2080 episodes, 3.26 s/episode, eta 1.72 h
batch libero_spatial:2 C,step real=6/6 16.0 s brain 4.4 s 6 calls 24 rows
190/2080 episodes, 3.24 s/episode, eta 1.70 h
batch libero_spatial:2 C,step real=6/6 15.5 s brain 4.1 s 6 calls 21 rows
196/2080 episodes, 3.22 s/episode, eta 1.68 h
batch libero_spatial:2 C,step real=6/6 17.9 s brain 5.9 s 13 calls 22 rows
202/2080 episodes, 3.21 s/episode, eta 1.68 h
batch libero_spatial:2 C,step real=6/6 18.5 s brain 6.7 s 16 calls 23 rows
208/2080 episodes, 3.21 s/episode, eta 1.67 h
batch libero_spatial:2 C,step real=6/6 19.5 s brain 7.4 s 19 calls 24 rows
214/2080 episodes, 3.21 s/episode, eta 1.66 h
batch libero_spatial:2 C,step real=6/6 19.6 s brain 7.5 s 18 calls 25 rows
220/2080 episodes, 3.21 s/episode, eta 1.66 h
batch libero_spatial:2 C,step real=6/6 19.7 s brain 7.8 s 19 calls 25 rows
226/2080 episodes, 3.21 s/episode, eta 1.65 h
batch libero_spatial:2 C,step real=6/6 16.5 s brain 5.4 s 11 calls 22 rows
232/2080 episodes, 3.20 s/episode, eta 1.64 h
batch libero_spatial:2 C,step real=6/6 12.0 s brain 5.4 s 13 calls 18 rows
238/2080 episodes, 3.17 s/episode, eta 1.62 h
batch libero_spatial:2 C,step real=2/6 8.4 s brain 2.4 s 6 calls 7 rows
240/2080 episodes, 3.18 s/episode, eta 1.63 h
[info] using task orders [0, 1, 2, 3, 4, 5, 6, 7, 8, 9]
[info] using task orders [0, 1, 2, 3, 4, 5, 6, 7, 8, 9]
[info] using task orders [0, 1, 2, 3, 4, 5, 6, 7, 8, 9]
[info] using task orders [0, 1, 2, 3, 4, 5, 6, 7, 8, 9]
[info] using task orders [0, 1, 2, 3, 4, 5, 6, 7, 8, 9]
[info] using task orders [0, 1, 2, 3, 4, 5, 6, 7, 8, 9]
[info] using task orders [0, 1, 2, 3, 4, 5, 6, 7, 8, 9]
Local assets not found. Downloading from HuggingFace Hub...Local assets not found. Downloading from HuggingFace Hub...Local assets not found. Downloading from HuggingFace Hub...Local assets not found. Downloading from HuggingFace Hub...



Assets already downloaded at /root/.cache/libero/assetsAssets already downloaded at /root/.cache/libero/assetsAssets already downloaded at /root/.cache/libero/assetsAssets already downloaded at /root/.cache/libero/assets



Local assets not found. Downloading from HuggingFace Hub...
Local assets not found. Downloading from HuggingFace Hub...
Assets already downloaded at /root/.cache/libero/assets
Assets already downloaded at /root/.cache/libero/assets
batch libero_spatial:3 C,step real=6/6 22.7 s brain 4.1 s 6 calls 20 rows
246/2080 episodes, 3.20 s/episode, eta 1.63 h
batch libero_spatial:3 C,step real=6/6 16.6 s brain 4.9 s 6 calls 28 rows
252/2080 episodes, 3.19 s/episode, eta 1.62 h
batch libero_spatial:3 C,step real=6/6 15.7 s brain 4.5 s 6 calls 25 rows
258/2080 episodes, 3.18 s/episode, eta 1.61 h
batch libero_spatial:3 C,step real=6/6 15.7 s brain 4.4 s 6 calls 24 rows
264/2080 episodes, 3.17 s/episode, eta 1.60 h
batch libero_spatial:3 C,step real=6/6 15.9 s brain 4.4 s 6 calls 24 rows
270/2080 episodes, 3.16 s/episode, eta 1.59 h
batch libero_spatial:3 C,step real=6/6 16.0 s brain 4.3 s 6 calls 23 rows
276/2080 episodes, 3.15 s/episode, eta 1.58 h
batch libero_spatial:3 C,step real=6/6 16.2 s brain 4.6 s 9 calls 19 rows
282/2080 episodes, 3.14 s/episode, eta 1.57 h
batch libero_spatial:3 C,step real=6/6 19.4 s brain 7.6 s 19 calls 25 rows
288/2080 episodes, 3.14 s/episode, eta 1.56 h
batch libero_spatial:3 C,step real=6/6 18.6 s brain 7.0 s 17 calls 23 rows
294/2080 episodes, 3.14 s/episode, eta 1.56 h
batch libero_spatial:3 C,step real=6/6 20.5 s brain 8.5 s 21 calls 27 rows
300/2080 episodes, 3.14 s/episode, eta 1.55 h
batch libero_spatial:3 C,step real=6/6 19.9 s brain 7.7 s 19 calls 25 rows
306/2080 episodes, 3.15 s/episode, eta 1.55 h
batch libero_spatial:3 C,step real=6/6 19.2 s brain 7.4 s 18 calls 24 rows
312/2080 episodes, 3.15 s/episode, eta 1.55 h
batch libero_spatial:3 C,step real=6/6 20.0 s brain 8.1 s 19 calls 27 rows
318/2080 episodes, 3.15 s/episode, eta 1.54 h
batch libero_spatial:3 C,step real=2/6 10.2 s brain 2.4 s 6 calls 7 rows
320/2080 episodes, 3.16 s/episode, eta 1.55 h
[info] using task orders [0, 1, 2, 3, 4, 5, 6, 7, 8, 9]
[info] using task orders [0, 1, 2, 3, 4, 5, 6, 7, 8, 9]
[info] using task orders [0, 1, 2, 3, 4, 5, 6, 7, 8, 9]
[info] using task orders [0, 1, 2, 3, 4, 5, 6, 7, 8, 9]
[info] using task orders [0, 1, 2, 3, 4, 5, 6, 7, 8, 9]
[info] using task orders [0, 1, 2, 3, 4, 5, 6, 7, 8, 9]
[info] using task orders [0, 1, 2, 3, 4, 5, 6, 7, 8, 9]
Local assets not found. Downloading from HuggingFace Hub...Local assets not found. Downloading from HuggingFace Hub...

Assets already downloaded at /root/.cache/libero/assets
Assets already downloaded at /root/.cache/libero/assets
Local assets not found. Downloading from HuggingFace Hub...Local assets not found. Downloading from HuggingFace Hub...

Assets already downloaded at /root/.cache/libero/assetsAssets already downloaded at /root/.cache/libero/assets

Local assets not found. Downloading from HuggingFace Hub...Local assets not found. Downloading from HuggingFace Hub...

Assets already downloaded at /root/.cache/libero/assetsAssets already downloaded at /root/.cache/libero/assets

batch libero_spatial:4 C,step real=6/6 24.0 s brain 5.0 s 6 calls 27 rows
326/2080 episodes, 3.19 s/episode, eta 1.55 h
batch libero_spatial:4 C,step real=6/6 15.9 s brain 4.6 s 6 calls 24 rows
332/2080 episodes, 3.18 s/episode, eta 1.54 h
batch libero_spatial:4 C,step real=6/6 17.1 s brain 5.2 s 6 calls 30 rows
338/2080 episodes, 3.17 s/episode, eta 1.53 h
batch libero_spatial:4 C,step real=6/6 17.5 s brain 4.8 s 6 calls 27 rows
344/2080 episodes, 3.17 s/episode, eta 1.53 h
batch libero_spatial:4 C,step real=6/6 17.2 s brain 4.8 s 6 calls 27 rows
350/2080 episodes, 3.16 s/episode, eta 1.52 h
batch libero_spatial:4 C,step real=6/6 16.2 s brain 4.5 s 6 calls 24 rows
356/2080 episodes, 3.15 s/episode, eta 1.51 h
batch libero_spatial:4 C,step real=6/6 26.2 s brain 12.4 s 30 calls 43 rows
362/2080 episodes, 3.17 s/episode, eta 1.51 h
batch libero_spatial:4 C,step real=6/6 21.1 s brain 8.5 s 20 calls 29 rows
368/2080 episodes, 3.18 s/episode, eta 1.51 h
batch libero_spatial:4 C,step real=6/6 24.7 s brain 11.4 s 29 calls 36 rows
374/2080 episodes, 3.19 s/episode, eta 1.51 h
batch libero_spatial:4 C,step real=6/6 25.4 s brain 10.8 s 26 calls 35 rows
380/2080 episodes, 3.21 s/episode, eta 1.52 h
batch libero_spatial:4 C,step real=6/6 33.6 s brain 19.3 s 48 calls 64 rows
386/2080 episodes, 3.25 s/episode, eta 1.53 h
batch libero_spatial:4 C,step real=6/6 28.2 s brain 13.6 s 34 calls 43 rows
392/2080 episodes, 3.27 s/episode, eta 1.53 h
batch libero_spatial:4 C,step real=6/6 25.7 s brain 12.5 s 31 calls 41 rows
398/2080 episodes, 3.28 s/episode, eta 1.53 h
batch libero_spatial:4 C,step real=2/6 15.5 s brain 3.6 s 9 calls 10 rows
400/2080 episodes, 3.31 s/episode, eta 1.54 h
[info] using task orders [0, 1, 2, 3, 4, 5, 6, 7, 8, 9]
[info] using task orders [0, 1, 2, 3, 4, 5, 6, 7, 8, 9]
[info] using task orders [0, 1, 2, 3, 4, 5, 6, 7, 8, 9]
[info] using task orders [0, 1, 2, 3, 4, 5, 6, 7, 8, 9]
[info] using task orders [0, 1, 2, 3, 4, 5, 6, 7, 8, 9]
[info] using task orders [0, 1, 2, 3, 4, 5, 6, 7, 8, 9]
[info] using task orders [0, 1, 2, 3, 4, 5, 6, 7, 8, 9]
Local assets not found. Downloading from HuggingFace Hub...Local assets not found. Downloading from HuggingFace Hub...
Local assets not found. Downloading from HuggingFace Hub...

Local assets not found. Downloading from HuggingFace Hub...
Assets already downloaded at /root/.cache/libero/assetsAssets already downloaded at /root/.cache/libero/assetsAssets already downloaded at /root/.cache/libero/assets


Assets already downloaded at /root/.cache/libero/assets
Local assets not found. Downloading from HuggingFace Hub...Local assets not found. Downloading from HuggingFace Hub...

Assets already downloaded at /root/.cache/libero/assetsAssets already downloaded at /root/.cache/libero/assets

batch libero_spatial:5 C,step real=6/6 25.1 s brain 6.1 s 6 calls 36 rows
406/2080 episodes, 3.33 s/episode, eta 1.55 h
batch libero_spatial:5 C,step real=6/6 17.6 s brain 5.4 s 6 calls 32 rows
412/2080 episodes, 3.32 s/episode, eta 1.54 h
batch libero_spatial:5 C,step real=6/6 17.0 s brain 4.9 s 6 calls 28 rows
418/2080 episodes, 3.31 s/episode, eta 1.53 h
batch libero_spatial:5 C,step real=6/6 16.8 s brain 5.4 s 6 calls 32 rows
424/2080 episodes, 3.31 s/episode, eta 1.52 h
batch libero_spatial:5 C,step real=6/6 17.4 s brain 5.6 s 6 calls 33 rows
430/2080 episodes, 3.30 s/episode, eta 1.51 h
batch libero_spatial:5 C,step real=6/6 16.8 s brain 4.9 s 6 calls 28 rows
436/2080 episodes, 3.29 s/episode, eta 1.50 h
batch libero_spatial:5 C,step real=6/6 22.7 s brain 10.2 s 21 calls 41 rows
442/2080 episodes, 3.30 s/episode, eta 1.50 h
batch libero_spatial:5 C,step real=6/6 27.2 s brain 14.0 s 30 calls 52 rows
448/2080 episodes, 3.32 s/episode, eta 1.50 h
batch libero_spatial:5 C,step real=6/6 28.5 s brain 14.8 s 37 calls 48 rows
454/2080 episodes, 3.34 s/episode, eta 1.51 h
batch libero_spatial:5 C,step real=6/6 29.1 s brain 14.6 s 34 calls 53 rows
460/2080 episodes, 3.36 s/episode, eta 1.51 h
batch libero_spatial:5 C,step real=6/6 31.3 s brain 18.1 s 43 calls 63 rows
466/2080 episodes, 3.38 s/episode, eta 1.52 h
batch libero_spatial:5 C,step real=6/6 30.6 s brain 17.0 s 36 calls 67 rows
472/2080 episodes, 3.40 s/episode, eta 1.52 h
batch libero_spatial:5 C,step real=6/6 27.1 s brain 13.8 s 31 calls 53 rows
478/2080 episodes, 3.42 s/episode, eta 1.52 h
batch libero_spatial:5 C,step real=2/6 19.3 s brain 7.1 s 19 calls 21 rows
480/2080 episodes, 3.44 s/episode, eta 1.53 h
[info] using task orders [0, 1, 2, 3, 4, 5, 6, 7, 8, 9]
[info] using task orders [0, 1, 2, 3, 4, 5, 6, 7, 8, 9]
[info] using task orders [0, 1, 2, 3, 4, 5, 6, 7, 8, 9]
[info] using task orders [0, 1, 2, 3, 4, 5, 6, 7, 8, 9]
[info] using task orders [0, 1, 2, 3, 4, 5, 6, 7, 8, 9]
[info] using task orders [0, 1, 2, 3, 4, 5, 6, 7, 8, 9]
[info] using task orders [0, 1, 2, 3, 4, 5, 6, 7, 8, 9]
Local assets not found. Downloading from HuggingFace Hub...Local assets not found. Downloading from HuggingFace Hub...

Local assets not found. Downloading from HuggingFace Hub...
Assets already downloaded at /root/.cache/libero/assetsAssets already downloaded at /root/.cache/libero/assets

Assets already downloaded at /root/.cache/libero/assets
Local assets not found. Downloading from HuggingFace Hub...
Assets already downloaded at /root/.cache/libero/assets
Local assets not found. Downloading from HuggingFace Hub...Local assets not found. Downloading from HuggingFace Hub...

Assets already downloaded at /root/.cache/libero/assetsAssets already downloaded at /root/.cache/libero/assets

batch libero_spatial:6 C,step real=6/6 23.0 s brain 4.8 s 6 calls 24 rows
486/2080 episodes, 3.45 s/episode, eta 1.53 h
batch libero_spatial:6 C,step real=6/6 15.9 s brain 4.3 s 6 calls 23 rows
492/2080 episodes, 3.44 s/episode, eta 1.52 h
batch libero_spatial:6 C,step real=6/6 15.9 s brain 4.8 s 6 calls 27 rows
498/2080 episodes, 3.43 s/episode, eta 1.51 h
batch libero_spatial:6 C,step real=6/6 16.3 s brain 5.1 s 6 calls 30 rows
504/2080 episodes, 3.42 s/episode, eta 1.50 h
batch libero_spatial:6 C,step real=6/6 16.5 s brain 5.1 s 6 calls 29 rows
510/2080 episodes, 3.42 s/episode, eta 1.49 h
batch libero_spatial:6 C,step real=6/6 16.6 s brain 5.2 s 6 calls 30 rows
516/2080 episodes, 3.41 s/episode, eta 1.48 h
batch libero_spatial:6 C,step real=6/6 16.3 s brain 5.1 s 10 calls 21 rows
522/2080 episodes, 3.40 s/episode, eta 1.47 h
batch libero_spatial:6 C,step real=6/6 22.3 s brain 7.8 s 17 calls 26 rows
528/2080 episodes, 3.40 s/episode, eta 1.47 h
batch libero_spatial:6 C,step real=6/6 14.4 s brain 6.2 s 13 calls 18 rows
534/2080 episodes, 3.39 s/episode, eta 1.46 h
batch libero_spatial:6 C,step real=6/6 30.5 s brain 18.0 s 41 calls 63 rows
540/2080 episodes, 3.41 s/episode, eta 1.46 h
batch libero_spatial:6 C,step real=6/6 16.7 s brain 6.6 s 16 calls 21 rows
546/2080 episodes, 3.40 s/episode, eta 1.45 h
batch libero_spatial:6 C,step real=6/6 25.2 s brain 12.5 s 31 calls 37 rows
552/2080 episodes, 3.41 s/episode, eta 1.45 h
batch libero_spatial:6 C,step real=6/6 19.9 s brain 8.0 s 19 calls 24 rows
558/2080 episodes, 3.41 s/episode, eta 1.44 h
batch libero_spatial:6 C,step real=2/6 8.4 s brain 2.0 s 5 calls 6 rows
560/2080 episodes, 3.41 s/episode, eta 1.44 h
[info] using task orders [0, 1, 2, 3, 4, 5, 6, 7, 8, 9]
[info] using task orders [0, 1, 2, 3, 4, 5, 6, 7, 8, 9]
[info] using task orders [0, 1, 2, 3, 4, 5, 6, 7, 8, 9]
[info] using task orders [0, 1, 2, 3, 4, 5, 6, 7, 8, 9]
[info] using task orders [0, 1, 2, 3, 4, 5, 6, 7, 8, 9]
[info] using task orders [0, 1, 2, 3, 4, 5, 6, 7, 8, 9]
[info] using task orders [0, 1, 2, 3, 4, 5, 6, 7, 8, 9]
Local assets not found. Downloading from HuggingFace Hub...Local assets not found. Downloading from HuggingFace Hub...

Assets already downloaded at /root/.cache/libero/assetsAssets already downloaded at /root/.cache/libero/assets

Local assets not found. Downloading from HuggingFace Hub...
Assets already downloaded at /root/.cache/libero/assets
Local assets not found. Downloading from HuggingFace Hub...
Assets already downloaded at /root/.cache/libero/assets
Local assets not found. Downloading from HuggingFace Hub...Local assets not found. Downloading from HuggingFace Hub...

Assets already downloaded at /root/.cache/libero/assetsAssets already downloaded at /root/.cache/libero/assets

batch libero_spatial:7 C,step real=6/6 24.1 s brain 5.4 s 6 calls 30 rows
566/2080 episodes, 3.43 s/episode, eta 1.44 h
batch libero_spatial:7 C,step real=6/6 17.6 s brain 5.6 s 6 calls 33 rows
572/2080 episodes, 3.42 s/episode, eta 1.43 h
batch libero_spatial:7 C,step real=6/6 16.4 s brain 4.2 s 6 calls 21 rows
578/2080 episodes, 3.41 s/episode, eta 1.42 h
batch libero_spatial:7 C,step real=6/6 16.9 s brain 4.9 s 6 calls 27 rows
584/2080 episodes, 3.41 s/episode, eta 1.42 h
batch libero_spatial:7 C,step real=6/6 16.3 s brain 4.5 s 6 calls 24 rows
590/2080 episodes, 3.40 s/episode, eta 1.41 h
batch libero_spatial:7 C,step real=6/6 16.8 s brain 5.2 s 6 calls 30 rows
596/2080 episodes, 3.39 s/episode, eta 1.40 h
batch libero_spatial:7 C,step real=6/6 18.8 s brain 6.9 s 14 calls 28 rows
602/2080 episodes, 3.39 s/episode, eta 1.39 h
batch libero_spatial:7 C,step real=6/6 22.7 s brain 10.1 s 26 calls 31 rows
608/2080 episodes, 3.40 s/episode, eta 1.39 h
batch libero_spatial:7 C,step real=6/6 22.8 s brain 9.8 s 23 calls 33 rows
614/2080 episodes, 3.40 s/episode, eta 1.38 h
batch libero_spatial:7 C,step real=6/6 18.9 s brain 6.7 s 15 calls 24 rows
620/2080 episodes, 3.40 s/episode, eta 1.38 h
batch libero_spatial:7 C,step real=6/6 21.7 s brain 8.8 s 21 calls 30 rows
626/2080 episodes, 3.40 s/episode, eta 1.37 h
batch libero_spatial:7 C,step real=6/6 22.0 s brain 9.4 s 24 calls 29 rows
632/2080 episodes, 3.40 s/episode, eta 1.37 h
batch libero_spatial:7 C,step real=6/6 21.7 s brain 9.4 s 22 calls 33 rows
638/2080 episodes, 3.40 s/episode, eta 1.36 h
batch libero_spatial:7 C,step real=2/6 14.7 s brain 3.5 s 9 calls 10 rows
640/2080 episodes, 3.42 s/episode, eta 1.37 h
[info] using task orders [0, 1, 2, 3, 4, 5, 6, 7, 8, 9]
[info] using task orders [0, 1, 2, 3, 4, 5, 6, 7, 8, 9]
[info] using task orders [0, 1, 2, 3, 4, 5, 6, 7, 8, 9]
[info] using task orders [0, 1, 2, 3, 4, 5, 6, 7, 8, 9]
[info] using task orders [0, 1, 2, 3, 4, 5, 6, 7, 8, 9]
[info] using task orders [0, 1, 2, 3, 4, 5, 6, 7, 8, 9]
[info] using task orders [0, 1, 2, 3, 4, 5, 6, 7, 8, 9]
Local assets not found. Downloading from HuggingFace Hub...Local assets not found. Downloading from HuggingFace Hub...Local assets not found. Downloading from HuggingFace Hub...


Assets already downloaded at /root/.cache/libero/assetsAssets already downloaded at /root/.cache/libero/assetsAssets already downloaded at /root/.cache/libero/assets


Local assets not found. Downloading from HuggingFace Hub...
Assets already downloaded at /root/.cache/libero/assets
Local assets not found. Downloading from HuggingFace Hub...Local assets not found. Downloading from HuggingFace Hub...

Assets already downloaded at /root/.cache/libero/assetsAssets already downloaded at /root/.cache/libero/assets

batch libero_spatial:8 C,step real=6/6 24.1 s brain 4.3 s 6 calls 20 rows
646/2080 episodes, 3.43 s/episode, eta 1.36 h
batch libero_spatial:8 C,step real=6/6 18.0 s brain 4.7 s 6 calls 23 rows
652/2080 episodes, 3.42 s/episode, eta 1.36 h
batch libero_spatial:8 C,step real=6/6 21.6 s brain 4.7 s 6 calls 24 rows
658/2080 episodes, 3.42 s/episode, eta 1.35 h
batch libero_spatial:8 C,step real=6/6 21.1 s brain 4.5 s 6 calls 21 rows
664/2080 episodes, 3.42 s/episode, eta 1.35 h
batch libero_spatial:8 C,step real=6/6 19.5 s brain 4.7 s 6 calls 23 rows
670/2080 episodes, 3.42 s/episode, eta 1.34 h
batch libero_spatial:8 C,step real=6/6 20.3 s brain 5.6 s 6 calls 29 rows
676/2080 episodes, 3.42 s/episode, eta 1.33 h
batch libero_spatial:8 C,step real=6/6 25.4 s brain 8.7 s 17 calls 30 rows
682/2080 episodes, 3.43 s/episode, eta 1.33 h
batch libero_spatial:8 C,step real=6/6 19.8 s brain 5.1 s 11 calls 17 rows
688/2080 episodes, 3.43 s/episode, eta 1.33 h
batch libero_spatial:8 C,step real=6/6 23.9 s brain 8.9 s 19 calls 26 rows
694/2080 episodes, 3.43 s/episode, eta 1.32 h
batch libero_spatial:8 C,step real=6/6 24.7 s brain 9.5 s 22 calls 30 rows
700/2080 episodes, 3.44 s/episode, eta 1.32 h
batch libero_spatial:8 C,step real=6/6 12.9 s brain 5.4 s 11 calls 16 rows
706/2080 episodes, 3.43 s/episode, eta 1.31 h
batch libero_spatial:8 C,step real=6/6 11.9 s brain 4.3 s 8 calls 17 rows
712/2080 episodes, 3.42 s/episode, eta 1.30 h
batch libero_spatial:8 C,step real=6/6 23.8 s brain 10.3 s 23 calls 30 rows
718/2080 episodes, 3.42 s/episode, eta 1.29 h
batch libero_spatial:8 C,step real=2/6 8.4 s brain 2.0 s 4 calls 5 rows
720/2080 episodes, 3.42 s/episode, eta 1.29 h
[info] using task orders [0, 1, 2, 3, 4, 5, 6, 7, 8, 9]
[info] using task orders [0, 1, 2, 3, 4, 5, 6, 7, 8, 9]
[info] using task orders [0, 1, 2, 3, 4, 5, 6, 7, 8, 9]
[info] using task orders [0, 1, 2, 3, 4, 5, 6, 7, 8, 9]
[info] using task orders [0, 1, 2, 3, 4, 5, 6, 7, 8, 9]
[info] using task orders [0, 1, 2, 3, 4, 5, 6, 7, 8, 9]
[info] using task orders [0, 1, 2, 3, 4, 5, 6, 7, 8, 9]
Local assets not found. Downloading from HuggingFace Hub...
Local assets not found. Downloading from HuggingFace Hub...
Local assets not found. Downloading from HuggingFace Hub...
Assets already downloaded at /root/.cache/libero/assetsAssets already downloaded at /root/.cache/libero/assets

Assets already downloaded at /root/.cache/libero/assets
Local assets not found. Downloading from HuggingFace Hub...
Local assets not found. Downloading from HuggingFace Hub...
Assets already downloaded at /root/.cache/libero/assets
Assets already downloaded at /root/.cache/libero/assets
Local assets not found. Downloading from HuggingFace Hub...
Assets already downloaded at /root/.cache/libero/assets
batch libero_spatial:9 C,step real=6/6 25.2 s brain 5.5 s 6 calls 30 rows
726/2080 episodes, 3.43 s/episode, eta 1.29 h
batch libero_spatial:9 C,step real=6/6 16.1 s brain 4.8 s 6 calls 27 rows
732/2080 episodes, 3.43 s/episode, eta 1.28 h
batch libero_spatial:9 C,step real=6/6 16.0 s brain 4.5 s 6 calls 24 rows
738/2080 episodes, 3.42 s/episode, eta 1.27 h
batch libero_spatial:9 C,step real=6/6 15.6 s brain 4.5 s 6 calls 24 rows
744/2080 episodes, 3.41 s/episode, eta 1.27 h
batch libero_spatial:9 C,step real=6/6 15.4 s brain 4.3 s 6 calls 22 rows
750/2080 episodes, 3.41 s/episode, eta 1.26 h
batch libero_spatial:9 C,step real=6/6 15.8 s brain 4.5 s 6 calls 24 rows
756/2080 episodes, 3.40 s/episode, eta 1.25 h
batch libero_spatial:9 C,step real=6/6 16.5 s brain 5.5 s 10 calls 24 rows
762/2080 episodes, 3.40 s/episode, eta 1.24 h
batch libero_spatial:9 C,step real=6/6 20.6 s brain 9.0 s 21 calls 31 rows
768/2080 episodes, 3.40 s/episode, eta 1.24 h
batch libero_spatial:9 C,step real=6/6 17.6 s brain 6.5 s 15 calls 22 rows
774/2080 episodes, 3.39 s/episode, eta 1.23 h
batch libero_spatial:9 C,step real=6/6 21.9 s brain 9.7 s 24 calls 32 rows
780/2080 episodes, 3.39 s/episode, eta 1.23 h
batch libero_spatial:9 C,step real=6/6 18.6 s brain 7.2 s 18 calls 23 rows
786/2080 episodes, 3.39 s/episode, eta 1.22 h
batch libero_spatial:9 C,step real=6/6 18.2 s brain 6.9 s 16 calls 23 rows
792/2080 episodes, 3.39 s/episode, eta 1.21 h
batch libero_spatial:9 C,step real=6/6 20.7 s brain 8.7 s 21 calls 28 rows
798/2080 episodes, 3.39 s/episode, eta 1.21 h
batch libero_spatial:9 C,step real=2/6 15.0 s brain 4.1 s 11 calls 12 rows
800/2080 episodes, 3.40 s/episode, eta 1.21 h
[info] using task orders [0, 1, 2, 3, 4, 5, 6, 7, 8, 9]
[info] using task orders [0, 1, 2, 3, 4, 5, 6, 7, 8, 9]
[info] using task orders [0, 1, 2, 3, 4, 5, 6, 7, 8, 9]
[info] using task orders [0, 1, 2, 3, 4, 5, 6, 7, 8, 9]
[info] using task orders [0, 1, 2, 3, 4, 5, 6, 7, 8, 9]
[info] using task orders [0, 1, 2, 3, 4, 5, 6, 7, 8, 9]
[info] using task orders [0, 1, 2, 3, 4, 5, 6, 7, 8, 9]
Local assets not found. Downloading from HuggingFace Hub...
Local assets not found. Downloading from HuggingFace Hub...
Assets already downloaded at /root/.cache/libero/assets
Assets already downloaded at /root/.cache/libero/assets
Local assets not found. Downloading from HuggingFace Hub...
Assets already downloaded at /root/.cache/libero/assets
Local assets not found. Downloading from HuggingFace Hub...
Assets already downloaded at /root/.cache/libero/assets
Local assets not found. Downloading from HuggingFace Hub...
Assets already downloaded at /root/.cache/libero/assets
Local assets not found. Downloading from HuggingFace Hub...
Assets already downloaded at /root/.cache/libero/assets
batch libero_object:0 C,step real=6/6 21.1 s brain 5.1 s 6 calls 28 rows
806/2080 episodes, 3.40 s/episode, eta 1.20 h
batch libero_object:0 C,step real=6/6 14.3 s brain 5.5 s 6 calls 33 rows
812/2080 episodes, 3.40 s/episode, eta 1.20 h
batch libero_object:0 C,step real=6/6 14.2 s brain 4.8 s 6 calls 27 rows
818/2080 episodes, 3.39 s/episode, eta 1.19 h
batch libero_object:0 C,step real=6/6 14.9 s brain 5.5 s 6 calls 32 rows
824/2080 episodes, 3.38 s/episode, eta 1.18 h
batch libero_object:0 C,step real=6/6 14.4 s brain 5.5 s 6 calls 33 rows
830/2080 episodes, 3.38 s/episode, eta 1.17 h
batch libero_object:0 C,step real=6/6 14.3 s brain 5.3 s 6 calls 31 rows
836/2080 episodes, 3.37 s/episode, eta 1.16 h
batch libero_object:0 C,step real=6/6 14.9 s brain 5.5 s 10 calls 25 rows
842/2080 episodes, 3.36 s/episode, eta 1.16 h
batch libero_object:0 C,step real=6/6 16.2 s brain 6.7 s 14 calls 25 rows
848/2080 episodes, 3.36 s/episode, eta 1.15 h
batch libero_object:0 C,step real=6/6 18.8 s brain 8.5 s 21 calls 28 rows
854/2080 episodes, 3.36 s/episode, eta 1.14 h
batch libero_object:0 C,step real=6/6 17.6 s brain 7.5 s 16 calls 29 rows
860/2080 episodes, 3.35 s/episode, eta 1.14 h
batch libero_object:0 C,step real=6/6 17.5 s brain 7.5 s 17 calls 27 rows
866/2080 episodes, 3.35 s/episode, eta 1.13 h
batch libero_object:0 C,step real=6/6 19.0 s brain 9.1 s 23 calls 28 rows
872/2080 episodes, 3.35 s/episode, eta 1.12 h
batch libero_object:0 C,step real=6/6 17.0 s brain 7.5 s 17 calls 27 rows
878/2080 episodes, 3.34 s/episode, eta 1.12 h
batch libero_object:0 C,step real=2/6 11.5 s brain 3.2 s 8 calls 9 rows
880/2080 episodes, 3.35 s/episode, eta 1.12 h
[info] using task orders [0, 1, 2, 3, 4, 5, 6, 7, 8, 9]
[info] using task orders [0, 1, 2, 3, 4, 5, 6, 7, 8, 9]
[info] using task orders [0, 1, 2, 3, 4, 5, 6, 7, 8, 9]
[info] using task orders [0, 1, 2, 3, 4, 5, 6, 7, 8, 9]
[info] using task orders [0, 1, 2, 3, 4, 5, 6, 7, 8, 9]
[info] using task orders [0, 1, 2, 3, 4, 5, 6, 7, 8, 9]
[info] using task orders [0, 1, 2, 3, 4, 5, 6, 7, 8, 9]
Local assets not found. Downloading from HuggingFace Hub...Local assets not found. Downloading from HuggingFace Hub...

Assets already downloaded at /root/.cache/libero/assetsAssets already downloaded at /root/.cache/libero/assets

Local assets not found. Downloading from HuggingFace Hub...Local assets not found. Downloading from HuggingFace Hub...

Local assets not found. Downloading from HuggingFace Hub...Local assets not found. Downloading from HuggingFace Hub...

Assets already downloaded at /root/.cache/libero/assetsAssets already downloaded at /root/.cache/libero/assets

Assets already downloaded at /root/.cache/libero/assetsAssets already downloaded at /root/.cache/libero/assets

batch libero_object:1 C,step real=6/6 20.4 s brain 4.8 s 6 calls 25 rows
886/2080 episodes, 3.35 s/episode, eta 1.11 h
batch libero_object:1 C,step real=6/6 12.9 s brain 4.6 s 6 calls 24 rows
892/2080 episodes, 3.35 s/episode, eta 1.10 h
batch libero_object:1 C,step real=6/6 14.0 s brain 5.5 s 6 calls 33 rows
898/2080 episodes, 3.34 s/episode, eta 1.10 h
batch libero_object:1 C,step real=6/6 12.9 s brain 4.5 s 6 calls 24 rows
904/2080 episodes, 3.33 s/episode, eta 1.09 h
batch libero_object:1 C,step real=6/6 13.3 s brain 4.9 s 6 calls 28 rows
910/2080 episodes, 3.32 s/episode, eta 1.08 h
batch libero_object:1 C,step real=6/6 12.7 s brain 4.3 s 6 calls 23 rows
916/2080 episodes, 3.32 s/episode, eta 1.07 h
batch libero_object:1 C,step real=6/6 14.8 s brain 6.0 s 12 calls 24 rows
922/2080 episodes, 3.31 s/episode, eta 1.06 h
batch libero_object:1 C,step real=6/6 11.8 s brain 5.1 s 10 calls 22 rows
928/2080 episodes, 3.30 s/episode, eta 1.06 h
batch libero_object:1 C,step real=6/6 12.1 s brain 5.7 s 13 calls 20 rows
934/2080 episodes, 3.29 s/episode, eta 1.05 h
batch libero_object:1 C,step real=6/6 18.8 s brain 9.0 s 22 calls 30 rows
940/2080 episodes, 3.29 s/episode, eta 1.04 h
batch libero_object:1 C,step real=6/6 18.1 s brain 8.7 s 22 calls 27 rows
946/2080 episodes, 3.29 s/episode, eta 1.04 h
batch libero_object:1 C,step real=6/6 18.0 s brain 8.3 s 21 calls 26 rows
952/2080 episodes, 3.29 s/episode, eta 1.03 h
batch libero_object:1 C,step real=6/6 16.8 s brain 7.6 s 19 calls 24 rows
958/2080 episodes, 3.29 s/episode, eta 1.02 h
batch libero_object:1 C,step real=2/6 8.2 s brain 2.4 s 6 calls 7 rows
960/2080 episodes, 3.29 s/episode, eta 1.02 h
[info] using task orders [0, 1, 2, 3, 4, 5, 6, 7, 8, 9]
[info] using task orders [0, 1, 2, 3, 4, 5, 6, 7, 8, 9]
[info] using task orders [0, 1, 2, 3, 4, 5, 6, 7, 8, 9]
[info] using task orders [0, 1, 2, 3, 4, 5, 6, 7, 8, 9]
[info] using task orders [0, 1, 2, 3, 4, 5, 6, 7, 8, 9]
[info] using task orders [0, 1, 2, 3, 4, 5, 6, 7, 8, 9]
[info] using task orders [0, 1, 2, 3, 4, 5, 6, 7, 8, 9]
Local assets not found. Downloading from HuggingFace Hub...Local assets not found. Downloading from HuggingFace Hub...
Assets already downloaded at /root/.cache/libero/assets

Assets already downloaded at /root/.cache/libero/assets
Local assets not found. Downloading from HuggingFace Hub...
Assets already downloaded at /root/.cache/libero/assets
Local assets not found. Downloading from HuggingFace Hub...
Assets already downloaded at /root/.cache/libero/assets
Local assets not found. Downloading from HuggingFace Hub...Local assets not found. Downloading from HuggingFace Hub...

Assets already downloaded at /root/.cache/libero/assetsAssets already downloaded at /root/.cache/libero/assets

batch libero_object:2 C,step real=6/6 20.3 s brain 5.3 s 6 calls 30 rows
966/2080 episodes, 3.29 s/episode, eta 1.02 h
batch libero_object:2 C,step real=6/6 14.0 s brain 5.7 s 6 calls 34 rows
972/2080 episodes, 3.28 s/episode, eta 1.01 h
batch libero_object:2 C,step real=6/6 14.4 s brain 5.9 s 6 calls 36 rows
978/2080 episodes, 3.28 s/episode, eta 1.00 h
batch libero_object:2 C,step real=6/6 13.6 s brain 5.2 s 6 calls 30 rows
984/2080 episodes, 3.27 s/episode, eta 1.00 h
batch libero_object:2 C,step real=6/6 13.6 s brain 5.1 s 6 calls 30 rows
990/2080 episodes, 3.27 s/episode, eta 0.99 h
batch libero_object:2 C,step real=6/6 13.5 s brain 5.2 s 6 calls 30 rows
996/2080 episodes, 3.26 s/episode, eta 0.98 h
batch libero_object:2 C,step real=6/6 15.2 s brain 6.2 s 13 calls 24 rows
1002/2080 episodes, 3.26 s/episode, eta 0.97 h
batch libero_object:2 C,step real=6/6 21.2 s brain 10.9 s 28 calls 33 rows
1008/2080 episodes, 3.26 s/episode, eta 0.97 h
batch libero_object:2 C,step real=6/6 10.6 s brain 4.4 s 9 calls 18 rows
1014/2080 episodes, 3.25 s/episode, eta 0.96 h
batch libero_object:2 C,step real=6/6 16.1 s brain 6.8 s 16 calls 23 rows
1020/2080 episodes, 3.25 s/episode, eta 0.96 h
batch libero_object:2 C,step real=6/6 11.3 s brain 5.3 s 12 calls 19 rows
1026/2080 episodes, 3.24 s/episode, eta 0.95 h
batch libero_object:2 C,step real=6/6 17.6 s brain 8.0 s 20 calls 25 rows
1032/2080 episodes, 3.24 s/episode, eta 0.94 h
batch libero_object:2 C,step real=6/6 16.8 s brain 7.7 s 19 calls 24 rows
1038/2080 episodes, 3.23 s/episode, eta 0.94 h
batch libero_object:2 C,step real=2/6 13.5 s brain 5.0 s 13 calls 14 rows
1040/2080 episodes, 3.24 s/episode, eta 0.94 h
[info] using task orders [0, 1, 2, 3, 4, 5, 6, 7, 8, 9]
[info] using task orders [0, 1, 2, 3, 4, 5, 6, 7, 8, 9]
[info] using task orders [0, 1, 2, 3, 4, 5, 6, 7, 8, 9]
[info] using task orders [0, 1, 2, 3, 4, 5, 6, 7, 8, 9]
[info] using task orders [0, 1, 2, 3, 4, 5, 6, 7, 8, 9]
[info] using task orders [0, 1, 2, 3, 4, 5, 6, 7, 8, 9]
[info] using task orders [0, 1, 2, 3, 4, 5, 6, 7, 8, 9]
Local assets not found. Downloading from HuggingFace Hub...Local assets not found. Downloading from HuggingFace Hub...

Assets already downloaded at /root/.cache/libero/assetsAssets already downloaded at /root/.cache/libero/assets

Local assets not found. Downloading from HuggingFace Hub...Local assets not found. Downloading from HuggingFace Hub...

Assets already downloaded at /root/.cache/libero/assetsAssets already downloaded at /root/.cache/libero/assets

Local assets not found. Downloading from HuggingFace Hub...Local assets not found. Downloading from HuggingFace Hub...

Assets already downloaded at /root/.cache/libero/assetsAssets already downloaded at /root/.cache/libero/assets

batch libero_object:3 C,step real=6/6 20.1 s brain 5.3 s 6 calls 30 rows
1046/2080 episodes, 3.24 s/episode, eta 0.93 h
batch libero_object:3 C,step real=6/6 13.4 s brain 4.9 s 6 calls 28 rows
1052/2080 episodes, 3.24 s/episode, eta 0.92 h
batch libero_object:3 C,step real=6/6 13.9 s brain 5.7 s 6 calls 34 rows
1058/2080 episodes, 3.23 s/episode, eta 0.92 h
batch libero_object:3 C,step real=6/6 13.5 s brain 5.2 s 6 calls 30 rows
1064/2080 episodes, 3.23 s/episode, eta 0.91 h
batch libero_object:3 C,step real=6/6 14.1 s brain 5.3 s 6 calls 31 rows
1070/2080 episodes, 3.22 s/episode, eta 0.90 h
batch libero_object:3 C,step real=6/6 13.4 s brain 5.0 s 6 calls 29 rows
1076/2080 episodes, 3.22 s/episode, eta 0.90 h
batch libero_object:3 C,step real=6/6 14.4 s brain 5.8 s 10 calls 27 rows
1082/2080 episodes, 3.21 s/episode, eta 0.89 h
batch libero_object:3 C,step real=6/6 18.6 s brain 9.0 s 23 calls 28 rows
1088/2080 episodes, 3.21 s/episode, eta 0.88 h
batch libero_object:3 C,step real=6/6 16.2 s brain 7.2 s 17 calls 24 rows
1094/2080 episodes, 3.21 s/episode, eta 0.88 h
batch libero_object:3 C,step real=6/6 21.2 s brain 11.3 s 29 calls 35 rows
1100/2080 episodes, 3.21 s/episode, eta 0.87 h
batch libero_object:3 C,step real=6/6 21.6 s brain 11.8 s 30 calls 37 rows
1106/2080 episodes, 3.21 s/episode, eta 0.87 h
batch libero_object:3 C,step real=6/6 11.1 s brain 4.8 s 10 calls 19 rows
1112/2080 episodes, 3.20 s/episode, eta 0.86 h
batch libero_object:3 C,step real=6/6 16.9 s brain 7.5 s 18 calls 25 rows
1118/2080 episodes, 3.20 s/episode, eta 0.86 h
batch libero_object:3 C,step real=2/6 15.3 s brain 6.7 s 18 calls 19 rows
1120/2080 episodes, 3.21 s/episode, eta 0.86 h
[info] using task orders [0, 1, 2, 3, 4, 5, 6, 7, 8, 9]
[info] using task orders [0, 1, 2, 3, 4, 5, 6, 7, 8, 9]
[info] using task orders [0, 1, 2, 3, 4, 5, 6, 7, 8, 9]
[info] using task orders [0, 1, 2, 3, 4, 5, 6, 7, 8, 9]
[info] using task orders [0, 1, 2, 3, 4, 5, 6, 7, 8, 9]
[info] using task orders [0, 1, 2, 3, 4, 5, 6, 7, 8, 9]
[info] using task orders [0, 1, 2, 3, 4, 5, 6, 7, 8, 9]
Local assets not found. Downloading from HuggingFace Hub...Local assets not found. Downloading from HuggingFace Hub...

Assets already downloaded at /root/.cache/libero/assetsAssets already downloaded at /root/.cache/libero/assets

Local assets not found. Downloading from HuggingFace Hub...
Assets already downloaded at /root/.cache/libero/assets
Local assets not found. Downloading from HuggingFace Hub...
Local assets not found. Downloading from HuggingFace Hub...
Assets already downloaded at /root/.cache/libero/assets
Assets already downloaded at /root/.cache/libero/assets
Local assets not found. Downloading from HuggingFace Hub...
Assets already downloaded at /root/.cache/libero/assets
batch libero_object:4 C,step real=6/6 19.8 s brain 5.1 s 6 calls 28 rows
1126/2080 episodes, 3.21 s/episode, eta 0.85 h
batch libero_object:4 C,step real=6/6 13.4 s brain 4.9 s 6 calls 28 rows
1132/2080 episodes, 3.21 s/episode, eta 0.84 h
batch libero_object:4 C,step real=6/6 13.8 s brain 5.5 s 6 calls 33 rows
1138/2080 episodes, 3.20 s/episode, eta 0.84 h
batch libero_object:4 C,step real=6/6 13.2 s brain 5.1 s 6 calls 29 rows
1144/2080 episodes, 3.20 s/episode, eta 0.83 h
batch libero_object:4 C,step real=6/6 13.8 s brain 5.6 s 6 calls 33 rows
1150/2080 episodes, 3.19 s/episode, eta 0.82 h
batch libero_object:4 C,step real=6/6 13.3 s brain 5.0 s 6 calls 28 rows
1156/2080 episodes, 3.19 s/episode, eta 0.82 h
batch libero_object:4 C,step real=6/6 15.9 s brain 6.9 s 15 calls 26 rows
1162/2080 episodes, 3.18 s/episode, eta 0.81 h
batch libero_object:4 C,step real=6/6 19.3 s brain 10.0 s 25 calls 31 rows
1168/2080 episodes, 3.19 s/episode, eta 0.81 h
batch libero_object:4 C,step real=6/6 25.3 s brain 14.9 s 39 calls 45 rows
1174/2080 episodes, 3.19 s/episode, eta 0.80 h
batch libero_object:4 C,step real=6/6 22.2 s brain 12.0 s 29 calls 39 rows
1180/2080 episodes, 3.19 s/episode, eta 0.80 h
batch libero_object:4 C,step real=6/6 22.4 s brain 12.2 s 32 calls 37 rows
1186/2080 episodes, 3.20 s/episode, eta 0.79 h
batch libero_object:4 C,step real=6/6 19.3 s brain 9.2 s 23 calls 28 rows
1192/2080 episodes, 3.20 s/episode, eta 0.79 h
batch libero_object:4 C,step real=6/6 17.7 s brain 8.5 s 21 calls 26 rows
1198/2080 episodes, 3.19 s/episode, eta 0.78 h
batch libero_object:4 C,step real=2/6 8.0 s brain 2.4 s 6 calls 7 rows
1200/2080 episodes, 3.20 s/episode, eta 0.78 h
[info] using task orders [0, 1, 2, 3, 4, 5, 6, 7, 8, 9]
[info] using task orders [0, 1, 2, 3, 4, 5, 6, 7, 8, 9]
[info] using task orders [0, 1, 2, 3, 4, 5, 6, 7, 8, 9]
[info] using task orders [0, 1, 2, 3, 4, 5, 6, 7, 8, 9]
[info] using task orders [0, 1, 2, 3, 4, 5, 6, 7, 8, 9]
[info] using task orders [0, 1, 2, 3, 4, 5, 6, 7, 8, 9]
[info] using task orders [0, 1, 2, 3, 4, 5, 6, 7, 8, 9]
Local assets not found. Downloading from HuggingFace Hub...Local assets not found. Downloading from HuggingFace Hub...Local assets not found. Downloading from HuggingFace Hub...Local assets not found. Downloading from HuggingFace Hub...



Assets already downloaded at /root/.cache/libero/assetsAssets already downloaded at /root/.cache/libero/assetsAssets already downloaded at /root/.cache/libero/assetsAssets already downloaded at /root/.cache/libero/assets



Local assets not found. Downloading from HuggingFace Hub...Local assets not found. Downloading from HuggingFace Hub...

Assets already downloaded at /root/.cache/libero/assetsAssets already downloaded at /root/.cache/libero/assets

batch libero_object:5 C,step real=6/6 21.5 s brain 5.7 s 6 calls 33 rows
1206/2080 episodes, 3.20 s/episode, eta 0.78 h
batch libero_object:5 C,step real=6/6 13.5 s brain 4.8 s 6 calls 27 rows
1212/2080 episodes, 3.20 s/episode, eta 0.77 h
batch libero_object:5 C,step real=6/6 14.1 s brain 5.2 s 6 calls 30 rows
1218/2080 episodes, 3.19 s/episode, eta 0.76 h
batch libero_object:5 C,step real=6/6 14.3 s brain 5.5 s 6 calls 33 rows
1224/2080 episodes, 3.19 s/episode, eta 0.76 h
batch libero_object:5 C,step real=6/6 14.2 s brain 5.0 s 6 calls 27 rows
1230/2080 episodes, 3.18 s/episode, eta 0.75 h
batch libero_object:5 C,step real=6/6 14.0 s brain 5.3 s 6 calls 31 rows
1236/2080 episodes, 3.18 s/episode, eta 0.75 h
batch libero_object:5 C,step real=6/6 16.5 s brain 7.1 s 15 calls 27 rows
1242/2080 episodes, 3.18 s/episode, eta 0.74 h
batch libero_object:5 C,step real=6/6 24.6 s brain 14.4 s 37 calls 46 rows
1248/2080 episodes, 3.18 s/episode, eta 0.74 h
batch libero_object:5 C,step real=6/6 19.8 s brain 9.4 s 24 calls 29 rows
1254/2080 episodes, 3.18 s/episode, eta 0.73 h
batch libero_object:5 C,step real=6/6 20.0 s brain 10.5 s 25 calls 36 rows
1260/2080 episodes, 3.18 s/episode, eta 0.72 h
batch libero_object:5 C,step real=6/6 21.3 s brain 10.7 s 27 calls 32 rows
1266/2080 episodes, 3.18 s/episode, eta 0.72 h
batch libero_object:5 C,step real=6/6 13.7 s brain 6.4 s 16 calls 21 rows
1272/2080 episodes, 3.18 s/episode, eta 0.71 h
batch libero_object:5 C,step real=6/6 16.1 s brain 6.5 s 15 calls 23 rows
1278/2080 episodes, 3.18 s/episode, eta 0.71 h
batch libero_object:5 C,step real=2/6 12.4 s brain 3.5 s 9 calls 10 rows
1280/2080 episodes, 3.18 s/episode, eta 0.71 h
[info] using task orders [0, 1, 2, 3, 4, 5, 6, 7, 8, 9]
[info] using task orders [0, 1, 2, 3, 4, 5, 6, 7, 8, 9]
[info] using task orders [0, 1, 2, 3, 4, 5, 6, 7, 8, 9]
[info] using task orders [0, 1, 2, 3, 4, 5, 6, 7, 8, 9]
[info] using task orders [0, 1, 2, 3, 4, 5, 6, 7, 8, 9]
[info] using task orders [0, 1, 2, 3, 4, 5, 6, 7, 8, 9]
[info] using task orders [0, 1, 2, 3, 4, 5, 6, 7, 8, 9]
Local assets not found. Downloading from HuggingFace Hub...Local assets not found. Downloading from HuggingFace Hub...

Assets already downloaded at /root/.cache/libero/assetsAssets already downloaded at /root/.cache/libero/assets

Local assets not found. Downloading from HuggingFace Hub...Local assets not found. Downloading from HuggingFace Hub...

Assets already downloaded at /root/.cache/libero/assetsAssets already downloaded at /root/.cache/libero/assets

Local assets not found. Downloading from HuggingFace Hub...Local assets not found. Downloading from HuggingFace Hub...

Assets already downloaded at /root/.cache/libero/assetsAssets already downloaded at /root/.cache/libero/assets

batch libero_object:6 C,step real=6/6 20.3 s brain 5.2 s 6 calls 30 rows
1286/2080 episodes, 3.19 s/episode, eta 0.70 h
batch libero_object:6 C,step real=6/6 13.1 s brain 4.8 s 6 calls 27 rows
1292/2080 episodes, 3.18 s/episode, eta 0.70 h
batch libero_object:6 C,step real=6/6 12.9 s brain 4.8 s 6 calls 27 rows
1298/2080 episodes, 3.18 s/episode, eta 0.69 h
batch libero_object:6 C,step real=6/6 13.2 s brain 5.0 s 6 calls 29 rows
1304/2080 episodes, 3.17 s/episode, eta 0.68 h
batch libero_object:6 C,step real=6/6 14.0 s brain 5.7 s 6 calls 34 rows
1310/2080 episodes, 3.17 s/episode, eta 0.68 h
batch libero_object:6 C,step real=6/6 13.6 s brain 5.2 s 6 calls 30 rows
1316/2080 episodes, 3.16 s/episode, eta 0.67 h
batch libero_object:6 C,step real=6/6 16.0 s brain 6.9 s 13 calls 30 rows
1322/2080 episodes, 3.16 s/episode, eta 0.67 h
batch libero_object:6 C,step real=6/6 17.7 s brain 8.6 s 19 calls 32 rows
1328/2080 episodes, 3.16 s/episode, eta 0.66 h
batch libero_object:6 C,step real=6/6 17.6 s brain 8.8 s 21 calls 29 rows
1334/2080 episodes, 3.16 s/episode, eta 0.65 h
batch libero_object:6 C,step real=6/6 17.9 s brain 8.6 s 21 calls 29 rows
1340/2080 episodes, 3.16 s/episode, eta 0.65 h
batch libero_object:6 C,step real=6/6 17.1 s brain 8.2 s 21 calls 26 rows
1346/2080 episodes, 3.16 s/episode, eta 0.64 h
batch libero_object:6 C,step real=6/6 16.8 s brain 7.9 s 18 calls 28 rows
1352/2080 episodes, 3.16 s/episode, eta 0.64 h
batch libero_object:6 C,step real=6/6 17.7 s brain 8.6 s 21 calls 28 rows
1358/2080 episodes, 3.15 s/episode, eta 0.63 h
batch libero_object:6 C,step real=2/6 11.7 s brain 3.6 s 9 calls 10 rows
1360/2080 episodes, 3.16 s/episode, eta 0.63 h
[info] using task orders [0, 1, 2, 3, 4, 5, 6, 7, 8, 9]
[info] using task orders [0, 1, 2, 3, 4, 5, 6, 7, 8, 9]
[info] using task orders [0, 1, 2, 3, 4, 5, 6, 7, 8, 9]
[info] using task orders [0, 1, 2, 3, 4, 5, 6, 7, 8, 9]
[info] using task orders [0, 1, 2, 3, 4, 5, 6, 7, 8, 9]
[info] using task orders [0, 1, 2, 3, 4, 5, 6, 7, 8, 9]
[info] using task orders [0, 1, 2, 3, 4, 5, 6, 7, 8, 9]
Local assets not found. Downloading from HuggingFace Hub...
Local assets not found. Downloading from HuggingFace Hub...
Local assets not found. Downloading from HuggingFace Hub...
Assets already downloaded at /root/.cache/libero/assets
Assets already downloaded at /root/.cache/libero/assetsAssets already downloaded at /root/.cache/libero/assets

Local assets not found. Downloading from HuggingFace Hub...
Assets already downloaded at /root/.cache/libero/assets
Local assets not found. Downloading from HuggingFace Hub...Local assets not found. Downloading from HuggingFace Hub...

Assets already downloaded at /root/.cache/libero/assetsAssets already downloaded at /root/.cache/libero/assets

batch libero_object:7 C,step real=6/6 20.4 s brain 5.3 s 6 calls 30 rows
1366/2080 episodes, 3.16 s/episode, eta 0.63 h
batch libero_object:7 C,step real=6/6 13.2 s brain 5.2 s 6 calls 30 rows
1372/2080 episodes, 3.16 s/episode, eta 0.62 h
batch libero_object:7 C,step real=6/6 13.2 s brain 4.9 s 6 calls 28 rows
1378/2080 episodes, 3.15 s/episode, eta 0.61 h
batch libero_object:7 C,step real=6/6 13.5 s brain 4.9 s 6 calls 28 rows
1384/2080 episodes, 3.15 s/episode, eta 0.61 h
batch libero_object:7 C,step real=6/6 13.6 s brain 5.0 s 6 calls 29 rows
1390/2080 episodes, 3.15 s/episode, eta 0.60 h
batch libero_object:7 C,step real=6/6 13.5 s brain 4.8 s 6 calls 27 rows
1396/2080 episodes, 3.14 s/episode, eta 0.60 h
batch libero_object:7 C,step real=6/6 18.9 s brain 9.7 s 20 calls 38 rows
1402/2080 episodes, 3.14 s/episode, eta 0.59 h
batch libero_object:7 C,step real=6/6 14.3 s brain 7.2 s 18 calls 23 rows
1408/2080 episodes, 3.14 s/episode, eta 0.59 h
batch libero_object:7 C,step real=6/6 18.1 s brain 8.7 s 22 calls 27 rows
1414/2080 episodes, 3.14 s/episode, eta 0.58 h
batch libero_object:7 C,step real=6/6 16.3 s brain 7.3 s 18 calls 23 rows
1420/2080 episodes, 3.14 s/episode, eta 0.57 h
batch libero_object:7 C,step real=6/6 16.4 s brain 7.5 s 17 calls 27 rows
1426/2080 episodes, 3.13 s/episode, eta 0.57 h
batch libero_object:7 C,step real=6/6 18.8 s brain 9.4 s 24 calls 29 rows
1432/2080 episodes, 3.13 s/episode, eta 0.56 h
batch libero_object:7 C,step real=6/6 18.1 s brain 8.9 s 22 calls 27 rows
1438/2080 episodes, 3.13 s/episode, eta 0.56 h
batch libero_object:7 C,step real=2/6 11.5 s brain 3.2 s 8 calls 9 rows
1440/2080 episodes, 3.14 s/episode, eta 0.56 h
[info] using task orders [0, 1, 2, 3, 4, 5, 6, 7, 8, 9]
[info] using task orders [0, 1, 2, 3, 4, 5, 6, 7, 8, 9]
[info] using task orders [0, 1, 2, 3, 4, 5, 6, 7, 8, 9]
[info] using task orders [0, 1, 2, 3, 4, 5, 6, 7, 8, 9]
[info] using task orders [0, 1, 2, 3, 4, 5, 6, 7, 8, 9]
[info] using task orders [0, 1, 2, 3, 4, 5, 6, 7, 8, 9]
[info] using task orders [0, 1, 2, 3, 4, 5, 6, 7, 8, 9]
Local assets not found. Downloading from HuggingFace Hub...Local assets not found. Downloading from HuggingFace Hub...

Assets already downloaded at /root/.cache/libero/assets
Assets already downloaded at /root/.cache/libero/assets
Local assets not found. Downloading from HuggingFace Hub...
Assets already downloaded at /root/.cache/libero/assets
Local assets not found. Downloading from HuggingFace Hub...
Assets already downloaded at /root/.cache/libero/assets
Local assets not found. Downloading from HuggingFace Hub...
Local assets not found. Downloading from HuggingFace Hub...
Assets already downloaded at /root/.cache/libero/assets
Assets already downloaded at /root/.cache/libero/assets
batch libero_object:8 C,step real=6/6 20.3 s brain 5.2 s 6 calls 29 rows
1446/2080 episodes, 3.14 s/episode, eta 0.55 h
batch libero_object:8 C,step real=6/6 12.7 s brain 4.7 s 6 calls 25 rows
1452/2080 episodes, 3.14 s/episode, eta 0.55 h
batch libero_object:8 C,step real=6/6 13.7 s brain 5.6 s 6 calls 33 rows
1458/2080 episodes, 3.13 s/episode, eta 0.54 h
batch libero_object:8 C,step real=6/6 13.6 s brain 5.3 s 6 calls 31 rows
1464/2080 episodes, 3.13 s/episode, eta 0.54 h
batch libero_object:8 C,step real=6/6 12.8 s brain 4.8 s 6 calls 27 rows
1470/2080 episodes, 3.12 s/episode, eta 0.53 h
batch libero_object:8 C,step real=6/6 13.2 s brain 5.0 s 6 calls 28 rows
1476/2080 episodes, 3.12 s/episode, eta 0.52 h
batch libero_object:8 C,step real=6/6 16.2 s brain 7.0 s 14 calls 28 rows
1482/2080 episodes, 3.12 s/episode, eta 0.52 h
batch libero_object:8 C,step real=6/6 18.0 s brain 8.2 s 21 calls 26 rows
1488/2080 episodes, 3.12 s/episode, eta 0.51 h
batch libero_object:8 C,step real=6/6 18.7 s brain 9.4 s 24 calls 29 rows
1494/2080 episodes, 3.12 s/episode, eta 0.51 h
batch libero_object:8 C,step real=6/6 17.7 s brain 8.1 s 19 calls 27 rows
1500/2080 episodes, 3.12 s/episode, eta 0.50 h
batch libero_object:8 C,step real=6/6 20.3 s brain 9.7 s 25 calls 30 rows
1506/2080 episodes, 3.12 s/episode, eta 0.50 h
batch libero_object:8 C,step real=6/6 17.1 s brain 7.8 s 18 calls 28 rows
1512/2080 episodes, 3.12 s/episode, eta 0.49 h
batch libero_object:8 C,step real=6/6 16.2 s brain 8.3 s 21 calls 26 rows
1518/2080 episodes, 3.12 s/episode, eta 0.49 h
batch libero_object:8 C,step real=2/6 8.5 s brain 2.7 s 7 calls 8 rows
1520/2080 episodes, 3.12 s/episode, eta 0.48 h
[info] using task orders [0, 1, 2, 3, 4, 5, 6, 7, 8, 9]
[info] using task orders [0, 1, 2, 3, 4, 5, 6, 7, 8, 9]
[info] using task orders [0, 1, 2, 3, 4, 5, 6, 7, 8, 9]
[info] using task orders [0, 1, 2, 3, 4, 5, 6, 7, 8, 9]
[info] using task orders [0, 1, 2, 3, 4, 5, 6, 7, 8, 9]
[info] using task orders [0, 1, 2, 3, 4, 5, 6, 7, 8, 9]
[info] using task orders [0, 1, 2, 3, 4, 5, 6, 7, 8, 9]
Local assets not found. Downloading from HuggingFace Hub...Local assets not found. Downloading from HuggingFace Hub...Local assets not found. Downloading from HuggingFace Hub...Local assets not found. Downloading from HuggingFace Hub...



Assets already downloaded at /root/.cache/libero/assetsAssets already downloaded at /root/.cache/libero/assetsAssets already downloaded at /root/.cache/libero/assetsAssets already downloaded at /root/.cache/libero/assets



Local assets not found. Downloading from HuggingFace Hub...Local assets not found. Downloading from HuggingFace Hub...

Assets already downloaded at /root/.cache/libero/assetsAssets already downloaded at /root/.cache/libero/assets

batch libero_object:9 C,step real=6/6 20.8 s brain 5.8 s 6 calls 33 rows
1526/2080 episodes, 3.12 s/episode, eta 0.48 h
batch libero_object:9 C,step real=6/6 13.7 s brain 5.5 s 6 calls 33 rows
1532/2080 episodes, 3.12 s/episode, eta 0.47 h
batch libero_object:9 C,step real=6/6 13.1 s brain 4.8 s 6 calls 27 rows
1538/2080 episodes, 3.11 s/episode, eta 0.47 h
batch libero_object:9 C,step real=6/6 13.5 s brain 5.6 s 6 calls 33 rows
1544/2080 episodes, 3.11 s/episode, eta 0.46 h
batch libero_object:9 C,step real=6/6 13.4 s brain 5.5 s 6 calls 33 rows
1550/2080 episodes, 3.11 s/episode, eta 0.46 h
batch libero_object:9 C,step real=6/6 13.7 s brain 5.6 s 6 calls 33 rows
1556/2080 episodes, 3.10 s/episode, eta 0.45 h
batch libero_object:9 C,step real=6/6 16.0 s brain 7.2 s 13 calls 33 rows
1562/2080 episodes, 3.10 s/episode, eta 0.45 h
batch libero_object:9 C,step real=6/6 21.1 s brain 11.1 s 27 calls 35 rows
1568/2080 episodes, 3.10 s/episode, eta 0.44 h
batch libero_object:9 C,step real=6/6 23.9 s brain 13.9 s 36 calls 42 rows
1574/2080 episodes, 3.11 s/episode, eta 0.44 h
batch libero_object:9 C,step real=6/6 22.4 s brain 12.5 s 32 calls 38 rows
1580/2080 episodes, 3.11 s/episode, eta 0.43 h
batch libero_object:9 C,step real=6/6 18.8 s brain 9.5 s 24 calls 29 rows
1586/2080 episodes, 3.11 s/episode, eta 0.43 h
batch libero_object:9 C,step real=6/6 20.7 s brain 10.9 s 28 calls 33 rows
1592/2080 episodes, 3.11 s/episode, eta 0.42 h
batch libero_object:9 C,step real=6/6 23.7 s brain 12.9 s 33 calls 38 rows
1598/2080 episodes, 3.11 s/episode, eta 0.42 h
batch libero_object:9 C,step real=2/6 11.3 s brain 3.0 s 8 calls 9 rows
1600/2080 episodes, 3.12 s/episode, eta 0.42 h
[info] using task orders [0, 1, 2, 3, 4, 5, 6, 7, 8, 9]
[info] using task orders [0, 1, 2, 3, 4, 5, 6, 7, 8, 9]
[info] using task orders [0, 1, 2, 3, 4, 5, 6, 7, 8, 9]
[info] using task orders [0, 1, 2, 3, 4, 5, 6, 7, 8, 9]
[info] using task orders [0, 1, 2, 3, 4, 5, 6, 7, 8, 9]
[info] using task orders [0, 1, 2, 3, 4, 5, 6, 7, 8, 9]
[info] using task orders [0, 1, 2, 3, 4, 5, 6, 7, 8, 9]
Local assets not found. Downloading from HuggingFace Hub...Local assets not found. Downloading from HuggingFace Hub...Local assets not found. Downloading from HuggingFace Hub...Local assets not found. Downloading from HuggingFace Hub...



Assets already downloaded at /root/.cache/libero/assetsAssets already downloaded at /root/.cache/libero/assetsAssets already downloaded at /root/.cache/libero/assetsAssets already downloaded at /root/.cache/libero/assets



Local assets not found. Downloading from HuggingFace Hub...Local assets not found. Downloading from HuggingFace Hub...

Assets already downloaded at /root/.cache/libero/assetsAssets already downloaded at /root/.cache/libero/assets

batch libero_goal:1 C,step real=6/6 22.9 s brain 5.1 s 6 calls 28 rows
1606/2080 episodes, 3.12 s/episode, eta 0.41 h
batch libero_goal:1 C,step real=6/6 14.0 s brain 4.4 s 6 calls 24 rows
1612/2080 episodes, 3.12 s/episode, eta 0.41 h
batch libero_goal:1 C,step real=6/6 7.0 s brain 2.0 s 2 calls 12 rows
1618/2080 episodes, 3.11 s/episode, eta 0.40 h
batch libero_goal:1 C,step real=6/6 7.0 s brain 2.0 s 2 calls 12 rows
1624/2080 episodes, 3.10 s/episode, eta 0.39 h
batch libero_goal:1 C,step real=6/6 13.3 s brain 4.2 s 6 calls 21 rows
1630/2080 episodes, 3.10 s/episode, eta 0.39 h
batch libero_goal:1 C,step real=6/6 8.1 s brain 2.4 s 3 calls 13 rows
1636/2080 episodes, 3.09 s/episode, eta 0.38 h
batch libero_goal:1 C,step real=6/6 19.6 s brain 7.7 s 18 calls 26 rows
1642/2080 episodes, 3.09 s/episode, eta 0.38 h
batch libero_goal:1 C,step real=6/6 19.8 s brain 9.7 s 23 calls 32 rows
1648/2080 episodes, 3.10 s/episode, eta 0.37 h
batch libero_goal:1 C,step real=6/6 21.9 s brain 10.4 s 26 calls 34 rows
1654/2080 episodes, 3.10 s/episode, eta 0.37 h
batch libero_goal:1 C,step real=6/6 16.4 s brain 6.4 s 16 calls 21 rows
1660/2080 episodes, 3.10 s/episode, eta 0.36 h
batch libero_goal:1 C,step real=6/6 14.5 s brain 6.5 s 15 calls 22 rows
1666/2080 episodes, 3.09 s/episode, eta 0.36 h
batch libero_goal:1 C,step real=6/6 19.3 s brain 9.2 s 22 calls 30 rows
1672/2080 episodes, 3.09 s/episode, eta 0.35 h
batch libero_goal:1 C,step real=6/6 18.3 s brain 7.5 s 17 calls 27 rows
1678/2080 episodes, 3.09 s/episode, eta 0.35 h
batch libero_goal:1 C,step real=2/6 6.7 s brain 1.9 s 5 calls 6 rows
1680/2080 episodes, 3.09 s/episode, eta 0.34 h
[info] using task orders [0, 1, 2, 3, 4, 5, 6, 7, 8, 9]
[info] using task orders [0, 1, 2, 3, 4, 5, 6, 7, 8, 9]
[info] using task orders [0, 1, 2, 3, 4, 5, 6, 7, 8, 9]
[info] using task orders [0, 1, 2, 3, 4, 5, 6, 7, 8, 9]
[info] using task orders [0, 1, 2, 3, 4, 5, 6, 7, 8, 9]
[info] using task orders [0, 1, 2, 3, 4, 5, 6, 7, 8, 9]
[info] using task orders [0, 1, 2, 3, 4, 5, 6, 7, 8, 9]
Local assets not found. Downloading from HuggingFace Hub...Local assets not found. Downloading from HuggingFace Hub...Local assets not found. Downloading from HuggingFace Hub...Local assets not found. Downloading from HuggingFace Hub...



Assets already downloaded at /root/.cache/libero/assetsAssets already downloaded at /root/.cache/libero/assetsAssets already downloaded at /root/.cache/libero/assetsAssets already downloaded at /root/.cache/libero/assets



Local assets not found. Downloading from HuggingFace Hub...
Assets already downloaded at /root/.cache/libero/assets
Local assets not found. Downloading from HuggingFace Hub...
Assets already downloaded at /root/.cache/libero/assets
batch libero_goal:2 C,step real=6/6 21.1 s brain 4.7 s 6 calls 25 rows
1686/2080 episodes, 3.10 s/episode, eta 0.34 h
batch libero_goal:2 C,step real=6/6 13.6 s brain 4.1 s 6 calls 21 rows
1692/2080 episodes, 3.09 s/episode, eta 0.33 h
batch libero_goal:2 C,step real=6/6 13.8 s brain 4.4 s 6 calls 24 rows
1698/2080 episodes, 3.09 s/episode, eta 0.33 h
batch libero_goal:2 C,step real=6/6 8.0 s brain 2.5 s 3 calls 14 rows
1704/2080 episodes, 3.09 s/episode, eta 0.32 h
batch libero_goal:2 C,step real=6/6 13.0 s brain 3.6 s 6 calls 17 rows
1710/2080 episodes, 3.08 s/episode, eta 0.32 h
batch libero_goal:2 C,step real=6/6 13.7 s brain 4.0 s 6 calls 21 rows
1716/2080 episodes, 3.08 s/episode, eta 0.31 h
batch libero_goal:2 C,step real=6/6 17.7 s brain 7.8 s 18 calls 26 rows
1722/2080 episodes, 3.08 s/episode, eta 0.31 h
batch libero_goal:2 C,step real=6/6 20.8 s brain 10.0 s 25 calls 31 rows
1728/2080 episodes, 3.08 s/episode, eta 0.30 h
batch libero_goal:2 C,step real=6/6 19.5 s brain 8.9 s 22 calls 28 rows
1734/2080 episodes, 3.08 s/episode, eta 0.30 h
batch libero_goal:2 C,step real=6/6 23.8 s brain 12.3 s 30 calls 39 rows
1740/2080 episodes, 3.08 s/episode, eta 0.29 h
batch libero_goal:2 C,step real=6/6 15.0 s brain 5.1 s 11 calls 19 rows
1746/2080 episodes, 3.08 s/episode, eta 0.29 h
batch libero_goal:2 C,step real=6/6 17.6 s brain 7.5 s 18 calls 24 rows
1752/2080 episodes, 3.08 s/episode, eta 0.28 h
batch libero_goal:2 C,step real=6/6 15.8 s brain 5.9 s 10 calls 28 rows
1758/2080 episodes, 3.08 s/episode, eta 0.28 h
batch libero_goal:2 C,step real=2/6 12.6 s brain 3.5 s 9 calls 10 rows
1760/2080 episodes, 3.08 s/episode, eta 0.27 h
[info] using task orders [0, 1, 2, 3, 4, 5, 6, 7, 8, 9]
[info] using task orders [0, 1, 2, 3, 4, 5, 6, 7, 8, 9]
[info] using task orders [0, 1, 2, 3, 4, 5, 6, 7, 8, 9]
[info] using task orders [0, 1, 2, 3, 4, 5, 6, 7, 8, 9]
[info] using task orders [0, 1, 2, 3, 4, 5, 6, 7, 8, 9]
[info] using task orders [0, 1, 2, 3, 4, 5, 6, 7, 8, 9]
[info] using task orders [0, 1, 2, 3, 4, 5, 6, 7, 8, 9]
Local assets not found. Downloading from HuggingFace Hub...
Local assets not found. Downloading from HuggingFace Hub...
Assets already downloaded at /root/.cache/libero/assets
Assets already downloaded at /root/.cache/libero/assets
Local assets not found. Downloading from HuggingFace Hub...
Assets already downloaded at /root/.cache/libero/assets
Local assets not found. Downloading from HuggingFace Hub...
Assets already downloaded at /root/.cache/libero/assets
Local assets not found. Downloading from HuggingFace Hub...Local assets not found. Downloading from HuggingFace Hub...

Assets already downloaded at /root/.cache/libero/assetsAssets already downloaded at /root/.cache/libero/assets

batch libero_goal:4 C,step real=6/6 20.4 s brain 3.9 s 6 calls 18 rows
1766/2080 episodes, 3.09 s/episode, eta 0.27 h
batch libero_goal:4 C,step real=6/6 8.2 s brain 2.5 s 3 calls 14 rows
1772/2080 episodes, 3.08 s/episode, eta 0.26 h
batch libero_goal:4 C,step real=6/6 14.8 s brain 3.8 s 6 calls 18 rows
1778/2080 episodes, 3.08 s/episode, eta 0.26 h
batch libero_goal:4 C,step real=6/6 7.9 s brain 2.4 s 3 calls 13 rows
1784/2080 episodes, 3.07 s/episode, eta 0.25 h
batch libero_goal:4 C,step real=6/6 13.9 s brain 3.4 s 6 calls 16 rows
1790/2080 episodes, 3.07 s/episode, eta 0.25 h
batch libero_goal:4 C,step real=6/6 13.4 s brain 3.7 s 6 calls 17 rows
1796/2080 episodes, 3.07 s/episode, eta 0.24 h
batch libero_goal:4 C,step real=6/6 11.9 s brain 4.0 s 8 calls 16 rows
1802/2080 episodes, 3.06 s/episode, eta 0.24 h
batch libero_goal:4 C,step real=6/6 23.0 s brain 11.0 s 28 calls 35 rows
1808/2080 episodes, 3.07 s/episode, eta 0.23 h
batch libero_goal:4 C,step real=6/6 13.5 s brain 5.9 s 13 calls 22 rows
1814/2080 episodes, 3.06 s/episode, eta 0.23 h
batch libero_goal:4 C,step real=6/6 21.3 s brain 9.4 s 23 calls 32 rows
1820/2080 episodes, 3.06 s/episode, eta 0.22 h
batch libero_goal:4 C,step real=6/6 17.1 s brain 6.8 s 17 calls 22 rows
1826/2080 episodes, 3.06 s/episode, eta 0.22 h
batch libero_goal:4 C,step real=6/6 20.0 s brain 9.3 s 23 calls 31 rows
1832/2080 episodes, 3.06 s/episode, eta 0.21 h
batch libero_goal:4 C,step real=6/6 19.8 s brain 8.4 s 21 calls 26 rows
1838/2080 episodes, 3.07 s/episode, eta 0.21 h
batch libero_goal:4 C,step real=2/6 6.5 s brain 2.0 s 5 calls 6 rows
1840/2080 episodes, 3.07 s/episode, eta 0.20 h
[info] using task orders [0, 1, 2, 3, 4, 5, 6, 7, 8, 9]
[info] using task orders [0, 1, 2, 3, 4, 5, 6, 7, 8, 9]
[info] using task orders [0, 1, 2, 3, 4, 5, 6, 7, 8, 9]
[info] using task orders [0, 1, 2, 3, 4, 5, 6, 7, 8, 9]
[info] using task orders [0, 1, 2, 3, 4, 5, 6, 7, 8, 9]
[info] using task orders [0, 1, 2, 3, 4, 5, 6, 7, 8, 9]
[info] using task orders [0, 1, 2, 3, 4, 5, 6, 7, 8, 9]
Local assets not found. Downloading from HuggingFace Hub...Local assets not found. Downloading from HuggingFace Hub...

Assets already downloaded at /root/.cache/libero/assetsAssets already downloaded at /root/.cache/libero/assets

Local assets not found. Downloading from HuggingFace Hub...
Local assets not found. Downloading from HuggingFace Hub...
Assets already downloaded at /root/.cache/libero/assetsAssets already downloaded at /root/.cache/libero/assets

Local assets not found. Downloading from HuggingFace Hub...Local assets not found. Downloading from HuggingFace Hub...

Assets already downloaded at /root/.cache/libero/assets
Assets already downloaded at /root/.cache/libero/assets
batch libero_goal:6 C,step real=6/6 20.6 s brain 4.6 s 6 calls 24 rows
1846/2080 episodes, 3.07 s/episode, eta 0.20 h
batch libero_goal:6 C,step real=6/6 15.0 s brain 4.9 s 6 calls 28 rows
1852/2080 episodes, 3.07 s/episode, eta 0.19 h
batch libero_goal:6 C,step real=6/6 14.5 s brain 4.9 s 6 calls 28 rows
1858/2080 episodes, 3.06 s/episode, eta 0.19 h
batch libero_goal:6 C,step real=6/6 14.2 s brain 4.7 s 6 calls 26 rows
1864/2080 episodes, 3.06 s/episode, eta 0.18 h
batch libero_goal:6 C,step real=6/6 15.4 s brain 5.2 s 6 calls 30 rows
1870/2080 episodes, 3.06 s/episode, eta 0.18 h
batch libero_goal:6 C,step real=6/6 15.6 s brain 5.4 s 6 calls 32 rows
1876/2080 episodes, 3.06 s/episode, eta 0.17 h
batch libero_goal:6 C,step real=6/6 17.6 s brain 6.9 s 14 calls 26 rows
1882/2080 episodes, 3.06 s/episode, eta 0.17 h
batch libero_goal:6 C,step real=6/6 22.3 s brain 10.6 s 28 calls 33 rows
1888/2080 episodes, 3.06 s/episode, eta 0.16 h
batch libero_goal:6 C,step real=6/6 17.7 s brain 7.3 s 17 calls 26 rows
1894/2080 episodes, 3.06 s/episode, eta 0.16 h
batch libero_goal:6 C,step real=6/6 18.3 s brain 7.7 s 18 calls 26 rows
1900/2080 episodes, 3.06 s/episode, eta 0.15 h
batch libero_goal:6 C,step real=6/6 17.0 s brain 6.9 s 16 calls 25 rows
1906/2080 episodes, 3.06 s/episode, eta 0.15 h
batch libero_goal:6 C,step real=6/6 19.9 s brain 9.2 s 23 calls 30 rows
1912/2080 episodes, 3.06 s/episode, eta 0.14 h
batch libero_goal:6 C,step real=6/6 24.7 s brain 12.9 s 33 calls 39 rows
1918/2080 episodes, 3.06 s/episode, eta 0.14 h
batch libero_goal:6 C,step real=2/6 13.3 s brain 3.5 s 9 calls 10 rows
1920/2080 episodes, 3.07 s/episode, eta 0.14 h
[info] using task orders [0, 1, 2, 3, 4, 5, 6, 7, 8, 9]
[info] using task orders [0, 1, 2, 3, 4, 5, 6, 7, 8, 9]
[info] using task orders [0, 1, 2, 3, 4, 5, 6, 7, 8, 9]
[info] using task orders [0, 1, 2, 3, 4, 5, 6, 7, 8, 9]
[info] using task orders [0, 1, 2, 3, 4, 5, 6, 7, 8, 9]
[info] using task orders [0, 1, 2, 3, 4, 5, 6, 7, 8, 9]
[info] using task orders [0, 1, 2, 3, 4, 5, 6, 7, 8, 9]
Local assets not found. Downloading from HuggingFace Hub...Local assets not found. Downloading from HuggingFace Hub...

Assets already downloaded at /root/.cache/libero/assets
Assets already downloaded at /root/.cache/libero/assets
Local assets not found. Downloading from HuggingFace Hub...
Assets already downloaded at /root/.cache/libero/assets
Local assets not found. Downloading from HuggingFace Hub...
Local assets not found. Downloading from HuggingFace Hub...
Assets already downloaded at /root/.cache/libero/assets
Assets already downloaded at /root/.cache/libero/assets
Local assets not found. Downloading from HuggingFace Hub...
Assets already downloaded at /root/.cache/libero/assets
batch libero_goal:8 C,step real=6/6 20.6 s brain 4.3 s 6 calls 20 rows
1926/2080 episodes, 3.07 s/episode, eta 0.13 h
batch libero_goal:8 C,step real=6/6 15.2 s brain 4.7 s 6 calls 26 rows
1932/2080 episodes, 3.07 s/episode, eta 0.13 h
batch libero_goal:8 C,step real=6/6 17.0 s brain 4.9 s 6 calls 28 rows
1938/2080 episodes, 3.07 s/episode, eta 0.12 h
batch libero_goal:8 C,step real=6/6 16.1 s brain 4.0 s 6 calls 20 rows
1944/2080 episodes, 3.07 s/episode, eta 0.12 h
batch libero_goal:8 C,step real=6/6 14.0 s brain 4.6 s 6 calls 26 rows
1950/2080 episodes, 3.06 s/episode, eta 0.11 h
batch libero_goal:8 C,step real=6/6 16.9 s brain 4.4 s 6 calls 24 rows
1956/2080 episodes, 3.06 s/episode, eta 0.11 h
batch libero_goal:8 C,step real=6/6 14.3 s brain 4.4 s 9 calls 17 rows
1962/2080 episodes, 3.06 s/episode, eta 0.10 h
batch libero_goal:8 C,step real=6/6 20.1 s brain 8.5 s 20 calls 29 rows
1968/2080 episodes, 3.06 s/episode, eta 0.10 h
batch libero_goal:8 C,step real=6/6 15.0 s brain 5.1 s 12 calls 18 rows
1974/2080 episodes, 3.06 s/episode, eta 0.09 h
batch libero_goal:8 C,step real=6/6 25.1 s brain 11.2 s 27 calls 35 rows
1980/2080 episodes, 3.06 s/episode, eta 0.09 h
batch libero_goal:8 C,step real=6/6 23.5 s brain 9.6 s 24 calls 29 rows
1986/2080 episodes, 3.07 s/episode, eta 0.08 h
batch libero_goal:8 C,step real=6/6 17.9 s brain 7.8 s 17 calls 28 rows
1992/2080 episodes, 3.07 s/episode, eta 0.07 h
batch libero_goal:8 C,step real=6/6 19.6 s brain 6.6 s 16 calls 22 rows
1998/2080 episodes, 3.07 s/episode, eta 0.07 h
batch libero_goal:8 C,step real=2/6 6.1 s brain 1.6 s 4 calls 5 rows
2000/2080 episodes, 3.07 s/episode, eta 0.07 h
[info] using task orders [0, 1, 2, 3, 4, 5, 6, 7, 8, 9]
[info] using task orders [0, 1, 2, 3, 4, 5, 6, 7, 8, 9]
[info] using task orders [0, 1, 2, 3, 4, 5, 6, 7, 8, 9]
[info] using task orders [0, 1, 2, 3, 4, 5, 6, 7, 8, 9]
[info] using task orders [0, 1, 2, 3, 4, 5, 6, 7, 8, 9]
[info] using task orders [0, 1, 2, 3, 4, 5, 6, 7, 8, 9]
[info] using task orders [0, 1, 2, 3, 4, 5, 6, 7, 8, 9]
Local assets not found. Downloading from HuggingFace Hub...Local assets not found. Downloading from HuggingFace Hub...
Local assets not found. Downloading from HuggingFace Hub...

Assets already downloaded at /root/.cache/libero/assetsAssets already downloaded at /root/.cache/libero/assetsAssets already downloaded at /root/.cache/libero/assets


Local assets not found. Downloading from HuggingFace Hub...
Assets already downloaded at /root/.cache/libero/assets
Local assets not found. Downloading from HuggingFace Hub...
Local assets not found. Downloading from HuggingFace Hub...
Assets already downloaded at /root/.cache/libero/assetsAssets already downloaded at /root/.cache/libero/assets

batch libero_goal:9 C,step real=6/6 21.2 s brain 5.2 s 6 calls 28 rows
2006/2080 episodes, 3.07 s/episode, eta 0.06 h
batch libero_goal:9 C,step real=6/6 14.0 s brain 4.5 s 6 calls 24 rows
2012/2080 episodes, 3.07 s/episode, eta 0.06 h
batch libero_goal:9 C,step real=6/6 14.1 s brain 4.8 s 6 calls 27 rows
2018/2080 episodes, 3.06 s/episode, eta 0.05 h
batch libero_goal:9 C,step real=6/6 14.1 s brain 4.6 s 6 calls 25 rows
2024/2080 episodes, 3.06 s/episode, eta 0.05 h
batch libero_goal:9 C,step real=6/6 14.4 s brain 5.0 s 6 calls 28 rows
2030/2080 episodes, 3.06 s/episode, eta 0.04 h
batch libero_goal:9 C,step real=6/6 13.9 s brain 4.4 s 6 calls 23 rows
2036/2080 episodes, 3.06 s/episode, eta 0.04 h
batch libero_goal:9 C,step real=6/6 16.5 s brain 6.6 s 13 calls 27 rows
2042/2080 episodes, 3.06 s/episode, eta 0.03 h
batch libero_goal:9 C,step real=6/6 19.8 s brain 9.6 s 22 calls 34 rows
2048/2080 episodes, 3.06 s/episode, eta 0.03 h
batch libero_goal:9 C,step real=6/6 16.9 s brain 6.2 s 13 calls 25 rows
2054/2080 episodes, 3.06 s/episode, eta 0.02 h
batch libero_goal:9 C,step real=6/6 20.7 s brain 9.8 s 23 calls 33 rows
2060/2080 episodes, 3.06 s/episode, eta 0.02 h
batch libero_goal:9 C,step real=6/6 17.3 s brain 6.9 s 15 calls 26 rows
2066/2080 episodes, 3.06 s/episode, eta 0.01 h
batch libero_goal:9 C,step real=6/6 15.7 s brain 5.9 s 12 calls 23 rows
2072/2080 episodes, 3.06 s/episode, eta 0.01 h
batch libero_goal:9 C,step real=6/6 17.4 s brain 7.0 s 15 calls 27 rows
2078/2080 episodes, 3.06 s/episode, eta 0.00 h
batch libero_goal:9 C,step real=2/6 13.3 s brain 4.0 s 10 calls 12 rows
2080/2080 episodes, 3.06 s/episode, eta 0.00 h
[00:13:19] pass 2 skipped: pass 1 exited cleanly, no failed batch
[00:13:24] phase pi, lane p, id 2 (3900 episodes): --brain pi05 --kinds step --cells A --methods none,G,Gkeep,Gk0,Gauto --inits 0-29
[00:13:24] pass 1: --brain pi05 --kinds step --cells A --methods none,G,Gkeep,Gk0,Gauto --inits 0-29 --precision fp32 --n-envs 6 --kbar 0.1566 --t-ramp 5 --k-p 1.0 --tau-k 0.039517 --out results/c1-e4/pod/grid_pi05.jsonl
[robosuite WARNING] No private macro file found! (__init__.py:7)
WARNING:robosuite_logs:No private macro file found!
[robosuite WARNING] It is recommended to use a private macro file (__init__.py:8)
WARNING:robosuite_logs:It is recommended to use a private macro file
[robosuite WARNING] To setup, run: python /workspace/jit-reflex/venv/lib/python3.12/site-packages/robosuite/scripts/setup_macros.py (__init__.py:9)
WARNING:robosuite_logs:To setup, run: python /workspace/jit-reflex/venv/lib/python3.12/site-packages/robosuite/scripts/setup_macros.py
3900 episodes to run
Fetching 9 files:   0%|          | 0/9 [00:00<?, ?it/s]Fetching 9 files: 100%|██████████| 9/9 [00:00<00:00, 540.58it/s]
The PI05 model is a direct port of the OpenPI implementation. 
This implementation follows the original OpenPI structure for compatibility. 
Original implementation: https://github.com/Physical-Intelligence/openpi
Loading model from: /workspace/.cache/huggingface/hub/models--lerobot--pi05_libero_finetuned_v044/snapshots/8e174154ef5f6c60a8da12ae99c303d8963138c1
✓ Loaded state dict from model.safetensors
WARNING:root:Vision embedding key might need handling: model.paligemma_with_expert.paligemma.model.vision_tower.vision_model.embeddings.patch_embedding.bias
WARNING:root:Vision embedding key might need handling: model.paligemma_with_expert.paligemma.model.vision_tower.vision_model.embeddings.patch_embedding.weight
All keys loaded successfully!
[info] using task orders [0, 1, 2, 3, 4, 5, 6, 7, 8, 9]
/usr/lib/python3.12/multiprocessing/popen_fork.py:66: DeprecationWarning: This process (pid=102666) is multi-threaded, use of fork() may lead to deadlocks in the child.
  self.pid = os.fork()
[info] using task orders [0, 1, 2, 3, 4, 5, 6, 7, 8, 9]
[info] using task orders [0, 1, 2, 3, 4, 5, 6, 7, 8, 9]
[info] using task orders [0, 1, 2, 3, 4, 5, 6, 7, 8, 9]
[info] using task orders [0, 1, 2, 3, 4, 5, 6, 7, 8, 9]
[info] using task orders [0, 1, 2, 3, 4, 5, 6, 7, 8, 9]
[info] using task orders [0, 1, 2, 3, 4, 5, 6, 7, 8, 9]
Local assets not found. Downloading from HuggingFace Hub...Local assets not found. Downloading from HuggingFace Hub...

Assets already downloaded at /root/.cache/libero/assetsAssets already downloaded at /root/.cache/libero/assets

Local assets not found. Downloading from HuggingFace Hub...Local assets not found. Downloading from HuggingFace Hub...

Assets already downloaded at /root/.cache/libero/assetsAssets already downloaded at /root/.cache/libero/assets

Local assets not found. Downloading from HuggingFace Hub...Local assets not found. Downloading from HuggingFace Hub...

Assets already downloaded at /root/.cache/libero/assetsAssets already downloaded at /root/.cache/libero/assets

batch libero_spatial:0 A,step real=6/6 47.0 s brain 23.6 s 28 calls 128 rows
6/3900 episodes, 8.03 s/episode, eta 8.69 h
batch libero_spatial:0 A,step real=6/6 29.3 s brain 16.0 s 28 calls 72 rows
12/3900 episodes, 6.45 s/episode, eta 6.97 h
batch libero_spatial:0 A,step real=6/6 30.2 s brain 15.6 s 28 calls 68 rows
18/3900 episodes, 5.98 s/episode, eta 6.45 h
batch libero_spatial:0 A,step real=6/6 33.6 s brain 19.4 s 28 calls 102 rows
24/3900 episodes, 5.89 s/episode, eta 6.34 h
batch libero_spatial:0 A,step real=6/6 32.8 s brain 18.0 s 28 calls 91 rows
30/3900 episodes, 5.80 s/episode, eta 6.24 h
batch libero_spatial:0 A,step real=6/6 38.1 s brain 22.0 s 28 calls 122 rows
36/3900 episodes, 5.90 s/episode, eta 6.33 h
batch libero_spatial:0 A,step real=6/6 30.8 s brain 17.8 s 28 calls 86 rows
42/3900 episodes, 5.79 s/episode, eta 6.20 h
batch libero_spatial:0 A,step real=6/6 30.3 s brain 15.2 s 28 calls 66 rows
48/3900 episodes, 5.69 s/episode, eta 6.09 h
batch libero_spatial:0 A,step real=6/6 30.1 s brain 16.7 s 28 calls 79 rows
54/3900 episodes, 5.62 s/episode, eta 6.00 h
batch libero_spatial:0 A,step real=6/6 33.3 s brain 17.2 s 28 calls 83 rows
60/3900 episodes, 5.61 s/episode, eta 5.99 h
batch libero_spatial:0 A,step real=6/6 38.1 s brain 21.8 s 28 calls 122 rows
66/3900 episodes, 5.68 s/episode, eta 6.05 h
batch libero_spatial:0 A,step real=6/6 15.0 s brain 8.6 s 9 calls 50 rows
72/3900 episodes, 5.41 s/episode, eta 5.76 h
batch libero_spatial:0 A,step real=6/6 29.1 s brain 15.1 s 28 calls 66 rows
78/3900 episodes, 5.37 s/episode, eta 5.70 h
batch libero_spatial:0 A,step real=6/6 30.9 s brain 16.6 s 28 calls 79 rows
84/3900 episodes, 5.36 s/episode, eta 5.68 h
batch libero_spatial:0 A,step real=6/6 31.2 s brain 16.4 s 28 calls 77 rows
90/3900 episodes, 5.34 s/episode, eta 5.66 h
batch libero_spatial:0 A,step real=6/6 38.6 s brain 21.9 s 28 calls 122 rows
96/3900 episodes, 5.41 s/episode, eta 5.72 h
batch libero_spatial:0 A,step real=6/6 29.0 s brain 15.6 s 28 calls 69 rows
102/3900 episodes, 5.38 s/episode, eta 5.67 h
batch libero_spatial:0 A,step real=6/6 29.6 s brain 15.4 s 28 calls 67 rows
108/3900 episodes, 5.35 s/episode, eta 5.64 h
batch libero_spatial:0 A,step real=6/6 32.1 s brain 17.5 s 28 calls 85 rows
114/3900 episodes, 5.35 s/episode, eta 5.63 h
batch libero_spatial:0 A,step real=6/6 34.0 s brain 17.8 s 28 calls 88 rows
120/3900 episodes, 5.37 s/episode, eta 5.64 h
batch libero_spatial:0 A,step real=6/6 37.6 s brain 22.0 s 28 calls 122 rows
126/3900 episodes, 5.41 s/episode, eta 5.67 h
batch libero_spatial:0 A,step real=6/6 29.0 s brain 15.6 s 28 calls 69 rows
132/3900 episodes, 5.39 s/episode, eta 5.64 h
batch libero_spatial:0 A,step real=6/6 29.5 s brain 15.1 s 28 calls 66 rows
138/3900 episodes, 5.37 s/episode, eta 5.61 h
batch libero_spatial:0 A,step real=6/6 30.7 s brain 16.7 s 28 calls 77 rows
144/3900 episodes, 5.35 s/episode, eta 5.59 h
batch libero_spatial:0 A,step real=6/6 33.1 s brain 17.7 s 28 calls 86 rows
150/3900 episodes, 5.36 s/episode, eta 5.58 h
[info] using task orders [0, 1, 2, 3, 4, 5, 6, 7, 8, 9]
[info] using task orders [0, 1, 2, 3, 4, 5, 6, 7, 8, 9]
[info] using task orders [0, 1, 2, 3, 4, 5, 6, 7, 8, 9]
[info] using task orders [0, 1, 2, 3, 4, 5, 6, 7, 8, 9]
[info] using task orders [0, 1, 2, 3, 4, 5, 6, 7, 8, 9]
[info] using task orders [0, 1, 2, 3, 4, 5, 6, 7, 8, 9]
[info] using task orders [0, 1, 2, 3, 4, 5, 6, 7, 8, 9]
Local assets not found. Downloading from HuggingFace Hub...Local assets not found. Downloading from HuggingFace Hub...

Local assets not found. Downloading from HuggingFace Hub...
Assets already downloaded at /root/.cache/libero/assetsAssets already downloaded at /root/.cache/libero/assets

Assets already downloaded at /root/.cache/libero/assets
Local assets not found. Downloading from HuggingFace Hub...
Assets already downloaded at /root/.cache/libero/assets
Local assets not found. Downloading from HuggingFace Hub...
Local assets not found. Downloading from HuggingFace Hub...
Assets already downloaded at /root/.cache/libero/assets
Assets already downloaded at /root/.cache/libero/assets
batch libero_spatial:1 A,step real=6/6 28.2 s brain 11.9 s 12 calls 70 rows
156/3900 episodes, 5.35 s/episode, eta 5.57 h
batch libero_spatial:1 A,step real=6/6 22.0 s brain 13.3 s 15 calls 76 rows
162/3900 episodes, 5.29 s/episode, eta 5.49 h
batch libero_spatial:1 A,step real=6/6 33.9 s brain 20.0 s 28 calls 104 rows
168/3900 episodes, 5.30 s/episode, eta 5.50 h
batch libero_spatial:1 A,step real=6/6 34.6 s brain 20.4 s 28 calls 109 rows
174/3900 episodes, 5.32 s/episode, eta 5.50 h
batch libero_spatial:1 A,step real=6/6 33.5 s brain 19.8 s 28 calls 103 rows
180/3900 episodes, 5.33 s/episode, eta 5.50 h
batch libero_spatial:1 A,step real=6/6 18.2 s brain 11.0 s 12 calls 65 rows
186/3900 episodes, 5.25 s/episode, eta 5.42 h
batch libero_spatial:1 A,step real=6/6 31.4 s brain 17.4 s 28 calls 85 rows
192/3900 episodes, 5.25 s/episode, eta 5.41 h
batch libero_spatial:1 A,step real=6/6 30.8 s brain 18.2 s 28 calls 87 rows
198/3900 episodes, 5.25 s/episode, eta 5.40 h
batch libero_spatial:1 A,step real=6/6 30.5 s brain 17.8 s 28 calls 84 rows
204/3900 episodes, 5.24 s/episode, eta 5.38 h
batch libero_spatial:1 A,step real=6/6 18.7 s brain 11.6 s 12 calls 69 rows
210/3900 episodes, 5.18 s/episode, eta 5.31 h
batch libero_spatial:1 A,step real=6/6 22.8 s brain 13.6 s 18 calls 73 rows
216/3900 episodes, 5.14 s/episode, eta 5.26 h
batch libero_spatial:1 A,step real=6/6 18.2 s brain 11.3 s 12 calls 67 rows
222/3900 episodes, 5.09 s/episode, eta 5.20 h
batch libero_spatial:1 A,step real=6/6 31.2 s brain 18.6 s 28 calls 91 rows
228/3900 episodes, 5.09 s/episode, eta 5.19 h
batch libero_spatial:1 A,step real=6/6 31.5 s brain 17.9 s 28 calls 84 rows
234/3900 episodes, 5.09 s/episode, eta 5.19 h
batch libero_spatial:1 A,step real=6/6 19.4 s brain 12.1 s 12 calls 71 rows
240/3900 episodes, 5.05 s/episode, eta 5.13 h
batch libero_spatial:1 A,step real=6/6 18.6 s brain 11.3 s 12 calls 65 rows
246/3900 episodes, 5.00 s/episode, eta 5.08 h
batch libero_spatial:1 A,step real=6/6 19.9 s brain 12.1 s 13 calls 70 rows
252/3900 episodes, 4.96 s/episode, eta 5.03 h
batch libero_spatial:1 A,step real=6/6 30.9 s brain 18.3 s 28 calls 87 rows
258/3900 episodes, 4.96 s/episode, eta 5.02 h
batch libero_spatial:1 A,step real=6/6 31.2 s brain 17.4 s 28 calls 85 rows
264/3900 episodes, 4.97 s/episode, eta 5.02 h
batch libero_spatial:1 A,step real=6/6 19.2 s brain 11.7 s 12 calls 70 rows
270/3900 episodes, 4.93 s/episode, eta 4.97 h
batch libero_spatial:1 A,step real=6/6 18.3 s brain 11.1 s 12 calls 65 rows
276/3900 episodes, 4.89 s/episode, eta 4.92 h
batch libero_spatial:1 A,step real=6/6 30.8 s brain 17.6 s 28 calls 85 rows
282/3900 episodes, 4.89 s/episode, eta 4.92 h
batch libero_spatial:1 A,step real=6/6 30.8 s brain 17.8 s 28 calls 87 rows
288/3900 episodes, 4.90 s/episode, eta 4.92 h
batch libero_spatial:1 A,step real=6/6 31.1 s brain 17.9 s 28 calls 86 rows
294/3900 episodes, 4.91 s/episode, eta 4.91 h
batch libero_spatial:1 A,step real=6/6 18.7 s brain 11.5 s 12 calls 69 rows
300/3900 episodes, 4.87 s/episode, eta 4.87 h
[info] using task orders [0, 1, 2, 3, 4, 5, 6, 7, 8, 9]
[info] using task orders [0, 1, 2, 3, 4, 5, 6, 7, 8, 9]
[info] using task orders [0, 1, 2, 3, 4, 5, 6, 7, 8, 9]
[info] using task orders [0, 1, 2, 3, 4, 5, 6, 7, 8, 9]
[info] using task orders [0, 1, 2, 3, 4, 5, 6, 7, 8, 9]
[info] using task orders [0, 1, 2, 3, 4, 5, 6, 7, 8, 9]
[info] using task orders [0, 1, 2, 3, 4, 5, 6, 7, 8, 9]
Local assets not found. Downloading from HuggingFace Hub...Local assets not found. Downloading from HuggingFace Hub...

Assets already downloaded at /root/.cache/libero/assetsAssets already downloaded at /root/.cache/libero/assets

Local assets not found. Downloading from HuggingFace Hub...Local assets not found. Downloading from HuggingFace Hub...

Assets already downloaded at /root/.cache/libero/assetsAssets already downloaded at /root/.cache/libero/assets

Local assets not found. Downloading from HuggingFace Hub...Local assets not found. Downloading from HuggingFace Hub...

Assets already downloaded at /root/.cache/libero/assetsAssets already downloaded at /root/.cache/libero/assets

batch libero_spatial:2 A,step real=6/6 40.9 s brain 19.5 s 28 calls 99 rows
306/3900 episodes, 4.92 s/episode, eta 4.91 h
batch libero_spatial:2 A,step real=6/6 25.8 s brain 14.8 s 23 calls 72 rows
312/3900 episodes, 4.90 s/episode, eta 4.89 h
batch libero_spatial:2 A,step real=6/6 29.5 s brain 17.0 s 28 calls 80 rows
318/3900 episodes, 4.91 s/episode, eta 4.88 h
batch libero_spatial:2 A,step real=6/6 21.5 s brain 12.7 s 17 calls 67 rows
324/3900 episodes, 4.88 s/episode, eta 4.85 h
batch libero_spatial:2 A,step real=6/6 24.6 s brain 14.2 s 20 calls 75 rows
330/3900 episodes, 4.87 s/episode, eta 4.83 h
batch libero_spatial:2 A,step real=6/6 18.3 s brain 10.8 s 13 calls 61 rows
336/3900 episodes, 4.83 s/episode, eta 4.79 h
batch libero_spatial:2 A,step real=6/6 16.3 s brain 9.8 s 10 calls 58 rows
342/3900 episodes, 4.80 s/episode, eta 4.74 h
batch libero_spatial:2 A,step real=6/6 16.5 s brain 9.7 s 10 calls 58 rows
348/3900 episodes, 4.76 s/episode, eta 4.70 h
batch libero_spatial:2 A,step real=6/6 16.6 s brain 10.1 s 11 calls 59 rows
354/3900 episodes, 4.73 s/episode, eta 4.66 h
batch libero_spatial:2 A,step real=6/6 23.8 s brain 14.0 s 20 calls 71 rows
360/3900 episodes, 4.71 s/episode, eta 4.64 h
batch libero_spatial:2 A,step real=6/6 18.5 s brain 11.1 s 13 calls 62 rows
366/3900 episodes, 4.69 s/episode, eta 4.60 h
batch libero_spatial:2 A,step real=6/6 32.1 s brain 19.4 s 28 calls 98 rows
372/3900 episodes, 4.70 s/episode, eta 4.60 h
batch libero_spatial:2 A,step real=6/6 16.8 s brain 9.9 s 10 calls 58 rows
378/3900 episodes, 4.67 s/episode, eta 4.57 h
batch libero_spatial:2 A,step real=6/6 31.6 s brain 19.0 s 28 calls 96 rows
384/3900 episodes, 4.68 s/episode, eta 4.57 h
batch libero_spatial:2 A,step real=6/6 19.0 s brain 11.0 s 13 calls 63 rows
390/3900 episodes, 4.65 s/episode, eta 4.54 h
batch libero_spatial:2 A,step real=6/6 18.6 s brain 10.9 s 13 calls 61 rows
396/3900 episodes, 4.63 s/episode, eta 4.51 h
batch libero_spatial:2 A,step real=6/6 16.2 s brain 9.7 s 10 calls 58 rows
402/3900 episodes, 4.60 s/episode, eta 4.47 h
batch libero_spatial:2 A,step real=6/6 16.4 s brain 9.7 s 10 calls 58 rows
408/3900 episodes, 4.57 s/episode, eta 4.44 h
batch libero_spatial:2 A,step real=6/6 16.9 s brain 10.0 s 11 calls 59 rows
414/3900 episodes, 4.55 s/episode, eta 4.41 h
batch libero_spatial:2 A,step real=6/6 18.6 s brain 11.0 s 13 calls 62 rows
420/3900 episodes, 4.53 s/episode, eta 4.38 h
batch libero_spatial:2 A,step real=6/6 18.6 s brain 10.8 s 13 calls 61 rows
426/3900 episodes, 4.51 s/episode, eta 4.35 h
batch libero_spatial:2 A,step real=6/6 16.4 s brain 9.9 s 10 calls 59 rows
432/3900 episodes, 4.48 s/episode, eta 4.32 h
batch libero_spatial:2 A,step real=6/6 16.4 s brain 9.7 s 10 calls 58 rows
438/3900 episodes, 4.46 s/episode, eta 4.29 h
batch libero_spatial:2 A,step real=6/6 16.8 s brain 10.1 s 11 calls 59 rows
444/3900 episodes, 4.44 s/episode, eta 4.26 h
batch libero_spatial:2 A,step real=6/6 18.9 s brain 11.2 s 13 calls 63 rows
450/3900 episodes, 4.42 s/episode, eta 4.24 h
[info] using task orders [0, 1, 2, 3, 4, 5, 6, 7, 8, 9]
[info] using task orders [0, 1, 2, 3, 4, 5, 6, 7, 8, 9]
[info] using task orders [0, 1, 2, 3, 4, 5, 6, 7, 8, 9]
[info] using task orders [0, 1, 2, 3, 4, 5, 6, 7, 8, 9]
[info] using task orders [0, 1, 2, 3, 4, 5, 6, 7, 8, 9]
[info] using task orders [0, 1, 2, 3, 4, 5, 6, 7, 8, 9]
[info] using task orders [0, 1, 2, 3, 4, 5, 6, 7, 8, 9]
Local assets not found. Downloading from HuggingFace Hub...Local assets not found. Downloading from HuggingFace Hub...Local assets not found. Downloading from HuggingFace Hub...Local assets not found. Downloading from HuggingFace Hub...



Assets already downloaded at /root/.cache/libero/assetsAssets already downloaded at /root/.cache/libero/assetsAssets already downloaded at /root/.cache/libero/assetsAssets already downloaded at /root/.cache/libero/assets



Local assets not found. Downloading from HuggingFace Hub...
Assets already downloaded at /root/.cache/libero/assets
Local assets not found. Downloading from HuggingFace Hub...
Assets already downloaded at /root/.cache/libero/assets
batch libero_spatial:3 A,step real=6/6 40.3 s brain 20.0 s 28 calls 100 rows
456/3900 episodes, 4.46 s/episode, eta 4.26 h
batch libero_spatial:3 A,step real=6/6 31.7 s brain 18.9 s 28 calls 92 rows
462/3900 episodes, 4.47 s/episode, eta 4.27 h
batch libero_spatial:3 A,step real=6/6 31.0 s brain 18.5 s 28 calls 91 rows
468/3900 episodes, 4.48 s/episode, eta 4.27 h
batch libero_spatial:3 A,step real=6/6 33.4 s brain 20.3 s 28 calls 110 rows
474/3900 episodes, 4.49 s/episode, eta 4.27 h
batch libero_spatial:3 A,step real=6/6 29.6 s brain 17.0 s 28 calls 80 rows
480/3900 episodes, 4.49 s/episode, eta 4.27 h
batch libero_spatial:3 A,step real=6/6 32.2 s brain 19.1 s 28 calls 98 rows
486/3900 episodes, 4.51 s/episode, eta 4.27 h
batch libero_spatial:3 A,step real=6/6 15.8 s brain 9.0 s 10 calls 53 rows
492/3900 episodes, 4.48 s/episode, eta 4.24 h
batch libero_spatial:3 A,step real=6/6 28.8 s brain 16.1 s 28 calls 73 rows
498/3900 episodes, 4.49 s/episode, eta 4.24 h
batch libero_spatial:3 A,step real=6/6 17.8 s brain 10.3 s 13 calls 56 rows
504/3900 episodes, 4.47 s/episode, eta 4.22 h
batch libero_spatial:3 A,step real=6/6 21.6 s brain 12.3 s 18 calls 62 rows
510/3900 episodes, 4.46 s/episode, eta 4.20 h
batch libero_spatial:3 A,step real=6/6 30.3 s brain 17.6 s 28 calls 85 rows
516/3900 episodes, 4.47 s/episode, eta 4.20 h
batch libero_spatial:3 A,step real=6/6 29.0 s brain 16.2 s 28 calls 73 rows
522/3900 episodes, 4.47 s/episode, eta 4.19 h
batch libero_spatial:3 A,step real=6/6 18.7 s brain 10.8 s 13 calls 59 rows
528/3900 episodes, 4.45 s/episode, eta 4.17 h
batch libero_spatial:3 A,step real=6/6 29.5 s brain 16.1 s 28 calls 72 rows
534/3900 episodes, 4.46 s/episode, eta 4.17 h
batch libero_spatial:3 A,step real=6/6 17.7 s brain 9.9 s 12 calls 56 rows
540/3900 episodes, 4.44 s/episode, eta 4.15 h
batch libero_spatial:3 A,step real=6/6 33.1 s brain 20.2 s 28 calls 109 rows
546/3900 episodes, 4.45 s/episode, eta 4.15 h
batch libero_spatial:3 A,step real=6/6 28.4 s brain 15.8 s 28 calls 72 rows
552/3900 episodes, 4.46 s/episode, eta 4.15 h
batch libero_spatial:3 A,step real=6/6 18.9 s brain 10.7 s 14 calls 58 rows
558/3900 episodes, 4.44 s/episode, eta 4.12 h
batch libero_spatial:3 A,step real=6/6 29.5 s brain 16.4 s 28 calls 75 rows
564/3900 episodes, 4.45 s/episode, eta 4.12 h
batch libero_spatial:3 A,step real=6/6 17.4 s brain 9.9 s 12 calls 56 rows
570/3900 episodes, 4.43 s/episode, eta 4.10 h
batch libero_spatial:3 A,step real=6/6 31.1 s brain 17.6 s 28 calls 85 rows
576/3900 episodes, 4.44 s/episode, eta 4.10 h
batch libero_spatial:3 A,step real=6/6 15.7 s brain 9.2 s 10 calls 54 rows
582/3900 episodes, 4.42 s/episode, eta 4.07 h
batch libero_spatial:3 A,step real=6/6 18.6 s brain 10.6 s 14 calls 58 rows
588/3900 episodes, 4.41 s/episode, eta 4.06 h
batch libero_spatial:3 A,step real=6/6 25.6 s brain 14.5 s 23 calls 71 rows
594/3900 episodes, 4.41 s/episode, eta 4.05 h
batch libero_spatial:3 A,step real=6/6 18.0 s brain 10.3 s 13 calls 57 rows
600/3900 episodes, 4.39 s/episode, eta 4.03 h
[info] using task orders [0, 1, 2, 3, 4, 5, 6, 7, 8, 9]
[info] using task orders [0, 1, 2, 3, 4, 5, 6, 7, 8, 9]
[info] using task orders [0, 1, 2, 3, 4, 5, 6, 7, 8, 9]
[info] using task orders [0, 1, 2, 3, 4, 5, 6, 7, 8, 9]
[info] using task orders [0, 1, 2, 3, 4, 5, 6, 7, 8, 9]
[info] using task orders [0, 1, 2, 3, 4, 5, 6, 7, 8, 9]
[info] using task orders [0, 1, 2, 3, 4, 5, 6, 7, 8, 9]
Local assets not found. Downloading from HuggingFace Hub...Local assets not found. Downloading from HuggingFace Hub...Local assets not found. Downloading from HuggingFace Hub...Local assets not found. Downloading from HuggingFace Hub...



Assets already downloaded at /root/.cache/libero/assetsAssets already downloaded at /root/.cache/libero/assetsAssets already downloaded at /root/.cache/libero/assetsAssets already downloaded at /root/.cache/libero/assets



Local assets not found. Downloading from HuggingFace Hub...Local assets not found. Downloading from HuggingFace Hub...

Assets already downloaded at /root/.cache/libero/assets
Assets already downloaded at /root/.cache/libero/assets
batch libero_spatial:4 A,step real=6/6 42.1 s brain 20.9 s 28 calls 111 rows
606/3900 episodes, 4.42 s/episode, eta 4.05 h
batch libero_spatial:4 A,step real=6/6 31.9 s brain 18.4 s 28 calls 93 rows
612/3900 episodes, 4.43 s/episode, eta 4.05 h
batch libero_spatial:4 A,step real=6/6 36.4 s brain 21.8 s 28 calls 122 rows
618/3900 episodes, 4.45 s/episode, eta 4.05 h
batch libero_spatial:4 A,step real=6/6 35.5 s brain 20.4 s 28 calls 109 rows
624/3900 episodes, 4.46 s/episode, eta 4.06 h
batch libero_spatial:4 A,step real=6/6 36.5 s brain 21.8 s 28 calls 122 rows
630/3900 episodes, 4.48 s/episode, eta 4.07 h
batch libero_spatial:4 A,step real=6/6 36.2 s brain 21.9 s 28 calls 123 rows
636/3900 episodes, 4.49 s/episode, eta 4.07 h
batch libero_spatial:4 A,step real=6/6 32.5 s brain 18.7 s 28 calls 95 rows
642/3900 episodes, 4.50 s/episode, eta 4.07 h
batch libero_spatial:4 A,step real=6/6 35.0 s brain 20.9 s 28 calls 113 rows
648/3900 episodes, 4.51 s/episode, eta 4.08 h
batch libero_spatial:4 A,step real=6/6 36.5 s brain 22.2 s 28 calls 124 rows
654/3900 episodes, 4.53 s/episode, eta 4.08 h
batch libero_spatial:4 A,step real=6/6 36.1 s brain 20.5 s 28 calls 110 rows
660/3900 episodes, 4.54 s/episode, eta 4.09 h
batch libero_spatial:4 A,step real=6/6 38.7 s brain 24.0 s 28 calls 140 rows
666/3900 episodes, 4.56 s/episode, eta 4.09 h
batch libero_spatial:4 A,step real=6/6 42.4 s brain 27.8 s 28 calls 168 rows
672/3900 episodes, 4.58 s/episode, eta 4.11 h
batch libero_spatial:4 A,step real=6/6 38.6 s brain 23.8 s 28 calls 138 rows
678/3900 episodes, 4.60 s/episode, eta 4.11 h
batch libero_spatial:4 A,step real=6/6 38.3 s brain 22.6 s 28 calls 129 rows
684/3900 episodes, 4.61 s/episode, eta 4.12 h
batch libero_spatial:4 A,step real=6/6 38.9 s brain 23.9 s 28 calls 139 rows
690/3900 episodes, 4.63 s/episode, eta 4.13 h
batch libero_spatial:4 A,step real=6/6 36.0 s brain 22.0 s 28 calls 123 rows
696/3900 episodes, 4.64 s/episode, eta 4.13 h
batch libero_spatial:4 A,step real=6/6 37.8 s brain 23.5 s 28 calls 135 rows
702/3900 episodes, 4.65 s/episode, eta 4.13 h
batch libero_spatial:4 A,step real=6/6 34.2 s brain 20.5 s 28 calls 111 rows
708/3900 episodes, 4.66 s/episode, eta 4.13 h
batch libero_spatial:4 A,step real=6/6 36.6 s brain 22.5 s 28 calls 127 rows
714/3900 episodes, 4.68 s/episode, eta 4.14 h
batch libero_spatial:4 A,step real=6/6 36.7 s brain 22.1 s 28 calls 123 rows
720/3900 episodes, 4.69 s/episode, eta 4.14 h
batch libero_spatial:4 A,step real=6/6 38.2 s brain 23.0 s 28 calls 124 rows
726/3900 episodes, 4.70 s/episode, eta 4.14 h
batch libero_spatial:4 A,step real=6/6 40.4 s brain 25.4 s 28 calls 148 rows
732/3900 episodes, 4.72 s/episode, eta 4.15 h
batch libero_spatial:4 A,step real=6/6 37.8 s brain 22.4 s 28 calls 125 rows
738/3900 episodes, 4.73 s/episode, eta 4.15 h
batch libero_spatial:4 A,step real=6/6 40.5 s brain 25.9 s 28 calls 152 rows
744/3900 episodes, 4.75 s/episode, eta 4.16 h
batch libero_spatial:4 A,step real=6/6 37.0 s brain 22.4 s 28 calls 124 rows
750/3900 episodes, 4.76 s/episode, eta 4.16 h
[info] using task orders [0, 1, 2, 3, 4, 5, 6, 7, 8, 9]
[info] using task orders [0, 1, 2, 3, 4, 5, 6, 7, 8, 9]
[info] using task orders [0, 1, 2, 3, 4, 5, 6, 7, 8, 9]
[info] using task orders [0, 1, 2, 3, 4, 5, 6, 7, 8, 9]
[info] using task orders [0, 1, 2, 3, 4, 5, 6, 7, 8, 9]
[info] using task orders [0, 1, 2, 3, 4, 5, 6, 7, 8, 9]
[info] using task orders [0, 1, 2, 3, 4, 5, 6, 7, 8, 9]
Local assets not found. Downloading from HuggingFace Hub...
Assets already downloaded at /root/.cache/libero/assets
Local assets not found. Downloading from HuggingFace Hub...Local assets not found. Downloading from HuggingFace Hub...
Local assets not found. Downloading from HuggingFace Hub...

Assets already downloaded at /root/.cache/libero/assetsAssets already downloaded at /root/.cache/libero/assetsAssets already downloaded at /root/.cache/libero/assets


Local assets not found. Downloading from HuggingFace Hub...
Assets already downloaded at /root/.cache/libero/assets
Local assets not found. Downloading from HuggingFace Hub...
Assets already downloaded at /root/.cache/libero/assets
batch libero_spatial:5 A,step real=6/6 47.1 s brain 26.3 s 28 calls 156 rows
756/3900 episodes, 4.79 s/episode, eta 4.18 h
batch libero_spatial:5 A,step real=6/6 39.2 s brain 25.3 s 28 calls 149 rows
762/3900 episodes, 4.80 s/episode, eta 4.18 h
batch libero_spatial:5 A,step real=6/6 32.7 s brain 19.0 s 28 calls 96 rows
768/3900 episodes, 4.80 s/episode, eta 4.18 h
batch libero_spatial:5 A,step real=6/6 35.8 s brain 21.2 s 28 calls 116 rows
774/3900 episodes, 4.81 s/episode, eta 4.18 h
batch libero_spatial:5 A,step real=6/6 43.6 s brain 28.8 s 28 calls 168 rows
780/3900 episodes, 4.83 s/episode, eta 4.19 h
batch libero_spatial:5 A,step real=6/6 38.9 s brain 23.6 s 28 calls 130 rows
786/3900 episodes, 4.85 s/episode, eta 4.19 h
batch libero_spatial:5 A,step real=6/6 37.9 s brain 23.5 s 28 calls 134 rows
792/3900 episodes, 4.86 s/episode, eta 4.19 h
batch libero_spatial:5 A,step real=6/6 33.6 s brain 19.3 s 28 calls 97 rows
798/3900 episodes, 4.86 s/episode, eta 4.19 h
batch libero_spatial:5 A,step real=6/6 35.5 s brain 21.2 s 28 calls 114 rows
804/3900 episodes, 4.87 s/episode, eta 4.19 h
batch libero_spatial:5 A,step real=6/6 42.1 s brain 27.9 s 28 calls 166 rows
810/3900 episodes, 4.89 s/episode, eta 4.19 h
batch libero_spatial:5 A,step real=6/6 40.3 s brain 26.1 s 28 calls 152 rows
816/3900 episodes, 4.90 s/episode, eta 4.20 h
batch libero_spatial:5 A,step real=6/6 36.9 s brain 22.9 s 28 calls 130 rows
822/3900 episodes, 4.91 s/episode, eta 4.20 h
batch libero_spatial:5 A,step real=6/6 33.5 s brain 19.5 s 28 calls 100 rows
828/3900 episodes, 4.91 s/episode, eta 4.19 h
batch libero_spatial:5 A,step real=6/6 37.8 s brain 23.1 s 28 calls 131 rows
834/3900 episodes, 4.92 s/episode, eta 4.19 h
batch libero_spatial:5 A,step real=6/6 41.9 s brain 28.1 s 28 calls 168 rows
840/3900 episodes, 4.94 s/episode, eta 4.20 h
batch libero_spatial:5 A,step real=6/6 39.5 s brain 25.4 s 28 calls 149 rows
846/3900 episodes, 4.95 s/episode, eta 4.20 h
batch libero_spatial:5 A,step real=6/6 39.4 s brain 24.3 s 28 calls 135 rows
852/3900 episodes, 4.96 s/episode, eta 4.20 h
batch libero_spatial:5 A,step real=6/6 33.8 s brain 19.2 s 28 calls 97 rows
858/3900 episodes, 4.97 s/episode, eta 4.20 h
batch libero_spatial:5 A,step real=6/6 36.0 s brain 21.3 s 28 calls 115 rows
864/3900 episodes, 4.97 s/episode, eta 4.19 h
batch libero_spatial:5 A,step real=6/6 38.7 s brain 23.8 s 28 calls 135 rows
870/3900 episodes, 4.98 s/episode, eta 4.19 h
batch libero_spatial:5 A,step real=6/6 37.4 s brain 22.8 s 28 calls 129 rows
876/3900 episodes, 4.99 s/episode, eta 4.19 h
batch libero_spatial:5 A,step real=6/6 38.2 s brain 23.5 s 28 calls 134 rows
882/3900 episodes, 5.00 s/episode, eta 4.19 h
batch libero_spatial:5 A,step real=6/6 32.7 s brain 18.8 s 28 calls 95 rows
888/3900 episodes, 5.00 s/episode, eta 4.19 h
batch libero_spatial:5 A,step real=6/6 36.1 s brain 21.2 s 28 calls 115 rows
894/3900 episodes, 5.01 s/episode, eta 4.18 h
batch libero_spatial:5 A,step real=6/6 38.8 s brain 23.7 s 28 calls 135 rows
900/3900 episodes, 5.02 s/episode, eta 4.18 h
[info] using task orders [0, 1, 2, 3, 4, 5, 6, 7, 8, 9]
[info] using task orders [0, 1, 2, 3, 4, 5, 6, 7, 8, 9]
[info] using task orders [0, 1, 2, 3, 4, 5, 6, 7, 8, 9]
[info] using task orders [0, 1, 2, 3, 4, 5, 6, 7, 8, 9]
[info] using task orders [0, 1, 2, 3, 4, 5, 6, 7, 8, 9]
[info] using task orders [0, 1, 2, 3, 4, 5, 6, 7, 8, 9]
[info] using task orders [0, 1, 2, 3, 4, 5, 6, 7, 8, 9]
Local assets not found. Downloading from HuggingFace Hub...Local assets not found. Downloading from HuggingFace Hub...Local assets not found. Downloading from HuggingFace Hub...

Assets already downloaded at /root/.cache/libero/assets

Assets already downloaded at /root/.cache/libero/assets
Assets already downloaded at /root/.cache/libero/assets
Local assets not found. Downloading from HuggingFace Hub...
Assets already downloaded at /root/.cache/libero/assets
Local assets not found. Downloading from HuggingFace Hub...
Assets already downloaded at /root/.cache/libero/assets
Local assets not found. Downloading from HuggingFace Hub...
Assets already downloaded at /root/.cache/libero/assets
batch libero_spatial:6 A,step real=6/6 37.9 s brain 17.6 s 28 calls 82 rows
906/3900 episodes, 5.03 s/episode, eta 4.18 h
batch libero_spatial:6 A,step real=6/6 31.5 s brain 18.3 s 28 calls 90 rows
912/3900 episodes, 5.03 s/episode, eta 4.18 h
batch libero_spatial:6 A,step real=6/6 32.0 s brain 18.1 s 28 calls 89 rows
918/3900 episodes, 5.04 s/episode, eta 4.17 h
batch libero_spatial:6 A,step real=6/6 33.0 s brain 19.4 s 28 calls 98 rows
924/3900 episodes, 5.04 s/episode, eta 4.16 h
batch libero_spatial:6 A,step real=6/6 33.0 s brain 19.4 s 28 calls 99 rows
930/3900 episodes, 5.04 s/episode, eta 4.16 h
batch libero_spatial:6 A,step real=6/6 31.9 s brain 17.8 s 28 calls 86 rows
936/3900 episodes, 5.04 s/episode, eta 4.15 h
batch libero_spatial:6 A,step real=6/6 19.8 s brain 11.7 s 13 calls 68 rows
942/3900 episodes, 5.03 s/episode, eta 4.13 h
batch libero_spatial:6 A,step real=6/6 30.4 s brain 17.5 s 28 calls 83 rows
948/3900 episodes, 5.03 s/episode, eta 4.13 h
batch libero_spatial:6 A,step real=6/6 31.5 s brain 18.0 s 28 calls 86 rows
954/3900 episodes, 5.03 s/episode, eta 4.12 h
batch libero_spatial:6 A,step real=6/6 33.3 s brain 20.0 s 28 calls 106 rows
960/3900 episodes, 5.04 s/episode, eta 4.11 h
batch libero_spatial:6 A,step real=6/6 30.6 s brain 17.2 s 28 calls 83 rows
966/3900 episodes, 5.04 s/episode, eta 4.11 h
batch libero_spatial:6 A,step real=6/6 21.9 s brain 12.9 s 15 calls 74 rows
972/3900 episodes, 5.03 s/episode, eta 4.09 h
batch libero_spatial:6 A,step real=6/6 32.7 s brain 19.0 s 28 calls 99 rows
978/3900 episodes, 5.03 s/episode, eta 4.08 h
batch libero_spatial:6 A,step real=6/6 32.2 s brain 18.5 s 28 calls 93 rows
984/3900 episodes, 5.03 s/episode, eta 4.08 h
batch libero_spatial:6 A,step real=6/6 33.1 s brain 19.5 s 28 calls 102 rows
990/3900 episodes, 5.04 s/episode, eta 4.07 h
batch libero_spatial:6 A,step real=6/6 31.0 s brain 17.3 s 28 calls 83 rows
996/3900 episodes, 5.04 s/episode, eta 4.06 h
batch libero_spatial:6 A,step real=6/6 19.7 s brain 11.8 s 13 calls 69 rows
1002/3900 episodes, 5.03 s/episode, eta 4.05 h
batch libero_spatial:6 A,step real=6/6 33.1 s brain 19.4 s 28 calls 101 rows
1008/3900 episodes, 5.03 s/episode, eta 4.04 h
batch libero_spatial:6 A,step real=6/6 31.4 s brain 17.8 s 28 calls 87 rows
1014/3900 episodes, 5.03 s/episode, eta 4.03 h
batch libero_spatial:6 A,step real=6/6 33.8 s brain 20.1 s 28 calls 106 rows
1020/3900 episodes, 5.03 s/episode, eta 4.03 h
batch libero_spatial:6 A,step real=6/6 30.5 s brain 17.3 s 28 calls 83 rows
1026/3900 episodes, 5.03 s/episode, eta 4.02 h
batch libero_spatial:6 A,step real=6/6 19.8 s brain 12.1 s 13 calls 71 rows
1032/3900 episodes, 5.02 s/episode, eta 4.00 h
batch libero_spatial:6 A,step real=6/6 30.7 s brain 17.7 s 28 calls 88 rows
1038/3900 episodes, 5.02 s/episode, eta 3.99 h
batch libero_spatial:6 A,step real=6/6 31.0 s brain 17.6 s 28 calls 86 rows
1044/3900 episodes, 5.03 s/episode, eta 3.99 h
batch libero_spatial:6 A,step real=6/6 33.5 s brain 20.1 s 28 calls 106 rows
1050/3900 episodes, 5.03 s/episode, eta 3.98 h
[info] using task orders [0, 1, 2, 3, 4, 5, 6, 7, 8, 9]
[info] using task orders [0, 1, 2, 3, 4, 5, 6, 7, 8, 9]
[info] using task orders [0, 1, 2, 3, 4, 5, 6, 7, 8, 9]
[info] using task orders [0, 1, 2, 3, 4, 5, 6, 7, 8, 9]
[info] using task orders [0, 1, 2, 3, 4, 5, 6, 7, 8, 9]
[info] using task orders [0, 1, 2, 3, 4, 5, 6, 7, 8, 9]
[info] using task orders [0, 1, 2, 3, 4, 5, 6, 7, 8, 9]
Local assets not found. Downloading from HuggingFace Hub...Local assets not found. Downloading from HuggingFace Hub...

Assets already downloaded at /root/.cache/libero/assetsAssets already downloaded at /root/.cache/libero/assets

Local assets not found. Downloading from HuggingFace Hub...
Assets already downloaded at /root/.cache/libero/assets
Local assets not found. Downloading from HuggingFace Hub...
Local assets not found. Downloading from HuggingFace Hub...
Assets already downloaded at /root/.cache/libero/assets
Assets already downloaded at /root/.cache/libero/assets
Local assets not found. Downloading from HuggingFace Hub...
Assets already downloaded at /root/.cache/libero/assets
batch libero_spatial:7 A,step real=6/6 39.8 s brain 18.4 s 28 calls 90 rows
1056/3900 episodes, 5.04 s/episode, eta 3.98 h
batch libero_spatial:7 A,step real=6/6 29.4 s brain 17.1 s 23 calls 93 rows
1062/3900 episodes, 5.04 s/episode, eta 3.97 h
batch libero_spatial:7 A,step real=6/6 26.5 s brain 15.2 s 20 calls 83 rows
1068/3900 episodes, 5.04 s/episode, eta 3.96 h
batch libero_spatial:7 A,step real=6/6 34.3 s brain 20.2 s 28 calls 106 rows
1074/3900 episodes, 5.04 s/episode, eta 3.96 h
batch libero_spatial:7 A,step real=6/6 33.0 s brain 18.7 s 28 calls 94 rows
1080/3900 episodes, 5.04 s/episode, eta 3.95 h
batch libero_spatial:7 A,step real=6/6 31.4 s brain 17.7 s 28 calls 87 rows
1086/3900 episodes, 5.04 s/episode, eta 3.94 h
batch libero_spatial:7 A,step real=6/6 31.6 s brain 18.0 s 28 calls 89 rows
1092/3900 episodes, 5.04 s/episode, eta 3.93 h
batch libero_spatial:7 A,step real=6/6 20.3 s brain 12.0 s 13 calls 71 rows
1098/3900 episodes, 5.04 s/episode, eta 3.92 h
batch libero_spatial:7 A,step real=6/6 31.4 s brain 17.7 s 28 calls 85 rows
1104/3900 episodes, 5.04 s/episode, eta 3.91 h
batch libero_spatial:7 A,step real=6/6 20.4 s brain 12.3 s 13 calls 73 rows
1110/3900 episodes, 5.03 s/episode, eta 3.90 h
batch libero_spatial:7 A,step real=6/6 33.6 s brain 19.7 s 28 calls 103 rows
1116/3900 episodes, 5.03 s/episode, eta 3.89 h
batch libero_spatial:7 A,step real=6/6 23.6 s brain 13.9 s 16 calls 80 rows
1122/3900 episodes, 5.02 s/episode, eta 3.88 h
batch libero_spatial:7 A,step real=6/6 20.5 s brain 12.2 s 13 calls 72 rows
1128/3900 episodes, 5.02 s/episode, eta 3.86 h
batch libero_spatial:7 A,step real=6/6 25.0 s brain 14.5 s 18 calls 80 rows
1134/3900 episodes, 5.01 s/episode, eta 3.85 h
batch libero_spatial:7 A,step real=6/6 21.8 s brain 12.7 s 14 calls 75 rows
1140/3900 episodes, 5.00 s/episode, eta 3.84 h
batch libero_spatial:7 A,step real=6/6 19.7 s brain 11.6 s 12 calls 69 rows
1146/3900 episodes, 5.00 s/episode, eta 3.82 h
batch libero_spatial:7 A,step real=6/6 30.1 s brain 17.0 s 25 calls 86 rows
1152/3900 episodes, 5.00 s/episode, eta 3.81 h
batch libero_spatial:7 A,step real=6/6 20.4 s brain 12.3 s 13 calls 73 rows
1158/3900 episodes, 4.99 s/episode, eta 3.80 h
batch libero_spatial:7 A,step real=6/6 31.0 s brain 17.4 s 28 calls 84 rows
1164/3900 episodes, 4.99 s/episode, eta 3.79 h
batch libero_spatial:7 A,step real=6/6 20.2 s brain 12.4 s 13 calls 73 rows
1170/3900 episodes, 4.98 s/episode, eta 3.78 h
batch libero_spatial:7 A,step real=6/6 20.1 s brain 12.0 s 13 calls 71 rows
1176/3900 episodes, 4.97 s/episode, eta 3.76 h
batch libero_spatial:7 A,step real=6/6 20.9 s brain 12.7 s 13 calls 76 rows
1182/3900 episodes, 4.96 s/episode, eta 3.75 h
batch libero_spatial:7 A,step real=6/6 20.2 s brain 12.3 s 13 calls 73 rows
1188/3900 episodes, 4.96 s/episode, eta 3.73 h
batch libero_spatial:7 A,step real=6/6 31.1 s brain 17.4 s 28 calls 84 rows
1194/3900 episodes, 4.96 s/episode, eta 3.73 h
batch libero_spatial:7 A,step real=6/6 20.3 s brain 12.3 s 13 calls 73 rows
1200/3900 episodes, 4.95 s/episode, eta 3.71 h
[info] using task orders [0, 1, 2, 3, 4, 5, 6, 7, 8, 9]
[info] using task orders [0, 1, 2, 3, 4, 5, 6, 7, 8, 9]
[info] using task orders [0, 1, 2, 3, 4, 5, 6, 7, 8, 9]
[info] using task orders [0, 1, 2, 3, 4, 5, 6, 7, 8, 9]
[info] using task orders [0, 1, 2, 3, 4, 5, 6, 7, 8, 9]
[info] using task orders [0, 1, 2, 3, 4, 5, 6, 7, 8, 9]
[info] using task orders [0, 1, 2, 3, 4, 5, 6, 7, 8, 9]
Local assets not found. Downloading from HuggingFace Hub...Local assets not found. Downloading from HuggingFace Hub...

Assets already downloaded at /root/.cache/libero/assetsAssets already downloaded at /root/.cache/libero/assets

Local assets not found. Downloading from HuggingFace Hub...Local assets not found. Downloading from HuggingFace Hub...

Assets already downloaded at /root/.cache/libero/assetsAssets already downloaded at /root/.cache/libero/assets

Local assets not found. Downloading from HuggingFace Hub...Local assets not found. Downloading from HuggingFace Hub...

Assets already downloaded at /root/.cache/libero/assetsAssets already downloaded at /root/.cache/libero/assets

batch libero_spatial:8 A,step real=6/6 41.3 s brain 18.7 s 28 calls 94 rows
1206/3900 episodes, 4.96 s/episode, eta 3.71 h
batch libero_spatial:8 A,step real=6/6 31.5 s brain 17.4 s 28 calls 84 rows
1212/3900 episodes, 4.96 s/episode, eta 3.71 h
batch libero_spatial:8 A,step real=6/6 35.5 s brain 20.7 s 28 calls 113 rows
1218/3900 episodes, 4.97 s/episode, eta 3.70 h
batch libero_spatial:8 A,step real=6/6 20.4 s brain 11.9 s 15 calls 66 rows
1224/3900 episodes, 4.96 s/episode, eta 3.69 h
batch libero_spatial:8 A,step real=6/6 17.8 s brain 10.5 s 11 calls 63 rows
1230/3900 episodes, 4.95 s/episode, eta 3.67 h
batch libero_spatial:8 A,step real=6/6 33.4 s brain 18.5 s 28 calls 94 rows
1236/3900 episodes, 4.95 s/episode, eta 3.67 h
batch libero_spatial:8 A,step real=6/6 31.8 s brain 17.1 s 28 calls 82 rows
1242/3900 episodes, 4.95 s/episode, eta 3.66 h
batch libero_spatial:8 A,step real=6/6 33.2 s brain 18.8 s 28 calls 94 rows
1248/3900 episodes, 4.96 s/episode, eta 3.65 h
batch libero_spatial:8 A,step real=6/6 21.1 s brain 12.2 s 16 calls 66 rows
1254/3900 episodes, 4.95 s/episode, eta 3.64 h
batch libero_spatial:8 A,step real=6/6 30.0 s brain 16.7 s 28 calls 78 rows
1260/3900 episodes, 4.95 s/episode, eta 3.63 h
batch libero_spatial:8 A,step real=6/6 33.5 s brain 18.6 s 28 calls 94 rows
1266/3900 episodes, 4.95 s/episode, eta 3.62 h
batch libero_spatial:8 A,step real=6/6 35.4 s brain 21.5 s 28 calls 119 rows
1272/3900 episodes, 4.96 s/episode, eta 3.62 h
batch libero_spatial:8 A,step real=6/6 38.6 s brain 23.2 s 28 calls 132 rows
1278/3900 episodes, 4.96 s/episode, eta 3.62 h
batch libero_spatial:8 A,step real=6/6 21.4 s brain 12.3 s 16 calls 67 rows
1284/3900 episodes, 4.96 s/episode, eta 3.60 h
batch libero_spatial:8 A,step real=6/6 32.2 s brain 18.7 s 28 calls 94 rows
1290/3900 episodes, 4.96 s/episode, eta 3.60 h
batch libero_spatial:8 A,step real=6/6 33.4 s brain 18.7 s 28 calls 94 rows
1296/3900 episodes, 4.96 s/episode, eta 3.59 h
batch libero_spatial:8 A,step real=6/6 31.6 s brain 17.0 s 28 calls 82 rows
1302/3900 episodes, 4.96 s/episode, eta 3.58 h
batch libero_spatial:8 A,step real=6/6 36.0 s brain 20.9 s 28 calls 114 rows
1308/3900 episodes, 4.97 s/episode, eta 3.58 h
batch libero_spatial:8 A,step real=6/6 21.2 s brain 12.4 s 16 calls 67 rows
1314/3900 episodes, 4.96 s/episode, eta 3.56 h
batch libero_spatial:8 A,step real=6/6 30.6 s brain 17.3 s 28 calls 79 rows
1320/3900 episodes, 4.96 s/episode, eta 3.56 h
batch libero_spatial:8 A,step real=6/6 33.8 s brain 18.8 s 28 calls 95 rows
1326/3900 episodes, 4.97 s/episode, eta 3.55 h
batch libero_spatial:8 A,step real=6/6 33.5 s brain 19.3 s 28 calls 100 rows
1332/3900 episodes, 4.97 s/episode, eta 3.54 h
batch libero_spatial:8 A,step real=6/6 35.7 s brain 20.9 s 28 calls 114 rows
1338/3900 episodes, 4.97 s/episode, eta 3.54 h
batch libero_spatial:8 A,step real=6/6 20.9 s brain 12.2 s 16 calls 66 rows
1344/3900 episodes, 4.97 s/episode, eta 3.53 h
batch libero_spatial:8 A,step real=6/6 30.4 s brain 16.7 s 28 calls 78 rows
1350/3900 episodes, 4.97 s/episode, eta 3.52 h
[info] using task orders [0, 1, 2, 3, 4, 5, 6, 7, 8, 9]
[info] using task orders [0, 1, 2, 3, 4, 5, 6, 7, 8, 9]
[info] using task orders [0, 1, 2, 3, 4, 5, 6, 7, 8, 9]
[info] using task orders [0, 1, 2, 3, 4, 5, 6, 7, 8, 9]
[info] using task orders [0, 1, 2, 3, 4, 5, 6, 7, 8, 9]
[info] using task orders [0, 1, 2, 3, 4, 5, 6, 7, 8, 9]
[info] using task orders [0, 1, 2, 3, 4, 5, 6, 7, 8, 9]
Local assets not found. Downloading from HuggingFace Hub...
Assets already downloaded at /root/.cache/libero/assets
Local assets not found. Downloading from HuggingFace Hub...
Assets already downloaded at /root/.cache/libero/assets
Local assets not found. Downloading from HuggingFace Hub...
Assets already downloaded at /root/.cache/libero/assets
Local assets not found. Downloading from HuggingFace Hub...
Assets already downloaded at /root/.cache/libero/assets
Local assets not found. Downloading from HuggingFace Hub...
Assets already downloaded at /root/.cache/libero/assets
Local assets not found. Downloading from HuggingFace Hub...
Assets already downloaded at /root/.cache/libero/assets
batch libero_spatial:9 A,step real=6/6 39.1 s brain 18.9 s 28 calls 94 rows
1356/3900 episodes, 4.98 s/episode, eta 3.52 h
batch libero_spatial:9 A,step real=6/6 31.7 s brain 18.2 s 28 calls 90 rows
1362/3900 episodes, 4.98 s/episode, eta 3.51 h
batch libero_spatial:9 A,step real=6/6 32.2 s brain 18.2 s 28 calls 89 rows
1368/3900 episodes, 4.98 s/episode, eta 3.50 h
batch libero_spatial:9 A,step real=6/6 26.9 s brain 16.4 s 19 calls 92 rows
1374/3900 episodes, 4.98 s/episode, eta 3.49 h
batch libero_spatial:9 A,step real=6/6 24.3 s brain 14.8 s 17 calls 84 rows
1380/3900 episodes, 4.97 s/episode, eta 3.48 h
batch libero_spatial:9 A,step real=6/6 32.2 s brain 18.4 s 28 calls 89 rows
1386/3900 episodes, 4.97 s/episode, eta 3.47 h
batch libero_spatial:9 A,step real=6/6 32.3 s brain 18.7 s 28 calls 90 rows
1392/3900 episodes, 4.98 s/episode, eta 3.47 h
batch libero_spatial:9 A,step real=6/6 32.5 s brain 18.5 s 28 calls 89 rows
1398/3900 episodes, 4.98 s/episode, eta 3.46 h
batch libero_spatial:9 A,step real=6/6 24.4 s brain 14.8 s 17 calls 83 rows
1404/3900 episodes, 4.97 s/episode, eta 3.45 h
batch libero_spatial:9 A,step real=6/6 21.8 s brain 13.3 s 14 calls 77 rows
1410/3900 episodes, 4.97 s/episode, eta 3.44 h
batch libero_spatial:9 A,step real=6/6 30.8 s brain 17.8 s 28 calls 88 rows
1416/3900 episodes, 4.97 s/episode, eta 3.43 h
batch libero_spatial:9 A,step real=6/6 32.1 s brain 18.2 s 28 calls 89 rows
1422/3900 episodes, 4.97 s/episode, eta 3.42 h
batch libero_spatial:9 A,step real=6/6 34.1 s brain 20.3 s 28 calls 103 rows
1428/3900 episodes, 4.97 s/episode, eta 3.42 h
batch libero_spatial:9 A,step real=6/6 21.1 s brain 12.9 s 13 calls 75 rows
1434/3900 episodes, 4.97 s/episode, eta 3.40 h
batch libero_spatial:9 A,step real=6/6 33.8 s brain 19.3 s 28 calls 94 rows
1440/3900 episodes, 4.97 s/episode, eta 3.40 h
batch libero_spatial:9 A,step real=6/6 21.4 s brain 12.8 s 13 calls 74 rows
1446/3900 episodes, 4.96 s/episode, eta 3.38 h
batch libero_spatial:9 A,step real=6/6 32.3 s brain 18.6 s 28 calls 89 rows
1452/3900 episodes, 4.97 s/episode, eta 3.38 h
batch libero_spatial:9 A,step real=6/6 32.2 s brain 18.3 s 28 calls 88 rows
1458/3900 episodes, 4.97 s/episode, eta 3.37 h
batch libero_spatial:9 A,step real=6/6 20.4 s brain 12.3 s 13 calls 72 rows
1464/3900 episodes, 4.96 s/episode, eta 3.36 h
batch libero_spatial:9 A,step real=6/6 21.3 s brain 12.9 s 13 calls 76 rows
1470/3900 episodes, 4.96 s/episode, eta 3.35 h
batch libero_spatial:9 A,step real=6/6 20.6 s brain 12.6 s 13 calls 74 rows
1476/3900 episodes, 4.95 s/episode, eta 3.33 h
batch libero_spatial:9 A,step real=6/6 32.8 s brain 18.6 s 28 calls 89 rows
1482/3900 episodes, 4.95 s/episode, eta 3.33 h
batch libero_spatial:9 A,step real=6/6 31.9 s brain 18.0 s 28 calls 87 rows
1488/3900 episodes, 4.95 s/episode, eta 3.32 h
batch libero_spatial:9 A,step real=6/6 24.3 s brain 14.4 s 17 calls 79 rows
1494/3900 episodes, 4.95 s/episode, eta 3.31 h
batch libero_spatial:9 A,step real=6/6 21.0 s brain 12.9 s 13 calls 76 rows
1500/3900 episodes, 4.94 s/episode, eta 3.30 h
[info] using task orders [0, 1, 2, 3, 4, 5, 6, 7, 8, 9]
[info] using task orders [0, 1, 2, 3, 4, 5, 6, 7, 8, 9]
[info] using task orders [0, 1, 2, 3, 4, 5, 6, 7, 8, 9]
[info] using task orders [0, 1, 2, 3, 4, 5, 6, 7, 8, 9]
[info] using task orders [0, 1, 2, 3, 4, 5, 6, 7, 8, 9]
[info] using task orders [0, 1, 2, 3, 4, 5, 6, 7, 8, 9]
[info] using task orders [0, 1, 2, 3, 4, 5, 6, 7, 8, 9]
Local assets not found. Downloading from HuggingFace Hub...Local assets not found. Downloading from HuggingFace Hub...Local assets not found. Downloading from HuggingFace Hub...


Assets already downloaded at /root/.cache/libero/assetsAssets already downloaded at /root/.cache/libero/assetsAssets already downloaded at /root/.cache/libero/assets


Local assets not found. Downloading from HuggingFace Hub...Local assets not found. Downloading from HuggingFace Hub...

Assets already downloaded at /root/.cache/libero/assetsAssets already downloaded at /root/.cache/libero/assets

Local assets not found. Downloading from HuggingFace Hub...
Assets already downloaded at /root/.cache/libero/assets
batch libero_object:0 A,step real=6/6 34.3 s brain 17.9 s 20 calls 98 rows
1506/3900 episodes, 4.95 s/episode, eta 3.29 h
batch libero_object:0 A,step real=6/6 27.5 s brain 18.1 s 20 calls 103 rows
1512/3900 episodes, 4.95 s/episode, eta 3.28 h
batch libero_object:0 A,step real=6/6 29.3 s brain 19.2 s 23 calls 106 rows
1518/3900 episodes, 4.95 s/episode, eta 3.27 h
batch libero_object:0 A,step real=6/6 29.8 s brain 19.5 s 23 calls 108 rows
1524/3900 episodes, 4.95 s/episode, eta 3.26 h
batch libero_object:0 A,step real=6/6 29.7 s brain 19.5 s 24 calls 107 rows
1530/3900 episodes, 4.95 s/episode, eta 3.26 h
batch libero_object:0 A,step real=6/6 31.9 s brain 20.3 s 28 calls 104 rows
1536/3900 episodes, 4.95 s/episode, eta 3.25 h
batch libero_object:0 A,step real=6/6 23.5 s brain 15.6 s 16 calls 91 rows
1542/3900 episodes, 4.94 s/episode, eta 3.24 h
batch libero_object:0 A,step real=6/6 22.9 s brain 15.1 s 16 calls 87 rows
1548/3900 episodes, 4.94 s/episode, eta 3.23 h
batch libero_object:0 A,step real=6/6 25.4 s brain 16.5 s 19 calls 94 rows
1554/3900 episodes, 4.94 s/episode, eta 3.22 h
batch libero_object:0 A,step real=6/6 34.3 s brain 21.9 s 28 calls 114 rows
1560/3900 episodes, 4.94 s/episode, eta 3.21 h
batch libero_object:0 A,step real=6/6 34.8 s brain 22.7 s 28 calls 120 rows
1566/3900 episodes, 4.94 s/episode, eta 3.21 h
batch libero_object:0 A,step real=6/6 21.9 s brain 14.5 s 15 calls 84 rows
1572/3900 episodes, 4.94 s/episode, eta 3.19 h
batch libero_object:0 A,step real=6/6 37.3 s brain 23.6 s 28 calls 131 rows
1578/3900 episodes, 4.94 s/episode, eta 3.19 h
batch libero_object:0 A,step real=6/6 40.0 s brain 20.1 s 25 calls 109 rows
1584/3900 episodes, 4.95 s/episode, eta 3.18 h
batch libero_object:0 A,step real=6/6 35.8 s brain 22.8 s 28 calls 126 rows
1590/3900 episodes, 4.95 s/episode, eta 3.18 h
batch libero_object:0 A,step real=6/6 23.9 s brain 15.5 s 17 calls 90 rows
1596/3900 episodes, 4.95 s/episode, eta 3.17 h
batch libero_object:0 A,step real=6/6 24.3 s brain 15.9 s 17 calls 92 rows
1602/3900 episodes, 4.95 s/episode, eta 3.16 h
batch libero_object:0 A,step real=6/6 23.0 s brain 15.0 s 16 calls 87 rows
1608/3900 episodes, 4.94 s/episode, eta 3.15 h
batch libero_object:0 A,step real=6/6 21.5 s brain 14.1 s 15 calls 82 rows
1614/3900 episodes, 4.94 s/episode, eta 3.14 h
batch libero_object:0 A,step real=6/6 32.3 s brain 20.7 s 28 calls 108 rows
1620/3900 episodes, 4.94 s/episode, eta 3.13 h
batch libero_object:0 A,step real=6/6 33.0 s brain 21.3 s 28 calls 113 rows
1626/3900 episodes, 4.94 s/episode, eta 3.12 h
batch libero_object:0 A,step real=6/6 23.3 s brain 15.3 s 16 calls 88 rows
1632/3900 episodes, 4.94 s/episode, eta 3.11 h
batch libero_object:0 A,step real=6/6 22.5 s brain 14.7 s 15 calls 86 rows
1638/3900 episodes, 4.93 s/episode, eta 3.10 h
batch libero_object:0 A,step real=6/6 24.6 s brain 16.1 s 18 calls 91 rows
1644/3900 episodes, 4.93 s/episode, eta 3.09 h
batch libero_object:0 A,step real=6/6 33.6 s brain 21.9 s 28 calls 118 rows
1650/3900 episodes, 4.93 s/episode, eta 3.08 h
[info] using task orders [0, 1, 2, 3, 4, 5, 6, 7, 8, 9]
[info] using task orders [0, 1, 2, 3, 4, 5, 6, 7, 8, 9]
[info] using task orders [0, 1, 2, 3, 4, 5, 6, 7, 8, 9]
[info] using task orders [0, 1, 2, 3, 4, 5, 6, 7, 8, 9]
[info] using task orders [0, 1, 2, 3, 4, 5, 6, 7, 8, 9]
[info] using task orders [0, 1, 2, 3, 4, 5, 6, 7, 8, 9]
[info] using task orders [0, 1, 2, 3, 4, 5, 6, 7, 8, 9]
Local assets not found. Downloading from HuggingFace Hub...
Assets already downloaded at /root/.cache/libero/assets
Local assets not found. Downloading from HuggingFace Hub...
Assets already downloaded at /root/.cache/libero/assets
Local assets not found. Downloading from HuggingFace Hub...
Assets already downloaded at /root/.cache/libero/assets
Local assets not found. Downloading from HuggingFace Hub...
Assets already downloaded at /root/.cache/libero/assets
Local assets not found. Downloading from HuggingFace Hub...
Assets already downloaded at /root/.cache/libero/assets
Local assets not found. Downloading from HuggingFace Hub...
Assets already downloaded at /root/.cache/libero/assets
batch libero_object:1 A,step real=6/6 35.1 s brain 18.1 s 24 calls 94 rows
1656/3900 episodes, 4.94 s/episode, eta 3.08 h
batch libero_object:1 A,step real=6/6 24.7 s brain 16.3 s 19 calls 91 rows
1662/3900 episodes, 4.93 s/episode, eta 3.07 h
batch libero_object:1 A,step real=6/6 22.3 s brain 14.8 s 17 calls 82 rows
1668/3900 episodes, 4.93 s/episode, eta 3.06 h
batch libero_object:1 A,step real=6/6 24.7 s brain 16.5 s 19 calls 93 rows
1674/3900 episodes, 4.93 s/episode, eta 3.05 h
batch libero_object:1 A,step real=6/6 23.4 s brain 15.7 s 17 calls 91 rows
1680/3900 episodes, 4.92 s/episode, eta 3.04 h
batch libero_object:1 A,step real=6/6 21.5 s brain 14.1 s 15 calls 82 rows
1686/3900 episodes, 4.92 s/episode, eta 3.02 h
batch libero_object:1 A,step real=6/6 22.1 s brain 14.4 s 16 calls 83 rows
1692/3900 episodes, 4.91 s/episode, eta 3.01 h
batch libero_object:1 A,step real=6/6 23.0 s brain 14.8 s 18 calls 82 rows
1698/3900 episodes, 4.91 s/episode, eta 3.00 h
batch libero_object:1 A,step real=6/6 30.0 s brain 18.5 s 28 calls 92 rows
1704/3900 episodes, 4.91 s/episode, eta 3.00 h
batch libero_object:1 A,step real=6/6 21.0 s brain 13.8 s 15 calls 79 rows
1710/3900 episodes, 4.91 s/episode, eta 2.98 h
batch libero_object:1 A,step real=6/6 32.5 s brain 21.1 s 28 calls 113 rows
1716/3900 episodes, 4.91 s/episode, eta 2.98 h
batch libero_object:1 A,step real=6/6 30.5 s brain 19.5 s 28 calls 98 rows
1722/3900 episodes, 4.91 s/episode, eta 2.97 h
batch libero_object:1 A,step real=6/6 34.6 s brain 23.5 s 28 calls 132 rows
1728/3900 episodes, 4.91 s/episode, eta 2.96 h
batch libero_object:1 A,step real=6/6 30.3 s brain 19.3 s 28 calls 98 rows
1734/3900 episodes, 4.91 s/episode, eta 2.96 h
batch libero_object:1 A,step real=6/6 22.4 s brain 14.8 s 16 calls 86 rows
1740/3900 episodes, 4.91 s/episode, eta 2.94 h
batch libero_object:1 A,step real=6/6 25.8 s brain 16.6 s 21 calls 90 rows
1746/3900 episodes, 4.91 s/episode, eta 2.94 h
batch libero_object:1 A,step real=6/6 19.1 s brain 12.8 s 13 calls 76 rows
1752/3900 episodes, 4.90 s/episode, eta 2.92 h
batch libero_object:1 A,step real=6/6 23.1 s brain 15.0 s 18 calls 82 rows
1758/3900 episodes, 4.90 s/episode, eta 2.91 h
batch libero_object:1 A,step real=6/6 25.9 s brain 16.6 s 22 calls 86 rows
1764/3900 episodes, 4.89 s/episode, eta 2.90 h
batch libero_object:1 A,step real=6/6 20.8 s brain 13.7 s 14 calls 79 rows
1770/3900 episodes, 4.89 s/episode, eta 2.89 h
batch libero_object:1 A,step real=6/6 32.4 s brain 19.9 s 28 calls 100 rows
1776/3900 episodes, 4.89 s/episode, eta 2.89 h
batch libero_object:1 A,step real=6/6 19.2 s brain 12.9 s 13 calls 76 rows
1782/3900 episodes, 4.89 s/episode, eta 2.87 h
batch libero_object:1 A,step real=6/6 23.6 s brain 15.5 s 18 calls 85 rows
1788/3900 episodes, 4.88 s/episode, eta 2.86 h
batch libero_object:1 A,step real=6/6 27.0 s brain 17.2 s 23 calls 87 rows
1794/3900 episodes, 4.88 s/episode, eta 2.86 h
batch libero_object:1 A,step real=6/6 20.8 s brain 13.6 s 14 calls 78 rows
1800/3900 episodes, 4.88 s/episode, eta 2.84 h
[info] using task orders [0, 1, 2, 3, 4, 5, 6, 7, 8, 9]
[info] using task orders [0, 1, 2, 3, 4, 5, 6, 7, 8, 9]
[info] using task orders [0, 1, 2, 3, 4, 5, 6, 7, 8, 9]
[info] using task orders [0, 1, 2, 3, 4, 5, 6, 7, 8, 9]
[info] using task orders [0, 1, 2, 3, 4, 5, 6, 7, 8, 9]
[info] using task orders [0, 1, 2, 3, 4, 5, 6, 7, 8, 9]
[info] using task orders [0, 1, 2, 3, 4, 5, 6, 7, 8, 9]
Local assets not found. Downloading from HuggingFace Hub...Local assets not found. Downloading from HuggingFace Hub...Local assets not found. Downloading from HuggingFace Hub...


Local assets not found. Downloading from HuggingFace Hub...
Local assets not found. Downloading from HuggingFace Hub...Assets already downloaded at /root/.cache/libero/assetsAssets already downloaded at /root/.cache/libero/assetsAssets already downloaded at /root/.cache/libero/assets



Assets already downloaded at /root/.cache/libero/assets
Assets already downloaded at /root/.cache/libero/assets
Local assets not found. Downloading from HuggingFace Hub...
Assets already downloaded at /root/.cache/libero/assets
batch libero_object:2 A,step real=6/6 40.4 s brain 20.3 s 28 calls 95 rows
1806/3900 episodes, 4.88 s/episode, eta 2.84 h
batch libero_object:2 A,step real=6/6 32.1 s brain 20.7 s 28 calls 106 rows
1812/3900 episodes, 4.89 s/episode, eta 2.83 h
batch libero_object:2 A,step real=6/6 33.7 s brain 22.6 s 28 calls 122 rows
1818/3900 episodes, 4.89 s/episode, eta 2.83 h
batch libero_object:2 A,step real=6/6 31.8 s brain 20.7 s 26 calls 110 rows
1824/3900 episodes, 4.89 s/episode, eta 2.82 h
batch libero_object:2 A,step real=6/6 31.5 s brain 20.3 s 28 calls 103 rows
1830/3900 episodes, 4.89 s/episode, eta 2.81 h
batch libero_object:2 A,step real=6/6 18.7 s brain 12.0 s 12 calls 71 rows
1836/3900 episodes, 4.88 s/episode, eta 2.80 h
batch libero_object:2 A,step real=6/6 21.5 s brain 13.9 s 16 calls 77 rows
1842/3900 episodes, 4.88 s/episode, eta 2.79 h
batch libero_object:2 A,step real=6/6 29.8 s brain 18.6 s 28 calls 88 rows
1848/3900 episodes, 4.88 s/episode, eta 2.78 h
batch libero_object:2 A,step real=6/6 19.6 s brain 12.8 s 13 calls 74 rows
1854/3900 episodes, 4.88 s/episode, eta 2.77 h
batch libero_object:2 A,step real=6/6 20.3 s brain 13.4 s 14 calls 76 rows
1860/3900 episodes, 4.87 s/episode, eta 2.76 h
batch libero_object:2 A,step real=6/6 35.0 s brain 23.5 s 28 calls 129 rows
1866/3900 episodes, 4.87 s/episode, eta 2.75 h
batch libero_object:2 A,step real=6/6 33.0 s brain 21.5 s 28 calls 114 rows
1872/3900 episodes, 4.88 s/episode, eta 2.75 h
batch libero_object:2 A,step real=6/6 35.5 s brain 24.2 s 28 calls 136 rows
1878/3900 episodes, 4.88 s/episode, eta 2.74 h
batch libero_object:2 A,step real=6/6 32.4 s brain 20.4 s 28 calls 96 rows
1884/3900 episodes, 4.88 s/episode, eta 2.73 h
batch libero_object:2 A,step real=6/6 34.0 s brain 22.5 s 28 calls 122 rows
1890/3900 episodes, 4.88 s/episode, eta 2.73 h
batch libero_object:2 A,step real=6/6 20.8 s brain 13.6 s 15 calls 76 rows
1896/3900 episodes, 4.88 s/episode, eta 2.72 h
batch libero_object:2 A,step real=6/6 21.7 s brain 13.8 s 16 calls 76 rows
1902/3900 episodes, 4.87 s/episode, eta 2.71 h
batch libero_object:2 A,step real=6/6 20.8 s brain 13.5 s 15 calls 75 rows
1908/3900 episodes, 4.87 s/episode, eta 2.69 h
batch libero_object:2 A,step real=6/6 19.6 s brain 12.8 s 13 calls 74 rows
1914/3900 episodes, 4.86 s/episode, eta 2.68 h
batch libero_object:2 A,step real=6/6 20.4 s brain 13.4 s 14 calls 76 rows
1920/3900 episodes, 4.86 s/episode, eta 2.67 h
batch libero_object:2 A,step real=6/6 20.8 s brain 13.5 s 15 calls 75 rows
1926/3900 episodes, 4.86 s/episode, eta 2.66 h
batch libero_object:2 A,step real=6/6 28.6 s brain 18.0 s 24 calls 93 rows
1932/3900 episodes, 4.86 s/episode, eta 2.65 h
batch libero_object:2 A,step real=6/6 28.7 s brain 18.0 s 27 calls 86 rows
1938/3900 episodes, 4.86 s/episode, eta 2.65 h
batch libero_object:2 A,step real=6/6 19.5 s brain 12.9 s 13 calls 75 rows
1944/3900 episodes, 4.85 s/episode, eta 2.64 h
batch libero_object:2 A,step real=6/6 20.2 s brain 13.3 s 14 calls 76 rows
1950/3900 episodes, 4.85 s/episode, eta 2.62 h
[info] using task orders [0, 1, 2, 3, 4, 5, 6, 7, 8, 9]
[info] using task orders [0, 1, 2, 3, 4, 5, 6, 7, 8, 9]
[info] using task orders [0, 1, 2, 3, 4, 5, 6, 7, 8, 9]
[info] using task orders [0, 1, 2, 3, 4, 5, 6, 7, 8, 9]
[info] using task orders [0, 1, 2, 3, 4, 5, 6, 7, 8, 9]
[info] using task orders [0, 1, 2, 3, 4, 5, 6, 7, 8, 9]
[info] using task orders [0, 1, 2, 3, 4, 5, 6, 7, 8, 9]
Local assets not found. Downloading from HuggingFace Hub...
Assets already downloaded at /root/.cache/libero/assets
Local assets not found. Downloading from HuggingFace Hub...
Assets already downloaded at /root/.cache/libero/assets
Local assets not found. Downloading from HuggingFace Hub...
Assets already downloaded at /root/.cache/libero/assets
Local assets not found. Downloading from HuggingFace Hub...
Assets already downloaded at /root/.cache/libero/assets
Local assets not found. Downloading from HuggingFace Hub...
Local assets not found. Downloading from HuggingFace Hub...
Assets already downloaded at /root/.cache/libero/assets
Assets already downloaded at /root/.cache/libero/assets
batch libero_object:3 A,step real=6/6 31.3 s brain 15.8 s 18 calls 86 rows
1956/3900 episodes, 4.85 s/episode, eta 2.62 h
batch libero_object:3 A,step real=6/6 32.0 s brain 21.6 s 28 calls 115 rows
1962/3900 episodes, 4.85 s/episode, eta 2.61 h
batch libero_object:3 A,step real=6/6 35.8 s brain 24.4 s 28 calls 135 rows
1968/3900 episodes, 4.85 s/episode, eta 2.60 h
batch libero_object:3 A,step real=6/6 31.6 s brain 20.9 s 28 calls 107 rows
1974/3900 episodes, 4.85 s/episode, eta 2.60 h
batch libero_object:3 A,step real=6/6 31.3 s brain 20.7 s 28 calls 107 rows
1980/3900 episodes, 4.86 s/episode, eta 2.59 h
batch libero_object:3 A,step real=6/6 30.7 s brain 20.3 s 28 calls 102 rows
1986/3900 episodes, 4.86 s/episode, eta 2.58 h
batch libero_object:3 A,step real=6/6 27.9 s brain 18.1 s 25 calls 92 rows
1992/3900 episodes, 4.86 s/episode, eta 2.57 h
batch libero_object:3 A,step real=6/6 30.4 s brain 19.7 s 28 calls 99 rows
1998/3900 episodes, 4.86 s/episode, eta 2.57 h
batch libero_object:3 A,step real=6/6 20.3 s brain 13.4 s 14 calls 79 rows
2004/3900 episodes, 4.85 s/episode, eta 2.56 h
batch libero_object:3 A,step real=6/6 24.4 s brain 16.2 s 19 calls 89 rows
2010/3900 episodes, 4.85 s/episode, eta 2.55 h
batch libero_object:3 A,step real=6/6 32.4 s brain 21.4 s 28 calls 114 rows
2016/3900 episodes, 4.85 s/episode, eta 2.54 h
batch libero_object:3 A,step real=6/6 35.0 s brain 23.9 s 28 calls 135 rows
2022/3900 episodes, 4.85 s/episode, eta 2.53 h
batch libero_object:3 A,step real=6/6 32.9 s brain 21.8 s 28 calls 118 rows
2028/3900 episodes, 4.86 s/episode, eta 2.53 h
batch libero_object:3 A,step real=6/6 34.9 s brain 23.4 s 28 calls 131 rows
2034/3900 episodes, 4.86 s/episode, eta 2.52 h
batch libero_object:3 A,step real=6/6 33.7 s brain 22.4 s 28 calls 123 rows
2040/3900 episodes, 4.86 s/episode, eta 2.51 h
batch libero_object:3 A,step real=6/6 30.0 s brain 19.1 s 28 calls 95 rows
2046/3900 episodes, 4.86 s/episode, eta 2.50 h
batch libero_object:3 A,step real=6/6 27.8 s brain 17.9 s 25 calls 92 rows
2052/3900 episodes, 4.86 s/episode, eta 2.50 h
batch libero_object:3 A,step real=6/6 30.6 s brain 19.6 s 28 calls 99 rows
2058/3900 episodes, 4.86 s/episode, eta 2.49 h
batch libero_object:3 A,step real=6/6 20.3 s brain 13.5 s 14 calls 79 rows
2064/3900 episodes, 4.86 s/episode, eta 2.48 h
batch libero_object:3 A,step real=6/6 23.6 s brain 15.3 s 19 calls 83 rows
2070/3900 episodes, 4.85 s/episode, eta 2.47 h
batch libero_object:3 A,step real=6/6 30.4 s brain 19.5 s 28 calls 98 rows
2076/3900 episodes, 4.86 s/episode, eta 2.46 h
batch libero_object:3 A,step real=6/6 29.8 s brain 19.0 s 28 calls 94 rows
2082/3900 episodes, 4.86 s/episode, eta 2.45 h
batch libero_object:3 A,step real=6/6 30.7 s brain 19.6 s 28 calls 99 rows
2088/3900 episodes, 4.86 s/episode, eta 2.44 h
batch libero_object:3 A,step real=6/6 20.2 s brain 13.3 s 14 calls 79 rows
2094/3900 episodes, 4.85 s/episode, eta 2.43 h
batch libero_object:3 A,step real=6/6 25.4 s brain 16.6 s 21 calls 91 rows
2100/3900 episodes, 4.85 s/episode, eta 2.43 h
[info] using task orders [0, 1, 2, 3, 4, 5, 6, 7, 8, 9]
[info] using task orders [0, 1, 2, 3, 4, 5, 6, 7, 8, 9]
[info] using task orders [0, 1, 2, 3, 4, 5, 6, 7, 8, 9]
[info] using task orders [0, 1, 2, 3, 4, 5, 6, 7, 8, 9]
[info] using task orders [0, 1, 2, 3, 4, 5, 6, 7, 8, 9]
[info] using task orders [0, 1, 2, 3, 4, 5, 6, 7, 8, 9]
[info] using task orders [0, 1, 2, 3, 4, 5, 6, 7, 8, 9]
Local assets not found. Downloading from HuggingFace Hub...Local assets not found. Downloading from HuggingFace Hub...Local assets not found. Downloading from HuggingFace Hub...


Assets already downloaded at /root/.cache/libero/assetsAssets already downloaded at /root/.cache/libero/assetsAssets already downloaded at /root/.cache/libero/assets


Local assets not found. Downloading from HuggingFace Hub...
Assets already downloaded at /root/.cache/libero/assets
Local assets not found. Downloading from HuggingFace Hub...Local assets not found. Downloading from HuggingFace Hub...

Assets already downloaded at /root/.cache/libero/assetsAssets already downloaded at /root/.cache/libero/assets

batch libero_object:4 A,step real=6/6 38.7 s brain 21.3 s 28 calls 115 rows
2106/3900 episodes, 4.86 s/episode, eta 2.42 h
batch libero_object:4 A,step real=6/6 33.8 s brain 23.2 s 28 calls 132 rows
2112/3900 episodes, 4.86 s/episode, eta 2.41 h
batch libero_object:4 A,step real=6/6 31.4 s brain 20.9 s 28 calls 113 rows
2118/3900 episodes, 4.86 s/episode, eta 2.41 h
batch libero_object:4 A,step real=6/6 35.4 s brain 24.4 s 28 calls 142 rows
2124/3900 episodes, 4.86 s/episode, eta 2.40 h
batch libero_object:4 A,step real=6/6 33.4 s brain 22.3 s 28 calls 124 rows
2130/3900 episodes, 4.86 s/episode, eta 2.39 h
batch libero_object:4 A,step real=6/6 31.7 s brain 20.5 s 28 calls 110 rows
2136/3900 episodes, 4.87 s/episode, eta 2.38 h
batch libero_object:4 A,step real=6/6 33.5 s brain 22.4 s 28 calls 126 rows
2142/3900 episodes, 4.87 s/episode, eta 2.38 h
batch libero_object:4 A,step real=6/6 33.5 s brain 22.7 s 28 calls 128 rows
2148/3900 episodes, 4.87 s/episode, eta 2.37 h
batch libero_object:4 A,step real=6/6 31.9 s brain 21.1 s 28 calls 113 rows
2154/3900 episodes, 4.87 s/episode, eta 2.36 h
batch libero_object:4 A,step real=6/6 23.9 s brain 16.0 s 18 calls 92 rows
2160/3900 episodes, 4.87 s/episode, eta 2.35 h
batch libero_object:4 A,step real=6/6 34.8 s brain 23.8 s 28 calls 136 rows
2166/3900 episodes, 4.87 s/episode, eta 2.35 h
batch libero_object:4 A,step real=6/6 34.4 s brain 23.4 s 28 calls 132 rows
2172/3900 episodes, 4.87 s/episode, eta 2.34 h
batch libero_object:4 A,step real=6/6 36.7 s brain 25.7 s 28 calls 151 rows
2178/3900 episodes, 4.88 s/episode, eta 2.33 h
batch libero_object:4 A,step real=6/6 34.4 s brain 23.0 s 28 calls 127 rows
2184/3900 episodes, 4.88 s/episode, eta 2.33 h
batch libero_object:4 A,step real=6/6 34.6 s brain 23.6 s 28 calls 135 rows
2190/3900 episodes, 4.88 s/episode, eta 2.32 h
batch libero_object:4 A,step real=6/6 31.6 s brain 20.6 s 28 calls 110 rows
2196/3900 episodes, 4.88 s/episode, eta 2.31 h
batch libero_object:4 A,step real=6/6 32.6 s brain 22.4 s 28 calls 126 rows
2202/3900 episodes, 4.88 s/episode, eta 2.30 h
batch libero_object:4 A,step real=6/6 33.4 s brain 22.7 s 28 calls 128 rows
2208/3900 episodes, 4.89 s/episode, eta 2.30 h
batch libero_object:4 A,step real=6/6 29.5 s brain 19.1 s 28 calls 99 rows
2214/3900 episodes, 4.89 s/episode, eta 2.29 h
batch libero_object:4 A,step real=6/6 23.8 s brain 15.9 s 18 calls 92 rows
2220/3900 episodes, 4.88 s/episode, eta 2.28 h
batch libero_object:4 A,step real=6/6 31.7 s brain 20.7 s 28 calls 111 rows
2226/3900 episodes, 4.88 s/episode, eta 2.27 h
batch libero_object:4 A,step real=6/6 33.2 s brain 22.3 s 28 calls 126 rows
2232/3900 episodes, 4.89 s/episode, eta 2.26 h
batch libero_object:4 A,step real=6/6 33.9 s brain 22.9 s 28 calls 128 rows
2238/3900 episodes, 4.89 s/episode, eta 2.26 h
batch libero_object:4 A,step real=6/6 29.7 s brain 19.2 s 28 calls 99 rows
2244/3900 episodes, 4.89 s/episode, eta 2.25 h
batch libero_object:4 A,step real=6/6 23.8 s brain 16.1 s 18 calls 93 rows
2250/3900 episodes, 4.89 s/episode, eta 2.24 h
[info] using task orders [0, 1, 2, 3, 4, 5, 6, 7, 8, 9]
[info] using task orders [0, 1, 2, 3, 4, 5, 6, 7, 8, 9]
[info] using task orders [0, 1, 2, 3, 4, 5, 6, 7, 8, 9]
[info] using task orders [0, 1, 2, 3, 4, 5, 6, 7, 8, 9]
[info] using task orders [0, 1, 2, 3, 4, 5, 6, 7, 8, 9]
[info] using task orders [0, 1, 2, 3, 4, 5, 6, 7, 8, 9]
[info] using task orders [0, 1, 2, 3, 4, 5, 6, 7, 8, 9]
Local assets not found. Downloading from HuggingFace Hub...
Assets already downloaded at /root/.cache/libero/assets
Local assets not found. Downloading from HuggingFace Hub...Local assets not found. Downloading from HuggingFace Hub...

Assets already downloaded at /root/.cache/libero/assetsAssets already downloaded at /root/.cache/libero/assets

Local assets not found. Downloading from HuggingFace Hub...
Assets already downloaded at /root/.cache/libero/assets
Local assets not found. Downloading from HuggingFace Hub...Local assets not found. Downloading from HuggingFace Hub...

Assets already downloaded at /root/.cache/libero/assets
Assets already downloaded at /root/.cache/libero/assets
batch libero_object:5 A,step real=6/6 39.0 s brain 21.1 s 28 calls 115 rows
2256/3900 episodes, 4.89 s/episode, eta 2.23 h
batch libero_object:5 A,step real=6/6 32.8 s brain 21.3 s 28 calls 117 rows
2262/3900 episodes, 4.89 s/episode, eta 2.23 h
batch libero_object:5 A,step real=6/6 30.6 s brain 20.5 s 28 calls 107 rows
2268/3900 episodes, 4.89 s/episode, eta 2.22 h
batch libero_object:5 A,step real=6/6 29.0 s brain 19.2 s 24 calls 105 rows
2274/3900 episodes, 4.89 s/episode, eta 2.21 h
batch libero_object:5 A,step real=6/6 26.5 s brain 17.6 s 19 calls 103 rows
2280/3900 episodes, 4.89 s/episode, eta 2.20 h
batch libero_object:5 A,step real=6/6 30.0 s brain 19.5 s 28 calls 100 rows
2286/3900 episodes, 4.89 s/episode, eta 2.19 h
batch libero_object:5 A,step real=6/6 32.1 s brain 20.6 s 28 calls 110 rows
2292/3900 episodes, 4.89 s/episode, eta 2.19 h
batch libero_object:5 A,step real=6/6 30.8 s brain 20.0 s 28 calls 102 rows
2298/3900 episodes, 4.89 s/episode, eta 2.18 h
batch libero_object:5 A,step real=6/6 24.0 s brain 15.6 s 20 calls 85 rows
2304/3900 episodes, 4.89 s/episode, eta 2.17 h
batch libero_object:5 A,step real=6/6 24.0 s brain 15.6 s 19 calls 87 rows
2310/3900 episodes, 4.89 s/episode, eta 2.16 h
batch libero_object:5 A,step real=6/6 33.5 s brain 22.6 s 28 calls 118 rows
2316/3900 episodes, 4.89 s/episode, eta 2.15 h
batch libero_object:5 A,step real=6/6 35.8 s brain 23.5 s 28 calls 130 rows
2322/3900 episodes, 4.89 s/episode, eta 2.15 h
batch libero_object:5 A,step real=6/6 31.7 s brain 20.9 s 28 calls 110 rows
2328/3900 episodes, 4.90 s/episode, eta 2.14 h
batch libero_object:5 A,step real=6/6 33.1 s brain 22.9 s 28 calls 127 rows
2334/3900 episodes, 4.90 s/episode, eta 2.13 h
batch libero_object:5 A,step real=6/6 32.6 s brain 21.8 s 28 calls 119 rows
2340/3900 episodes, 4.90 s/episode, eta 2.12 h
batch libero_object:5 A,step real=6/6 30.4 s brain 19.9 s 28 calls 100 rows
2346/3900 episodes, 4.90 s/episode, eta 2.11 h
batch libero_object:5 A,step real=6/6 28.1 s brain 18.5 s 25 calls 95 rows
2352/3900 episodes, 4.90 s/episode, eta 2.11 h
batch libero_object:5 A,step real=6/6 30.7 s brain 19.7 s 28 calls 99 rows
2358/3900 episodes, 4.90 s/episode, eta 2.10 h
batch libero_object:5 A,step real=6/6 28.4 s brain 18.4 s 23 calls 95 rows
2364/3900 episodes, 4.90 s/episode, eta 2.09 h
batch libero_object:5 A,step real=6/6 24.9 s brain 16.4 s 20 calls 88 rows
2370/3900 episodes, 4.90 s/episode, eta 2.08 h
batch libero_object:5 A,step real=6/6 30.3 s brain 20.0 s 28 calls 100 rows
2376/3900 episodes, 4.90 s/episode, eta 2.07 h
batch libero_object:5 A,step real=6/6 32.6 s brain 20.6 s 28 calls 104 rows
2382/3900 episodes, 4.90 s/episode, eta 2.07 h
batch libero_object:5 A,step real=6/6 34.9 s brain 23.0 s 28 calls 123 rows
2388/3900 episodes, 4.90 s/episode, eta 2.06 h
batch libero_object:5 A,step real=6/6 24.4 s brain 16.0 s 18 calls 89 rows
2394/3900 episodes, 4.90 s/episode, eta 2.05 h
batch libero_object:5 A,step real=6/6 24.3 s brain 15.7 s 19 calls 87 rows
2400/3900 episodes, 4.90 s/episode, eta 2.04 h
[info] using task orders [0, 1, 2, 3, 4, 5, 6, 7, 8, 9]
[info] using task orders [0, 1, 2, 3, 4, 5, 6, 7, 8, 9]
[info] using task orders [0, 1, 2, 3, 4, 5, 6, 7, 8, 9]
[info] using task orders [0, 1, 2, 3, 4, 5, 6, 7, 8, 9]
[info] using task orders [0, 1, 2, 3, 4, 5, 6, 7, 8, 9]
[info] using task orders [0, 1, 2, 3, 4, 5, 6, 7, 8, 9]
[info] using task orders [0, 1, 2, 3, 4, 5, 6, 7, 8, 9]
Local assets not found. Downloading from HuggingFace Hub...Local assets not found. Downloading from HuggingFace Hub...

Assets already downloaded at /root/.cache/libero/assets
Assets already downloaded at /root/.cache/libero/assets
Local assets not found. Downloading from HuggingFace Hub...
Local assets not found. Downloading from HuggingFace Hub...
Assets already downloaded at /root/.cache/libero/assets
Assets already downloaded at /root/.cache/libero/assets
Local assets not found. Downloading from HuggingFace Hub...
Assets already downloaded at /root/.cache/libero/assets
Local assets not found. Downloading from HuggingFace Hub...
Assets already downloaded at /root/.cache/libero/assets
batch libero_object:6 A,step real=6/6 38.3 s brain 21.2 s 27 calls 114 rows
2406/3900 episodes, 4.90 s/episode, eta 2.03 h
batch libero_object:6 A,step real=6/6 29.3 s brain 20.0 s 23 calls 114 rows
2412/3900 episodes, 4.90 s/episode, eta 2.03 h
batch libero_object:6 A,step real=6/6 28.4 s brain 19.3 s 25 calls 105 rows
2418/3900 episodes, 4.90 s/episode, eta 2.02 h
batch libero_object:6 A,step real=6/6 31.1 s brain 21.1 s 28 calls 113 rows
2424/3900 episodes, 4.90 s/episode, eta 2.01 h
batch libero_object:6 A,step real=6/6 27.2 s brain 18.8 s 21 calls 108 rows
2430/3900 episodes, 4.90 s/episode, eta 2.00 h
batch libero_object:6 A,step real=6/6 30.2 s brain 20.1 s 27 calls 108 rows
2436/3900 episodes, 4.90 s/episode, eta 1.99 h
batch libero_object:6 A,step real=6/6 24.4 s brain 16.4 s 19 calls 94 rows
2442/3900 episodes, 4.90 s/episode, eta 1.98 h
batch libero_object:6 A,step real=6/6 30.5 s brain 20.1 s 28 calls 106 rows
2448/3900 episodes, 4.90 s/episode, eta 1.98 h
batch libero_object:6 A,step real=6/6 31.1 s brain 20.5 s 28 calls 109 rows
2454/3900 episodes, 4.90 s/episode, eta 1.97 h
batch libero_object:6 A,step real=6/6 23.1 s brain 15.5 s 17 calls 90 rows
2460/3900 episodes, 4.90 s/episode, eta 1.96 h
batch libero_object:6 A,step real=6/6 26.1 s brain 17.4 s 22 calls 96 rows
2466/3900 episodes, 4.90 s/episode, eta 1.95 h
batch libero_object:6 A,step real=6/6 30.5 s brain 19.7 s 28 calls 104 rows
2472/3900 episodes, 4.90 s/episode, eta 1.94 h
batch libero_object:6 A,step real=6/6 31.3 s brain 20.8 s 28 calls 111 rows
2478/3900 episodes, 4.90 s/episode, eta 1.93 h
batch libero_object:6 A,step real=6/6 31.2 s brain 20.8 s 27 calls 112 rows
2484/3900 episodes, 4.90 s/episode, eta 1.93 h
batch libero_object:6 A,step real=6/6 23.9 s brain 16.2 s 18 calls 93 rows
2490/3900 episodes, 4.90 s/episode, eta 1.92 h
batch libero_object:6 A,step real=6/6 24.8 s brain 16.6 s 19 calls 96 rows
2496/3900 episodes, 4.89 s/episode, eta 1.91 h
batch libero_object:6 A,step real=6/6 27.7 s brain 18.2 s 24 calls 98 rows
2502/3900 episodes, 4.89 s/episode, eta 1.90 h
batch libero_object:6 A,step real=6/6 30.4 s brain 19.8 s 28 calls 104 rows
2508/3900 episodes, 4.89 s/episode, eta 1.89 h
batch libero_object:6 A,step real=6/6 30.8 s brain 20.3 s 28 calls 106 rows
2514/3900 episodes, 4.89 s/episode, eta 1.88 h
batch libero_object:6 A,step real=6/6 22.1 s brain 15.3 s 16 calls 91 rows
2520/3900 episodes, 4.89 s/episode, eta 1.87 h
batch libero_object:6 A,step real=6/6 23.4 s brain 15.8 s 17 calls 93 rows
2526/3900 episodes, 4.89 s/episode, eta 1.87 h
batch libero_object:6 A,step real=6/6 23.2 s brain 15.9 s 18 calls 92 rows
2532/3900 episodes, 4.89 s/episode, eta 1.86 h
batch libero_object:6 A,step real=6/6 30.7 s brain 20.0 s 28 calls 105 rows
2538/3900 episodes, 4.89 s/episode, eta 1.85 h
batch libero_object:6 A,step real=6/6 30.3 s brain 20.0 s 28 calls 105 rows
2544/3900 episodes, 4.89 s/episode, eta 1.84 h
batch libero_object:6 A,step real=6/6 29.9 s brain 19.4 s 28 calls 101 rows
2550/3900 episodes, 4.89 s/episode, eta 1.83 h
[info] using task orders [0, 1, 2, 3, 4, 5, 6, 7, 8, 9]
[info] using task orders [0, 1, 2, 3, 4, 5, 6, 7, 8, 9]
[info] using task orders [0, 1, 2, 3, 4, 5, 6, 7, 8, 9]
[info] using task orders [0, 1, 2, 3, 4, 5, 6, 7, 8, 9]
[info] using task orders [0, 1, 2, 3, 4, 5, 6, 7, 8, 9]
[info] using task orders [0, 1, 2, 3, 4, 5, 6, 7, 8, 9]
[info] using task orders [0, 1, 2, 3, 4, 5, 6, 7, 8, 9]
Local assets not found. Downloading from HuggingFace Hub...
Assets already downloaded at /root/.cache/libero/assets
Local assets not found. Downloading from HuggingFace Hub...
Local assets not found. Downloading from HuggingFace Hub...
Assets already downloaded at /root/.cache/libero/assets
Assets already downloaded at /root/.cache/libero/assets
Local assets not found. Downloading from HuggingFace Hub...
Assets already downloaded at /root/.cache/libero/assets
Local assets not found. Downloading from HuggingFace Hub...
Assets already downloaded at /root/.cache/libero/assets
Local assets not found. Downloading from HuggingFace Hub...
Assets already downloaded at /root/.cache/libero/assets
batch libero_object:7 A,step real=6/6 40.5 s brain 22.7 s 28 calls 128 rows
2556/3900 episodes, 4.89 s/episode, eta 1.83 h
batch libero_object:7 A,step real=6/6 29.2 s brain 19.0 s 28 calls 98 rows
2562/3900 episodes, 4.89 s/episode, eta 1.82 h
batch libero_object:7 A,step real=6/6 30.5 s brain 19.5 s 28 calls 103 rows
2568/3900 episodes, 4.89 s/episode, eta 1.81 h
batch libero_object:7 A,step real=6/6 30.0 s brain 19.2 s 28 calls 100 rows
2574/3900 episodes, 4.89 s/episode, eta 1.80 h
batch libero_object:7 A,step real=6/6 27.9 s brain 18.7 s 23 calls 106 rows
2580/3900 episodes, 4.89 s/episode, eta 1.79 h
batch libero_object:7 A,step real=6/6 29.0 s brain 18.6 s 28 calls 96 rows
2586/3900 episodes, 4.89 s/episode, eta 1.79 h
batch libero_object:7 A,step real=6/6 29.2 s brain 18.9 s 28 calls 97 rows
2592/3900 episodes, 4.89 s/episode, eta 1.78 h
batch libero_object:7 A,step real=6/6 20.3 s brain 13.3 s 15 calls 78 rows
2598/3900 episodes, 4.89 s/episode, eta 1.77 h
batch libero_object:7 A,step real=6/6 24.0 s brain 15.7 s 20 calls 87 rows
2604/3900 episodes, 4.89 s/episode, eta 1.76 h
batch libero_object:7 A,step real=6/6 24.5 s brain 16.3 s 19 calls 94 rows
2610/3900 episodes, 4.89 s/episode, eta 1.75 h
batch libero_object:7 A,step real=6/6 30.9 s brain 20.4 s 28 calls 110 rows
2616/3900 episodes, 4.89 s/episode, eta 1.74 h
batch libero_object:7 A,step real=6/6 32.6 s brain 22.2 s 28 calls 125 rows
2622/3900 episodes, 4.89 s/episode, eta 1.73 h
batch libero_object:7 A,step real=6/6 33.2 s brain 22.4 s 28 calls 126 rows
2628/3900 episodes, 4.89 s/episode, eta 1.73 h
batch libero_object:7 A,step real=6/6 33.1 s brain 22.2 s 28 calls 125 rows
2634/3900 episodes, 4.89 s/episode, eta 1.72 h
batch libero_object:7 A,step real=6/6 33.4 s brain 22.9 s 28 calls 131 rows
2640/3900 episodes, 4.89 s/episode, eta 1.71 h
batch libero_object:7 A,step real=6/6 29.4 s brain 18.6 s 28 calls 96 rows
2646/3900 episodes, 4.89 s/episode, eta 1.70 h
batch libero_object:7 A,step real=6/6 29.5 s brain 18.8 s 28 calls 97 rows
2652/3900 episodes, 4.89 s/episode, eta 1.70 h
batch libero_object:7 A,step real=6/6 19.3 s brain 13.0 s 14 calls 77 rows
2658/3900 episodes, 4.89 s/episode, eta 1.69 h
batch libero_object:7 A,step real=6/6 24.1 s brain 15.6 s 20 calls 87 rows
2664/3900 episodes, 4.89 s/episode, eta 1.68 h
batch libero_object:7 A,step real=6/6 23.7 s brain 15.5 s 19 calls 88 rows
2670/3900 episodes, 4.88 s/episode, eta 1.67 h
batch libero_object:7 A,step real=6/6 29.3 s brain 18.7 s 28 calls 97 rows
2676/3900 episodes, 4.88 s/episode, eta 1.66 h
batch libero_object:7 A,step real=6/6 29.2 s brain 18.7 s 28 calls 96 rows
2682/3900 episodes, 4.88 s/episode, eta 1.65 h
batch libero_object:7 A,step real=6/6 29.1 s brain 18.3 s 28 calls 93 rows
2688/3900 episodes, 4.88 s/episode, eta 1.64 h
batch libero_object:7 A,step real=6/6 24.2 s brain 15.7 s 20 calls 87 rows
2694/3900 episodes, 4.88 s/episode, eta 1.64 h
batch libero_object:7 A,step real=6/6 23.6 s brain 15.4 s 19 calls 87 rows
2700/3900 episodes, 4.88 s/episode, eta 1.63 h
[info] using task orders [0, 1, 2, 3, 4, 5, 6, 7, 8, 9]
[info] using task orders [0, 1, 2, 3, 4, 5, 6, 7, 8, 9]
[info] using task orders [0, 1, 2, 3, 4, 5, 6, 7, 8, 9]
[info] using task orders [0, 1, 2, 3, 4, 5, 6, 7, 8, 9]
[info] using task orders [0, 1, 2, 3, 4, 5, 6, 7, 8, 9]
[info] using task orders [0, 1, 2, 3, 4, 5, 6, 7, 8, 9]
[info] using task orders [0, 1, 2, 3, 4, 5, 6, 7, 8, 9]
Local assets not found. Downloading from HuggingFace Hub...
Assets already downloaded at /root/.cache/libero/assets
Local assets not found. Downloading from HuggingFace Hub...
Local assets not found. Downloading from HuggingFace Hub...Local assets not found. Downloading from HuggingFace Hub...

Assets already downloaded at /root/.cache/libero/assetsAssets already downloaded at /root/.cache/libero/assets
Assets already downloaded at /root/.cache/libero/assets

Local assets not found. Downloading from HuggingFace Hub...Local assets not found. Downloading from HuggingFace Hub...

Assets already downloaded at /root/.cache/libero/assetsAssets already downloaded at /root/.cache/libero/assets

batch libero_object:8 A,step real=6/6 39.2 s brain 21.7 s 28 calls 118 rows
2706/3900 episodes, 4.88 s/episode, eta 1.62 h
batch libero_object:8 A,step real=6/6 29.0 s brain 19.6 s 24 calls 111 rows
2712/3900 episodes, 4.88 s/episode, eta 1.61 h
batch libero_object:8 A,step real=6/6 31.6 s brain 20.7 s 28 calls 110 rows
2718/3900 episodes, 4.89 s/episode, eta 1.60 h
batch libero_object:8 A,step real=6/6 28.3 s brain 19.3 s 23 calls 108 rows
2724/3900 episodes, 4.88 s/episode, eta 1.60 h
batch libero_object:8 A,step real=6/6 28.6 s brain 19.1 s 25 calls 105 rows
2730/3900 episodes, 4.88 s/episode, eta 1.59 h
batch libero_object:8 A,step real=6/6 22.5 s brain 15.3 s 16 calls 92 rows
2736/3900 episodes, 4.88 s/episode, eta 1.58 h
batch libero_object:8 A,step real=6/6 24.5 s brain 16.5 s 19 calls 96 rows
2742/3900 episodes, 4.88 s/episode, eta 1.57 h
batch libero_object:8 A,step real=6/6 24.7 s brain 16.7 s 19 calls 97 rows
2748/3900 episodes, 4.88 s/episode, eta 1.56 h
batch libero_object:8 A,step real=6/6 21.9 s brain 14.7 s 16 calls 87 rows
2754/3900 episodes, 4.88 s/episode, eta 1.55 h
batch libero_object:8 A,step real=6/6 23.1 s brain 15.7 s 17 calls 93 rows
2760/3900 episodes, 4.87 s/episode, eta 1.54 h
batch libero_object:8 A,step real=6/6 30.6 s brain 19.9 s 28 calls 104 rows
2766/3900 episodes, 4.87 s/episode, eta 1.54 h
batch libero_object:8 A,step real=6/6 22.3 s brain 15.2 s 16 calls 91 rows
2772/3900 episodes, 4.87 s/episode, eta 1.53 h
batch libero_object:8 A,step real=6/6 28.6 s brain 19.0 s 24 calls 105 rows
2778/3900 episodes, 4.87 s/episode, eta 1.52 h
batch libero_object:8 A,step real=6/6 24.7 s brain 16.9 s 18 calls 99 rows
2784/3900 episodes, 4.87 s/episode, eta 1.51 h
batch libero_object:8 A,step real=6/6 28.8 s brain 19.3 s 24 calls 108 rows
2790/3900 episodes, 4.87 s/episode, eta 1.50 h
batch libero_object:8 A,step real=6/6 22.3 s brain 15.4 s 16 calls 92 rows
2796/3900 episodes, 4.87 s/episode, eta 1.49 h
batch libero_object:8 A,step real=6/6 22.1 s brain 15.1 s 16 calls 90 rows
2802/3900 episodes, 4.86 s/episode, eta 1.48 h
batch libero_object:8 A,step real=6/6 24.6 s brain 16.5 s 19 calls 95 rows
2808/3900 episodes, 4.86 s/episode, eta 1.48 h
batch libero_object:8 A,step real=6/6 22.8 s brain 15.3 s 17 calls 89 rows
2814/3900 episodes, 4.86 s/episode, eta 1.47 h
batch libero_object:8 A,step real=6/6 23.2 s brain 15.7 s 17 calls 92 rows
2820/3900 episodes, 4.86 s/episode, eta 1.46 h
batch libero_object:8 A,step real=6/6 22.5 s brain 15.3 s 16 calls 92 rows
2826/3900 episodes, 4.86 s/episode, eta 1.45 h
batch libero_object:8 A,step real=6/6 22.1 s brain 15.1 s 16 calls 90 rows
2832/3900 episodes, 4.85 s/episode, eta 1.44 h
batch libero_object:8 A,step real=6/6 24.2 s brain 16.3 s 19 calls 94 rows
2838/3900 episodes, 4.85 s/episode, eta 1.43 h
batch libero_object:8 A,step real=6/6 22.3 s brain 15.0 s 17 calls 88 rows
2844/3900 episodes, 4.85 s/episode, eta 1.42 h
batch libero_object:8 A,step real=6/6 22.9 s brain 15.6 s 17 calls 92 rows
2850/3900 episodes, 4.85 s/episode, eta 1.41 h
[info] using task orders [0, 1, 2, 3, 4, 5, 6, 7, 8, 9]
[info] using task orders [0, 1, 2, 3, 4, 5, 6, 7, 8, 9]
[info] using task orders [0, 1, 2, 3, 4, 5, 6, 7, 8, 9]
[info] using task orders [0, 1, 2, 3, 4, 5, 6, 7, 8, 9]
[info] using task orders [0, 1, 2, 3, 4, 5, 6, 7, 8, 9]
[info] using task orders [0, 1, 2, 3, 4, 5, 6, 7, 8, 9]
[info] using task orders [0, 1, 2, 3, 4, 5, 6, 7, 8, 9]
Local assets not found. Downloading from HuggingFace Hub...Local assets not found. Downloading from HuggingFace Hub...

Assets already downloaded at /root/.cache/libero/assetsAssets already downloaded at /root/.cache/libero/assets

Local assets not found. Downloading from HuggingFace Hub...
Assets already downloaded at /root/.cache/libero/assets
Local assets not found. Downloading from HuggingFace Hub...
Assets already downloaded at /root/.cache/libero/assets
Local assets not found. Downloading from HuggingFace Hub...
Assets already downloaded at /root/.cache/libero/assets
Local assets not found. Downloading from HuggingFace Hub...
Assets already downloaded at /root/.cache/libero/assets
batch libero_object:9 A,step real=6/6 39.1 s brain 21.3 s 28 calls 117 rows
2856/3900 episodes, 4.85 s/episode, eta 1.41 h
batch libero_object:9 A,step real=6/6 30.5 s brain 19.9 s 28 calls 105 rows
2862/3900 episodes, 4.85 s/episode, eta 1.40 h
batch libero_object:9 A,step real=6/6 27.8 s brain 17.9 s 24 calls 97 rows
2868/3900 episodes, 4.85 s/episode, eta 1.39 h
batch libero_object:9 A,step real=6/6 30.1 s brain 19.4 s 28 calls 102 rows
2874/3900 episodes, 4.85 s/episode, eta 1.38 h
batch libero_object:9 A,step real=6/6 32.5 s brain 21.4 s 28 calls 119 rows
2880/3900 episodes, 4.85 s/episode, eta 1.38 h
batch libero_object:9 A,step real=6/6 25.1 s brain 16.8 s 21 calls 94 rows
2886/3900 episodes, 4.85 s/episode, eta 1.37 h
batch libero_object:9 A,step real=6/6 21.9 s brain 14.5 s 18 calls 81 rows
2892/3900 episodes, 4.85 s/episode, eta 1.36 h
batch libero_object:9 A,step real=6/6 19.1 s brain 12.6 s 13 calls 75 rows
2898/3900 episodes, 4.85 s/episode, eta 1.35 h
batch libero_object:9 A,step real=6/6 30.4 s brain 19.2 s 28 calls 101 rows
2904/3900 episodes, 4.85 s/episode, eta 1.34 h
batch libero_object:9 A,step real=6/6 23.3 s brain 15.3 s 19 calls 86 rows
2910/3900 episodes, 4.84 s/episode, eta 1.33 h
batch libero_object:9 A,step real=6/6 33.6 s brain 22.7 s 28 calls 129 rows
2916/3900 episodes, 4.85 s/episode, eta 1.32 h
batch libero_object:9 A,step real=6/6 33.9 s brain 22.9 s 28 calls 130 rows
2922/3900 episodes, 4.85 s/episode, eta 1.32 h
batch libero_object:9 A,step real=6/6 20.2 s brain 13.1 s 16 calls 74 rows
2928/3900 episodes, 4.84 s/episode, eta 1.31 h
batch libero_object:9 A,step real=6/6 33.1 s brain 22.2 s 28 calls 125 rows
2934/3900 episodes, 4.85 s/episode, eta 1.30 h
batch libero_object:9 A,step real=6/6 32.5 s brain 21.7 s 28 calls 121 rows
2940/3900 episodes, 4.85 s/episode, eta 1.29 h
batch libero_object:9 A,step real=6/6 23.8 s brain 15.5 s 20 calls 85 rows
2946/3900 episodes, 4.85 s/episode, eta 1.28 h
batch libero_object:9 A,step real=6/6 20.1 s brain 13.2 s 15 calls 77 rows
2952/3900 episodes, 4.84 s/episode, eta 1.28 h
batch libero_object:9 A,step real=6/6 19.7 s brain 13.2 s 14 calls 76 rows
2958/3900 episodes, 4.84 s/episode, eta 1.27 h
batch libero_object:9 A,step real=6/6 30.8 s brain 19.5 s 28 calls 100 rows
2964/3900 episodes, 4.84 s/episode, eta 1.26 h
batch libero_object:9 A,step real=6/6 24.4 s brain 16.0 s 20 calls 88 rows
2970/3900 episodes, 4.84 s/episode, eta 1.25 h
batch libero_object:9 A,step real=6/6 32.5 s brain 22.0 s 28 calls 121 rows
2976/3900 episodes, 4.84 s/episode, eta 1.24 h
batch libero_object:9 A,step real=6/6 20.1 s brain 13.3 s 15 calls 77 rows
2982/3900 episodes, 4.84 s/episode, eta 1.23 h
batch libero_object:9 A,step real=6/6 18.8 s brain 12.5 s 13 calls 74 rows
2988/3900 episodes, 4.83 s/episode, eta 1.22 h
batch libero_object:9 A,step real=6/6 32.0 s brain 20.8 s 28 calls 112 rows
2994/3900 episodes, 4.83 s/episode, eta 1.22 h
batch libero_object:9 A,step real=6/6 26.1 s brain 16.8 s 22 calls 91 rows
3000/3900 episodes, 4.83 s/episode, eta 1.21 h
[info] using task orders [0, 1, 2, 3, 4, 5, 6, 7, 8, 9]
[info] using task orders [0, 1, 2, 3, 4, 5, 6, 7, 8, 9]
[info] using task orders [0, 1, 2, 3, 4, 5, 6, 7, 8, 9]
[info] using task orders [0, 1, 2, 3, 4, 5, 6, 7, 8, 9]
[info] using task orders [0, 1, 2, 3, 4, 5, 6, 7, 8, 9]
[info] using task orders [0, 1, 2, 3, 4, 5, 6, 7, 8, 9]
[info] using task orders [0, 1, 2, 3, 4, 5, 6, 7, 8, 9]
Local assets not found. Downloading from HuggingFace Hub...
Assets already downloaded at /root/.cache/libero/assets
Local assets not found. Downloading from HuggingFace Hub...
Local assets not found. Downloading from HuggingFace Hub...
Assets already downloaded at /root/.cache/libero/assets
Assets already downloaded at /root/.cache/libero/assets
Local assets not found. Downloading from HuggingFace Hub...Local assets not found. Downloading from HuggingFace Hub...

Assets already downloaded at /root/.cache/libero/assetsAssets already downloaded at /root/.cache/libero/assets

Local assets not found. Downloading from HuggingFace Hub...
Assets already downloaded at /root/.cache/libero/assets
batch libero_goal:1 A,step real=6/6 37.3 s brain 17.6 s 30 calls 77 rows
3006/3900 episodes, 4.84 s/episode, eta 1.20 h
batch libero_goal:1 A,step real=6/6 29.5 s brain 17.6 s 30 calls 82 rows
3012/3900 episodes, 4.84 s/episode, eta 1.19 h
batch libero_goal:1 A,step real=6/6 20.0 s brain 12.1 s 17 calls 63 rows
3018/3900 episodes, 4.83 s/episode, eta 1.18 h
batch libero_goal:1 A,step real=6/6 28.4 s brain 17.2 s 30 calls 77 rows
3024/3900 episodes, 4.83 s/episode, eta 1.18 h
batch libero_goal:1 A,step real=6/6 21.3 s brain 12.7 s 19 calls 64 rows
3030/3900 episodes, 4.83 s/episode, eta 1.17 h
batch libero_goal:1 A,step real=6/6 30.1 s brain 17.3 s 30 calls 76 rows
3036/3900 episodes, 4.83 s/episode, eta 1.16 h
batch libero_goal:1 A,step real=6/6 28.2 s brain 16.7 s 30 calls 74 rows
3042/3900 episodes, 4.83 s/episode, eta 1.15 h
batch libero_goal:1 A,step real=6/6 16.6 s brain 10.1 s 12 calls 56 rows
3048/3900 episodes, 4.83 s/episode, eta 1.14 h
batch libero_goal:1 A,step real=6/6 16.1 s brain 10.0 s 12 calls 56 rows
3054/3900 episodes, 4.82 s/episode, eta 1.13 h
batch libero_goal:1 A,step real=6/6 31.2 s brain 19.4 s 30 calls 96 rows
3060/3900 episodes, 4.82 s/episode, eta 1.13 h
batch libero_goal:1 A,step real=6/6 29.9 s brain 17.4 s 30 calls 77 rows
3066/3900 episodes, 4.82 s/episode, eta 1.12 h
batch libero_goal:1 A,step real=6/6 28.5 s brain 17.1 s 30 calls 75 rows
3072/3900 episodes, 4.82 s/episode, eta 1.11 h
batch libero_goal:1 A,step real=6/6 28.2 s brain 16.5 s 30 calls 72 rows
3078/3900 episodes, 4.82 s/episode, eta 1.10 h
batch libero_goal:1 A,step real=6/6 23.3 s brain 14.3 s 21 calls 74 rows
3084/3900 episodes, 4.82 s/episode, eta 1.09 h
batch libero_goal:1 A,step real=6/6 28.8 s brain 17.1 s 30 calls 78 rows
3090/3900 episodes, 4.82 s/episode, eta 1.08 h
batch libero_goal:1 A,step real=6/6 29.9 s brain 16.9 s 30 calls 76 rows
3096/3900 episodes, 4.82 s/episode, eta 1.08 h
batch libero_goal:1 A,step real=6/6 27.8 s brain 16.7 s 30 calls 74 rows
3102/3900 episodes, 4.82 s/episode, eta 1.07 h
batch libero_goal:1 A,step real=6/6 14.7 s brain 9.0 s 10 calls 53 rows
3108/3900 episodes, 4.82 s/episode, eta 1.06 h
batch libero_goal:1 A,step real=6/6 21.6 s brain 13.1 s 20 calls 64 rows
3114/3900 episodes, 4.81 s/episode, eta 1.05 h
batch libero_goal:1 A,step real=6/6 28.9 s brain 17.5 s 30 calls 79 rows
3120/3900 episodes, 4.81 s/episode, eta 1.04 h
batch libero_goal:1 A,step real=6/6 32.7 s brain 19.7 s 30 calls 98 rows
3126/3900 episodes, 4.82 s/episode, eta 1.04 h
batch libero_goal:1 A,step real=6/6 28.4 s brain 16.8 s 30 calls 73 rows
3132/3900 episodes, 4.82 s/episode, eta 1.03 h
batch libero_goal:1 A,step real=6/6 14.8 s brain 9.0 s 10 calls 53 rows
3138/3900 episodes, 4.81 s/episode, eta 1.02 h
batch libero_goal:1 A,step real=6/6 21.0 s brain 12.6 s 19 calls 63 rows
3144/3900 episodes, 4.81 s/episode, eta 1.01 h
batch libero_goal:1 A,step real=6/6 28.7 s brain 17.3 s 30 calls 79 rows
3150/3900 episodes, 4.81 s/episode, eta 1.00 h
[info] using task orders [0, 1, 2, 3, 4, 5, 6, 7, 8, 9]
[info] using task orders [0, 1, 2, 3, 4, 5, 6, 7, 8, 9]
[info] using task orders [0, 1, 2, 3, 4, 5, 6, 7, 8, 9]
[info] using task orders [0, 1, 2, 3, 4, 5, 6, 7, 8, 9]
[info] using task orders [0, 1, 2, 3, 4, 5, 6, 7, 8, 9]
[info] using task orders [0, 1, 2, 3, 4, 5, 6, 7, 8, 9]
[info] using task orders [0, 1, 2, 3, 4, 5, 6, 7, 8, 9]
Local assets not found. Downloading from HuggingFace Hub...
Assets already downloaded at /root/.cache/libero/assets
Local assets not found. Downloading from HuggingFace Hub...
Local assets not found. Downloading from HuggingFace Hub...
Local assets not found. Downloading from HuggingFace Hub...
Local assets not found. Downloading from HuggingFace Hub...
Assets already downloaded at /root/.cache/libero/assets
Assets already downloaded at /root/.cache/libero/assets
Assets already downloaded at /root/.cache/libero/assets
Assets already downloaded at /root/.cache/libero/assets
Local assets not found. Downloading from HuggingFace Hub...
Assets already downloaded at /root/.cache/libero/assets
batch libero_goal:2 A,step real=6/6 35.6 s brain 17.2 s 30 calls 76 rows
3156/3900 episodes, 4.81 s/episode, eta 0.99 h
batch libero_goal:2 A,step real=6/6 32.2 s brain 20.2 s 30 calls 102 rows
3162/3900 episodes, 4.81 s/episode, eta 0.99 h
batch libero_goal:2 A,step real=6/6 31.6 s brain 19.5 s 30 calls 98 rows
3168/3900 episodes, 4.81 s/episode, eta 0.98 h
batch libero_goal:2 A,step real=6/6 26.3 s brain 15.7 s 24 calls 79 rows
3174/3900 episodes, 4.81 s/episode, eta 0.97 h
batch libero_goal:2 A,step real=6/6 31.6 s brain 19.5 s 30 calls 99 rows
3180/3900 episodes, 4.81 s/episode, eta 0.96 h
batch libero_goal:2 A,step real=6/6 15.0 s brain 9.4 s 10 calls 55 rows
3186/3900 episodes, 4.81 s/episode, eta 0.95 h
batch libero_goal:2 A,step real=6/6 31.9 s brain 20.2 s 30 calls 102 rows
3192/3900 episodes, 4.81 s/episode, eta 0.95 h
batch libero_goal:2 A,step real=6/6 29.7 s brain 17.9 s 30 calls 86 rows
3198/3900 episodes, 4.81 s/episode, eta 0.94 h
batch libero_goal:2 A,step real=6/6 31.8 s brain 20.0 s 30 calls 100 rows
3204/3900 episodes, 4.81 s/episode, eta 0.93 h
batch libero_goal:2 A,step real=6/6 29.4 s brain 17.6 s 30 calls 79 rows
3210/3900 episodes, 4.81 s/episode, eta 0.92 h
batch libero_goal:2 A,step real=6/6 19.0 s brain 11.8 s 16 calls 62 rows
3216/3900 episodes, 4.81 s/episode, eta 0.91 h
batch libero_goal:2 A,step real=6/6 32.2 s brain 20.4 s 30 calls 105 rows
3222/3900 episodes, 4.81 s/episode, eta 0.91 h
batch libero_goal:2 A,step real=6/6 31.7 s brain 20.0 s 30 calls 100 rows
3228/3900 episodes, 4.81 s/episode, eta 0.90 h
batch libero_goal:2 A,step real=6/6 31.9 s brain 19.8 s 30 calls 100 rows
3234/3900 episodes, 4.81 s/episode, eta 0.89 h
batch libero_goal:2 A,step real=6/6 28.9 s brain 17.1 s 30 calls 79 rows
3240/3900 episodes, 4.81 s/episode, eta 0.88 h
batch libero_goal:2 A,step real=6/6 15.4 s brain 9.5 s 10 calls 56 rows
3246/3900 episodes, 4.81 s/episode, eta 0.87 h
batch libero_goal:2 A,step real=6/6 32.2 s brain 20.2 s 30 calls 102 rows
3252/3900 episodes, 4.81 s/episode, eta 0.87 h
batch libero_goal:2 A,step real=6/6 29.4 s brain 17.8 s 30 calls 82 rows
3258/3900 episodes, 4.81 s/episode, eta 0.86 h
batch libero_goal:2 A,step real=6/6 26.2 s brain 16.0 s 24 calls 81 rows
3264/3900 episodes, 4.81 s/episode, eta 0.85 h
batch libero_goal:2 A,step real=6/6 29.1 s brain 17.2 s 30 calls 79 rows
3270/3900 episodes, 4.81 s/episode, eta 0.84 h
batch libero_goal:2 A,step real=6/6 28.7 s brain 17.1 s 30 calls 76 rows
3276/3900 episodes, 4.81 s/episode, eta 0.83 h
batch libero_goal:2 A,step real=6/6 31.9 s brain 20.2 s 30 calls 102 rows
3282/3900 episodes, 4.81 s/episode, eta 0.83 h
batch libero_goal:2 A,step real=6/6 29.6 s brain 18.4 s 30 calls 83 rows
3288/3900 episodes, 4.81 s/episode, eta 0.82 h
batch libero_goal:2 A,step real=6/6 26.5 s brain 16.4 s 24 calls 81 rows
3294/3900 episodes, 4.81 s/episode, eta 0.81 h
batch libero_goal:2 A,step real=6/6 28.6 s brain 17.3 s 30 calls 79 rows
3300/3900 episodes, 4.81 s/episode, eta 0.80 h
[info] using task orders [0, 1, 2, 3, 4, 5, 6, 7, 8, 9]
[info] using task orders [0, 1, 2, 3, 4, 5, 6, 7, 8, 9]
[info] using task orders [0, 1, 2, 3, 4, 5, 6, 7, 8, 9]
[info] using task orders [0, 1, 2, 3, 4, 5, 6, 7, 8, 9]
[info] using task orders [0, 1, 2, 3, 4, 5, 6, 7, 8, 9]
[info] using task orders [0, 1, 2, 3, 4, 5, 6, 7, 8, 9]
[info] using task orders [0, 1, 2, 3, 4, 5, 6, 7, 8, 9]
Local assets not found. Downloading from HuggingFace Hub...Local assets not found. Downloading from HuggingFace Hub...Local assets not found. Downloading from HuggingFace Hub...Local assets not found. Downloading from HuggingFace Hub...



Assets already downloaded at /root/.cache/libero/assetsAssets already downloaded at /root/.cache/libero/assetsAssets already downloaded at /root/.cache/libero/assetsAssets already downloaded at /root/.cache/libero/assets



Local assets not found. Downloading from HuggingFace Hub...Local assets not found. Downloading from HuggingFace Hub...

Assets already downloaded at /root/.cache/libero/assetsAssets already downloaded at /root/.cache/libero/assets

batch libero_goal:4 A,step real=6/6 27.3 s brain 12.5 s 16 calls 66 rows
3306/3900 episodes, 4.81 s/episode, eta 0.79 h
batch libero_goal:4 A,step real=6/6 17.0 s brain 10.5 s 13 calls 59 rows
3312/3900 episodes, 4.80 s/episode, eta 0.78 h
batch libero_goal:4 A,step real=6/6 30.2 s brain 17.4 s 30 calls 80 rows
3318/3900 episodes, 4.81 s/episode, eta 0.78 h
batch libero_goal:4 A,step real=6/6 17.4 s brain 10.7 s 14 calls 59 rows
3324/3900 episodes, 4.80 s/episode, eta 0.77 h
batch libero_goal:4 A,step real=6/6 29.5 s brain 17.4 s 30 calls 78 rows
3330/3900 episodes, 4.80 s/episode, eta 0.76 h
batch libero_goal:4 A,step real=6/6 14.3 s brain 8.8 s 9 calls 52 rows
3336/3900 episodes, 4.80 s/episode, eta 0.75 h
batch libero_goal:4 A,step real=6/6 17.2 s brain 10.7 s 13 calls 60 rows
3342/3900 episodes, 4.79 s/episode, eta 0.74 h
batch libero_goal:4 A,step real=6/6 17.5 s brain 10.3 s 13 calls 57 rows
3348/3900 episodes, 4.79 s/episode, eta 0.73 h
batch libero_goal:4 A,step real=6/6 19.5 s brain 11.5 s 14 calls 58 rows
3354/3900 episodes, 4.79 s/episode, eta 0.73 h
batch libero_goal:4 A,step real=6/6 27.2 s brain 15.6 s 23 calls 67 rows
3360/3900 episodes, 4.79 s/episode, eta 0.72 h
batch libero_goal:4 A,step real=6/6 32.2 s brain 18.2 s 30 calls 74 rows
3366/3900 episodes, 4.79 s/episode, eta 0.71 h
batch libero_goal:4 A,step real=6/6 15.7 s brain 9.5 s 10 calls 54 rows
3372/3900 episodes, 4.78 s/episode, eta 0.70 h
batch libero_goal:4 A,step real=6/6 21.1 s brain 12.6 s 16 calls 64 rows
3378/3900 episodes, 4.78 s/episode, eta 0.69 h
batch libero_goal:4 A,step real=6/6 16.2 s brain 10.0 s 11 calls 55 rows
3384/3900 episodes, 4.78 s/episode, eta 0.68 h
batch libero_goal:4 A,step real=6/6 19.4 s brain 11.6 s 15 calls 60 rows
3390/3900 episodes, 4.78 s/episode, eta 0.68 h
batch libero_goal:4 A,step real=6/6 14.1 s brain 8.7 s 9 calls 52 rows
3396/3900 episodes, 4.77 s/episode, eta 0.67 h
batch libero_goal:4 A,step real=6/6 16.8 s brain 10.3 s 13 calls 57 rows
3402/3900 episodes, 4.77 s/episode, eta 0.66 h
batch libero_goal:4 A,step real=6/6 28.6 s brain 16.7 s 30 calls 74 rows
3408/3900 episodes, 4.77 s/episode, eta 0.65 h
batch libero_goal:4 A,step real=6/6 14.8 s brain 9.4 s 10 calls 54 rows
3414/3900 episodes, 4.76 s/episode, eta 0.64 h
batch libero_goal:4 A,step real=6/6 19.3 s brain 11.7 s 15 calls 62 rows
3420/3900 episodes, 4.76 s/episode, eta 0.63 h
batch libero_goal:4 A,step real=6/6 29.7 s brain 17.1 s 30 calls 74 rows
3426/3900 episodes, 4.76 s/episode, eta 0.63 h
batch libero_goal:4 A,step real=6/6 17.1 s brain 10.5 s 13 calls 57 rows
3432/3900 episodes, 4.76 s/episode, eta 0.62 h
batch libero_goal:4 A,step real=6/6 19.6 s brain 11.6 s 16 calls 61 rows
3438/3900 episodes, 4.76 s/episode, eta 0.61 h
batch libero_goal:4 A,step real=6/6 14.9 s brain 9.3 s 10 calls 54 rows
3444/3900 episodes, 4.75 s/episode, eta 0.60 h
batch libero_goal:4 A,step real=6/6 19.7 s brain 11.7 s 16 calls 62 rows
3450/3900 episodes, 4.75 s/episode, eta 0.59 h
[info] using task orders [0, 1, 2, 3, 4, 5, 6, 7, 8, 9]
[info] using task orders [0, 1, 2, 3, 4, 5, 6, 7, 8, 9]
[info] using task orders [0, 1, 2, 3, 4, 5, 6, 7, 8, 9]
[info] using task orders [0, 1, 2, 3, 4, 5, 6, 7, 8, 9]
[info] using task orders [0, 1, 2, 3, 4, 5, 6, 7, 8, 9]
[info] using task orders [0, 1, 2, 3, 4, 5, 6, 7, 8, 9]
[info] using task orders [0, 1, 2, 3, 4, 5, 6, 7, 8, 9]
Local assets not found. Downloading from HuggingFace Hub...Local assets not found. Downloading from HuggingFace Hub...

Assets already downloaded at /root/.cache/libero/assetsAssets already downloaded at /root/.cache/libero/assets

Local assets not found. Downloading from HuggingFace Hub...
Local assets not found. Downloading from HuggingFace Hub...
Assets already downloaded at /root/.cache/libero/assets
Assets already downloaded at /root/.cache/libero/assets
Local assets not found. Downloading from HuggingFace Hub...
Assets already downloaded at /root/.cache/libero/assets
Local assets not found. Downloading from HuggingFace Hub...
Assets already downloaded at /root/.cache/libero/assets
batch libero_goal:6 A,step real=6/6 36.2 s brain 17.7 s 30 calls 81 rows
3456/3900 episodes, 4.75 s/episode, eta 0.59 h
batch libero_goal:6 A,step real=6/6 32.2 s brain 20.0 s 30 calls 102 rows
3462/3900 episodes, 4.75 s/episode, eta 0.58 h
batch libero_goal:6 A,step real=6/6 34.6 s brain 22.1 s 30 calls 120 rows
3468/3900 episodes, 4.76 s/episode, eta 0.57 h
batch libero_goal:6 A,step real=6/6 29.2 s brain 17.4 s 30 calls 79 rows
3474/3900 episodes, 4.76 s/episode, eta 0.56 h
batch libero_goal:6 A,step real=6/6 29.3 s brain 17.5 s 30 calls 81 rows
3480/3900 episodes, 4.76 s/episode, eta 0.55 h
batch libero_goal:6 A,step real=6/6 32.2 s brain 20.0 s 30 calls 101 rows
3486/3900 episodes, 4.76 s/episode, eta 0.55 h
batch libero_goal:6 A,step real=6/6 29.3 s brain 17.6 s 30 calls 80 rows
3492/3900 episodes, 4.76 s/episode, eta 0.54 h
batch libero_goal:6 A,step real=6/6 28.6 s brain 17.1 s 30 calls 78 rows
3498/3900 episodes, 4.76 s/episode, eta 0.53 h
batch libero_goal:6 A,step real=6/6 34.0 s brain 22.4 s 30 calls 122 rows
3504/3900 episodes, 4.76 s/episode, eta 0.52 h
batch libero_goal:6 A,step real=6/6 29.4 s brain 17.6 s 30 calls 81 rows
3510/3900 episodes, 4.76 s/episode, eta 0.52 h
batch libero_goal:6 A,step real=6/6 29.2 s brain 17.5 s 30 calls 82 rows
3516/3900 episodes, 4.76 s/episode, eta 0.51 h
batch libero_goal:6 A,step real=6/6 31.8 s brain 19.4 s 30 calls 97 rows
3522/3900 episodes, 4.76 s/episode, eta 0.50 h
batch libero_goal:6 A,step real=6/6 31.3 s brain 19.8 s 30 calls 100 rows
3528/3900 episodes, 4.76 s/episode, eta 0.49 h
batch libero_goal:6 A,step real=6/6 33.3 s brain 21.0 s 30 calls 108 rows
3534/3900 episodes, 4.76 s/episode, eta 0.48 h
batch libero_goal:6 A,step real=6/6 34.8 s brain 22.6 s 30 calls 124 rows
3540/3900 episodes, 4.76 s/episode, eta 0.48 h
batch libero_goal:6 A,step real=6/6 29.7 s brain 18.3 s 30 calls 86 rows
3546/3900 episodes, 4.76 s/episode, eta 0.47 h
batch libero_goal:6 A,step real=6/6 25.0 s brain 15.4 s 25 calls 73 rows
3552/3900 episodes, 4.76 s/episode, eta 0.46 h
batch libero_goal:6 A,step real=6/6 28.8 s brain 17.3 s 30 calls 78 rows
3558/3900 episodes, 4.76 s/episode, eta 0.45 h
batch libero_goal:6 A,step real=6/6 36.7 s brain 24.3 s 30 calls 138 rows
3564/3900 episodes, 4.77 s/episode, eta 0.44 h
batch libero_goal:6 A,step real=6/6 28.4 s brain 17.0 s 30 calls 75 rows
3570/3900 episodes, 4.77 s/episode, eta 0.44 h
batch libero_goal:6 A,step real=6/6 29.4 s brain 17.6 s 30 calls 82 rows
3576/3900 episodes, 4.77 s/episode, eta 0.43 h
batch libero_goal:6 A,step real=6/6 28.1 s brain 16.9 s 30 calls 75 rows
3582/3900 episodes, 4.77 s/episode, eta 0.42 h
batch libero_goal:6 A,step real=6/6 15.9 s brain 9.9 s 11 calls 58 rows
3588/3900 episodes, 4.76 s/episode, eta 0.41 h
batch libero_goal:6 A,step real=6/6 32.5 s brain 20.7 s 30 calls 105 rows
3594/3900 episodes, 4.76 s/episode, eta 0.40 h
batch libero_goal:6 A,step real=6/6 25.6 s brain 15.5 s 26 calls 71 rows
3600/3900 episodes, 4.76 s/episode, eta 0.40 h
[info] using task orders [0, 1, 2, 3, 4, 5, 6, 7, 8, 9]
[info] using task orders [0, 1, 2, 3, 4, 5, 6, 7, 8, 9]
[info] using task orders [0, 1, 2, 3, 4, 5, 6, 7, 8, 9]
[info] using task orders [0, 1, 2, 3, 4, 5, 6, 7, 8, 9]
[info] using task orders [0, 1, 2, 3, 4, 5, 6, 7, 8, 9]
[info] using task orders [0, 1, 2, 3, 4, 5, 6, 7, 8, 9]
[info] using task orders [0, 1, 2, 3, 4, 5, 6, 7, 8, 9]
Local assets not found. Downloading from HuggingFace Hub...Local assets not found. Downloading from HuggingFace Hub...

Assets already downloaded at /root/.cache/libero/assetsAssets already downloaded at /root/.cache/libero/assets

Local assets not found. Downloading from HuggingFace Hub...
Local assets not found. Downloading from HuggingFace Hub...
Assets already downloaded at /root/.cache/libero/assets
Assets already downloaded at /root/.cache/libero/assets
Local assets not found. Downloading from HuggingFace Hub...
Assets already downloaded at /root/.cache/libero/assets
Local assets not found. Downloading from HuggingFace Hub...
Assets already downloaded at /root/.cache/libero/assets
batch libero_goal:8 A,step real=6/6 22.6 s brain 10.2 s 12 calls 56 rows
3606/3900 episodes, 4.76 s/episode, eta 0.39 h
batch libero_goal:8 A,step real=6/6 32.7 s brain 19.8 s 30 calls 101 rows
3612/3900 episodes, 4.76 s/episode, eta 0.38 h
batch libero_goal:8 A,step real=6/6 32.9 s brain 18.8 s 30 calls 92 rows
3618/3900 episodes, 4.76 s/episode, eta 0.37 h
batch libero_goal:8 A,step real=6/6 32.1 s brain 19.2 s 30 calls 95 rows
3624/3900 episodes, 4.76 s/episode, eta 0.37 h
batch libero_goal:8 A,step real=6/6 29.1 s brain 17.2 s 30 calls 79 rows
3630/3900 episodes, 4.76 s/episode, eta 0.36 h
batch libero_goal:8 A,step real=6/6 13.5 s brain 8.2 s 9 calls 48 rows
3636/3900 episodes, 4.76 s/episode, eta 0.35 h
batch libero_goal:8 A,step real=6/6 29.7 s brain 17.9 s 30 calls 83 rows
3642/3900 episodes, 4.76 s/episode, eta 0.34 h
batch libero_goal:8 A,step real=6/6 32.5 s brain 19.1 s 30 calls 92 rows
3648/3900 episodes, 4.76 s/episode, eta 0.33 h
batch libero_goal:8 A,step real=6/6 32.9 s brain 19.7 s 30 calls 96 rows
3654/3900 episodes, 4.76 s/episode, eta 0.33 h
batch libero_goal:8 A,step real=6/6 27.3 s brain 16.3 s 30 calls 69 rows
3660/3900 episodes, 4.76 s/episode, eta 0.32 h
batch libero_goal:8 A,step real=6/6 13.8 s brain 8.4 s 9 calls 50 rows
3666/3900 episodes, 4.76 s/episode, eta 0.31 h
batch libero_goal:8 A,step real=6/6 30.8 s brain 19.0 s 30 calls 91 rows
3672/3900 episodes, 4.76 s/episode, eta 0.30 h
batch libero_goal:8 A,step real=6/6 33.1 s brain 19.3 s 30 calls 92 rows
3678/3900 episodes, 4.76 s/episode, eta 0.29 h
batch libero_goal:8 A,step real=6/6 30.0 s brain 16.9 s 30 calls 73 rows
3684/3900 episodes, 4.76 s/episode, eta 0.29 h
batch libero_goal:8 A,step real=6/6 31.6 s brain 19.1 s 30 calls 91 rows
3690/3900 episodes, 4.76 s/episode, eta 0.28 h
batch libero_goal:8 A,step real=6/6 13.8 s brain 8.3 s 9 calls 48 rows
3696/3900 episodes, 4.76 s/episode, eta 0.27 h
batch libero_goal:8 A,step real=6/6 30.2 s brain 17.9 s 30 calls 83 rows
3702/3900 episodes, 4.76 s/episode, eta 0.26 h
batch libero_goal:8 A,step real=6/6 34.8 s brain 19.3 s 30 calls 92 rows
3708/3900 episodes, 4.76 s/episode, eta 0.25 h
batch libero_goal:8 A,step real=6/6 30.7 s brain 17.0 s 30 calls 74 rows
3714/3900 episodes, 4.76 s/episode, eta 0.25 h
batch libero_goal:8 A,step real=6/6 27.6 s brain 16.3 s 30 calls 69 rows
3720/3900 episodes, 4.76 s/episode, eta 0.24 h
batch libero_goal:8 A,step real=6/6 13.6 s brain 8.2 s 9 calls 48 rows
3726/3900 episodes, 4.76 s/episode, eta 0.23 h
batch libero_goal:8 A,step real=6/6 31.0 s brain 18.2 s 30 calls 85 rows
3732/3900 episodes, 4.76 s/episode, eta 0.22 h
batch libero_goal:8 A,step real=6/6 34.1 s brain 19.0 s 30 calls 92 rows
3738/3900 episodes, 4.76 s/episode, eta 0.21 h
batch libero_goal:8 A,step real=6/6 29.8 s brain 16.6 s 30 calls 73 rows
3744/3900 episodes, 4.76 s/episode, eta 0.21 h
batch libero_goal:8 A,step real=6/6 27.4 s brain 15.8 s 30 calls 69 rows
3750/3900 episodes, 4.76 s/episode, eta 0.20 h
[info] using task orders [0, 1, 2, 3, 4, 5, 6, 7, 8, 9]
[info] using task orders [0, 1, 2, 3, 4, 5, 6, 7, 8, 9]
[info] using task orders [0, 1, 2, 3, 4, 5, 6, 7, 8, 9]
[info] using task orders [0, 1, 2, 3, 4, 5, 6, 7, 8, 9]
[info] using task orders [0, 1, 2, 3, 4, 5, 6, 7, 8, 9]
[info] using task orders [0, 1, 2, 3, 4, 5, 6, 7, 8, 9]
[info] using task orders [0, 1, 2, 3, 4, 5, 6, 7, 8, 9]
Local assets not found. Downloading from HuggingFace Hub...Local assets not found. Downloading from HuggingFace Hub...

Assets already downloaded at /root/.cache/libero/assets
Assets already downloaded at /root/.cache/libero/assets
Local assets not found. Downloading from HuggingFace Hub...Local assets not found. Downloading from HuggingFace Hub...

Assets already downloaded at /root/.cache/libero/assetsAssets already downloaded at /root/.cache/libero/assets

Local assets not found. Downloading from HuggingFace Hub...Local assets not found. Downloading from HuggingFace Hub...

Assets already downloaded at /root/.cache/libero/assetsAssets already downloaded at /root/.cache/libero/assets

batch libero_goal:9 A,step real=6/6 41.7 s brain 23.0 s 30 calls 123 rows
3756/3900 episodes, 4.76 s/episode, eta 0.19 h
batch libero_goal:9 A,step real=6/6 35.8 s brain 23.7 s 30 calls 133 rows
3762/3900 episodes, 4.76 s/episode, eta 0.18 h
batch libero_goal:9 A,step real=6/6 32.7 s brain 20.9 s 30 calls 106 rows
3768/3900 episodes, 4.77 s/episode, eta 0.17 h
batch libero_goal:9 A,step real=6/6 33.8 s brain 22.0 s 30 calls 116 rows
3774/3900 episodes, 4.77 s/episode, eta 0.17 h
batch libero_goal:9 A,step real=6/6 31.9 s brain 20.5 s 30 calls 105 rows
3780/3900 episodes, 4.77 s/episode, eta 0.16 h
batch libero_goal:9 A,step real=6/6 33.6 s brain 21.6 s 30 calls 115 rows
3786/3900 episodes, 4.77 s/episode, eta 0.15 h
batch libero_goal:9 A,step real=6/6 32.4 s brain 20.3 s 30 calls 103 rows
3792/3900 episodes, 4.77 s/episode, eta 0.14 h
batch libero_goal:9 A,step real=6/6 32.9 s brain 21.6 s 30 calls 113 rows
3798/3900 episodes, 4.77 s/episode, eta 0.14 h
batch libero_goal:9 A,step real=6/6 33.5 s brain 21.4 s 30 calls 112 rows
3804/3900 episodes, 4.77 s/episode, eta 0.13 h
batch libero_goal:9 A,step real=6/6 32.1 s brain 20.0 s 30 calls 99 rows
3810/3900 episodes, 4.77 s/episode, eta 0.12 h
batch libero_goal:9 A,step real=6/6 35.5 s brain 23.0 s 30 calls 128 rows
3816/3900 episodes, 4.78 s/episode, eta 0.11 h
batch libero_goal:9 A,step real=6/6 31.7 s brain 20.2 s 30 calls 102 rows
3822/3900 episodes, 4.78 s/episode, eta 0.10 h
batch libero_goal:9 A,step real=6/6 33.7 s brain 21.7 s 30 calls 115 rows
3828/3900 episodes, 4.78 s/episode, eta 0.10 h
batch libero_goal:9 A,step real=6/6 35.5 s brain 23.8 s 30 calls 132 rows
3834/3900 episodes, 4.78 s/episode, eta 0.09 h
batch libero_goal:9 A,step real=6/6 34.3 s brain 22.0 s 30 calls 116 rows
3840/3900 episodes, 4.78 s/episode, eta 0.08 h
batch libero_goal:9 A,step real=6/6 35.0 s brain 22.1 s 30 calls 119 rows
3846/3900 episodes, 4.78 s/episode, eta 0.07 h
batch libero_goal:9 A,step real=6/6 32.5 s brain 20.3 s 30 calls 103 rows
3852/3900 episodes, 4.78 s/episode, eta 0.06 h
batch libero_goal:9 A,step real=6/6 33.3 s brain 21.7 s 30 calls 113 rows
3858/3900 episodes, 4.78 s/episode, eta 0.06 h
batch libero_goal:9 A,step real=6/6 33.1 s brain 21.1 s 30 calls 110 rows
3864/3900 episodes, 4.79 s/episode, eta 0.05 h
batch libero_goal:9 A,step real=6/6 31.7 s brain 20.0 s 30 calls 99 rows
3870/3900 episodes, 4.79 s/episode, eta 0.04 h
batch libero_goal:9 A,step real=6/6 34.7 s brain 22.3 s 30 calls 119 rows
3876/3900 episodes, 4.79 s/episode, eta 0.03 h
batch libero_goal:9 A,step real=6/6 32.2 s brain 20.6 s 30 calls 104 rows
3882/3900 episodes, 4.79 s/episode, eta 0.02 h
batch libero_goal:9 A,step real=6/6 31.6 s brain 19.7 s 30 calls 97 rows
3888/3900 episodes, 4.79 s/episode, eta 0.02 h
batch libero_goal:9 A,step real=6/6 33.1 s brain 21.5 s 30 calls 112 rows
3894/3900 episodes, 4.79 s/episode, eta 0.01 h
batch libero_goal:9 A,step real=6/6 33.1 s brain 21.6 s 30 calls 113 rows
3900/3900 episodes, 4.79 s/episode, eta 0.00 h
[05:27:28] pass 2 skipped: pass 1 exited cleanly, no failed batch
[05:27:28] phase pi, lane p, id 3 (1388 episodes): --brain pi05 --kinds step --cells A,C --methods GT,GautoT --inits 0-39 --classes 2
[05:27:28] pass 1: --brain pi05 --kinds step --cells A,C --methods GT,GautoT --inits 0-39 --classes 2 --precision fp32 --n-envs 6 --kbar 0.1566 --t-ramp 5 --k-p 1.0 --tau-k 0.039517 --out results/c1-e4/pod/grid_pi05.jsonl
[robosuite WARNING] No private macro file found! (__init__.py:7)
WARNING:robosuite_logs:No private macro file found!
[robosuite WARNING] It is recommended to use a private macro file (__init__.py:8)
WARNING:robosuite_logs:It is recommended to use a private macro file
[robosuite WARNING] To setup, run: python /workspace/jit-reflex/venv/lib/python3.12/site-packages/robosuite/scripts/setup_macros.py (__init__.py:9)
WARNING:robosuite_logs:To setup, run: python /workspace/jit-reflex/venv/lib/python3.12/site-packages/robosuite/scripts/setup_macros.py
1388 episodes to run
Fetching 9 files:   0%|          | 0/9 [00:00<?, ?it/s]Fetching 9 files: 100%|██████████| 9/9 [00:00<00:00, 559.61it/s]
The PI05 model is a direct port of the OpenPI implementation. 
This implementation follows the original OpenPI structure for compatibility. 
Original implementation: https://github.com/Physical-Intelligence/openpi
Loading model from: /workspace/.cache/huggingface/hub/models--lerobot--pi05_libero_finetuned_v044/snapshots/8e174154ef5f6c60a8da12ae99c303d8963138c1
✓ Loaded state dict from model.safetensors
WARNING:root:Vision embedding key might need handling: model.paligemma_with_expert.paligemma.model.vision_tower.vision_model.embeddings.patch_embedding.bias
WARNING:root:Vision embedding key might need handling: model.paligemma_with_expert.paligemma.model.vision_tower.vision_model.embeddings.patch_embedding.weight
All keys loaded successfully!
[info] using task orders [0, 1, 2, 3, 4, 5, 6, 7, 8, 9]
/usr/lib/python3.12/multiprocessing/popen_fork.py:66: DeprecationWarning: This process (pid=128862) is multi-threaded, use of fork() may lead to deadlocks in the child.
  self.pid = os.fork()
[info] using task orders [0, 1, 2, 3, 4, 5, 6, 7, 8, 9]
[info] using task orders [0, 1, 2, 3, 4, 5, 6, 7, 8, 9]
[info] using task orders [0, 1, 2, 3, 4, 5, 6, 7, 8, 9]
[info] using task orders [0, 1, 2, 3, 4, 5, 6, 7, 8, 9]
[info] using task orders [0, 1, 2, 3, 4, 5, 6, 7, 8, 9]
[info] using task orders [0, 1, 2, 3, 4, 5, 6, 7, 8, 9]
Local assets not found. Downloading from HuggingFace Hub...Local assets not found. Downloading from HuggingFace Hub...Local assets not found. Downloading from HuggingFace Hub...Local assets not found. Downloading from HuggingFace Hub...



Assets already downloaded at /root/.cache/libero/assetsAssets already downloaded at /root/.cache/libero/assetsAssets already downloaded at /root/.cache/libero/assetsAssets already downloaded at /root/.cache/libero/assets



Local assets not found. Downloading from HuggingFace Hub...Local assets not found. Downloading from HuggingFace Hub...

Assets already downloaded at /root/.cache/libero/assetsAssets already downloaded at /root/.cache/libero/assets

batch libero_spatial:0 A,step real=6/6 43.5 s brain 21.8 s 40 calls 92 rows
6/1388 episodes, 7.41 s/episode, eta 2.84 h
batch libero_spatial:0 A,step real=6/6 54.1 s brain 35.9 s 89 calls 112 rows
12/1388 episodes, 8.21 s/episode, eta 3.14 h
batch libero_spatial:0 A,step real=6/6 42.5 s brain 26.3 s 60 calls 95 rows
18/1388 episodes, 7.84 s/episode, eta 2.98 h
batch libero_spatial:0 A,step real=6/6 49.4 s brain 32.3 s 80 calls 104 rows
24/1388 episodes, 7.94 s/episode, eta 3.01 h
batch libero_spatial:0 A,step real=2/6 27.8 s brain 13.3 s 34 calls 38 rows
26/1388 episodes, 8.40 s/episode, eta 3.18 h
batch libero_spatial:0 C,step real=6/6 20.1 s brain 7.8 s 18 calls 27 rows
32/1388 episodes, 7.45 s/episode, eta 2.81 h
batch libero_spatial:0 C,step real=6/6 26.3 s brain 11.2 s 26 calls 37 rows
38/1388 episodes, 6.97 s/episode, eta 2.61 h
batch libero_spatial:0 C,step real=6/6 20.2 s brain 6.5 s 15 calls 23 rows
44/1388 episodes, 6.48 s/episode, eta 2.42 h
batch libero_spatial:0 C,step real=6/6 25.3 s brain 11.1 s 28 calls 35 rows
50/1388 episodes, 6.21 s/episode, eta 2.31 h
batch libero_spatial:0 C,step real=2/6 17.2 s brain 4.3 s 11 calls 12 rows
52/1388 episodes, 6.30 s/episode, eta 2.34 h
[info] using task orders [0, 1, 2, 3, 4, 5, 6, 7, 8, 9]
[info] using task orders [0, 1, 2, 3, 4, 5, 6, 7, 8, 9]
[info] using task orders [0, 1, 2, 3, 4, 5, 6, 7, 8, 9]
[info] using task orders [0, 1, 2, 3, 4, 5, 6, 7, 8, 9]
[info] using task orders [0, 1, 2, 3, 4, 5, 6, 7, 8, 9]
[info] using task orders [0, 1, 2, 3, 4, 5, 6, 7, 8, 9]
[info] using task orders [0, 1, 2, 3, 4, 5, 6, 7, 8, 9]
Local assets not found. Downloading from HuggingFace Hub...Local assets not found. Downloading from HuggingFace Hub...

Assets already downloaded at /root/.cache/libero/assetsAssets already downloaded at /root/.cache/libero/assets

Local assets not found. Downloading from HuggingFace Hub...
Local assets not found. Downloading from HuggingFace Hub...
Assets already downloaded at /root/.cache/libero/assets
Assets already downloaded at /root/.cache/libero/assets
Local assets not found. Downloading from HuggingFace Hub...
Local assets not found. Downloading from HuggingFace Hub...
Assets already downloaded at /root/.cache/libero/assetsAssets already downloaded at /root/.cache/libero/assets

batch libero_spatial:1 A,step real=6/6 54.1 s brain 31.6 s 76 calls 108 rows
58/1388 episodes, 6.62 s/episode, eta 2.44 h
batch libero_spatial:1 A,step real=6/6 56.8 s brain 40.9 s 88 calls 160 rows
64/1388 episodes, 6.88 s/episode, eta 2.53 h
batch libero_spatial:1 A,step real=6/6 39.3 s brain 25.2 s 61 calls 87 rows
70/1388 episodes, 6.85 s/episode, eta 2.51 h
batch libero_spatial:1 A,step real=6/6 44.4 s brain 29.2 s 66 calls 105 rows
76/1388 episodes, 6.90 s/episode, eta 2.51 h
batch libero_spatial:1 A,step real=4/6 21.3 s brain 13.4 s 32 calls 47 rows
80/1388 episodes, 6.82 s/episode, eta 2.48 h
batch libero_spatial:1 C,step real=6/6 22.4 s brain 9.3 s 24 calls 29 rows
86/1388 episodes, 6.60 s/episode, eta 2.39 h
batch libero_spatial:1 C,step real=6/6 22.8 s brain 10.0 s 24 calls 31 rows
92/1388 episodes, 6.42 s/episode, eta 2.31 h
batch libero_spatial:1 C,step real=6/6 20.9 s brain 8.4 s 20 calls 27 rows
98/1388 episodes, 6.24 s/episode, eta 2.24 h
batch libero_spatial:1 C,step real=6/6 20.1 s brain 7.5 s 18 calls 25 rows
104/1388 episodes, 6.07 s/episode, eta 2.17 h
batch libero_spatial:1 C,step real=4/6 15.3 s brain 4.3 s 10 calls 15 rows
108/1388 episodes, 5.99 s/episode, eta 2.13 h
[info] using task orders [0, 1, 2, 3, 4, 5, 6, 7, 8, 9]
[info] using task orders [0, 1, 2, 3, 4, 5, 6, 7, 8, 9]
[info] using task orders [0, 1, 2, 3, 4, 5, 6, 7, 8, 9]
[info] using task orders [0, 1, 2, 3, 4, 5, 6, 7, 8, 9]
[info] using task orders [0, 1, 2, 3, 4, 5, 6, 7, 8, 9]
[info] using task orders [0, 1, 2, 3, 4, 5, 6, 7, 8, 9]
[info] using task orders [0, 1, 2, 3, 4, 5, 6, 7, 8, 9]
Local assets not found. Downloading from HuggingFace Hub...Local assets not found. Downloading from HuggingFace Hub...Local assets not found. Downloading from HuggingFace Hub...Local assets not found. Downloading from HuggingFace Hub...


Local assets not found. Downloading from HuggingFace Hub...

Assets already downloaded at /root/.cache/libero/assets
Assets already downloaded at /root/.cache/libero/assetsAssets already downloaded at /root/.cache/libero/assetsAssets already downloaded at /root/.cache/libero/assetsAssets already downloaded at /root/.cache/libero/assets



Local assets not found. Downloading from HuggingFace Hub...
Assets already downloaded at /root/.cache/libero/assets
batch libero_spatial:2 A,step real=6/6 38.5 s brain 21.6 s 51 calls 74 rows
114/1388 episodes, 6.03 s/episode, eta 2.14 h
batch libero_spatial:2 A,step real=6/6 37.8 s brain 23.9 s 57 calls 81 rows
120/1388 episodes, 6.05 s/episode, eta 2.13 h
batch libero_spatial:2 A,step real=6/6 25.9 s brain 18.0 s 41 calls 65 rows
126/1388 episodes, 5.96 s/episode, eta 2.09 h
batch libero_spatial:2 A,step real=6/6 38.7 s brain 25.3 s 61 calls 80 rows
132/1388 episodes, 5.99 s/episode, eta 2.09 h
batch libero_spatial:2 A,step real=2/6 13.3 s brain 6.8 s 17 calls 20 rows
134/1388 episodes, 6.00 s/episode, eta 2.09 h
batch libero_spatial:2 C,step real=6/6 21.6 s brain 9.2 s 21 calls 28 rows
140/1388 episodes, 5.89 s/episode, eta 2.04 h
batch libero_spatial:2 C,step real=6/6 19.2 s brain 7.1 s 17 calls 22 rows
146/1388 episodes, 5.78 s/episode, eta 2.00 h
batch libero_spatial:2 C,step real=6/6 19.6 s brain 7.5 s 18 calls 25 rows
152/1388 episodes, 5.68 s/episode, eta 1.95 h
batch libero_spatial:2 C,step real=6/6 22.4 s brain 10.1 s 25 calls 30 rows
158/1388 episodes, 5.61 s/episode, eta 1.92 h
batch libero_spatial:2 C,step real=2/6 8.1 s brain 1.9 s 5 calls 6 rows
160/1388 episodes, 5.59 s/episode, eta 1.91 h
[info] using task orders [0, 1, 2, 3, 4, 5, 6, 7, 8, 9]
[info] using task orders [0, 1, 2, 3, 4, 5, 6, 7, 8, 9]
[info] using task orders [0, 1, 2, 3, 4, 5, 6, 7, 8, 9]
[info] using task orders [0, 1, 2, 3, 4, 5, 6, 7, 8, 9]
[info] using task orders [0, 1, 2, 3, 4, 5, 6, 7, 8, 9]
[info] using task orders [0, 1, 2, 3, 4, 5, 6, 7, 8, 9]
[info] using task orders [0, 1, 2, 3, 4, 5, 6, 7, 8, 9]
Local assets not found. Downloading from HuggingFace Hub...
Assets already downloaded at /root/.cache/libero/assets
Local assets not found. Downloading from HuggingFace Hub...
Local assets not found. Downloading from HuggingFace Hub...
Local assets not found. Downloading from HuggingFace Hub...
Local assets not found. Downloading from HuggingFace Hub...
Local assets not found. Downloading from HuggingFace Hub...
Assets already downloaded at /root/.cache/libero/assets
Assets already downloaded at /root/.cache/libero/assets
Assets already downloaded at /root/.cache/libero/assets
Assets already downloaded at /root/.cache/libero/assets
Assets already downloaded at /root/.cache/libero/assets
batch libero_spatial:3 A,step real=6/6 76.9 s brain 52.6 s 140 calls 160 rows
166/1388 episodes, 5.86 s/episode, eta 1.99 h
batch libero_spatial:3 A,step real=6/6 67.9 s brain 51.1 s 129 calls 164 rows
172/1388 episodes, 6.05 s/episode, eta 2.05 h
batch libero_spatial:3 A,step real=6/6 58.6 s brain 42.5 s 107 calls 140 rows
178/1388 episodes, 6.18 s/episode, eta 2.08 h
batch libero_spatial:3 A,step real=6/6 38.0 s brain 23.5 s 52 calls 84 rows
184/1388 episodes, 6.19 s/episode, eta 2.07 h
batch libero_spatial:3 A,step real=2/6 26.0 s brain 13.0 s 33 calls 37 rows
186/1388 episodes, 6.26 s/episode, eta 2.09 h
batch libero_spatial:3 C,step real=6/6 22.1 s brain 9.9 s 22 calls 34 rows
192/1388 episodes, 6.18 s/episode, eta 2.05 h
batch libero_spatial:3 C,step real=6/6 24.1 s brain 11.0 s 26 calls 36 rows
198/1388 episodes, 6.11 s/episode, eta 2.02 h
batch libero_spatial:3 C,step real=6/6 17.3 s brain 5.8 s 12 calls 23 rows
204/1388 episodes, 6.02 s/episode, eta 1.98 h
batch libero_spatial:3 C,step real=6/6 22.3 s brain 9.5 s 24 calls 30 rows
210/1388 episodes, 5.95 s/episode, eta 1.95 h
batch libero_spatial:3 C,step real=2/6 14.4 s brain 3.2 s 8 calls 9 rows
212/1388 episodes, 5.96 s/episode, eta 1.95 h
[info] using task orders [0, 1, 2, 3, 4, 5, 6, 7, 8, 9]
[info] using task orders [0, 1, 2, 3, 4, 5, 6, 7, 8, 9]
[info] using task orders [0, 1, 2, 3, 4, 5, 6, 7, 8, 9]
[info] using task orders [0, 1, 2, 3, 4, 5, 6, 7, 8, 9]
[info] using task orders [0, 1, 2, 3, 4, 5, 6, 7, 8, 9]
[info] using task orders [0, 1, 2, 3, 4, 5, 6, 7, 8, 9]
[info] using task orders [0, 1, 2, 3, 4, 5, 6, 7, 8, 9]
Local assets not found. Downloading from HuggingFace Hub...
Assets already downloaded at /root/.cache/libero/assets
Local assets not found. Downloading from HuggingFace Hub...Local assets not found. Downloading from HuggingFace Hub...

Assets already downloaded at /root/.cache/libero/assets
Assets already downloaded at /root/.cache/libero/assets
Local assets not found. Downloading from HuggingFace Hub...
Assets already downloaded at /root/.cache/libero/assets
Local assets not found. Downloading from HuggingFace Hub...
Assets already downloaded at /root/.cache/libero/assets
Local assets not found. Downloading from HuggingFace Hub...
Assets already downloaded at /root/.cache/libero/assets
batch libero_spatial:4 A,step real=6/6 67.6 s brain 44.0 s 102 calls 154 rows
218/1388 episodes, 6.12 s/episode, eta 1.99 h
batch libero_spatial:4 A,step real=6/6 70.5 s brain 52.1 s 132 calls 170 rows
224/1388 episodes, 6.27 s/episode, eta 2.03 h
batch libero_spatial:4 A,step real=6/6 55.3 s brain 38.5 s 81 calls 152 rows
230/1388 episodes, 6.35 s/episode, eta 2.04 h
batch libero_spatial:4 A,step real=6/6 63.3 s brain 45.2 s 99 calls 168 rows
236/1388 episodes, 6.45 s/episode, eta 2.07 h
batch libero_spatial:4 A,step real=4/6 57.3 s brain 40.4 s 107 calls 122 rows
240/1388 episodes, 6.58 s/episode, eta 2.10 h
batch libero_spatial:4 C,step real=6/6 30.9 s brain 15.6 s 39 calls 48 rows
246/1388 episodes, 6.55 s/episode, eta 2.08 h
batch libero_spatial:4 C,step real=6/6 26.4 s brain 12.2 s 30 calls 38 rows
252/1388 episodes, 6.50 s/episode, eta 2.05 h
batch libero_spatial:4 C,step real=6/6 34.6 s brain 19.3 s 50 calls 57 rows
258/1388 episodes, 6.48 s/episode, eta 2.03 h
batch libero_spatial:4 C,step real=6/6 28.1 s brain 13.5 s 32 calls 44 rows
264/1388 episodes, 6.44 s/episode, eta 2.01 h
batch libero_spatial:4 C,step real=4/6 21.6 s brain 8.2 s 20 calls 24 rows
268/1388 episodes, 6.43 s/episode, eta 2.00 h
[info] using task orders [0, 1, 2, 3, 4, 5, 6, 7, 8, 9]
[info] using task orders [0, 1, 2, 3, 4, 5, 6, 7, 8, 9]
[info] using task orders [0, 1, 2, 3, 4, 5, 6, 7, 8, 9]
[info] using task orders [0, 1, 2, 3, 4, 5, 6, 7, 8, 9]
[info] using task orders [0, 1, 2, 3, 4, 5, 6, 7, 8, 9]
[info] using task orders [0, 1, 2, 3, 4, 5, 6, 7, 8, 9]
[info] using task orders [0, 1, 2, 3, 4, 5, 6, 7, 8, 9]
Local assets not found. Downloading from HuggingFace Hub...Local assets not found. Downloading from HuggingFace Hub...Local assets not found. Downloading from HuggingFace Hub...Local assets not found. Downloading from HuggingFace Hub...



Assets already downloaded at /root/.cache/libero/assetsAssets already downloaded at /root/.cache/libero/assetsAssets already downloaded at /root/.cache/libero/assetsAssets already downloaded at /root/.cache/libero/assets



Local assets not found. Downloading from HuggingFace Hub...Local assets not found. Downloading from HuggingFace Hub...

Assets already downloaded at /root/.cache/libero/assetsAssets already downloaded at /root/.cache/libero/assets

batch libero_spatial:5 A,step real=6/6 71.7 s brain 47.4 s 117 calls 158 rows
274/1388 episodes, 6.55 s/episode, eta 2.03 h
batch libero_spatial:5 A,step real=6/6 57.8 s brain 41.7 s 94 calls 151 rows
280/1388 episodes, 6.62 s/episode, eta 2.04 h
batch libero_spatial:5 A,step real=6/6 71.3 s brain 53.4 s 134 calls 174 rows
286/1388 episodes, 6.73 s/episode, eta 2.06 h
batch libero_spatial:5 A,step real=6/6 47.5 s brain 31.5 s 79 calls 100 rows
292/1388 episodes, 6.76 s/episode, eta 2.06 h
batch libero_spatial:5 A,step real=2/6 30.4 s brain 15.8 s 41 calls 45 rows
294/1388 episodes, 6.81 s/episode, eta 2.07 h
batch libero_spatial:5 C,step real=6/6 27.4 s brain 13.6 s 35 calls 40 rows
300/1388 episodes, 6.77 s/episode, eta 2.05 h
batch libero_spatial:5 C,step real=6/6 30.2 s brain 16.8 s 42 calls 54 rows
306/1388 episodes, 6.73 s/episode, eta 2.02 h
batch libero_spatial:5 C,step real=6/6 25.9 s brain 12.8 s 33 calls 38 rows
312/1388 episodes, 6.69 s/episode, eta 2.00 h
batch libero_spatial:5 C,step real=6/6 32.2 s brain 18.0 s 45 calls 57 rows
318/1388 episodes, 6.66 s/episode, eta 1.98 h
batch libero_spatial:5 C,step real=2/6 17.7 s brain 5.8 s 15 calls 16 rows
320/1388 episodes, 6.68 s/episode, eta 1.98 h
[info] using task orders [0, 1, 2, 3, 4, 5, 6, 7, 8, 9]
[info] using task orders [0, 1, 2, 3, 4, 5, 6, 7, 8, 9]
[info] using task orders [0, 1, 2, 3, 4, 5, 6, 7, 8, 9]
[info] using task orders [0, 1, 2, 3, 4, 5, 6, 7, 8, 9]
[info] using task orders [0, 1, 2, 3, 4, 5, 6, 7, 8, 9]
[info] using task orders [0, 1, 2, 3, 4, 5, 6, 7, 8, 9]
[info] using task orders [0, 1, 2, 3, 4, 5, 6, 7, 8, 9]
Local assets not found. Downloading from HuggingFace Hub...
Assets already downloaded at /root/.cache/libero/assets
Local assets not found. Downloading from HuggingFace Hub...
Assets already downloaded at /root/.cache/libero/assets
Local assets not found. Downloading from HuggingFace Hub...
Assets already downloaded at /root/.cache/libero/assets
Local assets not found. Downloading from HuggingFace Hub...
Assets already downloaded at /root/.cache/libero/assets
Local assets not found. Downloading from HuggingFace Hub...
Assets already downloaded at /root/.cache/libero/assets
Local assets not found. Downloading from HuggingFace Hub...
Assets already downloaded at /root/.cache/libero/assets
batch libero_spatial:6 A,step real=6/6 55.9 s brain 33.1 s 83 calls 105 rows
326/1388 episodes, 6.73 s/episode, eta 1.99 h
batch libero_spatial:6 A,step real=6/6 41.1 s brain 26.9 s 62 calls 91 rows
332/1388 episodes, 6.73 s/episode, eta 1.98 h
batch libero_spatial:6 A,step real=6/6 43.3 s brain 28.7 s 67 calls 100 rows
338/1388 episodes, 6.74 s/episode, eta 1.97 h
batch libero_spatial:6 A,step real=6/6 24.7 s brain 16.6 s 33 calls 68 rows
344/1388 episodes, 6.70 s/episode, eta 1.94 h
batch libero_spatial:6 A,step real=2/6 19.6 s brain 10.3 s 26 calls 30 rows
346/1388 episodes, 6.71 s/episode, eta 1.94 h
batch libero_spatial:6 C,step real=6/6 22.6 s brain 9.7 s 24 calls 30 rows
352/1388 episodes, 6.66 s/episode, eta 1.92 h
batch libero_spatial:6 C,step real=6/6 21.2 s brain 8.9 s 22 calls 27 rows
358/1388 episodes, 6.61 s/episode, eta 1.89 h
batch libero_spatial:6 C,step real=6/6 25.8 s brain 13.1 s 33 calls 41 rows
364/1388 episodes, 6.57 s/episode, eta 1.87 h
batch libero_spatial:6 C,step real=6/6 24.4 s brain 11.9 s 30 calls 37 rows
370/1388 episodes, 6.53 s/episode, eta 1.85 h
batch libero_spatial:6 C,step real=2/6 14.6 s brain 3.3 s 8 calls 9 rows
372/1388 episodes, 6.54 s/episode, eta 1.84 h
[info] using task orders [0, 1, 2, 3, 4, 5, 6, 7, 8, 9]
[info] using task orders [0, 1, 2, 3, 4, 5, 6, 7, 8, 9]
[info] using task orders [0, 1, 2, 3, 4, 5, 6, 7, 8, 9]
[info] using task orders [0, 1, 2, 3, 4, 5, 6, 7, 8, 9]
[info] using task orders [0, 1, 2, 3, 4, 5, 6, 7, 8, 9]
[info] using task orders [0, 1, 2, 3, 4, 5, 6, 7, 8, 9]
[info] using task orders [0, 1, 2, 3, 4, 5, 6, 7, 8, 9]
Local assets not found. Downloading from HuggingFace Hub...Local assets not found. Downloading from HuggingFace Hub...Local assets not found. Downloading from HuggingFace Hub...


Local assets not found. Downloading from HuggingFace Hub...
Local assets not found. Downloading from HuggingFace Hub...
Assets already downloaded at /root/.cache/libero/assets
Assets already downloaded at /root/.cache/libero/assetsAssets already downloaded at /root/.cache/libero/assets

Assets already downloaded at /root/.cache/libero/assets
Assets already downloaded at /root/.cache/libero/assets
Local assets not found. Downloading from HuggingFace Hub...
Assets already downloaded at /root/.cache/libero/assets
batch libero_spatial:7 A,step real=6/6 54.9 s brain 32.3 s 74 calls 114 rows
378/1388 episodes, 6.58 s/episode, eta 1.85 h
batch libero_spatial:7 A,step real=6/6 49.1 s brain 33.8 s 79 calls 119 rows
384/1388 episodes, 6.61 s/episode, eta 1.84 h
batch libero_spatial:7 A,step real=6/6 48.3 s brain 32.4 s 83 calls 103 rows
390/1388 episodes, 6.63 s/episode, eta 1.84 h
batch libero_spatial:7 A,step real=6/6 32.0 s brain 21.9 s 53 calls 77 rows
396/1388 episodes, 6.61 s/episode, eta 1.82 h
batch libero_spatial:7 A,step real=4/6 37.3 s brain 22.8 s 60 calls 69 rows
400/1388 episodes, 6.64 s/episode, eta 1.82 h
batch libero_spatial:7 C,step real=6/6 22.1 s brain 9.7 s 24 calls 31 rows
406/1388 episodes, 6.59 s/episode, eta 1.80 h
batch libero_spatial:7 C,step real=6/6 24.4 s brain 11.1 s 27 calls 38 rows
412/1388 episodes, 6.56 s/episode, eta 1.78 h
batch libero_spatial:7 C,step real=6/6 24.3 s brain 11.1 s 28 calls 35 rows
418/1388 episodes, 6.52 s/episode, eta 1.76 h
batch libero_spatial:7 C,step real=6/6 20.8 s brain 7.5 s 17 calls 28 rows
424/1388 episodes, 6.48 s/episode, eta 1.73 h
batch libero_spatial:7 C,step real=4/6 18.7 s brain 5.9 s 14 calls 20 rows
428/1388 episodes, 6.46 s/episode, eta 1.72 h
[info] using task orders [0, 1, 2, 3, 4, 5, 6, 7, 8, 9]
[info] using task orders [0, 1, 2, 3, 4, 5, 6, 7, 8, 9]
[info] using task orders [0, 1, 2, 3, 4, 5, 6, 7, 8, 9]
[info] using task orders [0, 1, 2, 3, 4, 5, 6, 7, 8, 9]
[info] using task orders [0, 1, 2, 3, 4, 5, 6, 7, 8, 9]
[info] using task orders [0, 1, 2, 3, 4, 5, 6, 7, 8, 9]
[info] using task orders [0, 1, 2, 3, 4, 5, 6, 7, 8, 9]
Local assets not found. Downloading from HuggingFace Hub...Local assets not found. Downloading from HuggingFace Hub...Local assets not found. Downloading from HuggingFace Hub...Local assets not found. Downloading from HuggingFace Hub...



Assets already downloaded at /root/.cache/libero/assetsAssets already downloaded at /root/.cache/libero/assetsAssets already downloaded at /root/.cache/libero/assetsAssets already downloaded at /root/.cache/libero/assets



Local assets not found. Downloading from HuggingFace Hub...Local assets not found. Downloading from HuggingFace Hub...

Assets already downloaded at /root/.cache/libero/assetsAssets already downloaded at /root/.cache/libero/assets

batch libero_spatial:8 A,step real=6/6 60.2 s brain 36.2 s 82 calls 136 rows
434/1388 episodes, 6.52 s/episode, eta 1.73 h
batch libero_spatial:8 A,step real=6/6 43.5 s brain 28.9 s 68 calls 102 rows
440/1388 episodes, 6.53 s/episode, eta 1.72 h
batch libero_spatial:8 A,step real=6/6 45.0 s brain 29.9 s 61 calls 121 rows
446/1388 episodes, 6.54 s/episode, eta 1.71 h
batch libero_spatial:8 A,step real=6/6 44.1 s brain 29.6 s 70 calls 105 rows
452/1388 episodes, 6.55 s/episode, eta 1.70 h
batch libero_spatial:8 A,step real=2/6 31.0 s brain 17.6 s 46 calls 51 rows
454/1388 episodes, 6.59 s/episode, eta 1.71 h
batch libero_spatial:8 C,step real=6/6 23.1 s brain 9.3 s 24 calls 29 rows
460/1388 episodes, 6.55 s/episode, eta 1.69 h
batch libero_spatial:8 C,step real=6/6 18.9 s brain 7.2 s 17 calls 24 rows
466/1388 episodes, 6.51 s/episode, eta 1.67 h
batch libero_spatial:8 C,step real=6/6 22.7 s brain 9.4 s 23 calls 30 rows
472/1388 episodes, 6.48 s/episode, eta 1.65 h
batch libero_spatial:8 C,step real=6/6 21.0 s brain 8.5 s 21 calls 28 rows
478/1388 episodes, 6.44 s/episode, eta 1.63 h
batch libero_spatial:8 C,step real=2/6 13.7 s brain 3.1 s 8 calls 9 rows
480/1388 episodes, 6.44 s/episode, eta 1.62 h
[info] using task orders [0, 1, 2, 3, 4, 5, 6, 7, 8, 9]
[info] using task orders [0, 1, 2, 3, 4, 5, 6, 7, 8, 9]
[info] using task orders [0, 1, 2, 3, 4, 5, 6, 7, 8, 9]
[info] using task orders [0, 1, 2, 3, 4, 5, 6, 7, 8, 9]
[info] using task orders [0, 1, 2, 3, 4, 5, 6, 7, 8, 9]
[info] using task orders [0, 1, 2, 3, 4, 5, 6, 7, 8, 9]
[info] using task orders [0, 1, 2, 3, 4, 5, 6, 7, 8, 9]
Local assets not found. Downloading from HuggingFace Hub...Local assets not found. Downloading from HuggingFace Hub...

Assets already downloaded at /root/.cache/libero/assets
Assets already downloaded at /root/.cache/libero/assets
Local assets not found. Downloading from HuggingFace Hub...Local assets not found. Downloading from HuggingFace Hub...

Assets already downloaded at /root/.cache/libero/assetsAssets already downloaded at /root/.cache/libero/assets

Local assets not found. Downloading from HuggingFace Hub...Local assets not found. Downloading from HuggingFace Hub...

Assets already downloaded at /root/.cache/libero/assetsAssets already downloaded at /root/.cache/libero/assets

batch libero_spatial:9 A,step real=6/6 51.7 s brain 29.9 s 70 calls 108 rows
486/1388 episodes, 6.47 s/episode, eta 1.62 h
batch libero_spatial:9 A,step real=6/6 50.0 s brain 35.1 s 87 calls 117 rows
492/1388 episodes, 6.49 s/episode, eta 1.62 h
batch libero_spatial:9 A,step real=6/6 38.8 s brain 25.2 s 48 calls 109 rows
498/1388 episodes, 6.49 s/episode, eta 1.61 h
batch libero_spatial:9 A,step real=6/6 42.0 s brain 27.5 s 67 calls 93 rows
504/1388 episodes, 6.50 s/episode, eta 1.60 h
batch libero_spatial:9 A,step real=2/6 27.4 s brain 14.4 s 37 calls 42 rows
506/1388 episodes, 6.53 s/episode, eta 1.60 h
batch libero_spatial:9 C,step real=6/6 18.5 s brain 6.1 s 10 calls 30 rows
512/1388 episodes, 6.49 s/episode, eta 1.58 h
batch libero_spatial:9 C,step real=6/6 19.8 s brain 8.1 s 20 calls 25 rows
518/1388 episodes, 6.45 s/episode, eta 1.56 h
batch libero_spatial:9 C,step real=6/6 19.3 s brain 7.7 s 16 calls 31 rows
524/1388 episodes, 6.41 s/episode, eta 1.54 h
batch libero_spatial:9 C,step real=6/6 24.2 s brain 11.1 s 28 calls 33 rows
530/1388 episodes, 6.39 s/episode, eta 1.52 h
batch libero_spatial:9 C,step real=2/6 16.1 s brain 4.6 s 12 calls 13 rows
532/1388 episodes, 6.39 s/episode, eta 1.52 h
[info] using task orders [0, 1, 2, 3, 4, 5, 6, 7, 8, 9]
[info] using task orders [0, 1, 2, 3, 4, 5, 6, 7, 8, 9]
[info] using task orders [0, 1, 2, 3, 4, 5, 6, 7, 8, 9]
[info] using task orders [0, 1, 2, 3, 4, 5, 6, 7, 8, 9]
[info] using task orders [0, 1, 2, 3, 4, 5, 6, 7, 8, 9]
[info] using task orders [0, 1, 2, 3, 4, 5, 6, 7, 8, 9]
[info] using task orders [0, 1, 2, 3, 4, 5, 6, 7, 8, 9]
Local assets not found. Downloading from HuggingFace Hub...Local assets not found. Downloading from HuggingFace Hub...

Assets already downloaded at /root/.cache/libero/assetsAssets already downloaded at /root/.cache/libero/assets

Local assets not found. Downloading from HuggingFace Hub...
Local assets not found. Downloading from HuggingFace Hub...
Assets already downloaded at /root/.cache/libero/assetsAssets already downloaded at /root/.cache/libero/assets

Local assets not found. Downloading from HuggingFace Hub...
Assets already downloaded at /root/.cache/libero/assets
Local assets not found. Downloading from HuggingFace Hub...
Assets already downloaded at /root/.cache/libero/assets
batch libero_object:0 A,step real=6/6 55.1 s brain 35.0 s 84 calls 120 rows
538/1388 episodes, 6.43 s/episode, eta 1.52 h
batch libero_object:0 A,step real=6/6 47.8 s brain 34.9 s 79 calls 131 rows
544/1388 episodes, 6.44 s/episode, eta 1.51 h
batch libero_object:0 A,step real=6/6 50.4 s brain 36.6 s 95 calls 117 rows
550/1388 episodes, 6.47 s/episode, eta 1.51 h
batch libero_object:0 A,step real=6/6 49.9 s brain 36.1 s 86 calls 128 rows
556/1388 episodes, 6.49 s/episode, eta 1.50 h
batch libero_object:0 A,step real=4/6 38.0 s brain 25.2 s 63 calls 84 rows
560/1388 episodes, 6.51 s/episode, eta 1.50 h
batch libero_object:0 C,step real=6/6 19.6 s brain 9.2 s 23 calls 28 rows
566/1388 episodes, 6.47 s/episode, eta 1.48 h
batch libero_object:0 C,step real=6/6 20.5 s brain 9.7 s 24 calls 32 rows
572/1388 episodes, 6.44 s/episode, eta 1.46 h
batch libero_object:0 C,step real=6/6 21.7 s brain 10.8 s 28 calls 33 rows
578/1388 episodes, 6.41 s/episode, eta 1.44 h
batch libero_object:0 C,step real=6/6 20.5 s brain 9.7 s 24 calls 32 rows
584/1388 episodes, 6.38 s/episode, eta 1.43 h
batch libero_object:0 C,step real=4/6 14.3 s brain 4.8 s 10 calls 18 rows
588/1388 episodes, 6.36 s/episode, eta 1.41 h
[info] using task orders [0, 1, 2, 3, 4, 5, 6, 7, 8, 9]
[info] using task orders [0, 1, 2, 3, 4, 5, 6, 7, 8, 9]
[info] using task orders [0, 1, 2, 3, 4, 5, 6, 7, 8, 9]
[info] using task orders [0, 1, 2, 3, 4, 5, 6, 7, 8, 9]
[info] using task orders [0, 1, 2, 3, 4, 5, 6, 7, 8, 9]
[info] using task orders [0, 1, 2, 3, 4, 5, 6, 7, 8, 9]
[info] using task orders [0, 1, 2, 3, 4, 5, 6, 7, 8, 9]
Local assets not found. Downloading from HuggingFace Hub...Local assets not found. Downloading from HuggingFace Hub...Local assets not found. Downloading from HuggingFace Hub...Local assets not found. Downloading from HuggingFace Hub...



Assets already downloaded at /root/.cache/libero/assetsAssets already downloaded at /root/.cache/libero/assetsAssets already downloaded at /root/.cache/libero/assetsAssets already downloaded at /root/.cache/libero/assets



Local assets not found. Downloading from HuggingFace Hub...
Local assets not found. Downloading from HuggingFace Hub...
Assets already downloaded at /root/.cache/libero/assets
Assets already downloaded at /root/.cache/libero/assets
batch libero_object:1 A,step real=6/6 36.0 s brain 21.1 s 40 calls 93 rows
594/1388 episodes, 6.36 s/episode, eta 1.40 h
batch libero_object:1 A,step real=6/6 38.3 s brain 27.9 s 68 calls 98 rows
600/1388 episodes, 6.36 s/episode, eta 1.39 h
batch libero_object:1 A,step real=6/6 39.7 s brain 26.2 s 59 calls 98 rows
606/1388 episodes, 6.36 s/episode, eta 1.38 h
batch libero_object:1 A,step real=6/6 38.5 s brain 26.7 s 62 calls 97 rows
612/1388 episodes, 6.37 s/episode, eta 1.37 h
batch libero_object:1 A,step real=2/6 15.1 s brain 8.6 s 22 calls 26 rows
614/1388 episodes, 6.37 s/episode, eta 1.37 h
batch libero_object:1 C,step real=6/6 13.4 s brain 6.1 s 13 calls 24 rows
620/1388 episodes, 6.33 s/episode, eta 1.35 h
batch libero_object:1 C,step real=6/6 20.3 s brain 10.8 s 28 calls 33 rows
626/1388 episodes, 6.30 s/episode, eta 1.33 h
batch libero_object:1 C,step real=6/6 20.3 s brain 10.3 s 25 calls 33 rows
632/1388 episodes, 6.27 s/episode, eta 1.32 h
batch libero_object:1 C,step real=6/6 20.3 s brain 10.5 s 26 calls 32 rows
638/1388 episodes, 6.25 s/episode, eta 1.30 h
batch libero_object:1 C,step real=2/6 8.3 s brain 2.4 s 6 calls 7 rows
640/1388 episodes, 6.24 s/episode, eta 1.30 h
[info] using task orders [0, 1, 2, 3, 4, 5, 6, 7, 8, 9]
[info] using task orders [0, 1, 2, 3, 4, 5, 6, 7, 8, 9]
[info] using task orders [0, 1, 2, 3, 4, 5, 6, 7, 8, 9]
[info] using task orders [0, 1, 2, 3, 4, 5, 6, 7, 8, 9]
[info] using task orders [0, 1, 2, 3, 4, 5, 6, 7, 8, 9]
[info] using task orders [0, 1, 2, 3, 4, 5, 6, 7, 8, 9]
[info] using task orders [0, 1, 2, 3, 4, 5, 6, 7, 8, 9]
Local assets not found. Downloading from HuggingFace Hub...Local assets not found. Downloading from HuggingFace Hub...

Assets already downloaded at /root/.cache/libero/assetsAssets already downloaded at /root/.cache/libero/assets

Local assets not found. Downloading from HuggingFace Hub...
Local assets not found. Downloading from HuggingFace Hub...
Assets already downloaded at /root/.cache/libero/assetsAssets already downloaded at /root/.cache/libero/assets

Local assets not found. Downloading from HuggingFace Hub...Local assets not found. Downloading from HuggingFace Hub...

Assets already downloaded at /root/.cache/libero/assetsAssets already downloaded at /root/.cache/libero/assets

batch libero_object:2 A,step real=6/6 66.5 s brain 46.0 s 115 calls 148 rows
646/1388 episodes, 6.29 s/episode, eta 1.30 h
batch libero_object:2 A,step real=6/6 51.3 s brain 38.0 s 96 calls 123 rows
652/1388 episodes, 6.31 s/episode, eta 1.29 h
batch libero_object:2 A,step real=6/6 42.3 s brain 30.1 s 65 calls 116 rows
658/1388 episodes, 6.32 s/episode, eta 1.28 h
batch libero_object:2 A,step real=6/6 37.1 s brain 26.0 s 55 calls 103 rows
664/1388 episodes, 6.31 s/episode, eta 1.27 h
batch libero_object:2 A,step real=2/6 14.3 s brain 8.0 s 20 calls 25 rows
666/1388 episodes, 6.32 s/episode, eta 1.27 h
batch libero_object:2 C,step real=6/6 18.6 s brain 9.2 s 24 calls 29 rows
672/1388 episodes, 6.29 s/episode, eta 1.25 h
batch libero_object:2 C,step real=6/6 19.6 s brain 10.0 s 25 calls 32 rows
678/1388 episodes, 6.26 s/episode, eta 1.23 h
batch libero_object:2 C,step real=6/6 21.5 s brain 11.7 s 30 calls 35 rows
684/1388 episodes, 6.24 s/episode, eta 1.22 h
batch libero_object:2 C,step real=6/6 20.0 s brain 11.1 s 27 calls 37 rows
690/1388 episodes, 6.21 s/episode, eta 1.20 h
batch libero_object:2 C,step real=2/6 7.5 s brain 1.9 s 5 calls 6 rows
692/1388 episodes, 6.21 s/episode, eta 1.20 h
[info] using task orders [0, 1, 2, 3, 4, 5, 6, 7, 8, 9]
[info] using task orders [0, 1, 2, 3, 4, 5, 6, 7, 8, 9]
[info] using task orders [0, 1, 2, 3, 4, 5, 6, 7, 8, 9]
[info] using task orders [0, 1, 2, 3, 4, 5, 6, 7, 8, 9]
[info] using task orders [0, 1, 2, 3, 4, 5, 6, 7, 8, 9]
[info] using task orders [0, 1, 2, 3, 4, 5, 6, 7, 8, 9]
[info] using task orders [0, 1, 2, 3, 4, 5, 6, 7, 8, 9]
Local assets not found. Downloading from HuggingFace Hub...Local assets not found. Downloading from HuggingFace Hub...Local assets not found. Downloading from HuggingFace Hub...Local assets not found. Downloading from HuggingFace Hub...



Assets already downloaded at /root/.cache/libero/assetsAssets already downloaded at /root/.cache/libero/assetsAssets already downloaded at /root/.cache/libero/assetsAssets already downloaded at /root/.cache/libero/assets



Local assets not found. Downloading from HuggingFace Hub...Local assets not found. Downloading from HuggingFace Hub...

Assets already downloaded at /root/.cache/libero/assetsAssets already downloaded at /root/.cache/libero/assets

batch libero_object:3 A,step real=6/6 53.7 s brain 34.8 s 84 calls 113 rows
698/1388 episodes, 6.23 s/episode, eta 1.19 h
batch libero_object:3 A,step real=6/6 47.6 s brain 35.0 s 75 calls 143 rows
704/1388 episodes, 6.25 s/episode, eta 1.19 h
batch libero_object:3 A,step real=6/6 41.1 s brain 30.7 s 76 calls 107 rows
710/1388 episodes, 6.25 s/episode, eta 1.18 h
batch libero_object:3 A,step real=6/6 50.7 s brain 37.6 s 87 calls 135 rows
716/1388 episodes, 6.27 s/episode, eta 1.17 h
batch libero_object:3 A,step real=4/6 39.3 s brain 27.5 s 64 calls 100 rows
720/1388 episodes, 6.29 s/episode, eta 1.17 h
batch libero_object:3 C,step real=6/6 16.9 s brain 7.5 s 19 calls 24 rows
726/1388 episodes, 6.26 s/episode, eta 1.15 h
batch libero_object:3 C,step real=6/6 18.9 s brain 9.8 s 25 calls 30 rows
732/1388 episodes, 6.24 s/episode, eta 1.14 h
batch libero_object:3 C,step real=6/6 21.5 s brain 11.6 s 30 calls 35 rows
738/1388 episodes, 6.21 s/episode, eta 1.12 h
batch libero_object:3 C,step real=6/6 21.4 s brain 11.8 s 31 calls 36 rows
744/1388 episodes, 6.19 s/episode, eta 1.11 h
batch libero_object:3 C,step real=4/6 16.8 s brain 7.4 s 17 calls 26 rows
748/1388 episodes, 6.18 s/episode, eta 1.10 h
[info] using task orders [0, 1, 2, 3, 4, 5, 6, 7, 8, 9]
[info] using task orders [0, 1, 2, 3, 4, 5, 6, 7, 8, 9]
[info] using task orders [0, 1, 2, 3, 4, 5, 6, 7, 8, 9]
[info] using task orders [0, 1, 2, 3, 4, 5, 6, 7, 8, 9]
[info] using task orders [0, 1, 2, 3, 4, 5, 6, 7, 8, 9]
[info] using task orders [0, 1, 2, 3, 4, 5, 6, 7, 8, 9]
[info] using task orders [0, 1, 2, 3, 4, 5, 6, 7, 8, 9]
Local assets not found. Downloading from HuggingFace Hub...Local assets not found. Downloading from HuggingFace Hub...

Assets already downloaded at /root/.cache/libero/assetsAssets already downloaded at /root/.cache/libero/assets

Local assets not found. Downloading from HuggingFace Hub...Local assets not found. Downloading from HuggingFace Hub...

Local assets not found. Downloading from HuggingFace Hub...
Local assets not found. Downloading from HuggingFace Hub...
Assets already downloaded at /root/.cache/libero/assetsAssets already downloaded at /root/.cache/libero/assets

Assets already downloaded at /root/.cache/libero/assets
Assets already downloaded at /root/.cache/libero/assets
batch libero_object:4 A,step real=6/6 67.3 s brain 47.1 s 123 calls 145 rows
754/1388 episodes, 6.22 s/episode, eta 1.10 h
batch libero_object:4 A,step real=6/6 61.7 s brain 47.5 s 118 calls 155 rows
760/1388 episodes, 6.26 s/episode, eta 1.09 h
batch libero_object:4 A,step real=6/6 54.9 s brain 41.8 s 106 calls 136 rows
766/1388 episodes, 6.28 s/episode, eta 1.08 h
batch libero_object:4 A,step real=6/6 41.2 s brain 29.2 s 61 calls 119 rows
772/1388 episodes, 6.28 s/episode, eta 1.08 h
batch libero_object:4 A,step real=2/6 26.2 s brain 15.0 s 39 calls 43 rows
774/1388 episodes, 6.30 s/episode, eta 1.07 h
batch libero_object:4 C,step real=6/6 19.6 s brain 10.4 s 25 calls 35 rows
780/1388 episodes, 6.28 s/episode, eta 1.06 h
batch libero_object:4 C,step real=6/6 22.3 s brain 11.8 s 30 calls 35 rows
786/1388 episodes, 6.26 s/episode, eta 1.05 h
batch libero_object:4 C,step real=6/6 24.4 s brain 11.7 s 24 calls 34 rows
792/1388 episodes, 6.24 s/episode, eta 1.03 h
batch libero_object:4 C,step real=6/6 27.0 s brain 15.0 s 34 calls 39 rows
798/1388 episodes, 6.23 s/episode, eta 1.02 h
batch libero_object:4 C,step real=2/6 13.6 s brain 3.7 s 9 calls 10 rows
800/1388 episodes, 6.23 s/episode, eta 1.02 h
[info] using task orders [0, 1, 2, 3, 4, 5, 6, 7, 8, 9]
[info] using task orders [0, 1, 2, 3, 4, 5, 6, 7, 8, 9]
[info] using task orders [0, 1, 2, 3, 4, 5, 6, 7, 8, 9]
[info] using task orders [0, 1, 2, 3, 4, 5, 6, 7, 8, 9]
[info] using task orders [0, 1, 2, 3, 4, 5, 6, 7, 8, 9]
[info] using task orders [0, 1, 2, 3, 4, 5, 6, 7, 8, 9]
[info] using task orders [0, 1, 2, 3, 4, 5, 6, 7, 8, 9]
Local assets not found. Downloading from HuggingFace Hub...Local assets not found. Downloading from HuggingFace Hub...Local assets not found. Downloading from HuggingFace Hub...


Local assets not found. Downloading from HuggingFace Hub...
Assets already downloaded at /root/.cache/libero/assetsAssets already downloaded at /root/.cache/libero/assetsAssets already downloaded at /root/.cache/libero/assets


Assets already downloaded at /root/.cache/libero/assets
Local assets not found. Downloading from HuggingFace Hub...
Assets already downloaded at /root/.cache/libero/assets
Local assets not found. Downloading from HuggingFace Hub...
Assets already downloaded at /root/.cache/libero/assets
batch libero_object:5 A,step real=6/6 59.0 s brain 39.1 s 74 calls 148 rows
806/1388 episodes, 6.26 s/episode, eta 1.01 h
batch libero_object:5 A,step real=6/6 49.8 s brain 36.2 s 81 calls 111 rows
812/1388 episodes, 6.28 s/episode, eta 1.00 h
batch libero_object:5 A,step real=6/6 62.1 s brain 47.8 s 104 calls 172 rows
818/1388 episodes, 6.30 s/episode, eta 1.00 h
batch libero_object:5 A,step real=6/6 45.8 s brain 32.9 s 80 calls 115 rows
824/1388 episodes, 6.31 s/episode, eta 0.99 h
batch libero_object:5 A,step real=2/6 18.9 s brain 11.2 s 28 calls 32 rows
826/1388 episodes, 6.32 s/episode, eta 0.99 h
batch libero_object:5 C,step real=6/6 26.5 s brain 16.0 s 38 calls 56 rows
832/1388 episodes, 6.31 s/episode, eta 0.97 h
batch libero_object:5 C,step real=6/6 17.3 s brain 7.5 s 19 calls 24 rows
838/1388 episodes, 6.28 s/episode, eta 0.96 h
batch libero_object:5 C,step real=6/6 28.6 s brain 16.9 s 40 calls 57 rows
844/1388 episodes, 6.27 s/episode, eta 0.95 h
batch libero_object:5 C,step real=6/6 21.2 s brain 10.1 s 23 calls 28 rows
850/1388 episodes, 6.25 s/episode, eta 0.93 h
batch libero_object:5 C,step real=2/6 10.6 s brain 3.2 s 7 calls 8 rows
852/1388 episodes, 6.25 s/episode, eta 0.93 h
[info] using task orders [0, 1, 2, 3, 4, 5, 6, 7, 8, 9]
[info] using task orders [0, 1, 2, 3, 4, 5, 6, 7, 8, 9]
[info] using task orders [0, 1, 2, 3, 4, 5, 6, 7, 8, 9]
[info] using task orders [0, 1, 2, 3, 4, 5, 6, 7, 8, 9]
[info] using task orders [0, 1, 2, 3, 4, 5, 6, 7, 8, 9]
[info] using task orders [0, 1, 2, 3, 4, 5, 6, 7, 8, 9]
[info] using task orders [0, 1, 2, 3, 4, 5, 6, 7, 8, 9]
Local assets not found. Downloading from HuggingFace Hub...
Assets already downloaded at /root/.cache/libero/assets
Local assets not found. Downloading from HuggingFace Hub...
Local assets not found. Downloading from HuggingFace Hub...
Assets already downloaded at /root/.cache/libero/assets
Assets already downloaded at /root/.cache/libero/assets
Local assets not found. Downloading from HuggingFace Hub...
Assets already downloaded at /root/.cache/libero/assets
Local assets not found. Downloading from HuggingFace Hub...Local assets not found. Downloading from HuggingFace Hub...

Assets already downloaded at /root/.cache/libero/assetsAssets already downloaded at /root/.cache/libero/assets

batch libero_object:6 A,step real=6/6 59.0 s brain 39.2 s 97 calls 132 rows
858/1388 episodes, 6.28 s/episode, eta 0.92 h
batch libero_object:6 A,step real=6/6 51.3 s brain 38.7 s 96 calls 127 rows
864/1388 episodes, 6.29 s/episode, eta 0.92 h
batch libero_object:6 A,step real=6/6 41.5 s brain 30.5 s 71 calls 106 rows
870/1388 episodes, 6.30 s/episode, eta 0.91 h
batch libero_object:6 A,step real=6/6 44.0 s brain 32.1 s 74 calls 116 rows
876/1388 episodes, 6.31 s/episode, eta 0.90 h
batch libero_object:6 A,step real=4/6 26.5 s brain 18.2 s 42 calls 66 rows
880/1388 episodes, 6.31 s/episode, eta 0.89 h
batch libero_object:6 C,step real=6/6 20.0 s brain 10.2 s 25 calls 35 rows
886/1388 episodes, 6.29 s/episode, eta 0.88 h
batch libero_object:6 C,step real=6/6 18.3 s brain 9.1 s 21 calls 32 rows
892/1388 episodes, 6.27 s/episode, eta 0.86 h
batch libero_object:6 C,step real=6/6 15.5 s brain 6.9 s 15 calls 26 rows
898/1388 episodes, 6.24 s/episode, eta 0.85 h
batch libero_object:6 C,step real=6/6 19.7 s brain 10.1 s 26 calls 31 rows
904/1388 episodes, 6.22 s/episode, eta 0.84 h
batch libero_object:6 C,step real=4/6 14.0 s brain 5.2 s 11 calls 21 rows
908/1388 episodes, 6.21 s/episode, eta 0.83 h
[info] using task orders [0, 1, 2, 3, 4, 5, 6, 7, 8, 9]
[info] using task orders [0, 1, 2, 3, 4, 5, 6, 7, 8, 9]
[info] using task orders [0, 1, 2, 3, 4, 5, 6, 7, 8, 9]
[info] using task orders [0, 1, 2, 3, 4, 5, 6, 7, 8, 9]
[info] using task orders [0, 1, 2, 3, 4, 5, 6, 7, 8, 9]
[info] using task orders [0, 1, 2, 3, 4, 5, 6, 7, 8, 9]
[info] using task orders [0, 1, 2, 3, 4, 5, 6, 7, 8, 9]
Local assets not found. Downloading from HuggingFace Hub...Local assets not found. Downloading from HuggingFace Hub...

Assets already downloaded at /root/.cache/libero/assetsAssets already downloaded at /root/.cache/libero/assets

Local assets not found. Downloading from HuggingFace Hub...Local assets not found. Downloading from HuggingFace Hub...

Assets already downloaded at /root/.cache/libero/assetsAssets already downloaded at /root/.cache/libero/assets

Local assets not found. Downloading from HuggingFace Hub...Local assets not found. Downloading from HuggingFace Hub...

Assets already downloaded at /root/.cache/libero/assetsAssets already downloaded at /root/.cache/libero/assets

batch libero_object:7 A,step real=6/6 59.8 s brain 39.5 s 99 calls 128 rows
914/1388 episodes, 6.24 s/episode, eta 0.82 h
batch libero_object:7 A,step real=6/6 33.3 s brain 25.2 s 61 calls 88 rows
920/1388 episodes, 6.23 s/episode, eta 0.81 h
batch libero_object:7 A,step real=6/6 52.5 s brain 39.4 s 97 calls 135 rows
926/1388 episodes, 6.25 s/episode, eta 0.80 h
batch libero_object:7 A,step real=6/6 53.8 s brain 40.6 s 104 calls 132 rows
932/1388 episodes, 6.27 s/episode, eta 0.79 h
batch libero_object:7 A,step real=2/6 26.0 s brain 16.0 s 41 calls 44 rows
934/1388 episodes, 6.28 s/episode, eta 0.79 h
batch libero_object:7 C,step real=6/6 18.9 s brain 9.2 s 23 calls 28 rows
940/1388 episodes, 6.26 s/episode, eta 0.78 h
batch libero_object:7 C,step real=6/6 18.3 s brain 8.8 s 19 calls 34 rows
946/1388 episodes, 6.24 s/episode, eta 0.77 h
batch libero_object:7 C,step real=6/6 21.3 s brain 10.9 s 27 calls 35 rows
952/1388 episodes, 6.22 s/episode, eta 0.75 h
batch libero_object:7 C,step real=6/6 19.3 s brain 9.7 s 22 calls 35 rows
958/1388 episodes, 6.20 s/episode, eta 0.74 h
batch libero_object:7 C,step real=2/6 13.3 s brain 4.6 s 12 calls 13 rows
960/1388 episodes, 6.21 s/episode, eta 0.74 h
[info] using task orders [0, 1, 2, 3, 4, 5, 6, 7, 8, 9]
[info] using task orders [0, 1, 2, 3, 4, 5, 6, 7, 8, 9]
[info] using task orders [0, 1, 2, 3, 4, 5, 6, 7, 8, 9]
[info] using task orders [0, 1, 2, 3, 4, 5, 6, 7, 8, 9]
[info] using task orders [0, 1, 2, 3, 4, 5, 6, 7, 8, 9]
[info] using task orders [0, 1, 2, 3, 4, 5, 6, 7, 8, 9]
[info] using task orders [0, 1, 2, 3, 4, 5, 6, 7, 8, 9]
Local assets not found. Downloading from HuggingFace Hub...Local assets not found. Downloading from HuggingFace Hub...

Assets already downloaded at /root/.cache/libero/assetsAssets already downloaded at /root/.cache/libero/assets

Local assets not found. Downloading from HuggingFace Hub...Local assets not found. Downloading from HuggingFace Hub...

Local assets not found. Downloading from HuggingFace Hub...Local assets not found. Downloading from HuggingFace Hub...

Assets already downloaded at /root/.cache/libero/assetsAssets already downloaded at /root/.cache/libero/assets

Assets already downloaded at /root/.cache/libero/assetsAssets already downloaded at /root/.cache/libero/assets

batch libero_object:8 A,step real=6/6 58.3 s brain 39.1 s 101 calls 123 rows
966/1388 episodes, 6.23 s/episode, eta 0.73 h
batch libero_object:8 A,step real=6/6 55.6 s brain 42.5 s 105 calls 136 rows
972/1388 episodes, 6.25 s/episode, eta 0.72 h
batch libero_object:8 A,step real=6/6 40.4 s brain 29.9 s 76 calls 98 rows
978/1388 episodes, 6.25 s/episode, eta 0.71 h
batch libero_object:8 A,step real=6/6 33.6 s brain 25.0 s 59 calls 89 rows
984/1388 episodes, 6.25 s/episode, eta 0.70 h
batch libero_object:8 A,step real=2/6 18.2 s brain 10.9 s 28 calls 32 rows
986/1388 episodes, 6.25 s/episode, eta 0.70 h
batch libero_object:8 C,step real=6/6 20.0 s brain 10.1 s 25 calls 33 rows
992/1388 episodes, 6.24 s/episode, eta 0.69 h
batch libero_object:8 C,step real=6/6 19.2 s brain 9.7 s 25 calls 30 rows
998/1388 episodes, 6.22 s/episode, eta 0.67 h
batch libero_object:8 C,step real=6/6 14.5 s brain 7.5 s 19 calls 24 rows
1004/1388 episodes, 6.19 s/episode, eta 0.66 h
batch libero_object:8 C,step real=6/6 17.3 s brain 8.2 s 21 calls 26 rows
1010/1388 episodes, 6.17 s/episode, eta 0.65 h
batch libero_object:8 C,step real=2/6 8.8 s brain 2.7 s 7 calls 8 rows
1012/1388 episodes, 6.17 s/episode, eta 0.64 h
[info] using task orders [0, 1, 2, 3, 4, 5, 6, 7, 8, 9]
[info] using task orders [0, 1, 2, 3, 4, 5, 6, 7, 8, 9]
[info] using task orders [0, 1, 2, 3, 4, 5, 6, 7, 8, 9]
[info] using task orders [0, 1, 2, 3, 4, 5, 6, 7, 8, 9]
[info] using task orders [0, 1, 2, 3, 4, 5, 6, 7, 8, 9]
[info] using task orders [0, 1, 2, 3, 4, 5, 6, 7, 8, 9]
[info] using task orders [0, 1, 2, 3, 4, 5, 6, 7, 8, 9]
Local assets not found. Downloading from HuggingFace Hub...
Assets already downloaded at /root/.cache/libero/assets
Local assets not found. Downloading from HuggingFace Hub...Local assets not found. Downloading from HuggingFace Hub...

Assets already downloaded at /root/.cache/libero/assetsAssets already downloaded at /root/.cache/libero/assets

Local assets not found. Downloading from HuggingFace Hub...
Assets already downloaded at /root/.cache/libero/assets
Local assets not found. Downloading from HuggingFace Hub...
Assets already downloaded at /root/.cache/libero/assetsLocal assets not found. Downloading from HuggingFace Hub...

Assets already downloaded at /root/.cache/libero/assets
batch libero_object:9 A,step real=6/6 58.8 s brain 39.1 s 96 calls 128 rows
1018/1388 episodes, 6.19 s/episode, eta 0.64 h
batch libero_object:9 A,step real=6/6 44.2 s brain 31.5 s 67 calls 100 rows
1024/1388 episodes, 6.20 s/episode, eta 0.63 h
batch libero_object:9 A,step real=6/6 63.0 s brain 49.0 s 121 calls 152 rows
1030/1388 episodes, 6.23 s/episode, eta 0.62 h
batch libero_object:9 A,step real=6/6 59.2 s brain 45.3 s 121 calls 138 rows
1036/1388 episodes, 6.25 s/episode, eta 0.61 h
batch libero_object:9 A,step real=4/6 36.8 s brain 25.1 s 66 calls 74 rows
1040/1388 episodes, 6.26 s/episode, eta 0.61 h
batch libero_object:9 C,step real=6/6 23.0 s brain 13.2 s 33 calls 40 rows
1046/1388 episodes, 6.24 s/episode, eta 0.59 h
batch libero_object:9 C,step real=6/6 19.9 s brain 10.0 s 24 calls 31 rows
1052/1388 episodes, 6.23 s/episode, eta 0.58 h
batch libero_object:9 C,step real=6/6 20.7 s brain 10.7 s 27 calls 33 rows
1058/1388 episodes, 6.21 s/episode, eta 0.57 h
batch libero_object:9 C,step real=6/6 22.6 s brain 11.9 s 30 calls 35 rows
1064/1388 episodes, 6.20 s/episode, eta 0.56 h
batch libero_object:9 C,step real=4/6 18.1 s brain 7.6 s 19 calls 22 rows
1068/1388 episodes, 6.19 s/episode, eta 0.55 h
[info] using task orders [0, 1, 2, 3, 4, 5, 6, 7, 8, 9]
[info] using task orders [0, 1, 2, 3, 4, 5, 6, 7, 8, 9]
[info] using task orders [0, 1, 2, 3, 4, 5, 6, 7, 8, 9]
[info] using task orders [0, 1, 2, 3, 4, 5, 6, 7, 8, 9]
[info] using task orders [0, 1, 2, 3, 4, 5, 6, 7, 8, 9]
[info] using task orders [0, 1, 2, 3, 4, 5, 6, 7, 8, 9]
[info] using task orders [0, 1, 2, 3, 4, 5, 6, 7, 8, 9]
Local assets not found. Downloading from HuggingFace Hub...Local assets not found. Downloading from HuggingFace Hub...

Assets already downloaded at /root/.cache/libero/assetsAssets already downloaded at /root/.cache/libero/assets

Local assets not found. Downloading from HuggingFace Hub...
Assets already downloaded at /root/.cache/libero/assets
Local assets not found. Downloading from HuggingFace Hub...
Assets already downloaded at /root/.cache/libero/assets
Local assets not found. Downloading from HuggingFace Hub...Local assets not found. Downloading from HuggingFace Hub...

Assets already downloaded at /root/.cache/libero/assetsAssets already downloaded at /root/.cache/libero/assets

batch libero_goal:1 A,step real=6/6 57.3 s brain 35.3 s 88 calls 113 rows
1074/1388 episodes, 6.21 s/episode, eta 0.54 h
batch libero_goal:1 A,step real=6/6 47.6 s brain 33.5 s 83 calls 110 rows
1080/1388 episodes, 6.22 s/episode, eta 0.53 h
batch libero_goal:1 A,step real=6/6 65.0 s brain 48.4 s 125 calls 151 rows
1086/1388 episodes, 6.25 s/episode, eta 0.52 h
batch libero_goal:1 A,step real=6/6 28.7 s brain 19.3 s 42 calls 73 rows
1092/1388 episodes, 6.24 s/episode, eta 0.51 h
batch libero_goal:1 A,step real=2/6 28.1 s brain 15.5 s 40 calls 44 rows
1094/1388 episodes, 6.25 s/episode, eta 0.51 h
batch libero_goal:1 C,step real=6/6 21.2 s brain 9.4 s 23 calls 31 rows
1100/1388 episodes, 6.24 s/episode, eta 0.50 h
batch libero_goal:1 C,step real=6/6 18.9 s brain 7.5 s 18 calls 25 rows
1106/1388 episodes, 6.22 s/episode, eta 0.49 h
batch libero_goal:1 C,step real=6/6 25.0 s brain 11.8 s 27 calls 35 rows
1112/1388 episodes, 6.21 s/episode, eta 0.48 h
batch libero_goal:1 C,step real=6/6 20.8 s brain 8.0 s 17 calls 24 rows
1118/1388 episodes, 6.20 s/episode, eta 0.46 h
batch libero_goal:1 C,step real=2/6 19.0 s brain 5.2 s 12 calls 13 rows
1120/1388 episodes, 6.20 s/episode, eta 0.46 h
[info] using task orders [0, 1, 2, 3, 4, 5, 6, 7, 8, 9]
[info] using task orders [0, 1, 2, 3, 4, 5, 6, 7, 8, 9]
[info] using task orders [0, 1, 2, 3, 4, 5, 6, 7, 8, 9]
[info] using task orders [0, 1, 2, 3, 4, 5, 6, 7, 8, 9]
[info] using task orders [0, 1, 2, 3, 4, 5, 6, 7, 8, 9]
[info] using task orders [0, 1, 2, 3, 4, 5, 6, 7, 8, 9]
[info] using task orders [0, 1, 2, 3, 4, 5, 6, 7, 8, 9]
Local assets not found. Downloading from HuggingFace Hub...Local assets not found. Downloading from HuggingFace Hub...
Local assets not found. Downloading from HuggingFace Hub...

Assets already downloaded at /root/.cache/libero/assetsAssets already downloaded at /root/.cache/libero/assets

Assets already downloaded at /root/.cache/libero/assets
Local assets not found. Downloading from HuggingFace Hub...
Assets already downloaded at /root/.cache/libero/assets
Local assets not found. Downloading from HuggingFace Hub...
Local assets not found. Downloading from HuggingFace Hub...
Assets already downloaded at /root/.cache/libero/assets
Assets already downloaded at /root/.cache/libero/assets
batch libero_goal:2 A,step real=6/6 47.5 s brain 27.6 s 58 calls 102 rows
1126/1388 episodes, 6.21 s/episode, eta 0.45 h
batch libero_goal:2 A,step real=6/6 43.3 s brain 30.4 s 63 calls 120 rows
1132/1388 episodes, 6.22 s/episode, eta 0.44 h
batch libero_goal:2 A,step real=6/6 35.5 s brain 23.0 s 50 calls 85 rows
1138/1388 episodes, 6.22 s/episode, eta 0.43 h
batch libero_goal:2 A,step real=6/6 43.2 s brain 30.1 s 67 calls 113 rows
1144/1388 episodes, 6.22 s/episode, eta 0.42 h
batch libero_goal:2 A,step real=2/6 33.7 s brain 21.5 s 57 calls 61 rows
1146/1388 episodes, 6.24 s/episode, eta 0.42 h
batch libero_goal:2 C,step real=6/6 27.2 s brain 15.6 s 39 calls 48 rows
1152/1388 episodes, 6.23 s/episode, eta 0.41 h
batch libero_goal:2 C,step real=6/6 17.6 s brain 6.8 s 15 calls 23 rows
1158/1388 episodes, 6.22 s/episode, eta 0.40 h
batch libero_goal:2 C,step real=6/6 22.0 s brain 10.5 s 24 calls 36 rows
1164/1388 episodes, 6.20 s/episode, eta 0.39 h
batch libero_goal:2 C,step real=6/6 20.5 s brain 9.6 s 23 calls 32 rows
1170/1388 episodes, 6.19 s/episode, eta 0.37 h
batch libero_goal:2 C,step real=2/6 13.2 s brain 3.3 s 8 calls 9 rows
1172/1388 episodes, 6.19 s/episode, eta 0.37 h
[info] using task orders [0, 1, 2, 3, 4, 5, 6, 7, 8, 9]
[info] using task orders [0, 1, 2, 3, 4, 5, 6, 7, 8, 9]
[info] using task orders [0, 1, 2, 3, 4, 5, 6, 7, 8, 9]
[info] using task orders [0, 1, 2, 3, 4, 5, 6, 7, 8, 9]
[info] using task orders [0, 1, 2, 3, 4, 5, 6, 7, 8, 9]
[info] using task orders [0, 1, 2, 3, 4, 5, 6, 7, 8, 9]
[info] using task orders [0, 1, 2, 3, 4, 5, 6, 7, 8, 9]
Local assets not found. Downloading from HuggingFace Hub...Local assets not found. Downloading from HuggingFace Hub...Local assets not found. Downloading from HuggingFace Hub...


Assets already downloaded at /root/.cache/libero/assetsAssets already downloaded at /root/.cache/libero/assetsAssets already downloaded at /root/.cache/libero/assets


Local assets not found. Downloading from HuggingFace Hub...
Assets already downloaded at /root/.cache/libero/assets
Local assets not found. Downloading from HuggingFace Hub...Local assets not found. Downloading from HuggingFace Hub...

Assets already downloaded at /root/.cache/libero/assetsAssets already downloaded at /root/.cache/libero/assets

batch libero_goal:4 A,step real=6/6 61.4 s brain 39.3 s 104 calls 118 rows
1178/1388 episodes, 6.21 s/episode, eta 0.36 h
batch libero_goal:4 A,step real=6/6 29.7 s brain 19.8 s 44 calls 75 rows
1184/1388 episodes, 6.21 s/episode, eta 0.35 h
batch libero_goal:4 A,step real=6/6 40.9 s brain 26.2 s 62 calls 89 rows
1190/1388 episodes, 6.21 s/episode, eta 0.34 h
batch libero_goal:4 A,step real=6/6 38.2 s brain 25.1 s 61 calls 83 rows
1196/1388 episodes, 6.21 s/episode, eta 0.33 h
batch libero_goal:4 A,step real=4/6 30.3 s brain 17.9 s 42 calls 58 rows
1200/1388 episodes, 6.21 s/episode, eta 0.32 h
batch libero_goal:4 C,step real=6/6 19.8 s brain 8.4 s 20 calls 29 rows
1206/1388 episodes, 6.20 s/episode, eta 0.31 h
batch libero_goal:4 C,step real=6/6 17.4 s brain 7.4 s 17 calls 26 rows
1212/1388 episodes, 6.18 s/episode, eta 0.30 h
batch libero_goal:4 C,step real=6/6 20.6 s brain 8.8 s 21 calls 30 rows
1218/1388 episodes, 6.17 s/episode, eta 0.29 h
batch libero_goal:4 C,step real=6/6 19.4 s brain 8.6 s 20 calls 29 rows
1224/1388 episodes, 6.15 s/episode, eta 0.28 h
batch libero_goal:4 C,step real=4/6 17.9 s brain 6.1 s 15 calls 19 rows
1228/1388 episodes, 6.15 s/episode, eta 0.27 h
[info] using task orders [0, 1, 2, 3, 4, 5, 6, 7, 8, 9]
[info] using task orders [0, 1, 2, 3, 4, 5, 6, 7, 8, 9]
[info] using task orders [0, 1, 2, 3, 4, 5, 6, 7, 8, 9]
[info] using task orders [0, 1, 2, 3, 4, 5, 6, 7, 8, 9]
[info] using task orders [0, 1, 2, 3, 4, 5, 6, 7, 8, 9]
[info] using task orders [0, 1, 2, 3, 4, 5, 6, 7, 8, 9]
[info] using task orders [0, 1, 2, 3, 4, 5, 6, 7, 8, 9]
Local assets not found. Downloading from HuggingFace Hub...Local assets not found. Downloading from HuggingFace Hub...Local assets not found. Downloading from HuggingFace Hub...Local assets not found. Downloading from HuggingFace Hub...



Assets already downloaded at /root/.cache/libero/assetsAssets already downloaded at /root/.cache/libero/assetsAssets already downloaded at /root/.cache/libero/assetsAssets already downloaded at /root/.cache/libero/assets



Local assets not found. Downloading from HuggingFace Hub...Local assets not found. Downloading from HuggingFace Hub...

Assets already downloaded at /root/.cache/libero/assetsAssets already downloaded at /root/.cache/libero/assets

batch libero_goal:6 A,step real=6/6 57.0 s brain 36.9 s 85 calls 132 rows
1234/1388 episodes, 6.17 s/episode, eta 0.26 h
batch libero_goal:6 A,step real=6/6 57.4 s brain 43.1 s 103 calls 147 rows
1240/1388 episodes, 6.18 s/episode, eta 0.25 h
batch libero_goal:6 A,step real=6/6 47.9 s brain 34.3 s 77 calls 128 rows
1246/1388 episodes, 6.19 s/episode, eta 0.24 h
batch libero_goal:6 A,step real=6/6 28.4 s brain 20.0 s 47 calls 70 rows
1252/1388 episodes, 6.19 s/episode, eta 0.23 h
batch libero_goal:6 A,step real=2/6 12.9 s brain 7.0 s 18 calls 22 rows
1254/1388 episodes, 6.19 s/episode, eta 0.23 h
batch libero_goal:6 C,step real=6/6 23.2 s brain 11.1 s 26 calls 37 rows
1260/1388 episodes, 6.17 s/episode, eta 0.22 h
batch libero_goal:6 C,step real=6/6 24.5 s brain 12.9 s 33 calls 38 rows
1266/1388 episodes, 6.16 s/episode, eta 0.21 h
batch libero_goal:6 C,step real=6/6 25.2 s brain 12.9 s 31 calls 42 rows
1272/1388 episodes, 6.16 s/episode, eta 0.20 h
batch libero_goal:6 C,step real=6/6 25.4 s brain 13.7 s 34 calls 39 rows
1278/1388 episodes, 6.15 s/episode, eta 0.19 h
batch libero_goal:6 C,step real=2/6 13.6 s brain 3.5 s 9 calls 10 rows
1280/1388 episodes, 6.15 s/episode, eta 0.18 h
[info] using task orders [0, 1, 2, 3, 4, 5, 6, 7, 8, 9]
[info] using task orders [0, 1, 2, 3, 4, 5, 6, 7, 8, 9]
[info] using task orders [0, 1, 2, 3, 4, 5, 6, 7, 8, 9]
[info] using task orders [0, 1, 2, 3, 4, 5, 6, 7, 8, 9]
[info] using task orders [0, 1, 2, 3, 4, 5, 6, 7, 8, 9]
[info] using task orders [0, 1, 2, 3, 4, 5, 6, 7, 8, 9]
[info] using task orders [0, 1, 2, 3, 4, 5, 6, 7, 8, 9]
Local assets not found. Downloading from HuggingFace Hub...Local assets not found. Downloading from HuggingFace Hub...Local assets not found. Downloading from HuggingFace Hub...


Local assets not found. Downloading from HuggingFace Hub...
Assets already downloaded at /root/.cache/libero/assetsAssets already downloaded at /root/.cache/libero/assetsAssets already downloaded at /root/.cache/libero/assets


Local assets not found. Downloading from HuggingFace Hub...
Assets already downloaded at /root/.cache/libero/assets
Assets already downloaded at /root/.cache/libero/assets
Local assets not found. Downloading from HuggingFace Hub...
Assets already downloaded at /root/.cache/libero/assets
batch libero_goal:8 A,step real=6/6 56.2 s brain 33.2 s 80 calls 101 rows
1286/1388 episodes, 6.16 s/episode, eta 0.17 h
batch libero_goal:8 A,step real=6/6 66.9 s brain 49.2 s 126 calls 151 rows
1292/1388 episodes, 6.19 s/episode, eta 0.16 h
batch libero_goal:8 A,step real=6/6 37.3 s brain 24.1 s 59 calls 76 rows
1298/1388 episodes, 6.19 s/episode, eta 0.15 h
batch libero_goal:8 A,step real=6/6 58.1 s brain 40.9 s 105 calls 127 rows
1304/1388 episodes, 6.20 s/episode, eta 0.14 h
batch libero_goal:8 A,step real=2/6 30.1 s brain 14.8 s 38 calls 41 rows
1306/1388 episodes, 6.22 s/episode, eta 0.14 h
batch libero_goal:8 C,step real=6/6 25.3 s brain 11.0 s 28 calls 33 rows
1312/1388 episodes, 6.21 s/episode, eta 0.13 h
batch libero_goal:8 C,step real=6/6 27.3 s brain 13.0 s 31 calls 42 rows
1318/1388 episodes, 6.20 s/episode, eta 0.12 h
batch libero_goal:8 C,step real=6/6 23.4 s brain 12.1 s 31 calls 37 rows
1324/1388 episodes, 6.19 s/episode, eta 0.11 h
batch libero_goal:8 C,step real=6/6 27.1 s brain 11.8 s 28 calls 39 rows
1330/1388 episodes, 6.18 s/episode, eta 0.10 h
batch libero_goal:8 C,step real=2/6 17.5 s brain 4.7 s 12 calls 13 rows
1332/1388 episodes, 6.19 s/episode, eta 0.10 h
[info] using task orders [0, 1, 2, 3, 4, 5, 6, 7, 8, 9]
[info] using task orders [0, 1, 2, 3, 4, 5, 6, 7, 8, 9]
[info] using task orders [0, 1, 2, 3, 4, 5, 6, 7, 8, 9]
[info] using task orders [0, 1, 2, 3, 4, 5, 6, 7, 8, 9]
[info] using task orders [0, 1, 2, 3, 4, 5, 6, 7, 8, 9]
[info] using task orders [0, 1, 2, 3, 4, 5, 6, 7, 8, 9]
[info] using task orders [0, 1, 2, 3, 4, 5, 6, 7, 8, 9]
Local assets not found. Downloading from HuggingFace Hub...Local assets not found. Downloading from HuggingFace Hub...

Assets already downloaded at /root/.cache/libero/assetsAssets already downloaded at /root/.cache/libero/assets

Local assets not found. Downloading from HuggingFace Hub...Local assets not found. Downloading from HuggingFace Hub...

Local assets not found. Downloading from HuggingFace Hub...Local assets not found. Downloading from HuggingFace Hub...

Assets already downloaded at /root/.cache/libero/assetsAssets already downloaded at /root/.cache/libero/assets

Assets already downloaded at /root/.cache/libero/assetsAssets already downloaded at /root/.cache/libero/assets

batch libero_goal:9 A,step real=6/6 61.8 s brain 40.9 s 102 calls 136 rows
1338/1388 episodes, 6.21 s/episode, eta 0.09 h
batch libero_goal:9 A,step real=6/6 57.4 s brain 43.4 s 108 calls 148 rows
1344/1388 episodes, 6.22 s/episode, eta 0.08 h
batch libero_goal:9 A,step real=6/6 48.4 s brain 34.9 s 74 calls 140 rows
1350/1388 episodes, 6.23 s/episode, eta 0.07 h
batch libero_goal:9 A,step real=6/6 43.1 s brain 29.4 s 71 calls 103 rows
1356/1388 episodes, 6.23 s/episode, eta 0.06 h
batch libero_goal:9 A,step real=4/6 30.5 s brain 18.4 s 30 calls 90 rows
1360/1388 episodes, 6.24 s/episode, eta 0.05 h
batch libero_goal:9 C,step real=6/6 19.8 s brain 9.6 s 22 calls 33 rows
1366/1388 episodes, 6.22 s/episode, eta 0.04 h
batch libero_goal:9 C,step real=6/6 19.1 s brain 8.3 s 19 calls 30 rows
1372/1388 episodes, 6.21 s/episode, eta 0.03 h
batch libero_goal:9 C,step real=6/6 20.4 s brain 9.3 s 21 calls 33 rows
1378/1388 episodes, 6.20 s/episode, eta 0.02 h
batch libero_goal:9 C,step real=6/6 19.2 s brain 8.4 s 19 calls 29 rows
1384/1388 episodes, 6.19 s/episode, eta 0.01 h
batch libero_goal:9 C,step real=4/6 16.5 s brain 6.1 s 14 calls 21 rows
1388/1388 episodes, 6.18 s/episode, eta 0.00 h
[07:53:10] pass 2 skipped: pass 1 exited cleanly, no failed batch
[07:53:10] phase pi, lane p, id 5 (520 episodes): --brain pi05 --kinds step --cells A --methods G@glr --inits 0-19
[07:53:10] pass 1: --brain pi05 --kinds step --cells A --methods G@glr --inits 0-19 --precision fp32 --n-envs 6 --kbar 0.1566 --t-ramp 5 --k-p 1.0 --tau-k 0.039517 --out results/c1-e4/pod/grid_pi05.jsonl
[robosuite WARNING] No private macro file found! (__init__.py:7)
WARNING:robosuite_logs:No private macro file found!
[robosuite WARNING] It is recommended to use a private macro file (__init__.py:8)
WARNING:robosuite_logs:It is recommended to use a private macro file
[robosuite WARNING] To setup, run: python /workspace/jit-reflex/venv/lib/python3.12/site-packages/robosuite/scripts/setup_macros.py (__init__.py:9)
WARNING:robosuite_logs:To setup, run: python /workspace/jit-reflex/venv/lib/python3.12/site-packages/robosuite/scripts/setup_macros.py
520 episodes to run
Fetching 9 files:   0%|          | 0/9 [00:00<?, ?it/s]Fetching 9 files: 100%|██████████| 9/9 [00:00<00:00, 660.35it/s]
The PI05 model is a direct port of the OpenPI implementation. 
This implementation follows the original OpenPI structure for compatibility. 
Original implementation: https://github.com/Physical-Intelligence/openpi
Loading model from: /workspace/.cache/huggingface/hub/models--lerobot--pi05_libero_finetuned_v044/snapshots/8e174154ef5f6c60a8da12ae99c303d8963138c1
✓ Loaded state dict from model.safetensors
WARNING:root:Vision embedding key might need handling: model.paligemma_with_expert.paligemma.model.vision_tower.vision_model.embeddings.patch_embedding.bias
WARNING:root:Vision embedding key might need handling: model.paligemma_with_expert.paligemma.model.vision_tower.vision_model.embeddings.patch_embedding.weight
All keys loaded successfully!
[info] using task orders [0, 1, 2, 3, 4, 5, 6, 7, 8, 9]
/usr/lib/python3.12/multiprocessing/popen_fork.py:66: DeprecationWarning: This process (pid=138319) is multi-threaded, use of fork() may lead to deadlocks in the child.
  self.pid = os.fork()
[info] using task orders [0, 1, 2, 3, 4, 5, 6, 7, 8, 9]
[info] using task orders [0, 1, 2, 3, 4, 5, 6, 7, 8, 9]
[info] using task orders [0, 1, 2, 3, 4, 5, 6, 7, 8, 9]
[info] using task orders [0, 1, 2, 3, 4, 5, 6, 7, 8, 9]
[info] using task orders [0, 1, 2, 3, 4, 5, 6, 7, 8, 9]
[info] using task orders [0, 1, 2, 3, 4, 5, 6, 7, 8, 9]
Local assets not found. Downloading from HuggingFace Hub...Local assets not found. Downloading from HuggingFace Hub...

Assets already downloaded at /root/.cache/libero/assetsAssets already downloaded at /root/.cache/libero/assets

Local assets not found. Downloading from HuggingFace Hub...
Local assets not found. Downloading from HuggingFace Hub...
Assets already downloaded at /root/.cache/libero/assets
Assets already downloaded at /root/.cache/libero/assets
Local assets not found. Downloading from HuggingFace Hub...
Local assets not found. Downloading from HuggingFace Hub...
Assets already downloaded at /root/.cache/libero/assetsAssets already downloaded at /root/.cache/libero/assets

batch libero_spatial:0 A,step real=6/6 47.7 s brain 23.4 s 28 calls 128 rows
6/520 episodes, 8.13 s/episode, eta 1.16 h
batch libero_spatial:0 A,step real=6/6 28.7 s brain 15.5 s 28 calls 68 rows
12/520 episodes, 6.46 s/episode, eta 0.91 h
batch libero_spatial:0 A,step real=6/6 30.9 s brain 16.2 s 28 calls 72 rows
18/520 episodes, 6.02 s/episode, eta 0.84 h
batch libero_spatial:0 A,step real=2/6 24.0 s brain 11.7 s 28 calls 37 rows
20/520 episodes, 6.62 s/episode, eta 0.92 h
[info] using task orders [0, 1, 2, 3, 4, 5, 6, 7, 8, 9]
[info] using task orders [0, 1, 2, 3, 4, 5, 6, 7, 8, 9]
[info] using task orders [0, 1, 2, 3, 4, 5, 6, 7, 8, 9]
[info] using task orders [0, 1, 2, 3, 4, 5, 6, 7, 8, 9]
[info] using task orders [0, 1, 2, 3, 4, 5, 6, 7, 8, 9]
[info] using task orders [0, 1, 2, 3, 4, 5, 6, 7, 8, 9]
[info] using task orders [0, 1, 2, 3, 4, 5, 6, 7, 8, 9]
Local assets not found. Downloading from HuggingFace Hub...Local assets not found. Downloading from HuggingFace Hub...

Assets already downloaded at /root/.cache/libero/assetsAssets already downloaded at /root/.cache/libero/assets

Local assets not found. Downloading from HuggingFace Hub...
Assets already downloaded at /root/.cache/libero/assets
Local assets not found. Downloading from HuggingFace Hub...
Assets already downloaded at /root/.cache/libero/assets
Local assets not found. Downloading from HuggingFace Hub...
Assets already downloaded at /root/.cache/libero/assets
Local assets not found. Downloading from HuggingFace Hub...
Assets already downloaded at /root/.cache/libero/assets
batch libero_spatial:1 A,step real=6/6 39.2 s brain 18.0 s 28 calls 85 rows
26/520 episodes, 6.70 s/episode, eta 0.92 h
batch libero_spatial:1 A,step real=6/6 21.5 s brain 12.8 s 15 calls 72 rows
32/520 episodes, 6.11 s/episode, eta 0.83 h
batch libero_spatial:1 A,step real=6/6 32.1 s brain 18.4 s 28 calls 89 rows
38/520 episodes, 5.99 s/episode, eta 0.80 h
batch libero_spatial:1 A,step real=2/6 25.5 s brain 12.2 s 28 calls 40 rows
40/520 episodes, 6.33 s/episode, eta 0.84 h
[info] using task orders [0, 1, 2, 3, 4, 5, 6, 7, 8, 9]
[info] using task orders [0, 1, 2, 3, 4, 5, 6, 7, 8, 9]
[info] using task orders [0, 1, 2, 3, 4, 5, 6, 7, 8, 9]
[info] using task orders [0, 1, 2, 3, 4, 5, 6, 7, 8, 9]
[info] using task orders [0, 1, 2, 3, 4, 5, 6, 7, 8, 9]
[info] using task orders [0, 1, 2, 3, 4, 5, 6, 7, 8, 9]
[info] using task orders [0, 1, 2, 3, 4, 5, 6, 7, 8, 9]
Local assets not found. Downloading from HuggingFace Hub...Local assets not found. Downloading from HuggingFace Hub...Local assets not found. Downloading from HuggingFace Hub...


Assets already downloaded at /root/.cache/libero/assetsAssets already downloaded at /root/.cache/libero/assetsAssets already downloaded at /root/.cache/libero/assets


Local assets not found. Downloading from HuggingFace Hub...
Assets already downloaded at /root/.cache/libero/assets
Local assets not found. Downloading from HuggingFace Hub...
Assets already downloaded at /root/.cache/libero/assets
Local assets not found. Downloading from HuggingFace Hub...
Assets already downloaded at /root/.cache/libero/assets
batch libero_spatial:2 A,step real=6/6 38.9 s brain 17.2 s 28 calls 81 rows
46/520 episodes, 6.40 s/episode, eta 0.84 h
batch libero_spatial:2 A,step real=6/6 29.7 s brain 16.4 s 28 calls 77 rows
52/520 episodes, 6.23 s/episode, eta 0.81 h
batch libero_spatial:2 A,step real=6/6 30.5 s brain 17.4 s 28 calls 84 rows
58/520 episodes, 6.11 s/episode, eta 0.78 h
batch libero_spatial:2 A,step real=2/6 11.6 s brain 5.3 s 11 calls 20 rows
60/520 episodes, 6.10 s/episode, eta 0.78 h
[info] using task orders [0, 1, 2, 3, 4, 5, 6, 7, 8, 9]
[info] using task orders [0, 1, 2, 3, 4, 5, 6, 7, 8, 9]
[info] using task orders [0, 1, 2, 3, 4, 5, 6, 7, 8, 9]
[info] using task orders [0, 1, 2, 3, 4, 5, 6, 7, 8, 9]
[info] using task orders [0, 1, 2, 3, 4, 5, 6, 7, 8, 9]
[info] using task orders [0, 1, 2, 3, 4, 5, 6, 7, 8, 9]
[info] using task orders [0, 1, 2, 3, 4, 5, 6, 7, 8, 9]
Local assets not found. Downloading from HuggingFace Hub...Local assets not found. Downloading from HuggingFace Hub...Local assets not found. Downloading from HuggingFace Hub...Local assets not found. Downloading from HuggingFace Hub...



Assets already downloaded at /root/.cache/libero/assetsAssets already downloaded at /root/.cache/libero/assetsAssets already downloaded at /root/.cache/libero/assetsAssets already downloaded at /root/.cache/libero/assets



Local assets not found. Downloading from HuggingFace Hub...Local assets not found. Downloading from HuggingFace Hub...

Assets already downloaded at /root/.cache/libero/assetsAssets already downloaded at /root/.cache/libero/assets

batch libero_spatial:3 A,step real=6/6 41.2 s brain 19.7 s 28 calls 104 rows
66/520 episodes, 6.21 s/episode, eta 0.78 h
batch libero_spatial:3 A,step real=6/6 22.7 s brain 13.0 s 18 calls 68 rows
72/520 episodes, 6.01 s/episode, eta 0.75 h
batch libero_spatial:3 A,step real=6/6 32.1 s brain 18.4 s 28 calls 90 rows
78/520 episodes, 5.96 s/episode, eta 0.73 h
batch libero_spatial:3 A,step real=2/6 25.2 s brain 12.2 s 28 calls 37 rows
80/520 episodes, 6.12 s/episode, eta 0.75 h
[info] using task orders [0, 1, 2, 3, 4, 5, 6, 7, 8, 9]
[info] using task orders [0, 1, 2, 3, 4, 5, 6, 7, 8, 9]
[info] using task orders [0, 1, 2, 3, 4, 5, 6, 7, 8, 9]
[info] using task orders [0, 1, 2, 3, 4, 5, 6, 7, 8, 9]
[info] using task orders [0, 1, 2, 3, 4, 5, 6, 7, 8, 9]
[info] using task orders [0, 1, 2, 3, 4, 5, 6, 7, 8, 9]
[info] using task orders [0, 1, 2, 3, 4, 5, 6, 7, 8, 9]
Local assets not found. Downloading from HuggingFace Hub...
Assets already downloaded at /root/.cache/libero/assets
Local assets not found. Downloading from HuggingFace Hub...Local assets not found. Downloading from HuggingFace Hub...

Assets already downloaded at /root/.cache/libero/assetsAssets already downloaded at /root/.cache/libero/assets

Local assets not found. Downloading from HuggingFace Hub...Local assets not found. Downloading from HuggingFace Hub...

Assets already downloaded at /root/.cache/libero/assetsAssets already downloaded at /root/.cache/libero/assets

Local assets not found. Downloading from HuggingFace Hub...
Assets already downloaded at /root/.cache/libero/assets
batch libero_spatial:4 A,step real=6/6 42.8 s brain 21.1 s 28 calls 112 rows
86/520 episodes, 6.22 s/episode, eta 0.75 h
batch libero_spatial:4 A,step real=6/6 32.7 s brain 18.6 s 28 calls 93 rows
92/520 episodes, 6.17 s/episode, eta 0.73 h
batch libero_spatial:4 A,step real=6/6 34.5 s brain 20.3 s 28 calls 107 rows
98/520 episodes, 6.14 s/episode, eta 0.72 h
batch libero_spatial:4 A,step real=2/6 26.6 s brain 12.3 s 28 calls 42 rows
100/520 episodes, 6.29 s/episode, eta 0.73 h
[info] using task orders [0, 1, 2, 3, 4, 5, 6, 7, 8, 9]
[info] using task orders [0, 1, 2, 3, 4, 5, 6, 7, 8, 9]
[info] using task orders [0, 1, 2, 3, 4, 5, 6, 7, 8, 9]
[info] using task orders [0, 1, 2, 3, 4, 5, 6, 7, 8, 9]
[info] using task orders [0, 1, 2, 3, 4, 5, 6, 7, 8, 9]
[info] using task orders [0, 1, 2, 3, 4, 5, 6, 7, 8, 9]
[info] using task orders [0, 1, 2, 3, 4, 5, 6, 7, 8, 9]
Local assets not found. Downloading from HuggingFace Hub...
Assets already downloaded at /root/.cache/libero/assets
Local assets not found. Downloading from HuggingFace Hub...
Assets already downloaded at /root/.cache/libero/assets
Local assets not found. Downloading from HuggingFace Hub...
Assets already downloaded at /root/.cache/libero/assets
Local assets not found. Downloading from HuggingFace Hub...
Assets already downloaded at /root/.cache/libero/assets
Local assets not found. Downloading from HuggingFace Hub...Local assets not found. Downloading from HuggingFace Hub...

Assets already downloaded at /root/.cache/libero/assetsAssets already downloaded at /root/.cache/libero/assets

batch libero_spatial:5 A,step real=6/6 49.3 s brain 27.9 s 28 calls 168 rows
106/520 episodes, 6.42 s/episode, eta 0.74 h
batch libero_spatial:5 A,step real=6/6 40.2 s brain 25.3 s 28 calls 149 rows
112/520 episodes, 6.43 s/episode, eta 0.73 h
batch libero_spatial:5 A,step real=6/6 33.2 s brain 19.2 s 28 calls 96 rows
118/520 episodes, 6.39 s/episode, eta 0.71 h
batch libero_spatial:5 A,step real=2/6 25.3 s brain 11.8 s 28 calls 37 rows
120/520 episodes, 6.49 s/episode, eta 0.72 h
[info] using task orders [0, 1, 2, 3, 4, 5, 6, 7, 8, 9]
[info] using task orders [0, 1, 2, 3, 4, 5, 6, 7, 8, 9]
[info] using task orders [0, 1, 2, 3, 4, 5, 6, 7, 8, 9]
[info] using task orders [0, 1, 2, 3, 4, 5, 6, 7, 8, 9]
[info] using task orders [0, 1, 2, 3, 4, 5, 6, 7, 8, 9]
[info] using task orders [0, 1, 2, 3, 4, 5, 6, 7, 8, 9]
[info] using task orders [0, 1, 2, 3, 4, 5, 6, 7, 8, 9]
Local assets not found. Downloading from HuggingFace Hub...Local assets not found. Downloading from HuggingFace Hub...

Assets already downloaded at /root/.cache/libero/assetsAssets already downloaded at /root/.cache/libero/assets

Local assets not found. Downloading from HuggingFace Hub...Local assets not found. Downloading from HuggingFace Hub...

Local assets not found. Downloading from HuggingFace Hub...Local assets not found. Downloading from HuggingFace Hub...

Assets already downloaded at /root/.cache/libero/assetsAssets already downloaded at /root/.cache/libero/assets

Assets already downloaded at /root/.cache/libero/assetsAssets already downloaded at /root/.cache/libero/assets

batch libero_spatial:6 A,step real=6/6 38.1 s brain 17.4 s 28 calls 81 rows
126/520 episodes, 6.50 s/episode, eta 0.71 h
batch libero_spatial:6 A,step real=6/6 31.9 s brain 18.4 s 28 calls 91 rows
132/520 episodes, 6.45 s/episode, eta 0.70 h
batch libero_spatial:6 A,step real=6/6 30.7 s brain 17.3 s 28 calls 82 rows
138/520 episodes, 6.39 s/episode, eta 0.68 h
batch libero_spatial:6 A,step real=2/6 25.2 s brain 12.1 s 28 calls 39 rows
140/520 episodes, 6.48 s/episode, eta 0.68 h
[info] using task orders [0, 1, 2, 3, 4, 5, 6, 7, 8, 9]
[info] using task orders [0, 1, 2, 3, 4, 5, 6, 7, 8, 9]
[info] using task orders [0, 1, 2, 3, 4, 5, 6, 7, 8, 9]
[info] using task orders [0, 1, 2, 3, 4, 5, 6, 7, 8, 9]
[info] using task orders [0, 1, 2, 3, 4, 5, 6, 7, 8, 9]
[info] using task orders [0, 1, 2, 3, 4, 5, 6, 7, 8, 9]
[info] using task orders [0, 1, 2, 3, 4, 5, 6, 7, 8, 9]
Local assets not found. Downloading from HuggingFace Hub...
Assets already downloaded at /root/.cache/libero/assets
Local assets not found. Downloading from HuggingFace Hub...Local assets not found. Downloading from HuggingFace Hub...

Assets already downloaded at /root/.cache/libero/assetsAssets already downloaded at /root/.cache/libero/assets

Local assets not found. Downloading from HuggingFace Hub...
Assets already downloaded at /root/.cache/libero/assets
Local assets not found. Downloading from HuggingFace Hub...Local assets not found. Downloading from HuggingFace Hub...

Assets already downloaded at /root/.cache/libero/assets
Assets already downloaded at /root/.cache/libero/assets
batch libero_spatial:7 A,step real=6/6 28.6 s brain 12.4 s 13 calls 72 rows
146/520 episodes, 6.43 s/episode, eta 0.67 h
batch libero_spatial:7 A,step real=6/6 27.3 s brain 15.9 s 20 calls 86 rows
152/520 episodes, 6.35 s/episode, eta 0.65 h
batch libero_spatial:7 A,step real=6/6 24.4 s brain 14.4 s 17 calls 81 rows
158/520 episodes, 6.27 s/episode, eta 0.63 h
batch libero_spatial:7 A,step real=2/6 13.2 s brain 5.8 s 12 calls 23 rows
160/520 episodes, 6.27 s/episode, eta 0.63 h
[info] using task orders [0, 1, 2, 3, 4, 5, 6, 7, 8, 9]
[info] using task orders [0, 1, 2, 3, 4, 5, 6, 7, 8, 9]
[info] using task orders [0, 1, 2, 3, 4, 5, 6, 7, 8, 9]
[info] using task orders [0, 1, 2, 3, 4, 5, 6, 7, 8, 9]
[info] using task orders [0, 1, 2, 3, 4, 5, 6, 7, 8, 9]
[info] using task orders [0, 1, 2, 3, 4, 5, 6, 7, 8, 9]
[info] using task orders [0, 1, 2, 3, 4, 5, 6, 7, 8, 9]
Local assets not found. Downloading from HuggingFace Hub...
Assets already downloaded at /root/.cache/libero/assets
Local assets not found. Downloading from HuggingFace Hub...
Assets already downloaded at /root/.cache/libero/assets
Local assets not found. Downloading from HuggingFace Hub...
Assets already downloaded at /root/.cache/libero/assets
Local assets not found. Downloading from HuggingFace Hub...
Assets already downloaded at /root/.cache/libero/assets
Local assets not found. Downloading from HuggingFace Hub...
Assets already downloaded at /root/.cache/libero/assets
Local assets not found. Downloading from HuggingFace Hub...
Assets already downloaded at /root/.cache/libero/assets
batch libero_spatial:8 A,step real=6/6 42.0 s brain 18.9 s 28 calls 95 rows
166/520 episodes, 6.31 s/episode, eta 0.62 h
batch libero_spatial:8 A,step real=6/6 32.0 s brain 17.6 s 28 calls 84 rows
172/520 episodes, 6.28 s/episode, eta 0.61 h
batch libero_spatial:8 A,step real=6/6 36.4 s brain 21.0 s 28 calls 113 rows
178/520 episodes, 6.27 s/episode, eta 0.60 h
batch libero_spatial:8 A,step real=2/6 15.4 s brain 6.8 s 14 calls 24 rows
180/520 episodes, 6.28 s/episode, eta 0.59 h
[info] using task orders [0, 1, 2, 3, 4, 5, 6, 7, 8, 9]
[info] using task orders [0, 1, 2, 3, 4, 5, 6, 7, 8, 9]
[info] using task orders [0, 1, 2, 3, 4, 5, 6, 7, 8, 9]
[info] using task orders [0, 1, 2, 3, 4, 5, 6, 7, 8, 9]
[info] using task orders [0, 1, 2, 3, 4, 5, 6, 7, 8, 9]
[info] using task orders [0, 1, 2, 3, 4, 5, 6, 7, 8, 9]
[info] using task orders [0, 1, 2, 3, 4, 5, 6, 7, 8, 9]
Local assets not found. Downloading from HuggingFace Hub...Local assets not found. Downloading from HuggingFace Hub...Local assets not found. Downloading from HuggingFace Hub...Local assets not found. Downloading from HuggingFace Hub...



Assets already downloaded at /root/.cache/libero/assetsAssets already downloaded at /root/.cache/libero/assetsAssets already downloaded at /root/.cache/libero/assetsAssets already downloaded at /root/.cache/libero/assets



Local assets not found. Downloading from HuggingFace Hub...Local assets not found. Downloading from HuggingFace Hub...

Assets already downloaded at /root/.cache/libero/assetsAssets already downloaded at /root/.cache/libero/assets

batch libero_spatial:9 A,step real=6/6 41.9 s brain 20.7 s 28 calls 107 rows
186/520 episodes, 6.32 s/episode, eta 0.59 h
batch libero_spatial:9 A,step real=6/6 31.8 s brain 17.9 s 28 calls 89 rows
192/520 episodes, 6.29 s/episode, eta 0.57 h
batch libero_spatial:9 A,step real=6/6 31.2 s brain 18.0 s 28 calls 89 rows
198/520 episodes, 6.25 s/episode, eta 0.56 h
batch libero_spatial:9 A,step real=2/6 17.4 s brain 8.1 s 18 calls 30 rows
200/520 episodes, 6.28 s/episode, eta 0.56 h
[info] using task orders [0, 1, 2, 3, 4, 5, 6, 7, 8, 9]
[info] using task orders [0, 1, 2, 3, 4, 5, 6, 7, 8, 9]
[info] using task orders [0, 1, 2, 3, 4, 5, 6, 7, 8, 9]
[info] using task orders [0, 1, 2, 3, 4, 5, 6, 7, 8, 9]
[info] using task orders [0, 1, 2, 3, 4, 5, 6, 7, 8, 9]
[info] using task orders [0, 1, 2, 3, 4, 5, 6, 7, 8, 9]
[info] using task orders [0, 1, 2, 3, 4, 5, 6, 7, 8, 9]
Local assets not found. Downloading from HuggingFace Hub...Local assets not found. Downloading from HuggingFace Hub...

Local assets not found. Downloading from HuggingFace Hub...
Assets already downloaded at /root/.cache/libero/assetsAssets already downloaded at /root/.cache/libero/assets
Assets already downloaded at /root/.cache/libero/assets

Local assets not found. Downloading from HuggingFace Hub...Local assets not found. Downloading from HuggingFace Hub...

Assets already downloaded at /root/.cache/libero/assetsAssets already downloaded at /root/.cache/libero/assets

Local assets not found. Downloading from HuggingFace Hub...
Assets already downloaded at /root/.cache/libero/assets
batch libero_object:0 A,step real=6/6 36.8 s brain 19.0 s 24 calls 106 rows
206/520 episodes, 6.29 s/episode, eta 0.55 h
batch libero_object:0 A,step real=6/6 24.7 s brain 16.1 s 18 calls 93 rows
212/520 episodes, 6.23 s/episode, eta 0.53 h
batch libero_object:0 A,step real=6/6 29.0 s brain 18.8 s 23 calls 105 rows
218/520 episodes, 6.19 s/episode, eta 0.52 h
batch libero_object:0 A,step real=2/6 16.5 s brain 8.5 s 18 calls 32 rows
220/520 episodes, 6.21 s/episode, eta 0.52 h
[info] using task orders [0, 1, 2, 3, 4, 5, 6, 7, 8, 9]
[info] using task orders [0, 1, 2, 3, 4, 5, 6, 7, 8, 9]
[info] using task orders [0, 1, 2, 3, 4, 5, 6, 7, 8, 9]
[info] using task orders [0, 1, 2, 3, 4, 5, 6, 7, 8, 9]
[info] using task orders [0, 1, 2, 3, 4, 5, 6, 7, 8, 9]
[info] using task orders [0, 1, 2, 3, 4, 5, 6, 7, 8, 9]
[info] using task orders [0, 1, 2, 3, 4, 5, 6, 7, 8, 9]
Local assets not found. Downloading from HuggingFace Hub...Local assets not found. Downloading from HuggingFace Hub...

Assets already downloaded at /root/.cache/libero/assetsAssets already downloaded at /root/.cache/libero/assets

Local assets not found. Downloading from HuggingFace Hub...Local assets not found. Downloading from HuggingFace Hub...

Assets already downloaded at /root/.cache/libero/assetsAssets already downloaded at /root/.cache/libero/assets

Local assets not found. Downloading from HuggingFace Hub...Local assets not found. Downloading from HuggingFace Hub...

Assets already downloaded at /root/.cache/libero/assets
Assets already downloaded at /root/.cache/libero/assets
batch libero_object:1 A,step real=6/6 38.8 s brain 18.8 s 28 calls 94 rows
226/520 episodes, 6.22 s/episode, eta 0.51 h
batch libero_object:1 A,step real=6/6 21.1 s brain 13.9 s 16 calls 79 rows
232/520 episodes, 6.15 s/episode, eta 0.49 h
batch libero_object:1 A,step real=6/6 23.1 s brain 15.2 s 18 calls 85 rows
238/520 episodes, 6.09 s/episode, eta 0.48 h
batch libero_object:1 A,step real=2/6 18.5 s brain 8.0 s 17 calls 30 rows
240/520 episodes, 6.12 s/episode, eta 0.48 h
[info] using task orders [0, 1, 2, 3, 4, 5, 6, 7, 8, 9]
[info] using task orders [0, 1, 2, 3, 4, 5, 6, 7, 8, 9]
[info] using task orders [0, 1, 2, 3, 4, 5, 6, 7, 8, 9]
[info] using task orders [0, 1, 2, 3, 4, 5, 6, 7, 8, 9]
[info] using task orders [0, 1, 2, 3, 4, 5, 6, 7, 8, 9]
[info] using task orders [0, 1, 2, 3, 4, 5, 6, 7, 8, 9]
[info] using task orders [0, 1, 2, 3, 4, 5, 6, 7, 8, 9]
Local assets not found. Downloading from HuggingFace Hub...Local assets not found. Downloading from HuggingFace Hub...Local assets not found. Downloading from HuggingFace Hub...Local assets not found. Downloading from HuggingFace Hub...



Assets already downloaded at /root/.cache/libero/assetsAssets already downloaded at /root/.cache/libero/assetsAssets already downloaded at /root/.cache/libero/assetsAssets already downloaded at /root/.cache/libero/assets



Local assets not found. Downloading from HuggingFace Hub...Local assets not found. Downloading from HuggingFace Hub...

Assets already downloaded at /root/.cache/libero/assetsAssets already downloaded at /root/.cache/libero/assets

batch libero_object:2 A,step real=6/6 28.2 s brain 13.8 s 16 calls 78 rows
246/520 episodes, 6.10 s/episode, eta 0.46 h
batch libero_object:2 A,step real=6/6 23.8 s brain 15.3 s 18 calls 88 rows
252/520 episodes, 6.05 s/episode, eta 0.45 h
batch libero_object:2 A,step real=6/6 28.7 s brain 17.8 s 28 calls 87 rows
258/520 episodes, 6.02 s/episode, eta 0.44 h
batch libero_object:2 A,step real=2/6 11.6 s brain 6.0 s 12 calls 24 rows
260/520 episodes, 6.01 s/episode, eta 0.43 h
[info] using task orders [0, 1, 2, 3, 4, 5, 6, 7, 8, 9]
[info] using task orders [0, 1, 2, 3, 4, 5, 6, 7, 8, 9]
[info] using task orders [0, 1, 2, 3, 4, 5, 6, 7, 8, 9]
[info] using task orders [0, 1, 2, 3, 4, 5, 6, 7, 8, 9]
[info] using task orders [0, 1, 2, 3, 4, 5, 6, 7, 8, 9]
[info] using task orders [0, 1, 2, 3, 4, 5, 6, 7, 8, 9]
[info] using task orders [0, 1, 2, 3, 4, 5, 6, 7, 8, 9]
Local assets not found. Downloading from HuggingFace Hub...Local assets not found. Downloading from HuggingFace Hub...

Assets already downloaded at /root/.cache/libero/assetsAssets already downloaded at /root/.cache/libero/assets

Local assets not found. Downloading from HuggingFace Hub...
Assets already downloaded at /root/.cache/libero/assets
Local assets not found. Downloading from HuggingFace Hub...
Assets already downloaded at /root/.cache/libero/assets
Local assets not found. Downloading from HuggingFace Hub...Local assets not found. Downloading from HuggingFace Hub...

Assets already downloaded at /root/.cache/libero/assets
Assets already downloaded at /root/.cache/libero/assets
batch libero_object:3 A,step real=6/6 26.4 s brain 12.6 s 13 calls 75 rows
266/520 episodes, 5.99 s/episode, eta 0.42 h
batch libero_object:3 A,step real=6/6 30.4 s brain 19.4 s 28 calls 100 rows
272/520 episodes, 5.97 s/episode, eta 0.41 h
batch libero_object:3 A,step real=6/6 33.1 s brain 22.0 s 28 calls 123 rows
278/520 episodes, 5.96 s/episode, eta 0.40 h
batch libero_object:3 A,step real=2/6 13.3 s brain 6.9 s 14 calls 27 rows
280/520 episodes, 5.96 s/episode, eta 0.40 h
[info] using task orders [0, 1, 2, 3, 4, 5, 6, 7, 8, 9]
[info] using task orders [0, 1, 2, 3, 4, 5, 6, 7, 8, 9]
[info] using task orders [0, 1, 2, 3, 4, 5, 6, 7, 8, 9]
[info] using task orders [0, 1, 2, 3, 4, 5, 6, 7, 8, 9]
[info] using task orders [0, 1, 2, 3, 4, 5, 6, 7, 8, 9]
[info] using task orders [0, 1, 2, 3, 4, 5, 6, 7, 8, 9]
[info] using task orders [0, 1, 2, 3, 4, 5, 6, 7, 8, 9]
Local assets not found. Downloading from HuggingFace Hub...Local assets not found. Downloading from HuggingFace Hub...Local assets not found. Downloading from HuggingFace Hub...


Local assets not found. Downloading from HuggingFace Hub...
Assets already downloaded at /root/.cache/libero/assetsAssets already downloaded at /root/.cache/libero/assetsAssets already downloaded at /root/.cache/libero/assetsAssets already downloaded at /root/.cache/libero/assets



Local assets not found. Downloading from HuggingFace Hub...Local assets not found. Downloading from HuggingFace Hub...

Assets already downloaded at /root/.cache/libero/assetsAssets already downloaded at /root/.cache/libero/assets

batch libero_object:4 A,step real=6/6 40.2 s brain 22.4 s 28 calls 125 rows
286/520 episodes, 5.98 s/episode, eta 0.39 h
batch libero_object:4 A,step real=6/6 33.8 s brain 22.8 s 28 calls 130 rows
292/520 episodes, 5.98 s/episode, eta 0.38 h
batch libero_object:4 A,step real=6/6 31.6 s brain 20.9 s 28 calls 113 rows
298/520 episodes, 5.96 s/episode, eta 0.37 h
batch libero_object:4 A,step real=2/6 22.4 s brain 12.2 s 28 calls 43 rows
300/520 episodes, 6.00 s/episode, eta 0.37 h
[info] using task orders [0, 1, 2, 3, 4, 5, 6, 7, 8, 9]
[info] using task orders [0, 1, 2, 3, 4, 5, 6, 7, 8, 9]
[info] using task orders [0, 1, 2, 3, 4, 5, 6, 7, 8, 9]
[info] using task orders [0, 1, 2, 3, 4, 5, 6, 7, 8, 9]
[info] using task orders [0, 1, 2, 3, 4, 5, 6, 7, 8, 9]
[info] using task orders [0, 1, 2, 3, 4, 5, 6, 7, 8, 9]
[info] using task orders [0, 1, 2, 3, 4, 5, 6, 7, 8, 9]
Local assets not found. Downloading from HuggingFace Hub...Local assets not found. Downloading from HuggingFace Hub...

Assets already downloaded at /root/.cache/libero/assets
Assets already downloaded at /root/.cache/libero/assets
Local assets not found. Downloading from HuggingFace Hub...Local assets not found. Downloading from HuggingFace Hub...

Assets already downloaded at /root/.cache/libero/assetsAssets already downloaded at /root/.cache/libero/assets

Local assets not found. Downloading from HuggingFace Hub...
Assets already downloaded at /root/.cache/libero/assets
Local assets not found. Downloading from HuggingFace Hub...
Assets already downloaded at /root/.cache/libero/assets
batch libero_object:5 A,step real=6/6 37.8 s brain 19.8 s 28 calls 103 rows
306/520 episodes, 6.01 s/episode, eta 0.36 h
batch libero_object:5 A,step real=6/6 31.3 s brain 19.9 s 28 calls 105 rows
312/520 episodes, 6.00 s/episode, eta 0.35 h
batch libero_object:5 A,step real=6/6 31.2 s brain 19.9 s 28 calls 105 rows
318/520 episodes, 5.98 s/episode, eta 0.34 h
batch libero_object:5 A,step real=2/6 15.6 s brain 8.3 s 17 calls 31 rows
320/520 episodes, 5.99 s/episode, eta 0.33 h
[info] using task orders [0, 1, 2, 3, 4, 5, 6, 7, 8, 9]
[info] using task orders [0, 1, 2, 3, 4, 5, 6, 7, 8, 9]
[info] using task orders [0, 1, 2, 3, 4, 5, 6, 7, 8, 9]
[info] using task orders [0, 1, 2, 3, 4, 5, 6, 7, 8, 9]
[info] using task orders [0, 1, 2, 3, 4, 5, 6, 7, 8, 9]
[info] using task orders [0, 1, 2, 3, 4, 5, 6, 7, 8, 9]
[info] using task orders [0, 1, 2, 3, 4, 5, 6, 7, 8, 9]
Local assets not found. Downloading from HuggingFace Hub...Local assets not found. Downloading from HuggingFace Hub...

Local assets not found. Downloading from HuggingFace Hub...Local assets not found. Downloading from HuggingFace Hub...

Assets already downloaded at /root/.cache/libero/assetsAssets already downloaded at /root/.cache/libero/assets

Assets already downloaded at /root/.cache/libero/assetsAssets already downloaded at /root/.cache/libero/assets

Local assets not found. Downloading from HuggingFace Hub...
Assets already downloaded at /root/.cache/libero/assets
Local assets not found. Downloading from HuggingFace Hub...
Assets already downloaded at /root/.cache/libero/assets
batch libero_object:6 A,step real=6/6 32.7 s brain 17.2 s 20 calls 97 rows
326/520 episodes, 5.99 s/episode, eta 0.32 h
batch libero_object:6 A,step real=6/6 26.1 s brain 17.6 s 20 calls 102 rows
332/520 episodes, 5.96 s/episode, eta 0.31 h
batch libero_object:6 A,step real=6/6 24.9 s brain 16.8 s 19 calls 97 rows
338/520 episodes, 5.93 s/episode, eta 0.30 h
batch libero_object:6 A,step real=2/6 13.9 s brain 7.3 s 15 calls 29 rows
340/520 episodes, 5.93 s/episode, eta 0.30 h
[info] using task orders [0, 1, 2, 3, 4, 5, 6, 7, 8, 9]
[info] using task orders [0, 1, 2, 3, 4, 5, 6, 7, 8, 9]
[info] using task orders [0, 1, 2, 3, 4, 5, 6, 7, 8, 9]
[info] using task orders [0, 1, 2, 3, 4, 5, 6, 7, 8, 9]
[info] using task orders [0, 1, 2, 3, 4, 5, 6, 7, 8, 9]
[info] using task orders [0, 1, 2, 3, 4, 5, 6, 7, 8, 9]
[info] using task orders [0, 1, 2, 3, 4, 5, 6, 7, 8, 9]
Local assets not found. Downloading from HuggingFace Hub...
Assets already downloaded at /root/.cache/libero/assets
Local assets not found. Downloading from HuggingFace Hub...
Assets already downloaded at /root/.cache/libero/assets
Local assets not found. Downloading from HuggingFace Hub...
Assets already downloaded at /root/.cache/libero/assets
Local assets not found. Downloading from HuggingFace Hub...
Assets already downloaded at /root/.cache/libero/assets
Local assets not found. Downloading from HuggingFace Hub...Local assets not found. Downloading from HuggingFace Hub...

Assets already downloaded at /root/.cache/libero/assetsAssets already downloaded at /root/.cache/libero/assets

batch libero_object:7 A,step real=6/6 38.1 s brain 20.3 s 28 calls 106 rows
346/520 episodes, 5.95 s/episode, eta 0.29 h
batch libero_object:7 A,step real=6/6 24.2 s brain 16.0 s 19 calls 91 rows
352/520 episodes, 5.92 s/episode, eta 0.28 h
batch libero_object:7 A,step real=6/6 22.6 s brain 15.1 s 17 calls 87 rows
358/520 episodes, 5.88 s/episode, eta 0.26 h
batch libero_object:7 A,step real=2/6 14.6 s brain 7.7 s 16 calls 30 rows
360/520 episodes, 5.89 s/episode, eta 0.26 h
[info] using task orders [0, 1, 2, 3, 4, 5, 6, 7, 8, 9]
[info] using task orders [0, 1, 2, 3, 4, 5, 6, 7, 8, 9]
[info] using task orders [0, 1, 2, 3, 4, 5, 6, 7, 8, 9]
[info] using task orders [0, 1, 2, 3, 4, 5, 6, 7, 8, 9]
[info] using task orders [0, 1, 2, 3, 4, 5, 6, 7, 8, 9]
[info] using task orders [0, 1, 2, 3, 4, 5, 6, 7, 8, 9]
[info] using task orders [0, 1, 2, 3, 4, 5, 6, 7, 8, 9]
Local assets not found. Downloading from HuggingFace Hub...Local assets not found. Downloading from HuggingFace Hub...Local assets not found. Downloading from HuggingFace Hub...


Assets already downloaded at /root/.cache/libero/assetsAssets already downloaded at /root/.cache/libero/assetsAssets already downloaded at /root/.cache/libero/assets


Local assets not found. Downloading from HuggingFace Hub...
Assets already downloaded at /root/.cache/libero/assets
Local assets not found. Downloading from HuggingFace Hub...Local assets not found. Downloading from HuggingFace Hub...

Assets already downloaded at /root/.cache/libero/assetsAssets already downloaded at /root/.cache/libero/assets

batch libero_object:8 A,step real=6/6 35.0 s brain 18.2 s 23 calls 100 rows
366/520 episodes, 5.89 s/episode, eta 0.25 h
batch libero_object:8 A,step real=6/6 24.7 s brain 16.6 s 18 calls 96 rows
372/520 episodes, 5.86 s/episode, eta 0.24 h
batch libero_object:8 A,step real=6/6 25.6 s brain 17.3 s 19 calls 99 rows
378/520 episodes, 5.84 s/episode, eta 0.23 h
batch libero_object:8 A,step real=2/6 14.7 s brain 7.8 s 16 calls 31 rows
380/520 episodes, 5.85 s/episode, eta 0.23 h
[info] using task orders [0, 1, 2, 3, 4, 5, 6, 7, 8, 9]
[info] using task orders [0, 1, 2, 3, 4, 5, 6, 7, 8, 9]
[info] using task orders [0, 1, 2, 3, 4, 5, 6, 7, 8, 9]
[info] using task orders [0, 1, 2, 3, 4, 5, 6, 7, 8, 9]
[info] using task orders [0, 1, 2, 3, 4, 5, 6, 7, 8, 9]
[info] using task orders [0, 1, 2, 3, 4, 5, 6, 7, 8, 9]
[info] using task orders [0, 1, 2, 3, 4, 5, 6, 7, 8, 9]
Local assets not found. Downloading from HuggingFace Hub...
Assets already downloaded at /root/.cache/libero/assets
Local assets not found. Downloading from HuggingFace Hub...
Assets already downloaded at /root/.cache/libero/assets
Local assets not found. Downloading from HuggingFace Hub...
Assets already downloaded at /root/.cache/libero/assets
Local assets not found. Downloading from HuggingFace Hub...
Assets already downloaded at /root/.cache/libero/assets
Local assets not found. Downloading from HuggingFace Hub...
Assets already downloaded at /root/.cache/libero/assets
Local assets not found. Downloading from HuggingFace Hub...
Assets already downloaded at /root/.cache/libero/assets
batch libero_object:9 A,step real=6/6 38.8 s brain 20.6 s 28 calls 109 rows
386/520 episodes, 5.86 s/episode, eta 0.22 h
batch libero_object:9 A,step real=6/6 25.7 s brain 16.8 s 20 calls 92 rows
392/520 episodes, 5.84 s/episode, eta 0.21 h
batch libero_object:9 A,step real=6/6 30.6 s brain 19.4 s 28 calls 95 rows
398/520 episodes, 5.83 s/episode, eta 0.20 h
batch libero_object:9 A,step real=2/6 13.7 s brain 7.2 s 15 calls 28 rows
400/520 episodes, 5.83 s/episode, eta 0.19 h
[info] using task orders [0, 1, 2, 3, 4, 5, 6, 7, 8, 9]
[info] using task orders [0, 1, 2, 3, 4, 5, 6, 7, 8, 9]
[info] using task orders [0, 1, 2, 3, 4, 5, 6, 7, 8, 9]
[info] using task orders [0, 1, 2, 3, 4, 5, 6, 7, 8, 9]
[info] using task orders [0, 1, 2, 3, 4, 5, 6, 7, 8, 9]
[info] using task orders [0, 1, 2, 3, 4, 5, 6, 7, 8, 9]
[info] using task orders [0, 1, 2, 3, 4, 5, 6, 7, 8, 9]
Local assets not found. Downloading from HuggingFace Hub...Local assets not found. Downloading from HuggingFace Hub...Local assets not found. Downloading from HuggingFace Hub...Local assets not found. Downloading from HuggingFace Hub...



Assets already downloaded at /root/.cache/libero/assetsAssets already downloaded at /root/.cache/libero/assetsAssets already downloaded at /root/.cache/libero/assetsAssets already downloaded at /root/.cache/libero/assets



Local assets not found. Downloading from HuggingFace Hub...Local assets not found. Downloading from HuggingFace Hub...

Assets already downloaded at /root/.cache/libero/assetsAssets already downloaded at /root/.cache/libero/assets

batch libero_goal:1 A,step real=6/6 36.4 s brain 17.3 s 30 calls 78 rows
406/520 episodes, 5.84 s/episode, eta 0.18 h
batch libero_goal:1 A,step real=6/6 29.1 s brain 17.2 s 30 calls 78 rows
412/520 episodes, 5.83 s/episode, eta 0.17 h
batch libero_goal:1 A,step real=6/6 31.0 s brain 19.0 s 30 calls 93 rows
418/520 episodes, 5.82 s/episode, eta 0.16 h
batch libero_goal:1 A,step real=2/6 11.0 s brain 5.5 s 12 calls 20 rows
420/520 episodes, 5.82 s/episode, eta 0.16 h
[info] using task orders [0, 1, 2, 3, 4, 5, 6, 7, 8, 9]
[info] using task orders [0, 1, 2, 3, 4, 5, 6, 7, 8, 9]
[info] using task orders [0, 1, 2, 3, 4, 5, 6, 7, 8, 9]
[info] using task orders [0, 1, 2, 3, 4, 5, 6, 7, 8, 9]
[info] using task orders [0, 1, 2, 3, 4, 5, 6, 7, 8, 9]
[info] using task orders [0, 1, 2, 3, 4, 5, 6, 7, 8, 9]
[info] using task orders [0, 1, 2, 3, 4, 5, 6, 7, 8, 9]
Local assets not found. Downloading from HuggingFace Hub...
Assets already downloaded at /root/.cache/libero/assets
Local assets not found. Downloading from HuggingFace Hub...
Assets already downloaded at /root/.cache/libero/assets
Local assets not found. Downloading from HuggingFace Hub...
Assets already downloaded at /root/.cache/libero/assets
Local assets not found. Downloading from HuggingFace Hub...
Assets already downloaded at /root/.cache/libero/assets
Local assets not found. Downloading from HuggingFace Hub...
Assets already downloaded at /root/.cache/libero/assets
Local assets not found. Downloading from HuggingFace Hub...
Assets already downloaded at /root/.cache/libero/assets
batch libero_goal:2 A,step real=6/6 35.7 s brain 17.1 s 30 calls 76 rows
426/520 episodes, 5.82 s/episode, eta 0.15 h
batch libero_goal:2 A,step real=6/6 31.9 s brain 20.0 s 30 calls 102 rows
432/520 episodes, 5.82 s/episode, eta 0.14 h
batch libero_goal:2 A,step real=6/6 31.4 s brain 19.4 s 30 calls 98 rows
438/520 episodes, 5.81 s/episode, eta 0.13 h
batch libero_goal:2 A,step real=2/6 9.7 s brain 4.8 s 10 calls 19 rows
440/520 episodes, 5.80 s/episode, eta 0.13 h
[info] using task orders [0, 1, 2, 3, 4, 5, 6, 7, 8, 9]
[info] using task orders [0, 1, 2, 3, 4, 5, 6, 7, 8, 9]
[info] using task orders [0, 1, 2, 3, 4, 5, 6, 7, 8, 9]
[info] using task orders [0, 1, 2, 3, 4, 5, 6, 7, 8, 9]
[info] using task orders [0, 1, 2, 3, 4, 5, 6, 7, 8, 9]
[info] using task orders [0, 1, 2, 3, 4, 5, 6, 7, 8, 9]
[info] using task orders [0, 1, 2, 3, 4, 5, 6, 7, 8, 9]
Local assets not found. Downloading from HuggingFace Hub...Local assets not found. Downloading from HuggingFace Hub...Local assets not found. Downloading from HuggingFace Hub...Local assets not found. Downloading from HuggingFace Hub...



Assets already downloaded at /root/.cache/libero/assetsAssets already downloaded at /root/.cache/libero/assetsAssets already downloaded at /root/.cache/libero/assetsAssets already downloaded at /root/.cache/libero/assets



Local assets not found. Downloading from HuggingFace Hub...Local assets not found. Downloading from HuggingFace Hub...

Assets already downloaded at /root/.cache/libero/assetsAssets already downloaded at /root/.cache/libero/assets

batch libero_goal:4 A,step real=6/6 36.5 s brain 17.0 s 30 calls 77 rows
446/520 episodes, 5.81 s/episode, eta 0.12 h
batch libero_goal:4 A,step real=6/6 16.7 s brain 10.2 s 13 calls 56 rows
452/520 episodes, 5.77 s/episode, eta 0.11 h
batch libero_goal:4 A,step real=6/6 17.7 s brain 10.6 s 13 calls 60 rows
458/520 episodes, 5.73 s/episode, eta 0.10 h
batch libero_goal:4 A,step real=2/6 9.8 s brain 4.7 s 10 calls 18 rows
460/520 episodes, 5.73 s/episode, eta 0.10 h
[info] using task orders [0, 1, 2, 3, 4, 5, 6, 7, 8, 9]
[info] using task orders [0, 1, 2, 3, 4, 5, 6, 7, 8, 9]
[info] using task orders [0, 1, 2, 3, 4, 5, 6, 7, 8, 9]
[info] using task orders [0, 1, 2, 3, 4, 5, 6, 7, 8, 9]
[info] using task orders [0, 1, 2, 3, 4, 5, 6, 7, 8, 9]
[info] using task orders [0, 1, 2, 3, 4, 5, 6, 7, 8, 9]
[info] using task orders [0, 1, 2, 3, 4, 5, 6, 7, 8, 9]
Local assets not found. Downloading from HuggingFace Hub...Local assets not found. Downloading from HuggingFace Hub...

Assets already downloaded at /root/.cache/libero/assetsAssets already downloaded at /root/.cache/libero/assets

Local assets not found. Downloading from HuggingFace Hub...Local assets not found. Downloading from HuggingFace Hub...

Assets already downloaded at /root/.cache/libero/assetsAssets already downloaded at /root/.cache/libero/assets

Local assets not found. Downloading from HuggingFace Hub...
Local assets not found. Downloading from HuggingFace Hub...
Assets already downloaded at /root/.cache/libero/assetsAssets already downloaded at /root/.cache/libero/assets

batch libero_goal:6 A,step real=6/6 36.4 s brain 17.7 s 30 calls 83 rows
466/520 episodes, 5.74 s/episode, eta 0.09 h
batch libero_goal:6 A,step real=6/6 29.6 s brain 18.3 s 30 calls 89 rows
472/520 episodes, 5.73 s/episode, eta 0.08 h
batch libero_goal:6 A,step real=6/6 34.5 s brain 22.6 s 30 calls 120 rows
478/520 episodes, 5.73 s/episode, eta 0.07 h
batch libero_goal:6 A,step real=2/6 24.0 s brain 12.2 s 30 calls 38 rows
480/520 episodes, 5.76 s/episode, eta 0.06 h
[info] using task orders [0, 1, 2, 3, 4, 5, 6, 7, 8, 9]
[info] using task orders [0, 1, 2, 3, 4, 5, 6, 7, 8, 9]
[info] using task orders [0, 1, 2, 3, 4, 5, 6, 7, 8, 9]
[info] using task orders [0, 1, 2, 3, 4, 5, 6, 7, 8, 9]
[info] using task orders [0, 1, 2, 3, 4, 5, 6, 7, 8, 9]
[info] using task orders [0, 1, 2, 3, 4, 5, 6, 7, 8, 9]
[info] using task orders [0, 1, 2, 3, 4, 5, 6, 7, 8, 9]
Local assets not found. Downloading from HuggingFace Hub...Local assets not found. Downloading from HuggingFace Hub...Local assets not found. Downloading from HuggingFace Hub...
Local assets not found. Downloading from HuggingFace Hub...


Assets already downloaded at /root/.cache/libero/assetsAssets already downloaded at /root/.cache/libero/assetsAssets already downloaded at /root/.cache/libero/assetsAssets already downloaded at /root/.cache/libero/assets



Local assets not found. Downloading from HuggingFace Hub...Local assets not found. Downloading from HuggingFace Hub...

Assets already downloaded at /root/.cache/libero/assetsAssets already downloaded at /root/.cache/libero/assets

batch libero_goal:8 A,step real=6/6 34.4 s brain 16.1 s 30 calls 70 rows
486/520 episodes, 5.76 s/episode, eta 0.05 h
batch libero_goal:8 A,step real=6/6 31.8 s brain 19.0 s 30 calls 96 rows
492/520 episodes, 5.75 s/episode, eta 0.04 h
batch libero_goal:8 A,step real=6/6 31.9 s brain 17.6 s 30 calls 82 rows
498/520 episodes, 5.75 s/episode, eta 0.04 h
batch libero_goal:8 A,step real=2/6 22.9 s brain 12.1 s 30 calls 38 rows
500/520 episodes, 5.77 s/episode, eta 0.03 h
[info] using task orders [0, 1, 2, 3, 4, 5, 6, 7, 8, 9]
[info] using task orders [0, 1, 2, 3, 4, 5, 6, 7, 8, 9]
[info] using task orders [0, 1, 2, 3, 4, 5, 6, 7, 8, 9]
[info] using task orders [0, 1, 2, 3, 4, 5, 6, 7, 8, 9]
[info] using task orders [0, 1, 2, 3, 4, 5, 6, 7, 8, 9]
[info] using task orders [0, 1, 2, 3, 4, 5, 6, 7, 8, 9]
[info] using task orders [0, 1, 2, 3, 4, 5, 6, 7, 8, 9]
Local assets not found. Downloading from HuggingFace Hub...
Assets already downloaded at /root/.cache/libero/assets
Local assets not found. Downloading from HuggingFace Hub...
Assets already downloaded at /root/.cache/libero/assets
Local assets not found. Downloading from HuggingFace Hub...
Assets already downloaded at /root/.cache/libero/assets
Local assets not found. Downloading from HuggingFace Hub...
Assets already downloaded at /root/.cache/libero/assets
Local assets not found. Downloading from HuggingFace Hub...
Assets already downloaded at /root/.cache/libero/assets
Local assets not found. Downloading from HuggingFace Hub...
Assets already downloaded at /root/.cache/libero/assets
batch libero_goal:9 A,step real=6/6 41.0 s brain 22.0 s 30 calls 115 rows
506/520 episodes, 5.79 s/episode, eta 0.02 h
batch libero_goal:9 A,step real=6/6 34.2 s brain 22.1 s 30 calls 119 rows
512/520 episodes, 5.79 s/episode, eta 0.01 h
batch libero_goal:9 A,step real=6/6 26.0 s brain 17.1 s 21 calls 95 rows
518/520 episodes, 5.77 s/episode, eta 0.00 h
batch libero_goal:9 A,step real=2/6 23.7 s brain 12.9 s 30 calls 45 rows
520/520 episodes, 5.80 s/episode, eta 0.00 h
[08:46:06] pass 2 skipped: pass 1 exited cleanly, no failed batch
[08:46:06] phase pi, lane p, id 4 (2080 episodes): --brain pi05 --kinds step --cells A20,A40 --methods none,G --inits 0-19
[08:46:06] pass 1: --brain pi05 --kinds step --cells A20,A40 --methods none,G --inits 0-19 --precision fp32 --n-envs 6 --kbar 0.1566 --t-ramp 5 --k-p 1.0 --tau-k 0.039517 --out results/c1-e4/pod/grid_pi05.jsonl
[robosuite WARNING] No private macro file found! (__init__.py:7)
WARNING:robosuite_logs:No private macro file found!
[robosuite WARNING] It is recommended to use a private macro file (__init__.py:8)
WARNING:robosuite_logs:It is recommended to use a private macro file
[robosuite WARNING] To setup, run: python /workspace/jit-reflex/venv/lib/python3.12/site-packages/robosuite/scripts/setup_macros.py (__init__.py:9)
WARNING:robosuite_logs:To setup, run: python /workspace/jit-reflex/venv/lib/python3.12/site-packages/robosuite/scripts/setup_macros.py
2080 episodes to run
Fetching 9 files:   0%|          | 0/9 [00:00<?, ?it/s]Fetching 9 files: 100%|██████████| 9/9 [00:00<00:00, 535.54it/s]
The PI05 model is a direct port of the OpenPI implementation. 
This implementation follows the original OpenPI structure for compatibility. 
Original implementation: https://github.com/Physical-Intelligence/openpi
Loading model from: /workspace/.cache/huggingface/hub/models--lerobot--pi05_libero_finetuned_v044/snapshots/8e174154ef5f6c60a8da12ae99c303d8963138c1
✓ Loaded state dict from model.safetensors
WARNING:root:Vision embedding key might need handling: model.paligemma_with_expert.paligemma.model.vision_tower.vision_model.embeddings.patch_embedding.bias
WARNING:root:Vision embedding key might need handling: model.paligemma_with_expert.paligemma.model.vision_tower.vision_model.embeddings.patch_embedding.weight
All keys loaded successfully!
[info] using task orders [0, 1, 2, 3, 4, 5, 6, 7, 8, 9]
/usr/lib/python3.12/multiprocessing/popen_fork.py:66: DeprecationWarning: This process (pid=141828) is multi-threaded, use of fork() may lead to deadlocks in the child.
  self.pid = os.fork()
[info] using task orders [0, 1, 2, 3, 4, 5, 6, 7, 8, 9]
[info] using task orders [0, 1, 2, 3, 4, 5, 6, 7, 8, 9]
[info] using task orders [0, 1, 2, 3, 4, 5, 6, 7, 8, 9]
[info] using task orders [0, 1, 2, 3, 4, 5, 6, 7, 8, 9]
[info] using task orders [0, 1, 2, 3, 4, 5, 6, 7, 8, 9]
[info] using task orders [0, 1, 2, 3, 4, 5, 6, 7, 8, 9]
Local assets not found. Downloading from HuggingFace Hub...Local assets not found. Downloading from HuggingFace Hub...

Assets already downloaded at /root/.cache/libero/assetsAssets already downloaded at /root/.cache/libero/assets

Local assets not found. Downloading from HuggingFace Hub...Local assets not found. Downloading from HuggingFace Hub...

Local assets not found. Downloading from HuggingFace Hub...
Assets already downloaded at /root/.cache/libero/assetsAssets already downloaded at /root/.cache/libero/assets

Assets already downloaded at /root/.cache/libero/assets
Local assets not found. Downloading from HuggingFace Hub...
Assets already downloaded at /root/.cache/libero/assets
batch libero_spatial:0 A20,step real=6/6 46.1 s brain 20.6 s 28 calls 108 rows
6/2080 episodes, 7.84 s/episode, eta 4.52 h
batch libero_spatial:0 A20,step real=6/6 32.6 s brain 19.9 s 28 calls 108 rows
12/2080 episodes, 6.64 s/episode, eta 3.81 h
batch libero_spatial:0 A20,step real=6/6 38.7 s brain 22.8 s 28 calls 129 rows
18/2080 episodes, 6.58 s/episode, eta 3.77 h
batch libero_spatial:0 A20,step real=6/6 41.2 s brain 22.5 s 28 calls 129 rows
24/2080 episodes, 6.65 s/episode, eta 3.80 h
batch libero_spatial:0 A20,step real=6/6 31.1 s brain 17.7 s 28 calls 88 rows
30/2080 episodes, 6.36 s/episode, eta 3.62 h
batch libero_spatial:0 A20,step real=6/6 31.2 s brain 17.9 s 28 calls 89 rows
36/2080 episodes, 6.17 s/episode, eta 3.50 h
batch libero_spatial:0 A20,step real=4/6 36.8 s brain 20.3 s 28 calls 112 rows
40/2080 episodes, 6.47 s/episode, eta 3.67 h
batch libero_spatial:0 A40,step real=6/6 40.2 s brain 25.1 s 28 calls 148 rows
46/2080 episodes, 6.50 s/episode, eta 3.67 h
batch libero_spatial:0 A40,step real=6/6 33.1 s brain 19.9 s 28 calls 107 rows
52/2080 episodes, 6.39 s/episode, eta 3.60 h
batch libero_spatial:0 A40,step real=6/6 39.6 s brain 25.1 s 28 calls 149 rows
58/2080 episodes, 6.41 s/episode, eta 3.60 h
batch libero_spatial:0 A40,step real=6/6 40.9 s brain 25.1 s 28 calls 148 rows
64/2080 episodes, 6.45 s/episode, eta 3.61 h
batch libero_spatial:0 A40,step real=6/6 36.0 s brain 22.3 s 28 calls 127 rows
70/2080 episodes, 6.41 s/episode, eta 3.58 h
batch libero_spatial:0 A40,step real=6/6 36.2 s brain 22.6 s 28 calls 129 rows
76/2080 episodes, 6.38 s/episode, eta 3.55 h
batch libero_spatial:0 A40,step real=4/6 31.9 s brain 17.9 s 28 calls 93 rows
80/2080 episodes, 6.46 s/episode, eta 3.59 h
[info] using task orders [0, 1, 2, 3, 4, 5, 6, 7, 8, 9]
[info] using task orders [0, 1, 2, 3, 4, 5, 6, 7, 8, 9]
[info] using task orders [0, 1, 2, 3, 4, 5, 6, 7, 8, 9]
[info] using task orders [0, 1, 2, 3, 4, 5, 6, 7, 8, 9]
[info] using task orders [0, 1, 2, 3, 4, 5, 6, 7, 8, 9]
[info] using task orders [0, 1, 2, 3, 4, 5, 6, 7, 8, 9]
[info] using task orders [0, 1, 2, 3, 4, 5, 6, 7, 8, 9]
Local assets not found. Downloading from HuggingFace Hub...Local assets not found. Downloading from HuggingFace Hub...

Assets already downloaded at /root/.cache/libero/assetsAssets already downloaded at /root/.cache/libero/assets

Local assets not found. Downloading from HuggingFace Hub...
Assets already downloaded at /root/.cache/libero/assets
Local assets not found. Downloading from HuggingFace Hub...
Assets already downloaded at /root/.cache/libero/assets
Local assets not found. Downloading from HuggingFace Hub...
Assets already downloaded at /root/.cache/libero/assets
Local assets not found. Downloading from HuggingFace Hub...
Assets already downloaded at /root/.cache/libero/assets
batch libero_spatial:1 A20,step real=6/6 44.7 s brain 23.6 s 28 calls 135 rows
86/2080 episodes, 6.55 s/episode, eta 3.63 h
batch libero_spatial:1 A20,step real=6/6 34.4 s brain 21.4 s 28 calls 119 rows
92/2080 episodes, 6.50 s/episode, eta 3.59 h
batch libero_spatial:1 A20,step real=6/6 37.6 s brain 23.7 s 28 calls 138 rows
98/2080 episodes, 6.48 s/episode, eta 3.57 h
batch libero_spatial:1 A20,step real=6/6 39.0 s brain 25.5 s 28 calls 151 rows
104/2080 episodes, 6.48 s/episode, eta 3.56 h
batch libero_spatial:1 A20,step real=6/6 33.0 s brain 19.5 s 28 calls 102 rows
110/2080 episodes, 6.43 s/episode, eta 3.52 h
batch libero_spatial:1 A20,step real=6/6 39.3 s brain 25.6 s 28 calls 152 rows
116/2080 episodes, 6.44 s/episode, eta 3.51 h
batch libero_spatial:1 A20,step real=4/6 29.8 s brain 16.3 s 28 calls 78 rows
120/2080 episodes, 6.47 s/episode, eta 3.52 h
batch libero_spatial:1 A40,step real=6/6 39.4 s brain 25.4 s 28 calls 151 rows
126/2080 episodes, 6.48 s/episode, eta 3.51 h
batch libero_spatial:1 A40,step real=6/6 37.1 s brain 23.3 s 28 calls 134 rows
132/2080 episodes, 6.46 s/episode, eta 3.50 h
batch libero_spatial:1 A40,step real=6/6 34.6 s brain 21.1 s 28 calls 117 rows
138/2080 episodes, 6.43 s/episode, eta 3.47 h
batch libero_spatial:1 A40,step real=6/6 39.4 s brain 25.4 s 28 calls 150 rows
144/2080 episodes, 6.44 s/episode, eta 3.46 h
batch libero_spatial:1 A40,step real=6/6 34.8 s brain 21.1 s 28 calls 117 rows
150/2080 episodes, 6.41 s/episode, eta 3.44 h
batch libero_spatial:1 A40,step real=6/6 37.5 s brain 23.3 s 28 calls 135 rows
156/2080 episodes, 6.41 s/episode, eta 3.42 h
batch libero_spatial:1 A40,step real=4/6 30.0 s brain 16.3 s 28 calls 78 rows
160/2080 episodes, 6.43 s/episode, eta 3.43 h
[info] using task orders [0, 1, 2, 3, 4, 5, 6, 7, 8, 9]
[info] using task orders [0, 1, 2, 3, 4, 5, 6, 7, 8, 9]
[info] using task orders [0, 1, 2, 3, 4, 5, 6, 7, 8, 9]
[info] using task orders [0, 1, 2, 3, 4, 5, 6, 7, 8, 9]
[info] using task orders [0, 1, 2, 3, 4, 5, 6, 7, 8, 9]
[info] using task orders [0, 1, 2, 3, 4, 5, 6, 7, 8, 9]
[info] using task orders [0, 1, 2, 3, 4, 5, 6, 7, 8, 9]
Local assets not found. Downloading from HuggingFace Hub...
Assets already downloaded at /root/.cache/libero/assets
Local assets not found. Downloading from HuggingFace Hub...Local assets not found. Downloading from HuggingFace Hub...

Assets already downloaded at /root/.cache/libero/assetsAssets already downloaded at /root/.cache/libero/assets

Local assets not found. Downloading from HuggingFace Hub...
Local assets not found. Downloading from HuggingFace Hub...
Local assets not found. Downloading from HuggingFace Hub...
Assets already downloaded at /root/.cache/libero/assets
Assets already downloaded at /root/.cache/libero/assets
Assets already downloaded at /root/.cache/libero/assets
batch libero_spatial:2 A20,step real=6/6 41.8 s brain 20.9 s 28 calls 113 rows
166/2080 episodes, 6.47 s/episode, eta 3.44 h
batch libero_spatial:2 A20,step real=6/6 36.6 s brain 23.0 s 28 calls 132 rows
172/2080 episodes, 6.45 s/episode, eta 3.42 h
batch libero_spatial:2 A20,step real=6/6 36.6 s brain 22.9 s 28 calls 132 rows
178/2080 episodes, 6.44 s/episode, eta 3.40 h
batch libero_spatial:2 A20,step real=6/6 38.7 s brain 25.2 s 28 calls 149 rows
184/2080 episodes, 6.44 s/episode, eta 3.39 h
batch libero_spatial:2 A20,step real=6/6 33.2 s brain 18.8 s 28 calls 95 rows
190/2080 episodes, 6.41 s/episode, eta 3.37 h
batch libero_spatial:2 A20,step real=6/6 31.4 s brain 18.5 s 28 calls 94 rows
196/2080 episodes, 6.38 s/episode, eta 3.34 h
batch libero_spatial:2 A20,step real=4/6 33.1 s brain 18.1 s 28 calls 94 rows
200/2080 episodes, 6.42 s/episode, eta 3.35 h
batch libero_spatial:2 A40,step real=6/6 34.6 s brain 20.8 s 28 calls 114 rows
206/2080 episodes, 6.40 s/episode, eta 3.33 h
batch libero_spatial:2 A40,step real=6/6 35.9 s brain 22.8 s 28 calls 131 rows
212/2080 episodes, 6.39 s/episode, eta 3.31 h
batch libero_spatial:2 A40,step real=6/6 34.4 s brain 20.6 s 28 calls 113 rows
218/2080 episodes, 6.37 s/episode, eta 3.29 h
batch libero_spatial:2 A40,step real=6/6 39.2 s brain 25.3 s 28 calls 149 rows
224/2080 episodes, 6.37 s/episode, eta 3.28 h
batch libero_spatial:2 A40,step real=6/6 34.4 s brain 20.6 s 28 calls 112 rows
230/2080 episodes, 6.35 s/episode, eta 3.27 h
batch libero_spatial:2 A40,step real=6/6 36.6 s brain 23.0 s 28 calls 132 rows
236/2080 episodes, 6.35 s/episode, eta 3.25 h
batch libero_spatial:2 A40,step real=4/6 31.4 s brain 18.1 s 28 calls 94 rows
240/2080 episodes, 6.37 s/episode, eta 3.26 h
[info] using task orders [0, 1, 2, 3, 4, 5, 6, 7, 8, 9]
[info] using task orders [0, 1, 2, 3, 4, 5, 6, 7, 8, 9]
[info] using task orders [0, 1, 2, 3, 4, 5, 6, 7, 8, 9]
[info] using task orders [0, 1, 2, 3, 4, 5, 6, 7, 8, 9]
[info] using task orders [0, 1, 2, 3, 4, 5, 6, 7, 8, 9]
[info] using task orders [0, 1, 2, 3, 4, 5, 6, 7, 8, 9]
[info] using task orders [0, 1, 2, 3, 4, 5, 6, 7, 8, 9]
Local assets not found. Downloading from HuggingFace Hub...Local assets not found. Downloading from HuggingFace Hub...

Assets already downloaded at /root/.cache/libero/assetsAssets already downloaded at /root/.cache/libero/assets

Local assets not found. Downloading from HuggingFace Hub...
Local assets not found. Downloading from HuggingFace Hub...
Assets already downloaded at /root/.cache/libero/assets
Assets already downloaded at /root/.cache/libero/assets
Local assets not found. Downloading from HuggingFace Hub...
Assets already downloaded at /root/.cache/libero/assets
Local assets not found. Downloading from HuggingFace Hub...
Assets already downloaded at /root/.cache/libero/assets
batch libero_spatial:3 A20,step real=6/6 39.0 s brain 18.7 s 28 calls 93 rows
246/2080 episodes, 6.39 s/episode, eta 3.25 h
batch libero_spatial:3 A20,step real=6/6 32.2 s brain 18.1 s 28 calls 92 rows
252/2080 episodes, 6.36 s/episode, eta 3.23 h
batch libero_spatial:3 A20,step real=6/6 34.0 s brain 20.5 s 28 calls 112 rows
258/2080 episodes, 6.35 s/episode, eta 3.21 h
batch libero_spatial:3 A20,step real=6/6 29.4 s brain 15.9 s 28 calls 73 rows
264/2080 episodes, 6.31 s/episode, eta 3.18 h
batch libero_spatial:3 A20,step real=6/6 34.3 s brain 20.5 s 28 calls 112 rows
270/2080 episodes, 6.30 s/episode, eta 3.17 h
batch libero_spatial:3 A20,step real=6/6 29.5 s brain 15.9 s 28 calls 73 rows
276/2080 episodes, 6.27 s/episode, eta 3.14 h
batch libero_spatial:3 A20,step real=4/6 29.3 s brain 15.9 s 28 calls 74 rows
280/2080 episodes, 6.28 s/episode, eta 3.14 h
batch libero_spatial:3 A40,step real=6/6 34.2 s brain 20.4 s 28 calls 111 rows
286/2080 episodes, 6.27 s/episode, eta 3.13 h
batch libero_spatial:3 A40,step real=6/6 37.0 s brain 22.9 s 28 calls 131 rows
292/2080 episodes, 6.27 s/episode, eta 3.11 h
batch libero_spatial:3 A40,step real=6/6 39.2 s brain 25.4 s 28 calls 149 rows
298/2080 episodes, 6.27 s/episode, eta 3.11 h
batch libero_spatial:3 A40,step real=6/6 28.8 s brain 16.1 s 28 calls 74 rows
304/2080 episodes, 6.25 s/episode, eta 3.08 h
batch libero_spatial:3 A40,step real=6/6 36.5 s brain 23.0 s 28 calls 131 rows
310/2080 episodes, 6.24 s/episode, eta 3.07 h
batch libero_spatial:3 A40,step real=6/6 32.1 s brain 18.3 s 28 calls 92 rows
316/2080 episodes, 6.23 s/episode, eta 3.05 h
batch libero_spatial:3 A40,step real=4/6 31.6 s brain 18.1 s 28 calls 93 rows
320/2080 episodes, 6.25 s/episode, eta 3.05 h
[info] using task orders [0, 1, 2, 3, 4, 5, 6, 7, 8, 9]
[info] using task orders [0, 1, 2, 3, 4, 5, 6, 7, 8, 9]
[info] using task orders [0, 1, 2, 3, 4, 5, 6, 7, 8, 9]
[info] using task orders [0, 1, 2, 3, 4, 5, 6, 7, 8, 9]
[info] using task orders [0, 1, 2, 3, 4, 5, 6, 7, 8, 9]
[info] using task orders [0, 1, 2, 3, 4, 5, 6, 7, 8, 9]
[info] using task orders [0, 1, 2, 3, 4, 5, 6, 7, 8, 9]
Local assets not found. Downloading from HuggingFace Hub...Local assets not found. Downloading from HuggingFace Hub...

Assets already downloaded at /root/.cache/libero/assetsAssets already downloaded at /root/.cache/libero/assets

Local assets not found. Downloading from HuggingFace Hub...
Local assets not found. Downloading from HuggingFace Hub...
Assets already downloaded at /root/.cache/libero/assets
Assets already downloaded at /root/.cache/libero/assets
Local assets not found. Downloading from HuggingFace Hub...
Local assets not found. Downloading from HuggingFace Hub...
Assets already downloaded at /root/.cache/libero/assetsAssets already downloaded at /root/.cache/libero/assets

batch libero_spatial:4 A20,step real=6/6 45.1 s brain 24.0 s 28 calls 138 rows
326/2080 episodes, 6.28 s/episode, eta 3.06 h
batch libero_spatial:4 A20,step real=6/6 34.5 s brain 20.0 s 28 calls 106 rows
332/2080 episodes, 6.27 s/episode, eta 3.04 h
batch libero_spatial:4 A20,step real=6/6 38.1 s brain 23.6 s 28 calls 137 rows
338/2080 episodes, 6.27 s/episode, eta 3.03 h
batch libero_spatial:4 A20,step real=6/6 40.8 s brain 25.7 s 28 calls 153 rows
344/2080 episodes, 6.28 s/episode, eta 3.03 h
batch libero_spatial:4 A20,step real=6/6 36.8 s brain 22.1 s 28 calls 124 rows
350/2080 episodes, 6.28 s/episode, eta 3.02 h
batch libero_spatial:4 A20,step real=6/6 40.8 s brain 25.9 s 28 calls 154 rows
356/2080 episodes, 6.28 s/episode, eta 3.01 h
batch libero_spatial:4 A20,step real=4/6 31.6 s brain 17.2 s 28 calls 84 rows
360/2080 episodes, 6.30 s/episode, eta 3.01 h
batch libero_spatial:4 A40,step real=6/6 41.1 s brain 26.7 s 28 calls 159 rows
366/2080 episodes, 6.31 s/episode, eta 3.00 h
batch libero_spatial:4 A40,step real=6/6 38.1 s brain 24.2 s 28 calls 140 rows
372/2080 episodes, 6.31 s/episode, eta 2.99 h
batch libero_spatial:4 A40,step real=6/6 43.2 s brain 27.9 s 28 calls 168 rows
378/2080 episodes, 6.33 s/episode, eta 2.99 h
batch libero_spatial:4 A40,step real=6/6 39.9 s brain 25.9 s 28 calls 154 rows
384/2080 episodes, 6.33 s/episode, eta 2.98 h
batch libero_spatial:4 A40,step real=6/6 36.6 s brain 22.3 s 28 calls 126 rows
390/2080 episodes, 6.33 s/episode, eta 2.97 h
batch libero_spatial:4 A40,step real=6/6 40.6 s brain 25.9 s 28 calls 154 rows
396/2080 episodes, 6.33 s/episode, eta 2.96 h
batch libero_spatial:4 A40,step real=4/6 36.4 s brain 20.3 s 28 calls 112 rows
400/2080 episodes, 6.36 s/episode, eta 2.97 h
[info] using task orders [0, 1, 2, 3, 4, 5, 6, 7, 8, 9]
[info] using task orders [0, 1, 2, 3, 4, 5, 6, 7, 8, 9]
[info] using task orders [0, 1, 2, 3, 4, 5, 6, 7, 8, 9]
[info] using task orders [0, 1, 2, 3, 4, 5, 6, 7, 8, 9]
[info] using task orders [0, 1, 2, 3, 4, 5, 6, 7, 8, 9]
[info] using task orders [0, 1, 2, 3, 4, 5, 6, 7, 8, 9]
[info] using task orders [0, 1, 2, 3, 4, 5, 6, 7, 8, 9]
Local assets not found. Downloading from HuggingFace Hub...Local assets not found. Downloading from HuggingFace Hub...

Assets already downloaded at /root/.cache/libero/assetsAssets already downloaded at /root/.cache/libero/assets

Local assets not found. Downloading from HuggingFace Hub...Local assets not found. Downloading from HuggingFace Hub...

Assets already downloaded at /root/.cache/libero/assetsAssets already downloaded at /root/.cache/libero/assets

Local assets not found. Downloading from HuggingFace Hub...Local assets not found. Downloading from HuggingFace Hub...

Assets already downloaded at /root/.cache/libero/assetsAssets already downloaded at /root/.cache/libero/assets

batch libero_spatial:5 A20,step real=6/6 49.4 s brain 27.6 s 28 calls 165 rows
406/2080 episodes, 6.39 s/episode, eta 2.97 h
batch libero_spatial:5 A20,step real=6/6 39.6 s brain 25.3 s 28 calls 150 rows
412/2080 episodes, 6.40 s/episode, eta 2.96 h
batch libero_spatial:5 A20,step real=6/6 39.5 s brain 25.4 s 28 calls 150 rows
418/2080 episodes, 6.40 s/episode, eta 2.95 h
batch libero_spatial:5 A20,step real=6/6 39.7 s brain 25.8 s 28 calls 153 rows
424/2080 episodes, 6.40 s/episode, eta 2.95 h
batch libero_spatial:5 A20,step real=6/6 42.6 s brain 27.9 s 28 calls 168 rows
430/2080 episodes, 6.41 s/episode, eta 2.94 h
batch libero_spatial:5 A20,step real=6/6 42.3 s brain 27.7 s 28 calls 168 rows
436/2080 episodes, 6.42 s/episode, eta 2.93 h
batch libero_spatial:5 A20,step real=4/6 34.0 s brain 20.4 s 28 calls 112 rows
440/2080 episodes, 6.44 s/episode, eta 2.93 h
batch libero_spatial:5 A40,step real=6/6 38.7 s brain 25.3 s 28 calls 149 rows
446/2080 episodes, 6.44 s/episode, eta 2.92 h
batch libero_spatial:5 A40,step real=6/6 41.3 s brain 27.8 s 28 calls 168 rows
452/2080 episodes, 6.45 s/episode, eta 2.92 h
batch libero_spatial:5 A40,step real=6/6 39.2 s brain 25.4 s 28 calls 150 rows
458/2080 episodes, 6.45 s/episode, eta 2.91 h
batch libero_spatial:5 A40,step real=6/6 41.5 s brain 27.7 s 28 calls 168 rows
464/2080 episodes, 6.45 s/episode, eta 2.90 h
batch libero_spatial:5 A40,step real=6/6 41.1 s brain 27.8 s 28 calls 168 rows
470/2080 episodes, 6.46 s/episode, eta 2.89 h
batch libero_spatial:5 A40,step real=6/6 39.4 s brain 25.5 s 28 calls 151 rows
476/2080 episodes, 6.46 s/episode, eta 2.88 h
batch libero_spatial:5 A40,step real=4/6 31.8 s brain 18.3 s 28 calls 95 rows
480/2080 episodes, 6.47 s/episode, eta 2.88 h
[info] using task orders [0, 1, 2, 3, 4, 5, 6, 7, 8, 9]
[info] using task orders [0, 1, 2, 3, 4, 5, 6, 7, 8, 9]
[info] using task orders [0, 1, 2, 3, 4, 5, 6, 7, 8, 9]
[info] using task orders [0, 1, 2, 3, 4, 5, 6, 7, 8, 9]
[info] using task orders [0, 1, 2, 3, 4, 5, 6, 7, 8, 9]
[info] using task orders [0, 1, 2, 3, 4, 5, 6, 7, 8, 9]
[info] using task orders [0, 1, 2, 3, 4, 5, 6, 7, 8, 9]
Local assets not found. Downloading from HuggingFace Hub...Local assets not found. Downloading from HuggingFace Hub...Local assets not found. Downloading from HuggingFace Hub...


Local assets not found. Downloading from HuggingFace Hub...
Assets already downloaded at /root/.cache/libero/assetsAssets already downloaded at /root/.cache/libero/assetsAssets already downloaded at /root/.cache/libero/assets


Assets already downloaded at /root/.cache/libero/assets
Local assets not found. Downloading from HuggingFace Hub...
Local assets not found. Downloading from HuggingFace Hub...
Assets already downloaded at /root/.cache/libero/assetsAssets already downloaded at /root/.cache/libero/assets

batch libero_spatial:6 A20,step real=6/6 40.7 s brain 19.7 s 28 calls 100 rows
486/2080 episodes, 6.48 s/episode, eta 2.87 h
batch libero_spatial:6 A20,step real=6/6 35.3 s brain 21.8 s 28 calls 122 rows
492/2080 episodes, 6.47 s/episode, eta 2.86 h
batch libero_spatial:6 A20,step real=6/6 38.7 s brain 25.4 s 28 calls 151 rows
498/2080 episodes, 6.47 s/episode, eta 2.84 h
batch libero_spatial:6 A20,step real=6/6 37.8 s brain 23.2 s 28 calls 134 rows
504/2080 episodes, 6.47 s/episode, eta 2.83 h
batch libero_spatial:6 A20,step real=6/6 36.8 s brain 23.3 s 28 calls 134 rows
510/2080 episodes, 6.47 s/episode, eta 2.82 h
batch libero_spatial:6 A20,step real=6/6 34.5 s brain 21.2 s 28 calls 117 rows
516/2080 episodes, 6.46 s/episode, eta 2.81 h
batch libero_spatial:6 A20,step real=4/6 31.4 s brain 18.3 s 28 calls 95 rows
520/2080 episodes, 6.47 s/episode, eta 2.80 h
batch libero_spatial:6 A40,step real=6/6 34.4 s brain 21.2 s 28 calls 117 rows
526/2080 episodes, 6.46 s/episode, eta 2.79 h
batch libero_spatial:6 A40,step real=6/6 39.8 s brain 25.6 s 28 calls 151 rows
532/2080 episodes, 6.46 s/episode, eta 2.78 h
batch libero_spatial:6 A40,step real=6/6 39.1 s brain 25.5 s 28 calls 151 rows
538/2080 episodes, 6.46 s/episode, eta 2.77 h
batch libero_spatial:6 A40,step real=6/6 36.8 s brain 23.3 s 28 calls 134 rows
544/2080 episodes, 6.46 s/episode, eta 2.76 h
batch libero_spatial:6 A40,step real=6/6 35.0 s brain 21.1 s 28 calls 117 rows
550/2080 episodes, 6.45 s/episode, eta 2.74 h
batch libero_spatial:6 A40,step real=6/6 39.4 s brain 25.5 s 28 calls 151 rows
556/2080 episodes, 6.45 s/episode, eta 2.73 h
batch libero_spatial:6 A40,step real=4/6 33.0 s brain 20.4 s 28 calls 112 rows
560/2080 episodes, 6.47 s/episode, eta 2.73 h
[info] using task orders [0, 1, 2, 3, 4, 5, 6, 7, 8, 9]
[info] using task orders [0, 1, 2, 3, 4, 5, 6, 7, 8, 9]
[info] using task orders [0, 1, 2, 3, 4, 5, 6, 7, 8, 9]
[info] using task orders [0, 1, 2, 3, 4, 5, 6, 7, 8, 9]
[info] using task orders [0, 1, 2, 3, 4, 5, 6, 7, 8, 9]
[info] using task orders [0, 1, 2, 3, 4, 5, 6, 7, 8, 9]
[info] using task orders [0, 1, 2, 3, 4, 5, 6, 7, 8, 9]
Local assets not found. Downloading from HuggingFace Hub...Local assets not found. Downloading from HuggingFace Hub...

Assets already downloaded at /root/.cache/libero/assetsAssets already downloaded at /root/.cache/libero/assets

Local assets not found. Downloading from HuggingFace Hub...
Assets already downloaded at /root/.cache/libero/assets
Local assets not found. Downloading from HuggingFace Hub...
Assets already downloaded at /root/.cache/libero/assets
Local assets not found. Downloading from HuggingFace Hub...
Assets already downloaded at /root/.cache/libero/assets
Local assets not found. Downloading from HuggingFace Hub...
Assets already downloaded at /root/.cache/libero/assets
batch libero_spatial:7 A20,step real=6/6 45.1 s brain 23.7 s 28 calls 136 rows
566/2080 episodes, 6.48 s/episode, eta 2.73 h
batch libero_spatial:7 A20,step real=6/6 38.6 s brain 24.9 s 28 calls 146 rows
572/2080 episodes, 6.48 s/episode, eta 2.72 h
batch libero_spatial:7 A20,step real=6/6 31.4 s brain 18.3 s 28 calls 91 rows
578/2080 episodes, 6.47 s/episode, eta 2.70 h
batch libero_spatial:7 A20,step real=6/6 37.9 s brain 23.6 s 28 calls 137 rows
584/2080 episodes, 6.47 s/episode, eta 2.69 h
batch libero_spatial:7 A20,step real=6/6 35.1 s brain 21.7 s 28 calls 121 rows
590/2080 episodes, 6.46 s/episode, eta 2.67 h
batch libero_spatial:7 A20,step real=6/6 20.7 s brain 12.5 s 13 calls 75 rows
596/2080 episodes, 6.43 s/episode, eta 2.65 h
batch libero_spatial:7 A20,step real=4/6 30.7 s brain 16.9 s 28 calls 82 rows
600/2080 episodes, 6.44 s/episode, eta 2.65 h
batch libero_spatial:7 A40,step real=6/6 41.0 s brain 26.6 s 28 calls 160 rows
606/2080 episodes, 6.44 s/episode, eta 2.64 h
batch libero_spatial:7 A40,step real=6/6 39.9 s brain 25.8 s 28 calls 153 rows
612/2080 episodes, 6.45 s/episode, eta 2.63 h
batch libero_spatial:7 A40,step real=6/6 36.0 s brain 21.6 s 28 calls 121 rows
618/2080 episodes, 6.44 s/episode, eta 2.62 h
batch libero_spatial:7 A40,step real=6/6 40.4 s brain 25.6 s 28 calls 152 rows
624/2080 episodes, 6.44 s/episode, eta 2.61 h
batch libero_spatial:7 A40,step real=6/6 38.6 s brain 24.2 s 28 calls 141 rows
630/2080 episodes, 6.44 s/episode, eta 2.60 h
batch libero_spatial:7 A40,step real=6/6 36.7 s brain 21.9 s 28 calls 123 rows
636/2080 episodes, 6.44 s/episode, eta 2.58 h
batch libero_spatial:7 A40,step real=4/6 33.9 s brain 18.9 s 28 calls 101 rows
640/2080 episodes, 6.45 s/episode, eta 2.58 h
[info] using task orders [0, 1, 2, 3, 4, 5, 6, 7, 8, 9]
[info] using task orders [0, 1, 2, 3, 4, 5, 6, 7, 8, 9]
[info] using task orders [0, 1, 2, 3, 4, 5, 6, 7, 8, 9]
[info] using task orders [0, 1, 2, 3, 4, 5, 6, 7, 8, 9]
[info] using task orders [0, 1, 2, 3, 4, 5, 6, 7, 8, 9]
[info] using task orders [0, 1, 2, 3, 4, 5, 6, 7, 8, 9]
[info] using task orders [0, 1, 2, 3, 4, 5, 6, 7, 8, 9]
Local assets not found. Downloading from HuggingFace Hub...
Local assets not found. Downloading from HuggingFace Hub...
Assets already downloaded at /root/.cache/libero/assets
Assets already downloaded at /root/.cache/libero/assets
Local assets not found. Downloading from HuggingFace Hub...
Assets already downloaded at /root/.cache/libero/assets
Local assets not found. Downloading from HuggingFace Hub...
Assets already downloaded at /root/.cache/libero/assets
Local assets not found. Downloading from HuggingFace Hub...Local assets not found. Downloading from HuggingFace Hub...

Assets already downloaded at /root/.cache/libero/assetsAssets already downloaded at /root/.cache/libero/assets

batch libero_spatial:8 A20,step real=6/6 44.8 s brain 20.7 s 28 calls 112 rows
646/2080 episodes, 6.47 s/episode, eta 2.58 h
batch libero_spatial:8 A20,step real=6/6 38.6 s brain 23.1 s 28 calls 133 rows
652/2080 episodes, 6.47 s/episode, eta 2.56 h
batch libero_spatial:8 A20,step real=6/6 43.5 s brain 27.8 s 28 calls 168 rows
658/2080 episodes, 6.47 s/episode, eta 2.56 h
batch libero_spatial:8 A20,step real=6/6 41.7 s brain 25.4 s 28 calls 150 rows
664/2080 episodes, 6.48 s/episode, eta 2.55 h
batch libero_spatial:8 A20,step real=6/6 37.6 s brain 23.0 s 28 calls 132 rows
670/2080 episodes, 6.48 s/episode, eta 2.54 h
batch libero_spatial:8 A20,step real=6/6 38.0 s brain 23.1 s 28 calls 132 rows
676/2080 episodes, 6.47 s/episode, eta 2.52 h
batch libero_spatial:8 A20,step real=4/6 34.1 s brain 20.6 s 28 calls 112 rows
680/2080 episodes, 6.49 s/episode, eta 2.52 h
batch libero_spatial:8 A40,step real=6/6 35.6 s brain 20.7 s 28 calls 114 rows
686/2080 episodes, 6.48 s/episode, eta 2.51 h
batch libero_spatial:8 A40,step real=6/6 35.2 s brain 21.1 s 28 calls 115 rows
692/2080 episodes, 6.48 s/episode, eta 2.50 h
batch libero_spatial:8 A40,step real=6/6 37.8 s brain 22.8 s 28 calls 131 rows
698/2080 episodes, 6.47 s/episode, eta 2.49 h
batch libero_spatial:8 A40,step real=6/6 39.8 s brain 25.4 s 28 calls 150 rows
704/2080 episodes, 6.48 s/episode, eta 2.48 h
batch libero_spatial:8 A40,step real=6/6 39.7 s brain 25.8 s 28 calls 151 rows
710/2080 episodes, 6.48 s/episode, eta 2.46 h
batch libero_spatial:8 A40,step real=6/6 40.2 s brain 25.5 s 28 calls 150 rows
716/2080 episodes, 6.48 s/episode, eta 2.45 h
batch libero_spatial:8 A40,step real=4/6 31.5 s brain 18.4 s 28 calls 94 rows
720/2080 episodes, 6.49 s/episode, eta 2.45 h
[info] using task orders [0, 1, 2, 3, 4, 5, 6, 7, 8, 9]
[info] using task orders [0, 1, 2, 3, 4, 5, 6, 7, 8, 9]
[info] using task orders [0, 1, 2, 3, 4, 5, 6, 7, 8, 9]
[info] using task orders [0, 1, 2, 3, 4, 5, 6, 7, 8, 9]
[info] using task orders [0, 1, 2, 3, 4, 5, 6, 7, 8, 9]
[info] using task orders [0, 1, 2, 3, 4, 5, 6, 7, 8, 9]
[info] using task orders [0, 1, 2, 3, 4, 5, 6, 7, 8, 9]
Local assets not found. Downloading from HuggingFace Hub...Local assets not found. Downloading from HuggingFace Hub...Local assets not found. Downloading from HuggingFace Hub...


Assets already downloaded at /root/.cache/libero/assetsAssets already downloaded at /root/.cache/libero/assetsAssets already downloaded at /root/.cache/libero/assets


Local assets not found. Downloading from HuggingFace Hub...
Local assets not found. Downloading from HuggingFace Hub...
Assets already downloaded at /root/.cache/libero/assets
Assets already downloaded at /root/.cache/libero/assets
Local assets not found. Downloading from HuggingFace Hub...
Assets already downloaded at /root/.cache/libero/assets
batch libero_spatial:9 A20,step real=6/6 44.7 s brain 23.6 s 28 calls 136 rows
726/2080 episodes, 6.50 s/episode, eta 2.44 h
batch libero_spatial:9 A20,step real=6/6 35.7 s brain 21.9 s 28 calls 122 rows
732/2080 episodes, 6.49 s/episode, eta 2.43 h
batch libero_spatial:9 A20,step real=6/6 38.1 s brain 23.6 s 28 calls 135 rows
738/2080 episodes, 6.49 s/episode, eta 2.42 h
batch libero_spatial:9 A20,step real=6/6 37.3 s brain 23.5 s 28 calls 136 rows
744/2080 episodes, 6.49 s/episode, eta 2.41 h
batch libero_spatial:9 A20,step real=6/6 33.9 s brain 20.1 s 28 calls 106 rows
750/2080 episodes, 6.48 s/episode, eta 2.40 h
batch libero_spatial:9 A20,step real=6/6 37.6 s brain 23.6 s 28 calls 136 rows
756/2080 episodes, 6.48 s/episode, eta 2.38 h
batch libero_spatial:9 A20,step real=4/6 30.0 s brain 16.7 s 28 calls 82 rows
760/2080 episodes, 6.49 s/episode, eta 2.38 h
batch libero_spatial:9 A40,step real=6/6 39.9 s brain 25.8 s 28 calls 153 rows
766/2080 episodes, 6.49 s/episode, eta 2.37 h
batch libero_spatial:9 A40,step real=6/6 39.4 s brain 25.9 s 28 calls 153 rows
772/2080 episodes, 6.49 s/episode, eta 2.36 h
batch libero_spatial:9 A40,step real=6/6 37.7 s brain 23.9 s 28 calls 138 rows
778/2080 episodes, 6.49 s/episode, eta 2.35 h
batch libero_spatial:9 A40,step real=6/6 33.5 s brain 20.3 s 28 calls 108 rows
784/2080 episodes, 6.48 s/episode, eta 2.33 h
batch libero_spatial:9 A40,step real=6/6 39.5 s brain 26.0 s 28 calls 153 rows
790/2080 episodes, 6.48 s/episode, eta 2.32 h
batch libero_spatial:9 A40,step real=6/6 33.1 s brain 19.5 s 28 calls 102 rows
796/2080 episodes, 6.47 s/episode, eta 2.31 h
batch libero_spatial:9 A40,step real=4/6 32.2 s brain 18.4 s 28 calls 96 rows
800/2080 episodes, 6.48 s/episode, eta 2.30 h
[info] using task orders [0, 1, 2, 3, 4, 5, 6, 7, 8, 9]
[info] using task orders [0, 1, 2, 3, 4, 5, 6, 7, 8, 9]
[info] using task orders [0, 1, 2, 3, 4, 5, 6, 7, 8, 9]
[info] using task orders [0, 1, 2, 3, 4, 5, 6, 7, 8, 9]
[info] using task orders [0, 1, 2, 3, 4, 5, 6, 7, 8, 9]
[info] using task orders [0, 1, 2, 3, 4, 5, 6, 7, 8, 9]
[info] using task orders [0, 1, 2, 3, 4, 5, 6, 7, 8, 9]
Local assets not found. Downloading from HuggingFace Hub...Local assets not found. Downloading from HuggingFace Hub...Local assets not found. Downloading from HuggingFace Hub...Local assets not found. Downloading from HuggingFace Hub...



Assets already downloaded at /root/.cache/libero/assetsAssets already downloaded at /root/.cache/libero/assetsAssets already downloaded at /root/.cache/libero/assetsAssets already downloaded at /root/.cache/libero/assets



Local assets not found. Downloading from HuggingFace Hub...Local assets not found. Downloading from HuggingFace Hub...

Assets already downloaded at /root/.cache/libero/assets
Assets already downloaded at /root/.cache/libero/assets
batch libero_object:0 A20,step real=6/6 42.2 s brain 24.1 s 28 calls 140 rows
806/2080 episodes, 6.49 s/episode, eta 2.30 h
batch libero_object:0 A20,step real=6/6 35.2 s brain 24.1 s 28 calls 140 rows
812/2080 episodes, 6.48 s/episode, eta 2.28 h
batch libero_object:0 A20,step real=6/6 37.2 s brain 25.8 s 28 calls 154 rows
818/2080 episodes, 6.48 s/episode, eta 2.27 h
batch libero_object:0 A20,step real=6/6 30.1 s brain 19.2 s 28 calls 99 rows
824/2080 episodes, 6.47 s/episode, eta 2.26 h
batch libero_object:0 A20,step real=6/6 33.6 s brain 22.4 s 28 calls 126 rows
830/2080 episodes, 6.46 s/episode, eta 2.24 h
batch libero_object:0 A20,step real=6/6 29.4 s brain 18.7 s 28 calls 96 rows
836/2080 episodes, 6.45 s/episode, eta 2.23 h
batch libero_object:0 A20,step real=4/6 26.6 s brain 15.7 s 28 calls 72 rows
840/2080 episodes, 6.45 s/episode, eta 2.22 h
batch libero_object:0 A40,step real=6/6 35.0 s brain 24.2 s 28 calls 141 rows
846/2080 episodes, 6.45 s/episode, eta 2.21 h
batch libero_object:0 A40,step real=6/6 35.2 s brain 24.3 s 28 calls 142 rows
852/2080 episodes, 6.45 s/episode, eta 2.20 h
batch libero_object:0 A40,step real=6/6 36.8 s brain 25.9 s 28 calls 154 rows
858/2080 episodes, 6.44 s/episode, eta 2.19 h
batch libero_object:0 A40,step real=6/6 32.3 s brain 21.1 s 28 calls 116 rows
864/2080 episodes, 6.44 s/episode, eta 2.17 h
batch libero_object:0 A40,step real=6/6 30.4 s brain 19.4 s 28 calls 101 rows
870/2080 episodes, 6.43 s/episode, eta 2.16 h
batch libero_object:0 A40,step real=6/6 35.6 s brain 24.5 s 28 calls 142 rows
876/2080 episodes, 6.42 s/episode, eta 2.15 h
batch libero_object:0 A40,step real=4/6 25.9 s brain 15.6 s 28 calls 73 rows
880/2080 episodes, 6.42 s/episode, eta 2.14 h
[info] using task orders [0, 1, 2, 3, 4, 5, 6, 7, 8, 9]
[info] using task orders [0, 1, 2, 3, 4, 5, 6, 7, 8, 9]
[info] using task orders [0, 1, 2, 3, 4, 5, 6, 7, 8, 9]
[info] using task orders [0, 1, 2, 3, 4, 5, 6, 7, 8, 9]
[info] using task orders [0, 1, 2, 3, 4, 5, 6, 7, 8, 9]
[info] using task orders [0, 1, 2, 3, 4, 5, 6, 7, 8, 9]
[info] using task orders [0, 1, 2, 3, 4, 5, 6, 7, 8, 9]
Local assets not found. Downloading from HuggingFace Hub...
Assets already downloaded at /root/.cache/libero/assets
Local assets not found. Downloading from HuggingFace Hub...
Local assets not found. Downloading from HuggingFace Hub...
Assets already downloaded at /root/.cache/libero/assets
Assets already downloaded at /root/.cache/libero/assets
Local assets not found. Downloading from HuggingFace Hub...
Assets already downloaded at /root/.cache/libero/assets
Local assets not found. Downloading from HuggingFace Hub...Local assets not found. Downloading from HuggingFace Hub...

Assets already downloaded at /root/.cache/libero/assetsAssets already downloaded at /root/.cache/libero/assets

batch libero_object:1 A20,step real=6/6 38.3 s brain 20.7 s 28 calls 111 rows
886/2080 episodes, 6.43 s/episode, eta 2.13 h
batch libero_object:1 A20,step real=6/6 31.6 s brain 20.7 s 28 calls 111 rows
892/2080 episodes, 6.42 s/episode, eta 2.12 h
batch libero_object:1 A20,step real=6/6 34.8 s brain 23.8 s 28 calls 138 rows
898/2080 episodes, 6.41 s/episode, eta 2.11 h
batch libero_object:1 A20,step real=6/6 34.8 s brain 23.8 s 28 calls 137 rows
904/2080 episodes, 6.41 s/episode, eta 2.09 h
batch libero_object:1 A20,step real=6/6 28.9 s brain 18.3 s 28 calls 92 rows
910/2080 episodes, 6.40 s/episode, eta 2.08 h
batch libero_object:1 A20,step real=6/6 28.7 s brain 18.0 s 28 calls 91 rows
916/2080 episodes, 6.39 s/episode, eta 2.07 h
batch libero_object:1 A20,step real=4/6 15.4 s brain 9.3 s 13 calls 50 rows
920/2080 episodes, 6.38 s/episode, eta 2.05 h
batch libero_object:1 A40,step real=6/6 34.7 s brain 24.1 s 28 calls 140 rows
926/2080 episodes, 6.37 s/episode, eta 2.04 h
batch libero_object:1 A40,step real=6/6 36.6 s brain 25.7 s 28 calls 152 rows
932/2080 episodes, 6.37 s/episode, eta 2.03 h
batch libero_object:1 A40,step real=6/6 36.3 s brain 25.8 s 28 calls 153 rows
938/2080 episodes, 6.37 s/episode, eta 2.02 h
batch libero_object:1 A40,step real=6/6 36.8 s brain 25.7 s 28 calls 152 rows
944/2080 episodes, 6.37 s/episode, eta 2.01 h
batch libero_object:1 A40,step real=6/6 32.6 s brain 21.8 s 28 calls 121 rows
950/2080 episodes, 6.36 s/episode, eta 2.00 h
batch libero_object:1 A40,step real=6/6 28.6 s brain 18.3 s 28 calls 92 rows
956/2080 episodes, 6.35 s/episode, eta 1.98 h
batch libero_object:1 A40,step real=4/6 27.3 s brain 16.9 s 28 calls 82 rows
960/2080 episodes, 6.35 s/episode, eta 1.98 h
[info] using task orders [0, 1, 2, 3, 4, 5, 6, 7, 8, 9]
[info] using task orders [0, 1, 2, 3, 4, 5, 6, 7, 8, 9]
[info] using task orders [0, 1, 2, 3, 4, 5, 6, 7, 8, 9]
[info] using task orders [0, 1, 2, 3, 4, 5, 6, 7, 8, 9]
[info] using task orders [0, 1, 2, 3, 4, 5, 6, 7, 8, 9]
[info] using task orders [0, 1, 2, 3, 4, 5, 6, 7, 8, 9]
[info] using task orders [0, 1, 2, 3, 4, 5, 6, 7, 8, 9]
Local assets not found. Downloading from HuggingFace Hub...Local assets not found. Downloading from HuggingFace Hub...

Assets already downloaded at /root/.cache/libero/assetsAssets already downloaded at /root/.cache/libero/assets

Local assets not found. Downloading from HuggingFace Hub...
Local assets not found. Downloading from HuggingFace Hub...
Assets already downloaded at /root/.cache/libero/assets
Assets already downloaded at /root/.cache/libero/assets
Local assets not found. Downloading from HuggingFace Hub...Local assets not found. Downloading from HuggingFace Hub...

Assets already downloaded at /root/.cache/libero/assetsAssets already downloaded at /root/.cache/libero/assets

batch libero_object:2 A20,step real=6/6 41.4 s brain 23.8 s 28 calls 137 rows
966/2080 episodes, 6.36 s/episode, eta 1.97 h
batch libero_object:2 A20,step real=6/6 38.8 s brain 27.9 s 28 calls 168 rows
972/2080 episodes, 6.36 s/episode, eta 1.96 h
batch libero_object:2 A20,step real=6/6 36.6 s brain 25.6 s 28 calls 151 rows
978/2080 episodes, 6.36 s/episode, eta 1.95 h
batch libero_object:2 A20,step real=6/6 30.7 s brain 19.8 s 28 calls 104 rows
984/2080 episodes, 6.35 s/episode, eta 1.93 h
batch libero_object:2 A20,step real=6/6 32.5 s brain 21.6 s 28 calls 121 rows
990/2080 episodes, 6.35 s/episode, eta 1.92 h
batch libero_object:2 A20,step real=6/6 32.4 s brain 21.4 s 28 calls 119 rows
996/2080 episodes, 6.34 s/episode, eta 1.91 h
batch libero_object:2 A20,step real=4/6 27.1 s brain 16.7 s 28 calls 80 rows
1000/2080 episodes, 6.34 s/episode, eta 1.90 h
batch libero_object:2 A40,step real=6/6 36.2 s brain 25.6 s 28 calls 152 rows
1006/2080 episodes, 6.34 s/episode, eta 1.89 h
batch libero_object:2 A40,step real=6/6 36.1 s brain 25.6 s 28 calls 152 rows
1012/2080 episodes, 6.34 s/episode, eta 1.88 h
batch libero_object:2 A40,step real=6/6 38.3 s brain 27.8 s 28 calls 168 rows
1018/2080 episodes, 6.34 s/episode, eta 1.87 h
batch libero_object:2 A40,step real=6/6 34.4 s brain 23.6 s 28 calls 137 rows
1024/2080 episodes, 6.33 s/episode, eta 1.86 h
batch libero_object:2 A40,step real=6/6 20.6 s brain 13.3 s 15 calls 77 rows
1030/2080 episodes, 6.32 s/episode, eta 1.84 h
batch libero_object:2 A40,step real=6/6 30.8 s brain 20.0 s 28 calls 105 rows
1036/2080 episodes, 6.31 s/episode, eta 1.83 h
batch libero_object:2 A40,step real=4/6 27.0 s brain 16.6 s 28 calls 80 rows
1040/2080 episodes, 6.31 s/episode, eta 1.82 h
[info] using task orders [0, 1, 2, 3, 4, 5, 6, 7, 8, 9]
[info] using task orders [0, 1, 2, 3, 4, 5, 6, 7, 8, 9]
[info] using task orders [0, 1, 2, 3, 4, 5, 6, 7, 8, 9]
[info] using task orders [0, 1, 2, 3, 4, 5, 6, 7, 8, 9]
[info] using task orders [0, 1, 2, 3, 4, 5, 6, 7, 8, 9]
[info] using task orders [0, 1, 2, 3, 4, 5, 6, 7, 8, 9]
[info] using task orders [0, 1, 2, 3, 4, 5, 6, 7, 8, 9]
Local assets not found. Downloading from HuggingFace Hub...Local assets not found. Downloading from HuggingFace Hub...Local assets not found. Downloading from HuggingFace Hub...Local assets not found. Downloading from HuggingFace Hub...



Assets already downloaded at /root/.cache/libero/assetsAssets already downloaded at /root/.cache/libero/assetsAssets already downloaded at /root/.cache/libero/assetsAssets already downloaded at /root/.cache/libero/assets



Local assets not found. Downloading from HuggingFace Hub...Local assets not found. Downloading from HuggingFace Hub...

Assets already downloaded at /root/.cache/libero/assetsAssets already downloaded at /root/.cache/libero/assets

batch libero_object:3 A20,step real=6/6 43.2 s brain 26.0 s 28 calls 154 rows
1046/2080 episodes, 6.32 s/episode, eta 1.82 h
batch libero_object:3 A20,step real=6/6 36.5 s brain 25.6 s 28 calls 152 rows
1052/2080 episodes, 6.32 s/episode, eta 1.80 h
batch libero_object:3 A20,step real=6/6 38.2 s brain 27.8 s 28 calls 168 rows
1058/2080 episodes, 6.32 s/episode, eta 1.79 h
batch libero_object:3 A20,step real=6/6 36.4 s brain 25.8 s 28 calls 153 rows
1064/2080 episodes, 6.32 s/episode, eta 1.78 h
batch libero_object:3 A20,step real=6/6 34.4 s brain 23.6 s 28 calls 137 rows
1070/2080 episodes, 6.31 s/episode, eta 1.77 h
batch libero_object:3 A20,step real=6/6 34.3 s brain 23.8 s 28 calls 137 rows
1076/2080 episodes, 6.31 s/episode, eta 1.76 h
batch libero_object:3 A20,step real=4/6 27.7 s brain 17.4 s 28 calls 86 rows
1080/2080 episodes, 6.31 s/episode, eta 1.75 h
batch libero_object:3 A40,step real=6/6 38.1 s brain 27.8 s 28 calls 168 rows
1086/2080 episodes, 6.31 s/episode, eta 1.74 h
batch libero_object:3 A40,step real=6/6 36.5 s brain 26.0 s 28 calls 154 rows
1092/2080 episodes, 6.31 s/episode, eta 1.73 h
batch libero_object:3 A40,step real=6/6 38.3 s brain 27.7 s 28 calls 168 rows
1098/2080 episodes, 6.31 s/episode, eta 1.72 h
batch libero_object:3 A40,step real=6/6 34.3 s brain 23.9 s 28 calls 139 rows
1104/2080 episodes, 6.31 s/episode, eta 1.71 h
batch libero_object:3 A40,step real=6/6 36.4 s brain 25.9 s 28 calls 154 rows
1110/2080 episodes, 6.31 s/episode, eta 1.70 h
batch libero_object:3 A40,step real=6/6 34.7 s brain 23.9 s 28 calls 139 rows
1116/2080 episodes, 6.30 s/episode, eta 1.69 h
batch libero_object:3 A40,step real=4/6 28.8 s brain 18.6 s 28 calls 98 rows
1120/2080 episodes, 6.31 s/episode, eta 1.68 h
[info] using task orders [0, 1, 2, 3, 4, 5, 6, 7, 8, 9]
[info] using task orders [0, 1, 2, 3, 4, 5, 6, 7, 8, 9]
[info] using task orders [0, 1, 2, 3, 4, 5, 6, 7, 8, 9]
[info] using task orders [0, 1, 2, 3, 4, 5, 6, 7, 8, 9]
[info] using task orders [0, 1, 2, 3, 4, 5, 6, 7, 8, 9]
[info] using task orders [0, 1, 2, 3, 4, 5, 6, 7, 8, 9]
[info] using task orders [0, 1, 2, 3, 4, 5, 6, 7, 8, 9]
Local assets not found. Downloading from HuggingFace Hub...Local assets not found. Downloading from HuggingFace Hub...Local assets not found. Downloading from HuggingFace Hub...


Local assets not found. Downloading from HuggingFace Hub...
Assets already downloaded at /root/.cache/libero/assetsAssets already downloaded at /root/.cache/libero/assetsAssets already downloaded at /root/.cache/libero/assetsAssets already downloaded at /root/.cache/libero/assets



Local assets not found. Downloading from HuggingFace Hub...
Local assets not found. Downloading from HuggingFace Hub...
Assets already downloaded at /root/.cache/libero/assetsAssets already downloaded at /root/.cache/libero/assets

batch libero_object:4 A20,step real=6/6 42.7 s brain 24.2 s 28 calls 141 rows
1126/2080 episodes, 6.31 s/episode, eta 1.67 h
batch libero_object:4 A20,step real=6/6 36.9 s brain 26.1 s 28 calls 155 rows
1132/2080 episodes, 6.31 s/episode, eta 1.66 h
batch libero_object:4 A20,step real=6/6 36.6 s brain 25.9 s 28 calls 154 rows
1138/2080 episodes, 6.31 s/episode, eta 1.65 h
batch libero_object:4 A20,step real=6/6 33.3 s brain 22.4 s 28 calls 127 rows
1144/2080 episodes, 6.31 s/episode, eta 1.64 h
batch libero_object:4 A20,step real=6/6 31.8 s brain 21.2 s 28 calls 115 rows
1150/2080 episodes, 6.30 s/episode, eta 1.63 h
batch libero_object:4 A20,step real=6/6 31.4 s brain 20.8 s 28 calls 113 rows
1156/2080 episodes, 6.30 s/episode, eta 1.62 h
batch libero_object:4 A20,step real=4/6 27.8 s brain 17.1 s 28 calls 84 rows
1160/2080 episodes, 6.30 s/episode, eta 1.61 h
batch libero_object:4 A40,step real=6/6 34.7 s brain 24.1 s 28 calls 140 rows
1166/2080 episodes, 6.30 s/episode, eta 1.60 h
batch libero_object:4 A40,step real=6/6 34.8 s brain 24.2 s 28 calls 142 rows
1172/2080 episodes, 6.29 s/episode, eta 1.59 h
batch libero_object:4 A40,step real=6/6 36.6 s brain 26.1 s 28 calls 155 rows
1178/2080 episodes, 6.29 s/episode, eta 1.58 h
batch libero_object:4 A40,step real=6/6 33.1 s brain 22.6 s 28 calls 129 rows
1184/2080 episodes, 6.29 s/episode, eta 1.57 h
batch libero_object:4 A40,step real=6/6 33.2 s brain 22.5 s 28 calls 127 rows
1190/2080 episodes, 6.29 s/episode, eta 1.55 h
batch libero_object:4 A40,step real=6/6 31.8 s brain 21.3 s 28 calls 115 rows
1196/2080 episodes, 6.28 s/episode, eta 1.54 h
batch libero_object:4 A40,step real=4/6 27.6 s brain 17.3 s 28 calls 86 rows
1200/2080 episodes, 6.28 s/episode, eta 1.54 h
[info] using task orders [0, 1, 2, 3, 4, 5, 6, 7, 8, 9]
[info] using task orders [0, 1, 2, 3, 4, 5, 6, 7, 8, 9]
[info] using task orders [0, 1, 2, 3, 4, 5, 6, 7, 8, 9]
[info] using task orders [0, 1, 2, 3, 4, 5, 6, 7, 8, 9]
[info] using task orders [0, 1, 2, 3, 4, 5, 6, 7, 8, 9]
[info] using task orders [0, 1, 2, 3, 4, 5, 6, 7, 8, 9]
[info] using task orders [0, 1, 2, 3, 4, 5, 6, 7, 8, 9]
Local assets not found. Downloading from HuggingFace Hub...
Assets already downloaded at /root/.cache/libero/assets
Local assets not found. Downloading from HuggingFace Hub...Local assets not found. Downloading from HuggingFace Hub...

Assets already downloaded at /root/.cache/libero/assetsAssets already downloaded at /root/.cache/libero/assets

Local assets not found. Downloading from HuggingFace Hub...
Assets already downloaded at /root/.cache/libero/assets
Local assets not found. Downloading from HuggingFace Hub...
Assets already downloaded at /root/.cache/libero/assets
Local assets not found. Downloading from HuggingFace Hub...
Assets already downloaded at /root/.cache/libero/assets
batch libero_object:5 A20,step real=6/6 45.1 s brain 26.2 s 28 calls 155 rows
1206/2080 episodes, 6.29 s/episode, eta 1.53 h
batch libero_object:5 A20,step real=6/6 37.0 s brain 25.8 s 28 calls 153 rows
1212/2080 episodes, 6.29 s/episode, eta 1.52 h
batch libero_object:5 A20,step real=6/6 38.8 s brain 27.6 s 28 calls 168 rows
1218/2080 episodes, 6.29 s/episode, eta 1.51 h
batch libero_object:5 A20,step real=6/6 32.2 s brain 20.9 s 28 calls 112 rows
1224/2080 episodes, 6.29 s/episode, eta 1.49 h
batch libero_object:5 A20,step real=6/6 33.5 s brain 22.4 s 28 calls 127 rows
1230/2080 episodes, 6.28 s/episode, eta 1.48 h
batch libero_object:5 A20,step real=6/6 36.5 s brain 25.5 s 28 calls 152 rows
1236/2080 episodes, 6.28 s/episode, eta 1.47 h
batch libero_object:5 A20,step real=4/6 29.4 s brain 18.7 s 28 calls 98 rows
1240/2080 episodes, 6.29 s/episode, eta 1.47 h
batch libero_object:5 A40,step real=6/6 38.7 s brain 27.9 s 28 calls 168 rows
1246/2080 episodes, 6.29 s/episode, eta 1.46 h
batch libero_object:5 A40,step real=6/6 36.9 s brain 25.7 s 28 calls 153 rows
1252/2080 episodes, 6.29 s/episode, eta 1.45 h
batch libero_object:5 A40,step real=6/6 38.5 s brain 27.7 s 28 calls 168 rows
1258/2080 episodes, 6.29 s/episode, eta 1.44 h
batch libero_object:5 A40,step real=6/6 37.1 s brain 26.3 s 28 calls 157 rows
1264/2080 episodes, 6.29 s/episode, eta 1.42 h
batch libero_object:5 A40,step real=6/6 39.7 s brain 27.8 s 28 calls 168 rows
1270/2080 episodes, 6.29 s/episode, eta 1.41 h
batch libero_object:5 A40,step real=6/6 35.0 s brain 23.7 s 28 calls 137 rows
1276/2080 episodes, 6.29 s/episode, eta 1.40 h
batch libero_object:5 A40,step real=4/6 30.0 s brain 18.8 s 28 calls 99 rows
1280/2080 episodes, 6.29 s/episode, eta 1.40 h
[info] using task orders [0, 1, 2, 3, 4, 5, 6, 7, 8, 9]
[info] using task orders [0, 1, 2, 3, 4, 5, 6, 7, 8, 9]
[info] using task orders [0, 1, 2, 3, 4, 5, 6, 7, 8, 9]
[info] using task orders [0, 1, 2, 3, 4, 5, 6, 7, 8, 9]
[info] using task orders [0, 1, 2, 3, 4, 5, 6, 7, 8, 9]
[info] using task orders [0, 1, 2, 3, 4, 5, 6, 7, 8, 9]
[info] using task orders [0, 1, 2, 3, 4, 5, 6, 7, 8, 9]
Local assets not found. Downloading from HuggingFace Hub...Local assets not found. Downloading from HuggingFace Hub...Local assets not found. Downloading from HuggingFace Hub...Local assets not found. Downloading from HuggingFace Hub...



Assets already downloaded at /root/.cache/libero/assetsAssets already downloaded at /root/.cache/libero/assetsAssets already downloaded at /root/.cache/libero/assetsAssets already downloaded at /root/.cache/libero/assets



Local assets not found. Downloading from HuggingFace Hub...Local assets not found. Downloading from HuggingFace Hub...

Assets already downloaded at /root/.cache/libero/assetsAssets already downloaded at /root/.cache/libero/assets

batch libero_object:6 A20,step real=6/6 42.7 s brain 24.5 s 28 calls 144 rows
1286/2080 episodes, 6.29 s/episode, eta 1.39 h
batch libero_object:6 A20,step real=6/6 36.7 s brain 26.0 s 28 calls 155 rows
1292/2080 episodes, 6.29 s/episode, eta 1.38 h
batch libero_object:6 A20,step real=6/6 34.2 s brain 23.4 s 28 calls 134 rows
1298/2080 episodes, 6.29 s/episode, eta 1.37 h
batch libero_object:6 A20,step real=6/6 31.0 s brain 20.1 s 28 calls 106 rows
1304/2080 episodes, 6.29 s/episode, eta 1.35 h
batch libero_object:6 A20,step real=6/6 31.1 s brain 20.5 s 28 calls 108 rows
1310/2080 episodes, 6.28 s/episode, eta 1.34 h
batch libero_object:6 A20,step real=6/6 31.9 s brain 21.0 s 28 calls 115 rows
1316/2080 episodes, 6.28 s/episode, eta 1.33 h
batch libero_object:6 A20,step real=4/6 18.4 s brain 11.4 s 16 calls 61 rows
1320/2080 episodes, 6.27 s/episode, eta 1.32 h
batch libero_object:6 A40,step real=6/6 34.9 s brain 24.2 s 28 calls 141 rows
1326/2080 episodes, 6.27 s/episode, eta 1.31 h
batch libero_object:6 A40,step real=6/6 33.4 s brain 22.9 s 28 calls 129 rows
1332/2080 episodes, 6.27 s/episode, eta 1.30 h
batch libero_object:6 A40,step real=6/6 33.4 s brain 22.9 s 28 calls 130 rows
1338/2080 episodes, 6.26 s/episode, eta 1.29 h
batch libero_object:6 A40,step real=6/6 34.0 s brain 23.3 s 28 calls 134 rows
1344/2080 episodes, 6.26 s/episode, eta 1.28 h
batch libero_object:6 A40,step real=6/6 30.3 s brain 19.7 s 28 calls 104 rows
1350/2080 episodes, 6.26 s/episode, eta 1.27 h
batch libero_object:6 A40,step real=6/6 30.1 s brain 19.7 s 28 calls 103 rows
1356/2080 episodes, 6.25 s/episode, eta 1.26 h
batch libero_object:6 A40,step real=4/6 27.9 s brain 17.4 s 28 calls 87 rows
1360/2080 episodes, 6.25 s/episode, eta 1.25 h
[info] using task orders [0, 1, 2, 3, 4, 5, 6, 7, 8, 9]
[info] using task orders [0, 1, 2, 3, 4, 5, 6, 7, 8, 9]
[info] using task orders [0, 1, 2, 3, 4, 5, 6, 7, 8, 9]
[info] using task orders [0, 1, 2, 3, 4, 5, 6, 7, 8, 9]
[info] using task orders [0, 1, 2, 3, 4, 5, 6, 7, 8, 9]
[info] using task orders [0, 1, 2, 3, 4, 5, 6, 7, 8, 9]
[info] using task orders [0, 1, 2, 3, 4, 5, 6, 7, 8, 9]
Local assets not found. Downloading from HuggingFace Hub...
Assets already downloaded at /root/.cache/libero/assets
Local assets not found. Downloading from HuggingFace Hub...
Local assets not found. Downloading from HuggingFace Hub...
Assets already downloaded at /root/.cache/libero/assets
Assets already downloaded at /root/.cache/libero/assets
Local assets not found. Downloading from HuggingFace Hub...
Assets already downloaded at /root/.cache/libero/assets
Local assets not found. Downloading from HuggingFace Hub...
Assets already downloaded at /root/.cache/libero/assets
Local assets not found. Downloading from HuggingFace Hub...
Assets already downloaded at /root/.cache/libero/assets
batch libero_object:7 A20,step real=6/6 43.6 s brain 25.8 s 28 calls 153 rows
1366/2080 episodes, 6.26 s/episode, eta 1.24 h
batch libero_object:7 A20,step real=6/6 34.3 s brain 24.0 s 28 calls 139 rows
1372/2080 episodes, 6.26 s/episode, eta 1.23 h
batch libero_object:7 A20,step real=6/6 34.5 s brain 23.9 s 28 calls 137 rows
1378/2080 episodes, 6.25 s/episode, eta 1.22 h
batch libero_object:7 A20,step real=6/6 34.7 s brain 24.1 s 28 calls 140 rows
1384/2080 episodes, 6.25 s/episode, eta 1.21 h
batch libero_object:7 A20,step real=6/6 29.2 s brain 18.4 s 28 calls 93 rows
1390/2080 episodes, 6.25 s/episode, eta 1.20 h
batch libero_object:7 A20,step real=6/6 30.0 s brain 19.2 s 28 calls 98 rows
1396/2080 episodes, 6.24 s/episode, eta 1.19 h
batch libero_object:7 A20,step real=4/6 27.3 s brain 16.9 s 28 calls 83 rows
1400/2080 episodes, 6.24 s/episode, eta 1.18 h
batch libero_object:7 A40,step real=6/6 36.8 s brain 25.4 s 28 calls 141 rows
1406/2080 episodes, 6.24 s/episode, eta 1.17 h
batch libero_object:7 A40,step real=6/6 36.9 s brain 26.0 s 28 calls 153 rows
1412/2080 episodes, 6.24 s/episode, eta 1.16 h
batch libero_object:7 A40,step real=6/6 34.5 s brain 23.9 s 28 calls 137 rows
1418/2080 episodes, 6.24 s/episode, eta 1.15 h
batch libero_object:7 A40,step real=6/6 32.5 s brain 22.1 s 28 calls 124 rows
1424/2080 episodes, 6.24 s/episode, eta 1.14 h
batch libero_object:7 A40,step real=6/6 30.8 s brain 20.5 s 28 calls 110 rows
1430/2080 episodes, 6.23 s/episode, eta 1.12 h
batch libero_object:7 A40,step real=6/6 30.4 s brain 20.1 s 28 calls 106 rows
1436/2080 episodes, 6.23 s/episode, eta 1.11 h
batch libero_object:7 A40,step real=4/6 26.8 s brain 16.3 s 28 calls 77 rows
1440/2080 episodes, 6.23 s/episode, eta 1.11 h
[info] using task orders [0, 1, 2, 3, 4, 5, 6, 7, 8, 9]
[info] using task orders [0, 1, 2, 3, 4, 5, 6, 7, 8, 9]
[info] using task orders [0, 1, 2, 3, 4, 5, 6, 7, 8, 9]
[info] using task orders [0, 1, 2, 3, 4, 5, 6, 7, 8, 9]
[info] using task orders [0, 1, 2, 3, 4, 5, 6, 7, 8, 9]
[info] using task orders [0, 1, 2, 3, 4, 5, 6, 7, 8, 9]
[info] using task orders [0, 1, 2, 3, 4, 5, 6, 7, 8, 9]
Local assets not found. Downloading from HuggingFace Hub...
Assets already downloaded at /root/.cache/libero/assets
Local assets not found. Downloading from HuggingFace Hub...
Local assets not found. Downloading from HuggingFace Hub...
Assets already downloaded at /root/.cache/libero/assetsAssets already downloaded at /root/.cache/libero/assets

Local assets not found. Downloading from HuggingFace Hub...
Assets already downloaded at /root/.cache/libero/assets
Local assets not found. Downloading from HuggingFace Hub...
Local assets not found. Downloading from HuggingFace Hub...
Assets already downloaded at /root/.cache/libero/assets
Assets already downloaded at /root/.cache/libero/assets
batch libero_object:8 A20,step real=6/6 39.1 s brain 21.3 s 28 calls 116 rows
1446/2080 episodes, 6.23 s/episode, eta 1.10 h
batch libero_object:8 A20,step real=6/6 31.6 s brain 21.3 s 28 calls 116 rows
1452/2080 episodes, 6.23 s/episode, eta 1.09 h
batch libero_object:8 A20,step real=6/6 30.4 s brain 20.0 s 28 calls 105 rows
1458/2080 episodes, 6.22 s/episode, eta 1.07 h
batch libero_object:8 A20,step real=6/6 30.6 s brain 20.3 s 28 calls 103 rows
1464/2080 episodes, 6.22 s/episode, eta 1.06 h
batch libero_object:8 A20,step real=6/6 30.2 s brain 20.2 s 28 calls 104 rows
1470/2080 episodes, 6.21 s/episode, eta 1.05 h
batch libero_object:8 A20,step real=6/6 31.4 s brain 21.2 s 28 calls 116 rows
1476/2080 episodes, 6.21 s/episode, eta 1.04 h
batch libero_object:8 A20,step real=4/6 25.7 s brain 15.8 s 28 calls 74 rows
1480/2080 episodes, 6.21 s/episode, eta 1.03 h
batch libero_object:8 A40,step real=6/6 32.6 s brain 22.6 s 28 calls 129 rows
1486/2080 episodes, 6.21 s/episode, eta 1.02 h
batch libero_object:8 A40,step real=6/6 33.8 s brain 23.0 s 28 calls 130 rows
1492/2080 episodes, 6.20 s/episode, eta 1.01 h
batch libero_object:8 A40,step real=6/6 37.8 s brain 26.8 s 28 calls 156 rows
1498/2080 episodes, 6.20 s/episode, eta 1.00 h
batch libero_object:8 A40,step real=6/6 31.5 s brain 21.4 s 28 calls 116 rows
1504/2080 episodes, 6.20 s/episode, eta 0.99 h
batch libero_object:8 A40,step real=6/6 31.8 s brain 21.5 s 28 calls 118 rows
1510/2080 episodes, 6.20 s/episode, eta 0.98 h
batch libero_object:8 A40,step real=6/6 30.5 s brain 20.4 s 28 calls 108 rows
1516/2080 episodes, 6.19 s/episode, eta 0.97 h
batch libero_object:8 A40,step real=4/6 26.8 s brain 16.0 s 28 calls 75 rows
1520/2080 episodes, 6.19 s/episode, eta 0.96 h
[info] using task orders [0, 1, 2, 3, 4, 5, 6, 7, 8, 9]
[info] using task orders [0, 1, 2, 3, 4, 5, 6, 7, 8, 9]
[info] using task orders [0, 1, 2, 3, 4, 5, 6, 7, 8, 9]
[info] using task orders [0, 1, 2, 3, 4, 5, 6, 7, 8, 9]
[info] using task orders [0, 1, 2, 3, 4, 5, 6, 7, 8, 9]
[info] using task orders [0, 1, 2, 3, 4, 5, 6, 7, 8, 9]
[info] using task orders [0, 1, 2, 3, 4, 5, 6, 7, 8, 9]
Local assets not found. Downloading from HuggingFace Hub...
Assets already downloaded at /root/.cache/libero/assets
Local assets not found. Downloading from HuggingFace Hub...
Assets already downloaded at /root/.cache/libero/assets
Local assets not found. Downloading from HuggingFace Hub...Local assets not found. Downloading from HuggingFace Hub...
Local assets not found. Downloading from HuggingFace Hub...

Assets already downloaded at /root/.cache/libero/assetsAssets already downloaded at /root/.cache/libero/assetsAssets already downloaded at /root/.cache/libero/assets


Local assets not found. Downloading from HuggingFace Hub...
Assets already downloaded at /root/.cache/libero/assets
batch libero_object:9 A20,step real=6/6 41.7 s brain 24.1 s 28 calls 138 rows
1526/2080 episodes, 6.20 s/episode, eta 0.95 h
batch libero_object:9 A20,step real=6/6 34.5 s brain 24.1 s 28 calls 140 rows
1532/2080 episodes, 6.20 s/episode, eta 0.94 h
batch libero_object:9 A20,step real=6/6 33.9 s brain 23.7 s 28 calls 137 rows
1538/2080 episodes, 6.19 s/episode, eta 0.93 h
batch libero_object:9 A20,step real=6/6 36.2 s brain 25.6 s 28 calls 152 rows
1544/2080 episodes, 6.19 s/episode, eta 0.92 h
batch libero_object:9 A20,step real=6/6 30.8 s brain 20.3 s 28 calls 103 rows
1550/2080 episodes, 6.19 s/episode, eta 0.91 h
batch libero_object:9 A20,step real=6/6 28.3 s brain 17.9 s 28 calls 88 rows
1556/2080 episodes, 6.18 s/episode, eta 0.90 h
batch libero_object:9 A20,step real=4/6 27.0 s brain 16.8 s 28 calls 81 rows
1560/2080 episodes, 6.18 s/episode, eta 0.89 h
batch libero_object:9 A40,step real=6/6 38.3 s brain 27.8 s 28 calls 168 rows
1566/2080 episodes, 6.19 s/episode, eta 0.88 h
batch libero_object:9 A40,step real=6/6 36.4 s brain 25.9 s 28 calls 153 rows
1572/2080 episodes, 6.18 s/episode, eta 0.87 h
batch libero_object:9 A40,step real=6/6 34.3 s brain 23.9 s 28 calls 138 rows
1578/2080 episodes, 6.18 s/episode, eta 0.86 h
batch libero_object:9 A40,step real=6/6 38.2 s brain 27.8 s 28 calls 168 rows
1584/2080 episodes, 6.18 s/episode, eta 0.85 h
batch libero_object:9 A40,step real=6/6 32.7 s brain 22.2 s 28 calls 125 rows
1590/2080 episodes, 6.18 s/episode, eta 0.84 h
batch libero_object:9 A40,step real=6/6 34.7 s brain 24.0 s 28 calls 140 rows
1596/2080 episodes, 6.18 s/episode, eta 0.83 h
batch libero_object:9 A40,step real=4/6 29.1 s brain 18.9 s 28 calls 100 rows
1600/2080 episodes, 6.18 s/episode, eta 0.82 h
[info] using task orders [0, 1, 2, 3, 4, 5, 6, 7, 8, 9]
[info] using task orders [0, 1, 2, 3, 4, 5, 6, 7, 8, 9]
[info] using task orders [0, 1, 2, 3, 4, 5, 6, 7, 8, 9]
[info] using task orders [0, 1, 2, 3, 4, 5, 6, 7, 8, 9]
[info] using task orders [0, 1, 2, 3, 4, 5, 6, 7, 8, 9]
[info] using task orders [0, 1, 2, 3, 4, 5, 6, 7, 8, 9]
[info] using task orders [0, 1, 2, 3, 4, 5, 6, 7, 8, 9]
Local assets not found. Downloading from HuggingFace Hub...
Assets already downloaded at /root/.cache/libero/assets
Local assets not found. Downloading from HuggingFace Hub...Local assets not found. Downloading from HuggingFace Hub...

Local assets not found. Downloading from HuggingFace Hub...
Assets already downloaded at /root/.cache/libero/assetsAssets already downloaded at /root/.cache/libero/assets

Assets already downloaded at /root/.cache/libero/assets
Local assets not found. Downloading from HuggingFace Hub...Local assets not found. Downloading from HuggingFace Hub...

Assets already downloaded at /root/.cache/libero/assetsAssets already downloaded at /root/.cache/libero/assets

batch libero_goal:1 A20,step real=6/6 39.0 s brain 19.7 s 30 calls 95 rows
1606/2080 episodes, 6.18 s/episode, eta 0.81 h
batch libero_goal:1 A20,step real=6/6 34.5 s brain 22.6 s 30 calls 119 rows
1612/2080 episodes, 6.18 s/episode, eta 0.80 h
batch libero_goal:1 A20,step real=6/6 14.9 s brain 9.3 s 10 calls 55 rows
1618/2080 episodes, 6.17 s/episode, eta 0.79 h
batch libero_goal:1 A20,step real=6/6 32.3 s brain 19.5 s 30 calls 96 rows
1624/2080 episodes, 6.17 s/episode, eta 0.78 h
batch libero_goal:1 A20,step real=6/6 28.6 s brain 17.1 s 30 calls 76 rows
1630/2080 episodes, 6.16 s/episode, eta 0.77 h
batch libero_goal:1 A20,step real=6/6 28.3 s brain 16.8 s 30 calls 75 rows
1636/2080 episodes, 6.16 s/episode, eta 0.76 h
batch libero_goal:1 A20,step real=4/6 25.0 s brain 14.2 s 30 calls 56 rows
1640/2080 episodes, 6.16 s/episode, eta 0.75 h
batch libero_goal:1 A40,step real=6/6 35.1 s brain 21.6 s 30 calls 117 rows
1646/2080 episodes, 6.15 s/episode, eta 0.74 h
batch libero_goal:1 A40,step real=6/6 33.5 s brain 21.8 s 30 calls 118 rows
1652/2080 episodes, 6.15 s/episode, eta 0.73 h
batch libero_goal:1 A40,step real=6/6 27.9 s brain 16.7 s 30 calls 75 rows
1658/2080 episodes, 6.15 s/episode, eta 0.72 h
batch libero_goal:1 A40,step real=6/6 31.9 s brain 19.4 s 30 calls 95 rows
1664/2080 episodes, 6.14 s/episode, eta 0.71 h
batch libero_goal:1 A40,step real=6/6 33.7 s brain 21.9 s 30 calls 117 rows
1670/2080 episodes, 6.14 s/episode, eta 0.70 h
batch libero_goal:1 A40,step real=6/6 28.1 s brain 16.8 s 30 calls 75 rows
1676/2080 episodes, 6.14 s/episode, eta 0.69 h
batch libero_goal:1 A40,step real=4/6 28.4 s brain 17.1 s 30 calls 78 rows
1680/2080 episodes, 6.14 s/episode, eta 0.68 h
[info] using task orders [0, 1, 2, 3, 4, 5, 6, 7, 8, 9]
[info] using task orders [0, 1, 2, 3, 4, 5, 6, 7, 8, 9]
[info] using task orders [0, 1, 2, 3, 4, 5, 6, 7, 8, 9]
[info] using task orders [0, 1, 2, 3, 4, 5, 6, 7, 8, 9]
[info] using task orders [0, 1, 2, 3, 4, 5, 6, 7, 8, 9]
[info] using task orders [0, 1, 2, 3, 4, 5, 6, 7, 8, 9]
[info] using task orders [0, 1, 2, 3, 4, 5, 6, 7, 8, 9]
Local assets not found. Downloading from HuggingFace Hub...
Assets already downloaded at /root/.cache/libero/assets
Local assets not found. Downloading from HuggingFace Hub...Local assets not found. Downloading from HuggingFace Hub...

Assets already downloaded at /root/.cache/libero/assets
Assets already downloaded at /root/.cache/libero/assets
Local assets not found. Downloading from HuggingFace Hub...
Assets already downloaded at /root/.cache/libero/assets
Local assets not found. Downloading from HuggingFace Hub...
Local assets not found. Downloading from HuggingFace Hub...
Assets already downloaded at /root/.cache/libero/assets
Assets already downloaded at /root/.cache/libero/assets
batch libero_goal:2 A20,step real=6/6 42.7 s brain 24.6 s 30 calls 138 rows
1686/2080 episodes, 6.14 s/episode, eta 0.67 h
batch libero_goal:2 A20,step real=6/6 31.7 s brain 20.0 s 30 calls 99 rows
1692/2080 episodes, 6.14 s/episode, eta 0.66 h
batch libero_goal:2 A20,step real=6/6 34.1 s brain 22.0 s 30 calls 119 rows
1698/2080 episodes, 6.14 s/episode, eta 0.65 h
batch libero_goal:2 A20,step real=6/6 33.9 s brain 21.9 s 30 calls 118 rows
1704/2080 episodes, 6.14 s/episode, eta 0.64 h
batch libero_goal:2 A20,step real=6/6 33.8 s brain 22.5 s 30 calls 118 rows
1710/2080 episodes, 6.14 s/episode, eta 0.63 h
batch libero_goal:2 A20,step real=6/6 31.8 s brain 19.7 s 30 calls 100 rows
1716/2080 episodes, 6.13 s/episode, eta 0.62 h
batch libero_goal:2 A20,step real=4/6 26.0 s brain 14.6 s 30 calls 60 rows
1720/2080 episodes, 6.13 s/episode, eta 0.61 h
batch libero_goal:2 A40,step real=6/6 36.2 s brain 24.3 s 30 calls 138 rows
1726/2080 episodes, 6.13 s/episode, eta 0.60 h
batch libero_goal:2 A40,step real=6/6 33.7 s brain 21.9 s 30 calls 119 rows
1732/2080 episodes, 6.13 s/episode, eta 0.59 h
batch libero_goal:2 A40,step real=6/6 34.2 s brain 22.1 s 30 calls 120 rows
1738/2080 episodes, 6.13 s/episode, eta 0.58 h
batch libero_goal:2 A40,step real=6/6 28.8 s brain 17.2 s 30 calls 78 rows
1744/2080 episodes, 6.13 s/episode, eta 0.57 h
batch libero_goal:2 A40,step real=6/6 33.4 s brain 21.8 s 30 calls 118 rows
1750/2080 episodes, 6.12 s/episode, eta 0.56 h
batch libero_goal:2 A40,step real=6/6 34.0 s brain 22.0 s 30 calls 120 rows
1756/2080 episodes, 6.12 s/episode, eta 0.55 h
batch libero_goal:2 A40,step real=4/6 26.0 s brain 14.9 s 30 calls 60 rows
1760/2080 episodes, 6.12 s/episode, eta 0.54 h
[info] using task orders [0, 1, 2, 3, 4, 5, 6, 7, 8, 9]
[info] using task orders [0, 1, 2, 3, 4, 5, 6, 7, 8, 9]
[info] using task orders [0, 1, 2, 3, 4, 5, 6, 7, 8, 9]
[info] using task orders [0, 1, 2, 3, 4, 5, 6, 7, 8, 9]
[info] using task orders [0, 1, 2, 3, 4, 5, 6, 7, 8, 9]
[info] using task orders [0, 1, 2, 3, 4, 5, 6, 7, 8, 9]
[info] using task orders [0, 1, 2, 3, 4, 5, 6, 7, 8, 9]
Local assets not found. Downloading from HuggingFace Hub...Local assets not found. Downloading from HuggingFace Hub...Local assets not found. Downloading from HuggingFace Hub...


Assets already downloaded at /root/.cache/libero/assetsAssets already downloaded at /root/.cache/libero/assetsAssets already downloaded at /root/.cache/libero/assets


Local assets not found. Downloading from HuggingFace Hub...
Assets already downloaded at /root/.cache/libero/assets
Local assets not found. Downloading from HuggingFace Hub...Local assets not found. Downloading from HuggingFace Hub...

Assets already downloaded at /root/.cache/libero/assetsAssets already downloaded at /root/.cache/libero/assets

batch libero_goal:4 A20,step real=6/6 40.7 s brain 21.8 s 30 calls 116 rows
1766/2080 episodes, 6.13 s/episode, eta 0.53 h
batch libero_goal:4 A20,step real=6/6 33.3 s brain 21.7 s 30 calls 116 rows
1772/2080 episodes, 6.12 s/episode, eta 0.52 h
batch libero_goal:4 A20,step real=6/6 31.7 s brain 19.2 s 30 calls 96 rows
1778/2080 episodes, 6.12 s/episode, eta 0.51 h
batch libero_goal:4 A20,step real=6/6 31.2 s brain 19.2 s 30 calls 95 rows
1784/2080 episodes, 6.12 s/episode, eta 0.50 h
batch libero_goal:4 A20,step real=6/6 28.6 s brain 16.5 s 30 calls 73 rows
1790/2080 episodes, 6.11 s/episode, eta 0.49 h
batch libero_goal:4 A20,step real=6/6 32.0 s brain 19.0 s 30 calls 94 rows
1796/2080 episodes, 6.11 s/episode, eta 0.48 h
batch libero_goal:4 A20,step real=4/6 25.3 s brain 14.2 s 30 calls 56 rows
1800/2080 episodes, 6.11 s/episode, eta 0.48 h
batch libero_goal:4 A40,step real=6/6 34.1 s brain 22.2 s 30 calls 117 rows
1806/2080 episodes, 6.11 s/episode, eta 0.47 h
batch libero_goal:4 A40,step real=6/6 33.5 s brain 21.6 s 30 calls 114 rows
1812/2080 episodes, 6.11 s/episode, eta 0.45 h
batch libero_goal:4 A40,step real=6/6 31.5 s brain 19.2 s 30 calls 95 rows
1818/2080 episodes, 6.11 s/episode, eta 0.44 h
batch libero_goal:4 A40,step real=6/6 36.7 s brain 24.1 s 30 calls 137 rows
1824/2080 episodes, 6.11 s/episode, eta 0.43 h
batch libero_goal:4 A40,step real=6/6 31.1 s brain 19.3 s 30 calls 95 rows
1830/2080 episodes, 6.10 s/episode, eta 0.42 h
batch libero_goal:4 A40,step real=6/6 34.2 s brain 21.5 s 30 calls 116 rows
1836/2080 episodes, 6.10 s/episode, eta 0.41 h
batch libero_goal:4 A40,step real=4/6 25.3 s brain 14.1 s 30 calls 56 rows
1840/2080 episodes, 6.10 s/episode, eta 0.41 h
[info] using task orders [0, 1, 2, 3, 4, 5, 6, 7, 8, 9]
[info] using task orders [0, 1, 2, 3, 4, 5, 6, 7, 8, 9]
[info] using task orders [0, 1, 2, 3, 4, 5, 6, 7, 8, 9]
[info] using task orders [0, 1, 2, 3, 4, 5, 6, 7, 8, 9]
[info] using task orders [0, 1, 2, 3, 4, 5, 6, 7, 8, 9]
[info] using task orders [0, 1, 2, 3, 4, 5, 6, 7, 8, 9]
[info] using task orders [0, 1, 2, 3, 4, 5, 6, 7, 8, 9]
Local assets not found. Downloading from HuggingFace Hub...Local assets not found. Downloading from HuggingFace Hub...

Assets already downloaded at /root/.cache/libero/assetsAssets already downloaded at /root/.cache/libero/assets

Local assets not found. Downloading from HuggingFace Hub...
Assets already downloaded at /root/.cache/libero/assets
Local assets not found. Downloading from HuggingFace Hub...
Assets already downloaded at /root/.cache/libero/assets
Local assets not found. Downloading from HuggingFace Hub...Local assets not found. Downloading from HuggingFace Hub...

Assets already downloaded at /root/.cache/libero/assetsAssets already downloaded at /root/.cache/libero/assets

batch libero_goal:6 A20,step real=6/6 43.5 s brain 24.4 s 30 calls 137 rows
1846/2080 episodes, 6.11 s/episode, eta 0.40 h
batch libero_goal:6 A20,step real=6/6 39.8 s brain 27.0 s 30 calls 159 rows
1852/2080 episodes, 6.11 s/episode, eta 0.39 h
batch libero_goal:6 A20,step real=6/6 42.6 s brain 29.8 s 30 calls 180 rows
1858/2080 episodes, 6.11 s/episode, eta 0.38 h
batch libero_goal:6 A20,step real=6/6 43.4 s brain 29.8 s 30 calls 180 rows
1864/2080 episodes, 6.12 s/episode, eta 0.37 h
batch libero_goal:6 A20,step real=6/6 36.3 s brain 24.0 s 30 calls 137 rows
1870/2080 episodes, 6.12 s/episode, eta 0.36 h
batch libero_goal:6 A20,step real=6/6 39.9 s brain 26.9 s 30 calls 158 rows
1876/2080 episodes, 6.12 s/episode, eta 0.35 h
batch libero_goal:6 A20,step real=4/6 32.6 s brain 19.6 s 30 calls 102 rows
1880/2080 episodes, 6.12 s/episode, eta 0.34 h
batch libero_goal:6 A40,step real=6/6 36.4 s brain 24.2 s 30 calls 138 rows
1886/2080 episodes, 6.12 s/episode, eta 0.33 h
batch libero_goal:6 A40,step real=6/6 36.3 s brain 24.1 s 30 calls 138 rows
1892/2080 episodes, 6.12 s/episode, eta 0.32 h
batch libero_goal:6 A40,step real=6/6 41.5 s brain 29.6 s 30 calls 180 rows
1898/2080 episodes, 6.12 s/episode, eta 0.31 h
batch libero_goal:6 A40,step real=6/6 36.3 s brain 24.3 s 30 calls 139 rows
1904/2080 episodes, 6.12 s/episode, eta 0.30 h
batch libero_goal:6 A40,step real=6/6 39.1 s brain 26.9 s 30 calls 159 rows
1910/2080 episodes, 6.12 s/episode, eta 0.29 h
batch libero_goal:6 A40,step real=6/6 36.2 s brain 24.0 s 30 calls 137 rows
1916/2080 episodes, 6.12 s/episode, eta 0.28 h
batch libero_goal:6 A40,step real=4/6 31.8 s brain 19.2 s 30 calls 98 rows
1920/2080 episodes, 6.13 s/episode, eta 0.27 h
[info] using task orders [0, 1, 2, 3, 4, 5, 6, 7, 8, 9]
[info] using task orders [0, 1, 2, 3, 4, 5, 6, 7, 8, 9]
[info] using task orders [0, 1, 2, 3, 4, 5, 6, 7, 8, 9]
[info] using task orders [0, 1, 2, 3, 4, 5, 6, 7, 8, 9]
[info] using task orders [0, 1, 2, 3, 4, 5, 6, 7, 8, 9]
[info] using task orders [0, 1, 2, 3, 4, 5, 6, 7, 8, 9]
[info] using task orders [0, 1, 2, 3, 4, 5, 6, 7, 8, 9]
Local assets not found. Downloading from HuggingFace Hub...Local assets not found. Downloading from HuggingFace Hub...

Assets already downloaded at /root/.cache/libero/assetsAssets already downloaded at /root/.cache/libero/assets

Local assets not found. Downloading from HuggingFace Hub...Local assets not found. Downloading from HuggingFace Hub...

Assets already downloaded at /root/.cache/libero/assetsAssets already downloaded at /root/.cache/libero/assets

Local assets not found. Downloading from HuggingFace Hub...Local assets not found. Downloading from HuggingFace Hub...

Assets already downloaded at /root/.cache/libero/assetsAssets already downloaded at /root/.cache/libero/assets

batch libero_goal:8 A20,step real=6/6 39.7 s brain 21.2 s 30 calls 113 rows
1926/2080 episodes, 6.13 s/episode, eta 0.26 h
batch libero_goal:8 A20,step real=6/6 37.5 s brain 24.0 s 30 calls 137 rows
1932/2080 episodes, 6.13 s/episode, eta 0.25 h
batch libero_goal:8 A20,step real=6/6 34.2 s brain 21.2 s 30 calls 114 rows
1938/2080 episodes, 6.13 s/episode, eta 0.24 h
batch libero_goal:8 A20,step real=6/6 27.6 s brain 15.9 s 30 calls 69 rows
1944/2080 episodes, 6.13 s/episode, eta 0.23 h
batch libero_goal:8 A20,step real=6/6 38.4 s brain 24.0 s 30 calls 137 rows
1950/2080 episodes, 6.13 s/episode, eta 0.22 h
batch libero_goal:8 A20,step real=6/6 30.2 s brain 18.8 s 30 calls 92 rows
1956/2080 episodes, 6.12 s/episode, eta 0.21 h
batch libero_goal:8 A20,step real=4/6 28.9 s brain 13.8 s 30 calls 54 rows
1960/2080 episodes, 6.12 s/episode, eta 0.20 h
batch libero_goal:8 A40,step real=6/6 29.2 s brain 18.6 s 30 calls 91 rows
1966/2080 episodes, 6.12 s/episode, eta 0.19 h
batch libero_goal:8 A40,step real=6/6 36.5 s brain 23.9 s 30 calls 136 rows
1972/2080 episodes, 6.12 s/episode, eta 0.18 h
batch libero_goal:8 A40,step real=6/6 36.9 s brain 23.9 s 30 calls 136 rows
1978/2080 episodes, 6.12 s/episode, eta 0.17 h
batch libero_goal:8 A40,step real=6/6 33.2 s brain 21.1 s 30 calls 113 rows
1984/2080 episodes, 6.12 s/episode, eta 0.16 h
batch libero_goal:8 A40,step real=6/6 36.4 s brain 23.9 s 30 calls 136 rows
1990/2080 episodes, 6.12 s/episode, eta 0.15 h
batch libero_goal:8 A40,step real=6/6 38.5 s brain 26.7 s 30 calls 158 rows
1996/2080 episodes, 6.12 s/episode, eta 0.14 h
batch libero_goal:8 A40,step real=4/6 30.9 s brain 16.8 s 30 calls 76 rows
2000/2080 episodes, 6.12 s/episode, eta 0.14 h
[info] using task orders [0, 1, 2, 3, 4, 5, 6, 7, 8, 9]
[info] using task orders [0, 1, 2, 3, 4, 5, 6, 7, 8, 9]
[info] using task orders [0, 1, 2, 3, 4, 5, 6, 7, 8, 9]
[info] using task orders [0, 1, 2, 3, 4, 5, 6, 7, 8, 9]
[info] using task orders [0, 1, 2, 3, 4, 5, 6, 7, 8, 9]
[info] using task orders [0, 1, 2, 3, 4, 5, 6, 7, 8, 9]
[info] using task orders [0, 1, 2, 3, 4, 5, 6, 7, 8, 9]
Local assets not found. Downloading from HuggingFace Hub...Local assets not found. Downloading from HuggingFace Hub...

Local assets not found. Downloading from HuggingFace Hub...
Assets already downloaded at /root/.cache/libero/assetsAssets already downloaded at /root/.cache/libero/assetsAssets already downloaded at /root/.cache/libero/assets


Local assets not found. Downloading from HuggingFace Hub...
Assets already downloaded at /root/.cache/libero/assets
Local assets not found. Downloading from HuggingFace Hub...
Assets already downloaded at /root/.cache/libero/assets
Local assets not found. Downloading from HuggingFace Hub...
Assets already downloaded at /root/.cache/libero/assets
batch libero_goal:9 A20,step real=6/6 43.7 s brain 25.4 s 30 calls 147 rows
2006/2080 episodes, 6.13 s/episode, eta 0.13 h
batch libero_goal:9 A20,step real=6/6 35.2 s brain 23.4 s 30 calls 132 rows
2012/2080 episodes, 6.13 s/episode, eta 0.12 h
batch libero_goal:9 A20,step real=6/6 34.4 s brain 22.3 s 30 calls 121 rows
2018/2080 episodes, 6.13 s/episode, eta 0.11 h
batch libero_goal:9 A20,step real=6/6 37.6 s brain 25.5 s 30 calls 148 rows
2024/2080 episodes, 6.13 s/episode, eta 0.10 h
batch libero_goal:9 A20,step real=6/6 33.8 s brain 21.9 s 30 calls 118 rows
2030/2080 episodes, 6.12 s/episode, eta 0.09 h
batch libero_goal:9 A20,step real=6/6 33.1 s brain 21.3 s 30 calls 113 rows
2036/2080 episodes, 6.12 s/episode, eta 0.07 h
batch libero_goal:9 A20,step real=4/6 29.6 s brain 18.1 s 30 calls 89 rows
2040/2080 episodes, 6.13 s/episode, eta 0.07 h
batch libero_goal:9 A40,step real=6/6 38.0 s brain 25.9 s 30 calls 152 rows
2046/2080 episodes, 6.13 s/episode, eta 0.06 h
batch libero_goal:9 A40,step real=6/6 37.8 s brain 25.9 s 30 calls 151 rows
2052/2080 episodes, 6.13 s/episode, eta 0.05 h
batch libero_goal:9 A40,step real=6/6 37.3 s brain 25.5 s 30 calls 148 rows
2058/2080 episodes, 6.13 s/episode, eta 0.04 h
batch libero_goal:9 A40,step real=6/6 38.1 s brain 25.9 s 30 calls 151 rows
2064/2080 episodes, 6.13 s/episode, eta 0.03 h
batch libero_goal:9 A40,step real=6/6 37.9 s brain 25.9 s 30 calls 152 rows
2070/2080 episodes, 6.13 s/episode, eta 0.02 h
batch libero_goal:9 A40,step real=6/6 35.4 s brain 23.3 s 30 calls 131 rows
2076/2080 episodes, 6.13 s/episode, eta 0.01 h
batch libero_goal:9 A40,step real=4/6 28.3 s brain 16.3 s 30 calls 75 rows
2080/2080 episodes, 6.13 s/episode, eta 0.00 h
[12:21:20] pass 2 skipped: pass 1 exited cleanly, no failed batch
[12:21:20] phase pi, lane p, id 5d (1040 episodes): --brain pi05 --kinds step --cells A20,A40 --methods G@glr --inits 0-19
[12:21:20] pass 1: --brain pi05 --kinds step --cells A20,A40 --methods G@glr --inits 0-19 --precision fp32 --n-envs 6 --kbar 0.1566 --t-ramp 5 --k-p 1.0 --tau-k 0.039517 --out results/c1-e4/pod/grid_pi05.jsonl
[robosuite WARNING] No private macro file found! (__init__.py:7)
WARNING:robosuite_logs:No private macro file found!
[robosuite WARNING] It is recommended to use a private macro file (__init__.py:8)
WARNING:robosuite_logs:It is recommended to use a private macro file
[robosuite WARNING] To setup, run: python /workspace/jit-reflex/venv/lib/python3.12/site-packages/robosuite/scripts/setup_macros.py (__init__.py:9)
WARNING:robosuite_logs:To setup, run: python /workspace/jit-reflex/venv/lib/python3.12/site-packages/robosuite/scripts/setup_macros.py
1040 episodes to run
Fetching 9 files:   0%|          | 0/9 [00:00<?, ?it/s]Fetching 9 files: 100%|██████████| 9/9 [00:00<00:00, 682.93it/s]
The PI05 model is a direct port of the OpenPI implementation. 
This implementation follows the original OpenPI structure for compatibility. 
Original implementation: https://github.com/Physical-Intelligence/openpi
Loading model from: /workspace/.cache/huggingface/hub/models--lerobot--pi05_libero_finetuned_v044/snapshots/8e174154ef5f6c60a8da12ae99c303d8963138c1
✓ Loaded state dict from model.safetensors
WARNING:root:Vision embedding key might need handling: model.paligemma_with_expert.paligemma.model.vision_tower.vision_model.embeddings.patch_embedding.bias
WARNING:root:Vision embedding key might need handling: model.paligemma_with_expert.paligemma.model.vision_tower.vision_model.embeddings.patch_embedding.weight
All keys loaded successfully!
[info] using task orders [0, 1, 2, 3, 4, 5, 6, 7, 8, 9]
/usr/lib/python3.12/multiprocessing/popen_fork.py:66: DeprecationWarning: This process (pid=179411) is multi-threaded, use of fork() may lead to deadlocks in the child.
  self.pid = os.fork()
[info] using task orders [0, 1, 2, 3, 4, 5, 6, 7, 8, 9]
[info] using task orders [0, 1, 2, 3, 4, 5, 6, 7, 8, 9]
[info] using task orders [0, 1, 2, 3, 4, 5, 6, 7, 8, 9]
[info] using task orders [0, 1, 2, 3, 4, 5, 6, 7, 8, 9]
[info] using task orders [0, 1, 2, 3, 4, 5, 6, 7, 8, 9]
[info] using task orders [0, 1, 2, 3, 4, 5, 6, 7, 8, 9]
Local assets not found. Downloading from HuggingFace Hub...Local assets not found. Downloading from HuggingFace Hub...

Local assets not found. Downloading from HuggingFace Hub...Local assets not found. Downloading from HuggingFace Hub...

Assets already downloaded at /root/.cache/libero/assetsAssets already downloaded at /root/.cache/libero/assets

Assets already downloaded at /root/.cache/libero/assetsAssets already downloaded at /root/.cache/libero/assets

Local assets not found. Downloading from HuggingFace Hub...Local assets not found. Downloading from HuggingFace Hub...

Assets already downloaded at /root/.cache/libero/assetsAssets already downloaded at /root/.cache/libero/assets

batch libero_spatial:0 A20,step real=6/6 47.6 s brain 20.5 s 28 calls 108 rows
6/1040 episodes, 8.08 s/episode, eta 2.32 h
batch libero_spatial:0 A20,step real=6/6 31.0 s brain 17.7 s 28 calls 88 rows
12/1040 episodes, 6.63 s/episode, eta 1.89 h
batch libero_spatial:0 A20,step real=6/6 38.9 s brain 22.8 s 28 calls 129 rows
18/1040 episodes, 6.58 s/episode, eta 1.87 h
batch libero_spatial:0 A20,step real=2/6 24.2 s brain 11.4 s 28 calls 37 rows
20/1040 episodes, 7.13 s/episode, eta 2.02 h
batch libero_spatial:0 A40,step real=6/6 39.9 s brain 25.1 s 28 calls 148 rows
26/1040 episodes, 7.02 s/episode, eta 1.98 h
batch libero_spatial:0 A40,step real=6/6 31.2 s brain 17.7 s 28 calls 87 rows
32/1040 episodes, 6.68 s/episode, eta 1.87 h
batch libero_spatial:0 A40,step real=6/6 37.1 s brain 22.8 s 28 calls 131 rows
38/1040 episodes, 6.60 s/episode, eta 1.84 h
batch libero_spatial:0 A40,step real=2/6 23.9 s brain 11.4 s 28 calls 36 rows
40/1040 episodes, 6.87 s/episode, eta 1.91 h
[info] using task orders [0, 1, 2, 3, 4, 5, 6, 7, 8, 9]
[info] using task orders [0, 1, 2, 3, 4, 5, 6, 7, 8, 9]
[info] using task orders [0, 1, 2, 3, 4, 5, 6, 7, 8, 9]
[info] using task orders [0, 1, 2, 3, 4, 5, 6, 7, 8, 9]
[info] using task orders [0, 1, 2, 3, 4, 5, 6, 7, 8, 9]
[info] using task orders [0, 1, 2, 3, 4, 5, 6, 7, 8, 9]
[info] using task orders [0, 1, 2, 3, 4, 5, 6, 7, 8, 9]
Local assets not found. Downloading from HuggingFace Hub...
Assets already downloaded at /root/.cache/libero/assets
Local assets not found. Downloading from HuggingFace Hub...
Assets already downloaded at /root/.cache/libero/assets
Local assets not found. Downloading from HuggingFace Hub...
Assets already downloaded at /root/.cache/libero/assets
Local assets not found. Downloading from HuggingFace Hub...
Local assets not found. Downloading from HuggingFace Hub...
Assets already downloaded at /root/.cache/libero/assets
Assets already downloaded at /root/.cache/libero/assets
Local assets not found. Downloading from HuggingFace Hub...
Assets already downloaded at /root/.cache/libero/assets
batch libero_spatial:1 A20,step real=6/6 38.1 s brain 17.7 s 28 calls 84 rows
46/1040 episodes, 6.85 s/episode, eta 1.89 h
batch libero_spatial:1 A20,step real=6/6 35.1 s brain 21.2 s 28 calls 117 rows
52/1040 episodes, 6.73 s/episode, eta 1.85 h
batch libero_spatial:1 A20,step real=6/6 37.5 s brain 23.6 s 28 calls 137 rows
58/1040 episodes, 6.68 s/episode, eta 1.82 h
batch libero_spatial:1 A20,step real=2/6 25.9 s brain 13.9 s 28 calls 56 rows
60/1040 episodes, 6.89 s/episode, eta 1.88 h
batch libero_spatial:1 A40,step real=6/6 37.0 s brain 23.2 s 28 calls 134 rows
66/1040 episodes, 6.83 s/episode, eta 1.85 h
batch libero_spatial:1 A40,step real=6/6 39.8 s brain 25.4 s 28 calls 151 rows
72/1040 episodes, 6.81 s/episode, eta 1.83 h
batch libero_spatial:1 A40,step real=6/6 34.9 s brain 21.2 s 28 calls 118 rows
78/1040 episodes, 6.73 s/episode, eta 1.80 h
batch libero_spatial:1 A40,step real=2/6 23.6 s brain 11.7 s 28 calls 39 rows
80/1040 episodes, 6.86 s/episode, eta 1.83 h
[info] using task orders [0, 1, 2, 3, 4, 5, 6, 7, 8, 9]
[info] using task orders [0, 1, 2, 3, 4, 5, 6, 7, 8, 9]
[info] using task orders [0, 1, 2, 3, 4, 5, 6, 7, 8, 9]
[info] using task orders [0, 1, 2, 3, 4, 5, 6, 7, 8, 9]
[info] using task orders [0, 1, 2, 3, 4, 5, 6, 7, 8, 9]
[info] using task orders [0, 1, 2, 3, 4, 5, 6, 7, 8, 9]
[info] using task orders [0, 1, 2, 3, 4, 5, 6, 7, 8, 9]
Local assets not found. Downloading from HuggingFace Hub...Local assets not found. Downloading from HuggingFace Hub...Local assets not found. Downloading from HuggingFace Hub...Local assets not found. Downloading from HuggingFace Hub...



Assets already downloaded at /root/.cache/libero/assetsAssets already downloaded at /root/.cache/libero/assetsAssets already downloaded at /root/.cache/libero/assetsAssets already downloaded at /root/.cache/libero/assets



Local assets not found. Downloading from HuggingFace Hub...Local assets not found. Downloading from HuggingFace Hub...

Assets already downloaded at /root/.cache/libero/assetsAssets already downloaded at /root/.cache/libero/assets

batch libero_spatial:2 A20,step real=6/6 40.4 s brain 19.0 s 28 calls 95 rows
86/1040 episodes, 6.88 s/episode, eta 1.82 h
batch libero_spatial:2 A20,step real=6/6 32.0 s brain 18.8 s 28 calls 96 rows
92/1040 episodes, 6.78 s/episode, eta 1.78 h
batch libero_spatial:2 A20,step real=6/6 36.9 s brain 23.2 s 28 calls 132 rows
98/1040 episodes, 6.74 s/episode, eta 1.76 h
batch libero_spatial:2 A20,step real=2/6 27.4 s brain 13.9 s 28 calls 56 rows
100/1040 episodes, 6.88 s/episode, eta 1.80 h
batch libero_spatial:2 A40,step real=6/6 33.7 s brain 20.8 s 28 calls 114 rows
106/1040 episodes, 6.81 s/episode, eta 1.77 h
batch libero_spatial:2 A40,step real=6/6 34.2 s brain 20.6 s 28 calls 113 rows
112/1040 episodes, 6.75 s/episode, eta 1.74 h
batch libero_spatial:2 A40,step real=6/6 33.7 s brain 20.6 s 28 calls 113 rows
118/1040 episodes, 6.69 s/episode, eta 1.71 h
batch libero_spatial:2 A40,step real=2/6 27.0 s brain 13.9 s 28 calls 56 rows
120/1040 episodes, 6.80 s/episode, eta 1.74 h
[info] using task orders [0, 1, 2, 3, 4, 5, 6, 7, 8, 9]
[info] using task orders [0, 1, 2, 3, 4, 5, 6, 7, 8, 9]
[info] using task orders [0, 1, 2, 3, 4, 5, 6, 7, 8, 9]
[info] using task orders [0, 1, 2, 3, 4, 5, 6, 7, 8, 9]
[info] using task orders [0, 1, 2, 3, 4, 5, 6, 7, 8, 9]
[info] using task orders [0, 1, 2, 3, 4, 5, 6, 7, 8, 9]
[info] using task orders [0, 1, 2, 3, 4, 5, 6, 7, 8, 9]
Local assets not found. Downloading from HuggingFace Hub...Local assets not found. Downloading from HuggingFace Hub...

Assets already downloaded at /root/.cache/libero/assetsAssets already downloaded at /root/.cache/libero/assets

Local assets not found. Downloading from HuggingFace Hub...
Assets already downloaded at /root/.cache/libero/assets
Local assets not found. Downloading from HuggingFace Hub...
Assets already downloaded at /root/.cache/libero/assets
Local assets not found. Downloading from HuggingFace Hub...
Local assets not found. Downloading from HuggingFace Hub...
Assets already downloaded at /root/.cache/libero/assets
Assets already downloaded at /root/.cache/libero/assets
batch libero_spatial:3 A20,step real=6/6 39.2 s brain 18.7 s 28 calls 93 rows
126/1040 episodes, 6.81 s/episode, eta 1.73 h
batch libero_spatial:3 A20,step real=6/6 32.1 s brain 18.2 s 28 calls 92 rows
132/1040 episodes, 6.74 s/episode, eta 1.70 h
batch libero_spatial:3 A20,step real=6/6 33.5 s brain 20.5 s 28 calls 111 rows
138/1040 episodes, 6.69 s/episode, eta 1.68 h
batch libero_spatial:3 A20,step real=2/6 10.3 s brain 4.5 s 9 calls 18 rows
140/1040 episodes, 6.67 s/episode, eta 1.67 h
batch libero_spatial:3 A40,step real=6/6 33.9 s brain 20.3 s 28 calls 111 rows
146/1040 episodes, 6.63 s/episode, eta 1.65 h
batch libero_spatial:3 A40,step real=6/6 36.9 s brain 23.0 s 28 calls 131 rows
152/1040 episodes, 6.61 s/episode, eta 1.63 h
batch libero_spatial:3 A40,step real=6/6 38.7 s brain 25.3 s 28 calls 149 rows
158/1040 episodes, 6.60 s/episode, eta 1.62 h
batch libero_spatial:3 A40,step real=2/6 24.0 s brain 11.5 s 28 calls 37 rows
160/1040 episodes, 6.67 s/episode, eta 1.63 h
[info] using task orders [0, 1, 2, 3, 4, 5, 6, 7, 8, 9]
[info] using task orders [0, 1, 2, 3, 4, 5, 6, 7, 8, 9]
[info] using task orders [0, 1, 2, 3, 4, 5, 6, 7, 8, 9]
[info] using task orders [0, 1, 2, 3, 4, 5, 6, 7, 8, 9]
[info] using task orders [0, 1, 2, 3, 4, 5, 6, 7, 8, 9]
[info] using task orders [0, 1, 2, 3, 4, 5, 6, 7, 8, 9]
[info] using task orders [0, 1, 2, 3, 4, 5, 6, 7, 8, 9]
Local assets not found. Downloading from HuggingFace Hub...Local assets not found. Downloading from HuggingFace Hub...Local assets not found. Downloading from HuggingFace Hub...Local assets not found. Downloading from HuggingFace Hub...Local assets not found. Downloading from HuggingFace Hub...Local assets not found. Downloading from HuggingFace Hub...





Assets already downloaded at /root/.cache/libero/assetsAssets already downloaded at /root/.cache/libero/assetsAssets already downloaded at /root/.cache/libero/assetsAssets already downloaded at /root/.cache/libero/assetsAssets already downloaded at /root/.cache/libero/assetsAssets already downloaded at /root/.cache/libero/assets





batch libero_spatial:4 A20,step real=6/6 44.7 s brain 24.0 s 28 calls 138 rows
166/1040 episodes, 6.71 s/episode, eta 1.63 h
batch libero_spatial:4 A20,step real=6/6 33.4 s brain 20.1 s 28 calls 107 rows
172/1040 episodes, 6.67 s/episode, eta 1.61 h
batch libero_spatial:4 A20,step real=6/6 38.2 s brain 23.7 s 28 calls 136 rows
178/1040 episodes, 6.66 s/episode, eta 1.59 h
batch libero_spatial:4 A20,step real=2/6 27.9 s brain 13.7 s 28 calls 56 rows
180/1040 episodes, 6.74 s/episode, eta 1.61 h
batch libero_spatial:4 A40,step real=6/6 34.6 s brain 20.9 s 28 calls 112 rows
186/1040 episodes, 6.71 s/episode, eta 1.59 h
batch libero_spatial:4 A40,step real=6/6 38.4 s brain 24.3 s 28 calls 142 rows
192/1040 episodes, 6.70 s/episode, eta 1.58 h
batch libero_spatial:4 A40,step real=6/6 38.1 s brain 23.9 s 28 calls 139 rows
198/1040 episodes, 6.69 s/episode, eta 1.56 h
batch libero_spatial:4 A40,step real=2/6 24.9 s brain 12.2 s 28 calls 42 rows
200/1040 episodes, 6.75 s/episode, eta 1.57 h
[info] using task orders [0, 1, 2, 3, 4, 5, 6, 7, 8, 9]
[info] using task orders [0, 1, 2, 3, 4, 5, 6, 7, 8, 9]
[info] using task orders [0, 1, 2, 3, 4, 5, 6, 7, 8, 9]
[info] using task orders [0, 1, 2, 3, 4, 5, 6, 7, 8, 9]
[info] using task orders [0, 1, 2, 3, 4, 5, 6, 7, 8, 9]
[info] using task orders [0, 1, 2, 3, 4, 5, 6, 7, 8, 9]
[info] using task orders [0, 1, 2, 3, 4, 5, 6, 7, 8, 9]
Local assets not found. Downloading from HuggingFace Hub...Local assets not found. Downloading from HuggingFace Hub...Local assets not found. Downloading from HuggingFace Hub...Local assets not found. Downloading from HuggingFace Hub...



Assets already downloaded at /root/.cache/libero/assetsAssets already downloaded at /root/.cache/libero/assetsAssets already downloaded at /root/.cache/libero/assetsAssets already downloaded at /root/.cache/libero/assets



Local assets not found. Downloading from HuggingFace Hub...
Assets already downloaded at /root/.cache/libero/assets
Local assets not found. Downloading from HuggingFace Hub...
Assets already downloaded at /root/.cache/libero/assets
batch libero_spatial:5 A20,step real=6/6 49.1 s brain 27.6 s 28 calls 165 rows
206/1040 episodes, 6.80 s/episode, eta 1.58 h
batch libero_spatial:5 A20,step real=6/6 41.7 s brain 27.7 s 28 calls 168 rows
212/1040 episodes, 6.80 s/episode, eta 1.56 h
batch libero_spatial:5 A20,step real=6/6 38.8 s brain 24.4 s 28 calls 143 rows
218/1040 episodes, 6.79 s/episode, eta 1.55 h
batch libero_spatial:5 A20,step real=2/6 27.7 s brain 13.9 s 28 calls 56 rows
220/1040 episodes, 6.86 s/episode, eta 1.56 h
batch libero_spatial:5 A40,step real=6/6 41.8 s brain 27.7 s 28 calls 168 rows
226/1040 episodes, 6.86 s/episode, eta 1.55 h
batch libero_spatial:5 A40,step real=6/6 41.8 s brain 27.7 s 28 calls 168 rows
232/1040 episodes, 6.86 s/episode, eta 1.54 h
batch libero_spatial:5 A40,step real=6/6 39.3 s brain 25.4 s 28 calls 150 rows
238/1040 episodes, 6.86 s/episode, eta 1.53 h
batch libero_spatial:5 A40,step real=2/6 27.1 s brain 14.0 s 28 calls 56 rows
240/1040 episodes, 6.91 s/episode, eta 1.54 h
[info] using task orders [0, 1, 2, 3, 4, 5, 6, 7, 8, 9]
[info] using task orders [0, 1, 2, 3, 4, 5, 6, 7, 8, 9]
[info] using task orders [0, 1, 2, 3, 4, 5, 6, 7, 8, 9]
[info] using task orders [0, 1, 2, 3, 4, 5, 6, 7, 8, 9]
[info] using task orders [0, 1, 2, 3, 4, 5, 6, 7, 8, 9]
[info] using task orders [0, 1, 2, 3, 4, 5, 6, 7, 8, 9]
[info] using task orders [0, 1, 2, 3, 4, 5, 6, 7, 8, 9]
Local assets not found. Downloading from HuggingFace Hub...Local assets not found. Downloading from HuggingFace Hub...

Assets already downloaded at /root/.cache/libero/assetsAssets already downloaded at /root/.cache/libero/assets

Local assets not found. Downloading from HuggingFace Hub...
Local assets not found. Downloading from HuggingFace Hub...Local assets not found. Downloading from HuggingFace Hub...Local assets not found. Downloading from HuggingFace Hub...


Assets already downloaded at /root/.cache/libero/assetsAssets already downloaded at /root/.cache/libero/assets

Assets already downloaded at /root/.cache/libero/assetsAssets already downloaded at /root/.cache/libero/assets

batch libero_spatial:6 A20,step real=6/6 45.1 s brain 23.4 s 28 calls 134 rows
246/1040 episodes, 6.94 s/episode, eta 1.53 h
batch libero_spatial:6 A20,step real=6/6 35.4 s brain 21.6 s 28 calls 119 rows
252/1040 episodes, 6.91 s/episode, eta 1.51 h
batch libero_spatial:6 A20,step real=6/6 39.8 s brain 25.8 s 28 calls 151 rows
258/1040 episodes, 6.91 s/episode, eta 1.50 h
batch libero_spatial:6 A20,step real=2/6 24.4 s brain 11.8 s 28 calls 39 rows
260/1040 episodes, 6.95 s/episode, eta 1.50 h
batch libero_spatial:6 A40,step real=6/6 37.0 s brain 23.2 s 28 calls 134 rows
266/1040 episodes, 6.93 s/episode, eta 1.49 h
batch libero_spatial:6 A40,step real=6/6 40.1 s brain 25.7 s 28 calls 151 rows
272/1040 episodes, 6.92 s/episode, eta 1.48 h
batch libero_spatial:6 A40,step real=6/6 39.2 s brain 25.8 s 28 calls 152 rows
278/1040 episodes, 6.91 s/episode, eta 1.46 h
batch libero_spatial:6 A40,step real=2/6 26.2 s brain 14.1 s 28 calls 56 rows
280/1040 episodes, 6.96 s/episode, eta 1.47 h
[info] using task orders [0, 1, 2, 3, 4, 5, 6, 7, 8, 9]
[info] using task orders [0, 1, 2, 3, 4, 5, 6, 7, 8, 9]
[info] using task orders [0, 1, 2, 3, 4, 5, 6, 7, 8, 9]
[info] using task orders [0, 1, 2, 3, 4, 5, 6, 7, 8, 9]
[info] using task orders [0, 1, 2, 3, 4, 5, 6, 7, 8, 9]
[info] using task orders [0, 1, 2, 3, 4, 5, 6, 7, 8, 9]
[info] using task orders [0, 1, 2, 3, 4, 5, 6, 7, 8, 9]
Local assets not found. Downloading from HuggingFace Hub...
Local assets not found. Downloading from HuggingFace Hub...
Assets already downloaded at /root/.cache/libero/assets
Assets already downloaded at /root/.cache/libero/assets
Local assets not found. Downloading from HuggingFace Hub...
Assets already downloaded at /root/.cache/libero/assets
Local assets not found. Downloading from HuggingFace Hub...
Assets already downloaded at /root/.cache/libero/assets
Local assets not found. Downloading from HuggingFace Hub...
Assets already downloaded at /root/.cache/libero/assets
Local assets not found. Downloading from HuggingFace Hub...
Assets already downloaded at /root/.cache/libero/assets
batch libero_spatial:7 A20,step real=6/6 42.6 s brain 22.5 s 28 calls 120 rows
286/1040 episodes, 6.97 s/episode, eta 1.46 h
batch libero_spatial:7 A20,step real=6/6 33.8 s brain 20.1 s 28 calls 106 rows
292/1040 episodes, 6.94 s/episode, eta 1.44 h
batch libero_spatial:7 A20,step real=6/6 33.6 s brain 19.2 s 28 calls 100 rows
298/1040 episodes, 6.92 s/episode, eta 1.43 h
batch libero_spatial:7 A20,step real=2/6 27.0 s brain 13.8 s 28 calls 56 rows
300/1040 episodes, 6.96 s/episode, eta 1.43 h
batch libero_spatial:7 A40,step real=6/6 41.0 s brain 26.3 s 28 calls 156 rows
306/1040 episodes, 6.96 s/episode, eta 1.42 h
batch libero_spatial:7 A40,step real=6/6 37.4 s brain 23.8 s 28 calls 138 rows
312/1040 episodes, 6.94 s/episode, eta 1.40 h
batch libero_spatial:7 A40,step real=6/6 41.9 s brain 27.8 s 28 calls 168 rows
318/1040 episodes, 6.94 s/episode, eta 1.39 h
batch libero_spatial:7 A40,step real=2/6 26.0 s brain 13.9 s 28 calls 56 rows
320/1040 episodes, 6.98 s/episode, eta 1.40 h
[info] using task orders [0, 1, 2, 3, 4, 5, 6, 7, 8, 9]
[info] using task orders [0, 1, 2, 3, 4, 5, 6, 7, 8, 9]
[info] using task orders [0, 1, 2, 3, 4, 5, 6, 7, 8, 9]
[info] using task orders [0, 1, 2, 3, 4, 5, 6, 7, 8, 9]
[info] using task orders [0, 1, 2, 3, 4, 5, 6, 7, 8, 9]
[info] using task orders [0, 1, 2, 3, 4, 5, 6, 7, 8, 9]
[info] using task orders [0, 1, 2, 3, 4, 5, 6, 7, 8, 9]
Local assets not found. Downloading from HuggingFace Hub...Local assets not found. Downloading from HuggingFace Hub...

Assets already downloaded at /root/.cache/libero/assetsAssets already downloaded at /root/.cache/libero/assets

Local assets not found. Downloading from HuggingFace Hub...
Local assets not found. Downloading from HuggingFace Hub...
Assets already downloaded at /root/.cache/libero/assets
Assets already downloaded at /root/.cache/libero/assets
Local assets not found. Downloading from HuggingFace Hub...Local assets not found. Downloading from HuggingFace Hub...

Assets already downloaded at /root/.cache/libero/assets
Assets already downloaded at /root/.cache/libero/assets
batch libero_spatial:8 A20,step real=6/6 42.0 s brain 18.7 s 28 calls 95 rows
326/1040 episodes, 6.99 s/episode, eta 1.39 h
batch libero_spatial:8 A20,step real=6/6 40.1 s brain 25.6 s 28 calls 150 rows
332/1040 episodes, 6.98 s/episode, eta 1.37 h
batch libero_spatial:8 A20,step real=6/6 43.2 s brain 28.0 s 28 calls 168 rows
338/1040 episodes, 6.99 s/episode, eta 1.36 h
batch libero_spatial:8 A20,step real=2/6 25.6 s brain 13.6 s 28 calls 56 rows
340/1040 episodes, 7.02 s/episode, eta 1.37 h
batch libero_spatial:8 A40,step real=6/6 38.2 s brain 23.0 s 28 calls 132 rows
346/1040 episodes, 7.01 s/episode, eta 1.35 h
batch libero_spatial:8 A40,step real=6/6 37.3 s brain 23.1 s 28 calls 133 rows
352/1040 episodes, 7.00 s/episode, eta 1.34 h
batch libero_spatial:8 A40,step real=6/6 37.4 s brain 22.9 s 28 calls 131 rows
358/1040 episodes, 6.98 s/episode, eta 1.32 h
batch libero_spatial:8 A40,step real=2/6 26.4 s brain 13.9 s 28 calls 56 rows
360/1040 episodes, 7.02 s/episode, eta 1.33 h
[info] using task orders [0, 1, 2, 3, 4, 5, 6, 7, 8, 9]
[info] using task orders [0, 1, 2, 3, 4, 5, 6, 7, 8, 9]
[info] using task orders [0, 1, 2, 3, 4, 5, 6, 7, 8, 9]
[info] using task orders [0, 1, 2, 3, 4, 5, 6, 7, 8, 9]
[info] using task orders [0, 1, 2, 3, 4, 5, 6, 7, 8, 9]
[info] using task orders [0, 1, 2, 3, 4, 5, 6, 7, 8, 9]
[info] using task orders [0, 1, 2, 3, 4, 5, 6, 7, 8, 9]
Local assets not found. Downloading from HuggingFace Hub...Local assets not found. Downloading from HuggingFace Hub...Local assets not found. Downloading from HuggingFace Hub...Local assets not found. Downloading from HuggingFace Hub...



Assets already downloaded at /root/.cache/libero/assetsAssets already downloaded at /root/.cache/libero/assetsAssets already downloaded at /root/.cache/libero/assetsAssets already downloaded at /root/.cache/libero/assets



Local assets not found. Downloading from HuggingFace Hub...Local assets not found. Downloading from HuggingFace Hub...

Assets already downloaded at /root/.cache/libero/assetsAssets already downloaded at /root/.cache/libero/assets

batch libero_spatial:9 A20,step real=6/6 45.2 s brain 23.6 s 28 calls 136 rows
366/1040 episodes, 7.03 s/episode, eta 1.32 h
batch libero_spatial:9 A20,step real=6/6 33.8 s brain 20.2 s 28 calls 107 rows
372/1040 episodes, 7.01 s/episode, eta 1.30 h
batch libero_spatial:9 A20,step real=6/6 37.6 s brain 23.4 s 28 calls 135 rows
378/1040 episodes, 7.00 s/episode, eta 1.29 h
batch libero_spatial:9 A20,step real=2/6 26.2 s brain 13.7 s 28 calls 56 rows
380/1040 episodes, 7.03 s/episode, eta 1.29 h
batch libero_spatial:9 A40,step real=6/6 37.0 s brain 23.7 s 28 calls 137 rows
386/1040 episodes, 7.02 s/episode, eta 1.27 h
batch libero_spatial:9 A40,step real=6/6 39.2 s brain 25.8 s 28 calls 153 rows
392/1040 episodes, 7.01 s/episode, eta 1.26 h
batch libero_spatial:9 A40,step real=6/6 40.1 s brain 26.0 s 28 calls 153 rows
398/1040 episodes, 7.00 s/episode, eta 1.25 h
batch libero_spatial:9 A40,step real=2/6 24.7 s brain 12.2 s 28 calls 41 rows
400/1040 episodes, 7.03 s/episode, eta 1.25 h
[info] using task orders [0, 1, 2, 3, 4, 5, 6, 7, 8, 9]
[info] using task orders [0, 1, 2, 3, 4, 5, 6, 7, 8, 9]
[info] using task orders [0, 1, 2, 3, 4, 5, 6, 7, 8, 9]
[info] using task orders [0, 1, 2, 3, 4, 5, 6, 7, 8, 9]
[info] using task orders [0, 1, 2, 3, 4, 5, 6, 7, 8, 9]
[info] using task orders [0, 1, 2, 3, 4, 5, 6, 7, 8, 9]
[info] using task orders [0, 1, 2, 3, 4, 5, 6, 7, 8, 9]
Local assets not found. Downloading from HuggingFace Hub...Local assets not found. Downloading from HuggingFace Hub...

Assets already downloaded at /root/.cache/libero/assetsAssets already downloaded at /root/.cache/libero/assets

Local assets not found. Downloading from HuggingFace Hub...
Assets already downloaded at /root/.cache/libero/assets
Local assets not found. Downloading from HuggingFace Hub...
Assets already downloaded at /root/.cache/libero/assets
Local assets not found. Downloading from HuggingFace Hub...
Local assets not found. Downloading from HuggingFace Hub...
Assets already downloaded at /root/.cache/libero/assets
Assets already downloaded at /root/.cache/libero/assets
batch libero_object:0 A20,step real=6/6 40.3 s brain 22.5 s 28 calls 127 rows
406/1040 episodes, 7.03 s/episode, eta 1.24 h
batch libero_object:0 A20,step real=6/6 30.1 s brain 19.1 s 28 calls 98 rows
412/1040 episodes, 7.00 s/episode, eta 1.22 h
batch libero_object:0 A20,step real=6/6 33.8 s brain 22.4 s 28 calls 127 rows
418/1040 episodes, 6.98 s/episode, eta 1.21 h
batch libero_object:0 A20,step real=2/6 13.7 s brain 7.0 s 14 calls 28 rows
420/1040 episodes, 6.98 s/episode, eta 1.20 h
batch libero_object:0 A40,step real=6/6 34.1 s brain 22.7 s 28 calls 128 rows
426/1040 episodes, 6.96 s/episode, eta 1.19 h
batch libero_object:0 A40,step real=6/6 31.0 s brain 19.7 s 28 calls 102 rows
432/1040 episodes, 6.94 s/episode, eta 1.17 h
batch libero_object:0 A40,step real=6/6 37.3 s brain 26.0 s 28 calls 154 rows
438/1040 episodes, 6.93 s/episode, eta 1.16 h
batch libero_object:0 A40,step real=2/6 22.7 s brain 12.2 s 28 calls 42 rows
440/1040 episodes, 6.95 s/episode, eta 1.16 h
[info] using task orders [0, 1, 2, 3, 4, 5, 6, 7, 8, 9]
[info] using task orders [0, 1, 2, 3, 4, 5, 6, 7, 8, 9]
[info] using task orders [0, 1, 2, 3, 4, 5, 6, 7, 8, 9]
[info] using task orders [0, 1, 2, 3, 4, 5, 6, 7, 8, 9]
[info] using task orders [0, 1, 2, 3, 4, 5, 6, 7, 8, 9]
[info] using task orders [0, 1, 2, 3, 4, 5, 6, 7, 8, 9]
[info] using task orders [0, 1, 2, 3, 4, 5, 6, 7, 8, 9]
Local assets not found. Downloading from HuggingFace Hub...
Assets already downloaded at /root/.cache/libero/assets
Local assets not found. Downloading from HuggingFace Hub...
Assets already downloaded at /root/.cache/libero/assets
Local assets not found. Downloading from HuggingFace Hub...
Assets already downloaded at /root/.cache/libero/assets
Local assets not found. Downloading from HuggingFace Hub...
Assets already downloaded at /root/.cache/libero/assets
Local assets not found. Downloading from HuggingFace Hub...
Assets already downloaded at /root/.cache/libero/assetsLocal assets not found. Downloading from HuggingFace Hub...

Assets already downloaded at /root/.cache/libero/assets
batch libero_object:1 A20,step real=6/6 40.2 s brain 21.9 s 28 calls 122 rows
446/1040 episodes, 6.95 s/episode, eta 1.15 h
batch libero_object:1 A20,step real=6/6 29.4 s brain 18.5 s 28 calls 93 rows
452/1040 episodes, 6.92 s/episode, eta 1.13 h
batch libero_object:1 A20,step real=6/6 29.1 s brain 18.6 s 28 calls 93 rows
458/1040 episodes, 6.90 s/episode, eta 1.11 h
batch libero_object:1 A20,step real=2/6 12.3 s brain 6.5 s 13 calls 26 rows
460/1040 episodes, 6.89 s/episode, eta 1.11 h
batch libero_object:1 A40,step real=6/6 36.7 s brain 25.9 s 28 calls 153 rows
466/1040 episodes, 6.88 s/episode, eta 1.10 h
batch libero_object:1 A40,step real=6/6 36.6 s brain 26.1 s 28 calls 152 rows
472/1040 episodes, 6.87 s/episode, eta 1.08 h
batch libero_object:1 A40,step real=6/6 38.0 s brain 26.6 s 28 calls 153 rows
478/1040 episodes, 6.87 s/episode, eta 1.07 h
batch libero_object:1 A40,step real=2/6 21.9 s brain 12.2 s 28 calls 41 rows
480/1040 episodes, 6.88 s/episode, eta 1.07 h
[info] using task orders [0, 1, 2, 3, 4, 5, 6, 7, 8, 9]
[info] using task orders [0, 1, 2, 3, 4, 5, 6, 7, 8, 9]
[info] using task orders [0, 1, 2, 3, 4, 5, 6, 7, 8, 9]
[info] using task orders [0, 1, 2, 3, 4, 5, 6, 7, 8, 9]
[info] using task orders [0, 1, 2, 3, 4, 5, 6, 7, 8, 9]
[info] using task orders [0, 1, 2, 3, 4, 5, 6, 7, 8, 9]
[info] using task orders [0, 1, 2, 3, 4, 5, 6, 7, 8, 9]
Local assets not found. Downloading from HuggingFace Hub...Local assets not found. Downloading from HuggingFace Hub...Local assets not found. Downloading from HuggingFace Hub...Local assets not found. Downloading from HuggingFace Hub...



Assets already downloaded at /root/.cache/libero/assetsAssets already downloaded at /root/.cache/libero/assetsAssets already downloaded at /root/.cache/libero/assetsAssets already downloaded at /root/.cache/libero/assets



Local assets not found. Downloading from HuggingFace Hub...
Assets already downloaded at /root/.cache/libero/assets
Local assets not found. Downloading from HuggingFace Hub...
Assets already downloaded at /root/.cache/libero/assets
batch libero_object:2 A20,step real=6/6 39.6 s brain 22.0 s 28 calls 121 rows
486/1040 episodes, 6.88 s/episode, eta 1.06 h
batch libero_object:2 A20,step real=6/6 32.2 s brain 21.5 s 28 calls 119 rows
492/1040 episodes, 6.86 s/episode, eta 1.04 h
batch libero_object:2 A20,step real=6/6 31.8 s brain 21.6 s 28 calls 119 rows
498/1040 episodes, 6.85 s/episode, eta 1.03 h
batch libero_object:2 A20,step real=2/6 21.9 s brain 12.0 s 28 calls 40 rows
500/1040 episodes, 6.86 s/episode, eta 1.03 h
batch libero_object:2 A40,step real=6/6 34.5 s brain 24.0 s 28 calls 139 rows
506/1040 episodes, 6.85 s/episode, eta 1.02 h
batch libero_object:2 A40,step real=6/6 31.0 s brain 20.0 s 28 calls 105 rows
512/1040 episodes, 6.83 s/episode, eta 1.00 h
batch libero_object:2 A40,step real=6/6 30.2 s brain 20.1 s 28 calls 105 rows
518/1040 episodes, 6.81 s/episode, eta 0.99 h
batch libero_object:2 A40,step real=2/6 23.2 s brain 13.9 s 28 calls 56 rows
520/1040 episodes, 6.83 s/episode, eta 0.99 h
[info] using task orders [0, 1, 2, 3, 4, 5, 6, 7, 8, 9]
[info] using task orders [0, 1, 2, 3, 4, 5, 6, 7, 8, 9]
[info] using task orders [0, 1, 2, 3, 4, 5, 6, 7, 8, 9]
[info] using task orders [0, 1, 2, 3, 4, 5, 6, 7, 8, 9]
[info] using task orders [0, 1, 2, 3, 4, 5, 6, 7, 8, 9]
[info] using task orders [0, 1, 2, 3, 4, 5, 6, 7, 8, 9]
[info] using task orders [0, 1, 2, 3, 4, 5, 6, 7, 8, 9]
Local assets not found. Downloading from HuggingFace Hub...Local assets not found. Downloading from HuggingFace Hub...Local assets not found. Downloading from HuggingFace Hub...Local assets not found. Downloading from HuggingFace Hub...Local assets not found. Downloading from HuggingFace Hub...




Assets already downloaded at /root/.cache/libero/assetsAssets already downloaded at /root/.cache/libero/assetsAssets already downloaded at /root/.cache/libero/assetsAssets already downloaded at /root/.cache/libero/assetsAssets already downloaded at /root/.cache/libero/assets




Local assets not found. Downloading from HuggingFace Hub...
Assets already downloaded at /root/.cache/libero/assets
batch libero_object:3 A20,step real=6/6 44.3 s brain 26.2 s 28 calls 155 rows
526/1040 episodes, 6.84 s/episode, eta 0.98 h
batch libero_object:3 A20,step real=6/6 32.9 s brain 22.2 s 28 calls 121 rows
532/1040 episodes, 6.82 s/episode, eta 0.96 h
batch libero_object:3 A20,step real=6/6 37.3 s brain 26.4 s 28 calls 153 rows
538/1040 episodes, 6.81 s/episode, eta 0.95 h
batch libero_object:3 A20,step real=2/6 24.2 s brain 13.1 s 28 calls 42 rows
540/1040 episodes, 6.83 s/episode, eta 0.95 h
batch libero_object:3 A40,step real=6/6 37.5 s brain 26.6 s 28 calls 153 rows
546/1040 episodes, 6.83 s/episode, eta 0.94 h
batch libero_object:3 A40,step real=6/6 36.7 s brain 26.1 s 28 calls 154 rows
552/1040 episodes, 6.82 s/episode, eta 0.92 h
batch libero_object:3 A40,step real=6/6 36.6 s brain 26.0 s 28 calls 153 rows
558/1040 episodes, 6.81 s/episode, eta 0.91 h
batch libero_object:3 A40,step real=2/6 22.3 s brain 12.5 s 28 calls 42 rows
560/1040 episodes, 6.83 s/episode, eta 0.91 h
[info] using task orders [0, 1, 2, 3, 4, 5, 6, 7, 8, 9]
[info] using task orders [0, 1, 2, 3, 4, 5, 6, 7, 8, 9]
[info] using task orders [0, 1, 2, 3, 4, 5, 6, 7, 8, 9]
[info] using task orders [0, 1, 2, 3, 4, 5, 6, 7, 8, 9]
[info] using task orders [0, 1, 2, 3, 4, 5, 6, 7, 8, 9]
[info] using task orders [0, 1, 2, 3, 4, 5, 6, 7, 8, 9]
[info] using task orders [0, 1, 2, 3, 4, 5, 6, 7, 8, 9]
Local assets not found. Downloading from HuggingFace Hub...Local assets not found. Downloading from HuggingFace Hub...

Assets already downloaded at /root/.cache/libero/assetsAssets already downloaded at /root/.cache/libero/assets

Local assets not found. Downloading from HuggingFace Hub...
Assets already downloaded at /root/.cache/libero/assets
Local assets not found. Downloading from HuggingFace Hub...
Assets already downloaded at /root/.cache/libero/assets
Local assets not found. Downloading from HuggingFace Hub...Local assets not found. Downloading from HuggingFace Hub...

Assets already downloaded at /root/.cache/libero/assetsAssets already downloaded at /root/.cache/libero/assets

batch libero_object:4 A20,step real=6/6 38.9 s brain 21.6 s 28 calls 115 rows
566/1040 episodes, 6.83 s/episode, eta 0.90 h
batch libero_object:4 A20,step real=6/6 34.6 s brain 24.4 s 28 calls 141 rows
572/1040 episodes, 6.82 s/episode, eta 0.89 h
batch libero_object:4 A20,step real=6/6 32.6 s brain 22.4 s 28 calls 126 rows
578/1040 episodes, 6.80 s/episode, eta 0.87 h
batch libero_object:4 A20,step real=2/6 21.8 s brain 12.3 s 28 calls 43 rows
580/1040 episodes, 6.82 s/episode, eta 0.87 h
batch libero_object:4 A40,step real=6/6 31.3 s brain 21.1 s 28 calls 114 rows
586/1040 episodes, 6.80 s/episode, eta 0.86 h
batch libero_object:4 A40,step real=6/6 35.2 s brain 24.6 s 28 calls 141 rows
592/1040 episodes, 6.79 s/episode, eta 0.85 h
batch libero_object:4 A40,step real=6/6 35.9 s brain 25.5 s 28 calls 142 rows
598/1040 episodes, 6.78 s/episode, eta 0.83 h
batch libero_object:4 A40,step real=2/6 22.0 s brain 12.3 s 28 calls 42 rows
600/1040 episodes, 6.80 s/episode, eta 0.83 h
[info] using task orders [0, 1, 2, 3, 4, 5, 6, 7, 8, 9]
[info] using task orders [0, 1, 2, 3, 4, 5, 6, 7, 8, 9]
[info] using task orders [0, 1, 2, 3, 4, 5, 6, 7, 8, 9]
[info] using task orders [0, 1, 2, 3, 4, 5, 6, 7, 8, 9]
[info] using task orders [0, 1, 2, 3, 4, 5, 6, 7, 8, 9]
[info] using task orders [0, 1, 2, 3, 4, 5, 6, 7, 8, 9]
[info] using task orders [0, 1, 2, 3, 4, 5, 6, 7, 8, 9]
Local assets not found. Downloading from HuggingFace Hub...Local assets not found. Downloading from HuggingFace Hub...

Assets already downloaded at /root/.cache/libero/assetsAssets already downloaded at /root/.cache/libero/assets

Local assets not found. Downloading from HuggingFace Hub...
Assets already downloaded at /root/.cache/libero/assets
Local assets not found. Downloading from HuggingFace Hub...
Local assets not found. Downloading from HuggingFace Hub...
Assets already downloaded at /root/.cache/libero/assets
Assets already downloaded at /root/.cache/libero/assets
Local assets not found. Downloading from HuggingFace Hub...
Assets already downloaded at /root/.cache/libero/assets
batch libero_object:5 A20,step real=6/6 44.6 s brain 26.1 s 28 calls 154 rows
606/1040 episodes, 6.81 s/episode, eta 0.82 h
batch libero_object:5 A20,step real=6/6 32.7 s brain 22.1 s 28 calls 123 rows
612/1040 episodes, 6.79 s/episode, eta 0.81 h
batch libero_object:5 A20,step real=6/6 37.5 s brain 26.5 s 28 calls 157 rows
618/1040 episodes, 6.79 s/episode, eta 0.80 h
batch libero_object:5 A20,step real=2/6 23.4 s brain 14.0 s 28 calls 56 rows
620/1040 episodes, 6.80 s/episode, eta 0.79 h
batch libero_object:5 A40,step real=6/6 36.8 s brain 26.2 s 28 calls 155 rows
626/1040 episodes, 6.80 s/episode, eta 0.78 h
batch libero_object:5 A40,step real=6/6 37.6 s brain 26.4 s 28 calls 157 rows
632/1040 episodes, 6.79 s/episode, eta 0.77 h
batch libero_object:5 A40,step real=6/6 39.4 s brain 27.9 s 28 calls 168 rows
638/1040 episodes, 6.79 s/episode, eta 0.76 h
batch libero_object:5 A40,step real=2/6 21.8 s brain 12.0 s 28 calls 41 rows
640/1040 episodes, 6.80 s/episode, eta 0.76 h
[info] using task orders [0, 1, 2, 3, 4, 5, 6, 7, 8, 9]
[info] using task orders [0, 1, 2, 3, 4, 5, 6, 7, 8, 9]
[info] using task orders [0, 1, 2, 3, 4, 5, 6, 7, 8, 9]
[info] using task orders [0, 1, 2, 3, 4, 5, 6, 7, 8, 9]
[info] using task orders [0, 1, 2, 3, 4, 5, 6, 7, 8, 9]
[info] using task orders [0, 1, 2, 3, 4, 5, 6, 7, 8, 9]
[info] using task orders [0, 1, 2, 3, 4, 5, 6, 7, 8, 9]
Local assets not found. Downloading from HuggingFace Hub...Local assets not found. Downloading from HuggingFace Hub...

Assets already downloaded at /root/.cache/libero/assetsAssets already downloaded at /root/.cache/libero/assets

Local assets not found. Downloading from HuggingFace Hub...Local assets not found. Downloading from HuggingFace Hub...

Assets already downloaded at /root/.cache/libero/assetsAssets already downloaded at /root/.cache/libero/assets

Local assets not found. Downloading from HuggingFace Hub...
Local assets not found. Downloading from HuggingFace Hub...
Assets already downloaded at /root/.cache/libero/assetsAssets already downloaded at /root/.cache/libero/assets

batch libero_object:6 A20,step real=6/6 40.1 s brain 21.8 s 28 calls 119 rows
646/1040 episodes, 6.81 s/episode, eta 0.74 h
batch libero_object:6 A20,step real=6/6 32.7 s brain 22.0 s 28 calls 120 rows
652/1040 episodes, 6.79 s/episode, eta 0.73 h
batch libero_object:6 A20,step real=6/6 32.0 s brain 21.6 s 28 calls 117 rows
658/1040 episodes, 6.78 s/episode, eta 0.72 h
batch libero_object:6 A20,step real=2/6 14.0 s brain 7.6 s 15 calls 30 rows
660/1040 episodes, 6.78 s/episode, eta 0.72 h
batch libero_object:6 A40,step real=6/6 34.5 s brain 23.7 s 28 calls 129 rows
666/1040 episodes, 6.77 s/episode, eta 0.70 h
batch libero_object:6 A40,step real=6/6 31.3 s brain 20.4 s 28 calls 105 rows
672/1040 episodes, 6.76 s/episode, eta 0.69 h
batch libero_object:6 A40,step real=6/6 32.5 s brain 21.8 s 28 calls 117 rows
678/1040 episodes, 6.75 s/episode, eta 0.68 h
batch libero_object:6 A40,step real=2/6 22.8 s brain 12.7 s 28 calls 45 rows
680/1040 episodes, 6.76 s/episode, eta 0.68 h
[info] using task orders [0, 1, 2, 3, 4, 5, 6, 7, 8, 9]
[info] using task orders [0, 1, 2, 3, 4, 5, 6, 7, 8, 9]
[info] using task orders [0, 1, 2, 3, 4, 5, 6, 7, 8, 9]
[info] using task orders [0, 1, 2, 3, 4, 5, 6, 7, 8, 9]
[info] using task orders [0, 1, 2, 3, 4, 5, 6, 7, 8, 9]
[info] using task orders [0, 1, 2, 3, 4, 5, 6, 7, 8, 9]
[info] using task orders [0, 1, 2, 3, 4, 5, 6, 7, 8, 9]
Local assets not found. Downloading from HuggingFace Hub...Local assets not found. Downloading from HuggingFace Hub...

Assets already downloaded at /root/.cache/libero/assetsAssets already downloaded at /root/.cache/libero/assets

Local assets not found. Downloading from HuggingFace Hub...Local assets not found. Downloading from HuggingFace Hub...

Local assets not found. Downloading from HuggingFace Hub...
Assets already downloaded at /root/.cache/libero/assetsAssets already downloaded at /root/.cache/libero/assets

Local assets not found. Downloading from HuggingFace Hub...
Assets already downloaded at /root/.cache/libero/assets
Assets already downloaded at /root/.cache/libero/assets
batch libero_object:7 A20,step real=6/6 44.4 s brain 22.2 s 28 calls 123 rows
686/1040 episodes, 6.77 s/episode, eta 0.67 h
batch libero_object:7 A20,step real=6/6 32.0 s brain 21.0 s 28 calls 111 rows
692/1040 episodes, 6.76 s/episode, eta 0.65 h
batch libero_object:7 A20,step real=6/6 31.8 s brain 20.9 s 28 calls 110 rows
698/1040 episodes, 6.74 s/episode, eta 0.64 h
batch libero_object:7 A20,step real=2/6 22.2 s brain 12.3 s 28 calls 42 rows
700/1040 episodes, 6.76 s/episode, eta 0.64 h
batch libero_object:7 A40,step real=6/6 33.6 s brain 21.3 s 28 calls 112 rows
706/1040 episodes, 6.75 s/episode, eta 0.63 h
batch libero_object:7 A40,step real=6/6 34.8 s brain 24.0 s 28 calls 138 rows
712/1040 episodes, 6.74 s/episode, eta 0.61 h
batch libero_object:7 A40,step real=6/6 31.5 s brain 20.5 s 28 calls 108 rows
718/1040 episodes, 6.73 s/episode, eta 0.60 h
batch libero_object:7 A40,step real=2/6 12.5 s brain 6.7 s 13 calls 26 rows
720/1040 episodes, 6.72 s/episode, eta 0.60 h
[info] using task orders [0, 1, 2, 3, 4, 5, 6, 7, 8, 9]
[info] using task orders [0, 1, 2, 3, 4, 5, 6, 7, 8, 9]
[info] using task orders [0, 1, 2, 3, 4, 5, 6, 7, 8, 9]
[info] using task orders [0, 1, 2, 3, 4, 5, 6, 7, 8, 9]
[info] using task orders [0, 1, 2, 3, 4, 5, 6, 7, 8, 9]
[info] using task orders [0, 1, 2, 3, 4, 5, 6, 7, 8, 9]
[info] using task orders [0, 1, 2, 3, 4, 5, 6, 7, 8, 9]
Local assets not found. Downloading from HuggingFace Hub...Local assets not found. Downloading from HuggingFace Hub...

Assets already downloaded at /root/.cache/libero/assetsAssets already downloaded at /root/.cache/libero/assets

Local assets not found. Downloading from HuggingFace Hub...Local assets not found. Downloading from HuggingFace Hub...

Assets already downloaded at /root/.cache/libero/assetsAssets already downloaded at /root/.cache/libero/assets

Local assets not found. Downloading from HuggingFace Hub...
Assets already downloaded at /root/.cache/libero/assets
Local assets not found. Downloading from HuggingFace Hub...
Assets already downloaded at /root/.cache/libero/assets
batch libero_object:8 A20,step real=6/6 39.6 s brain 21.6 s 28 calls 117 rows
726/1040 episodes, 6.73 s/episode, eta 0.59 h
batch libero_object:8 A20,step real=6/6 30.4 s brain 20.1 s 28 calls 104 rows
732/1040 episodes, 6.71 s/episode, eta 0.57 h
batch libero_object:8 A20,step real=6/6 31.7 s brain 21.7 s 28 calls 117 rows
738/1040 episodes, 6.70 s/episode, eta 0.56 h
batch libero_object:8 A20,step real=2/6 21.9 s brain 12.7 s 28 calls 44 rows
740/1040 episodes, 6.71 s/episode, eta 0.56 h
batch libero_object:8 A40,step real=6/6 30.8 s brain 20.3 s 28 calls 105 rows
746/1040 episodes, 6.70 s/episode, eta 0.55 h
batch libero_object:8 A40,step real=6/6 32.5 s brain 21.9 s 28 calls 118 rows
752/1040 episodes, 6.69 s/episode, eta 0.54 h
batch libero_object:8 A40,step real=6/6 33.1 s brain 22.3 s 28 calls 122 rows
758/1040 episodes, 6.68 s/episode, eta 0.52 h
batch libero_object:8 A40,step real=2/6 22.1 s brain 12.3 s 28 calls 44 rows
760/1040 episodes, 6.69 s/episode, eta 0.52 h
[info] using task orders [0, 1, 2, 3, 4, 5, 6, 7, 8, 9]
[info] using task orders [0, 1, 2, 3, 4, 5, 6, 7, 8, 9]
[info] using task orders [0, 1, 2, 3, 4, 5, 6, 7, 8, 9]
[info] using task orders [0, 1, 2, 3, 4, 5, 6, 7, 8, 9]
[info] using task orders [0, 1, 2, 3, 4, 5, 6, 7, 8, 9]
[info] using task orders [0, 1, 2, 3, 4, 5, 6, 7, 8, 9]
[info] using task orders [0, 1, 2, 3, 4, 5, 6, 7, 8, 9]
Local assets not found. Downloading from HuggingFace Hub...
Local assets not found. Downloading from HuggingFace Hub...
Assets already downloaded at /root/.cache/libero/assets
Local assets not found. Downloading from HuggingFace Hub...Local assets not found. Downloading from HuggingFace Hub...

Assets already downloaded at /root/.cache/libero/assets
Local assets not found. Downloading from HuggingFace Hub...Local assets not found. Downloading from HuggingFace Hub...

Assets already downloaded at /root/.cache/libero/assetsAssets already downloaded at /root/.cache/libero/assets

Assets already downloaded at /root/.cache/libero/assetsAssets already downloaded at /root/.cache/libero/assets

batch libero_object:9 A20,step real=6/6 38.8 s brain 21.1 s 28 calls 115 rows
766/1040 episodes, 6.69 s/episode, eta 0.51 h
batch libero_object:9 A20,step real=6/6 34.6 s brain 23.7 s 28 calls 136 rows
772/1040 episodes, 6.69 s/episode, eta 0.50 h
batch libero_object:9 A20,step real=6/6 30.8 s brain 20.0 s 28 calls 105 rows
778/1040 episodes, 6.67 s/episode, eta 0.49 h
batch libero_object:9 A20,step real=2/6 23.5 s brain 13.8 s 28 calls 56 rows
780/1040 episodes, 6.69 s/episode, eta 0.48 h
batch libero_object:9 A40,step real=6/6 36.4 s brain 25.9 s 28 calls 153 rows
786/1040 episodes, 6.68 s/episode, eta 0.47 h
batch libero_object:9 A40,step real=6/6 35.2 s brain 24.4 s 28 calls 142 rows
792/1040 episodes, 6.68 s/episode, eta 0.46 h
batch libero_object:9 A40,step real=6/6 33.0 s brain 22.4 s 28 calls 126 rows
798/1040 episodes, 6.67 s/episode, eta 0.45 h
batch libero_object:9 A40,step real=2/6 23.6 s brain 13.7 s 28 calls 56 rows
800/1040 episodes, 6.68 s/episode, eta 0.45 h
[info] using task orders [0, 1, 2, 3, 4, 5, 6, 7, 8, 9]
[info] using task orders [0, 1, 2, 3, 4, 5, 6, 7, 8, 9]
[info] using task orders [0, 1, 2, 3, 4, 5, 6, 7, 8, 9]
[info] using task orders [0, 1, 2, 3, 4, 5, 6, 7, 8, 9]
[info] using task orders [0, 1, 2, 3, 4, 5, 6, 7, 8, 9]
[info] using task orders [0, 1, 2, 3, 4, 5, 6, 7, 8, 9]
[info] using task orders [0, 1, 2, 3, 4, 5, 6, 7, 8, 9]
Local assets not found. Downloading from HuggingFace Hub...Local assets not found. Downloading from HuggingFace Hub...

Assets already downloaded at /root/.cache/libero/assetsAssets already downloaded at /root/.cache/libero/assets

Local assets not found. Downloading from HuggingFace Hub...Local assets not found. Downloading from HuggingFace Hub...

Assets already downloaded at /root/.cache/libero/assetsAssets already downloaded at /root/.cache/libero/assets

Local assets not found. Downloading from HuggingFace Hub...Local assets not found. Downloading from HuggingFace Hub...

Assets already downloaded at /root/.cache/libero/assetsAssets already downloaded at /root/.cache/libero/assets

batch libero_goal:1 A20,step real=6/6 36.5 s brain 17.0 s 30 calls 75 rows
806/1040 episodes, 6.68 s/episode, eta 0.43 h
batch libero_goal:1 A20,step real=6/6 31.3 s brain 19.9 s 30 calls 98 rows
812/1040 episodes, 6.67 s/episode, eta 0.42 h
batch libero_goal:1 A20,step real=6/6 28.7 s brain 17.5 s 30 calls 76 rows
818/1040 episodes, 6.65 s/episode, eta 0.41 h
batch libero_goal:1 A20,step real=2/6 23.9 s brain 12.7 s 30 calls 39 rows
820/1040 episodes, 6.67 s/episode, eta 0.41 h
batch libero_goal:1 A40,step real=6/6 32.5 s brain 19.4 s 30 calls 96 rows
826/1040 episodes, 6.66 s/episode, eta 0.40 h
batch libero_goal:1 A40,step real=6/6 32.0 s brain 19.7 s 30 calls 98 rows
832/1040 episodes, 6.65 s/episode, eta 0.38 h
batch libero_goal:1 A40,step real=6/6 28.3 s brain 17.1 s 30 calls 74 rows
838/1040 episodes, 6.63 s/episode, eta 0.37 h
batch libero_goal:1 A40,step real=2/6 9.1 s brain 4.4 s 9 calls 18 rows
840/1040 episodes, 6.63 s/episode, eta 0.37 h
[info] using task orders [0, 1, 2, 3, 4, 5, 6, 7, 8, 9]
[info] using task orders [0, 1, 2, 3, 4, 5, 6, 7, 8, 9]
[info] using task orders [0, 1, 2, 3, 4, 5, 6, 7, 8, 9]
[info] using task orders [0, 1, 2, 3, 4, 5, 6, 7, 8, 9]
[info] using task orders [0, 1, 2, 3, 4, 5, 6, 7, 8, 9]
[info] using task orders [0, 1, 2, 3, 4, 5, 6, 7, 8, 9]
[info] using task orders [0, 1, 2, 3, 4, 5, 6, 7, 8, 9]
Local assets not found. Downloading from HuggingFace Hub...
Local assets not found. Downloading from HuggingFace Hub...
Assets already downloaded at /root/.cache/libero/assets
Assets already downloaded at /root/.cache/libero/assets
Local assets not found. Downloading from HuggingFace Hub...
Local assets not found. Downloading from HuggingFace Hub...
Assets already downloaded at /root/.cache/libero/assets
Assets already downloaded at /root/.cache/libero/assets
Local assets not found. Downloading from HuggingFace Hub...
Assets already downloaded at /root/.cache/libero/assets
Local assets not found. Downloading from HuggingFace Hub...
Assets already downloaded at /root/.cache/libero/assets
batch libero_goal:2 A20,step real=6/6 43.3 s brain 24.8 s 30 calls 138 rows
846/1040 episodes, 6.64 s/episode, eta 0.36 h
batch libero_goal:2 A20,step real=6/6 31.4 s brain 19.9 s 30 calls 99 rows
852/1040 episodes, 6.63 s/episode, eta 0.35 h
batch libero_goal:2 A20,step real=6/6 31.7 s brain 19.7 s 30 calls 99 rows
858/1040 episodes, 6.62 s/episode, eta 0.33 h
batch libero_goal:2 A20,step real=2/6 10.0 s brain 4.9 s 10 calls 20 rows
860/1040 episodes, 6.61 s/episode, eta 0.33 h
batch libero_goal:2 A40,step real=6/6 33.9 s brain 21.8 s 30 calls 118 rows
866/1040 episodes, 6.61 s/episode, eta 0.32 h
batch libero_goal:2 A40,step real=6/6 33.6 s brain 21.9 s 30 calls 119 rows
872/1040 episodes, 6.60 s/episode, eta 0.31 h
batch libero_goal:2 A40,step real=6/6 31.9 s brain 19.9 s 30 calls 100 rows
878/1040 episodes, 6.59 s/episode, eta 0.30 h
batch libero_goal:2 A40,step real=2/6 10.2 s brain 5.0 s 10 calls 20 rows
880/1040 episodes, 6.59 s/episode, eta 0.29 h
[info] using task orders [0, 1, 2, 3, 4, 5, 6, 7, 8, 9]
[info] using task orders [0, 1, 2, 3, 4, 5, 6, 7, 8, 9]
[info] using task orders [0, 1, 2, 3, 4, 5, 6, 7, 8, 9]
[info] using task orders [0, 1, 2, 3, 4, 5, 6, 7, 8, 9]
[info] using task orders [0, 1, 2, 3, 4, 5, 6, 7, 8, 9]
[info] using task orders [0, 1, 2, 3, 4, 5, 6, 7, 8, 9]
[info] using task orders [0, 1, 2, 3, 4, 5, 6, 7, 8, 9]
Local assets not found. Downloading from HuggingFace Hub...Local assets not found. Downloading from HuggingFace Hub...Local assets not found. Downloading from HuggingFace Hub...


Local assets not found. Downloading from HuggingFace Hub...
Assets already downloaded at /root/.cache/libero/assetsAssets already downloaded at /root/.cache/libero/assetsAssets already downloaded at /root/.cache/libero/assetsAssets already downloaded at /root/.cache/libero/assets



Local assets not found. Downloading from HuggingFace Hub...Local assets not found. Downloading from HuggingFace Hub...

Assets already downloaded at /root/.cache/libero/assets
Assets already downloaded at /root/.cache/libero/assets
batch libero_goal:4 A20,step real=6/6 39.2 s brain 19.3 s 30 calls 95 rows
886/1040 episodes, 6.59 s/episode, eta 0.28 h
batch libero_goal:4 A20,step real=6/6 30.8 s brain 19.1 s 30 calls 95 rows
892/1040 episodes, 6.58 s/episode, eta 0.27 h
batch libero_goal:4 A20,step real=6/6 32.1 s brain 19.0 s 30 calls 95 rows
898/1040 episodes, 6.57 s/episode, eta 0.26 h
batch libero_goal:4 A20,step real=2/6 23.0 s brain 12.1 s 30 calls 38 rows
900/1040 episodes, 6.58 s/episode, eta 0.26 h
batch libero_goal:4 A40,step real=6/6 31.8 s brain 19.1 s 30 calls 95 rows
906/1040 episodes, 6.57 s/episode, eta 0.24 h
batch libero_goal:4 A40,step real=6/6 30.5 s brain 18.8 s 30 calls 93 rows
912/1040 episodes, 6.56 s/episode, eta 0.23 h
batch libero_goal:4 A40,step real=6/6 31.7 s brain 19.1 s 30 calls 95 rows
918/1040 episodes, 6.56 s/episode, eta 0.22 h
batch libero_goal:4 A40,step real=2/6 23.5 s brain 12.3 s 30 calls 39 rows
920/1040 episodes, 6.57 s/episode, eta 0.22 h
[info] using task orders [0, 1, 2, 3, 4, 5, 6, 7, 8, 9]
[info] using task orders [0, 1, 2, 3, 4, 5, 6, 7, 8, 9]
[info] using task orders [0, 1, 2, 3, 4, 5, 6, 7, 8, 9]
[info] using task orders [0, 1, 2, 3, 4, 5, 6, 7, 8, 9]
[info] using task orders [0, 1, 2, 3, 4, 5, 6, 7, 8, 9]
[info] using task orders [0, 1, 2, 3, 4, 5, 6, 7, 8, 9]
[info] using task orders [0, 1, 2, 3, 4, 5, 6, 7, 8, 9]
Local assets not found. Downloading from HuggingFace Hub...Local assets not found. Downloading from HuggingFace Hub...

Assets already downloaded at /root/.cache/libero/assetsAssets already downloaded at /root/.cache/libero/assets

Local assets not found. Downloading from HuggingFace Hub...Local assets not found. Downloading from HuggingFace Hub...

Local assets not found. Downloading from HuggingFace Hub...
Local assets not found. Downloading from HuggingFace Hub...
Assets already downloaded at /root/.cache/libero/assetsAssets already downloaded at /root/.cache/libero/assets

Assets already downloaded at /root/.cache/libero/assetsAssets already downloaded at /root/.cache/libero/assets

batch libero_goal:6 A20,step real=6/6 45.6 s brain 27.0 s 30 calls 158 rows
926/1040 episodes, 6.58 s/episode, eta 0.21 h
batch libero_goal:6 A20,step real=6/6 40.4 s brain 27.1 s 30 calls 159 rows
932/1040 episodes, 6.58 s/episode, eta 0.20 h
batch libero_goal:6 A20,step real=6/6 42.3 s brain 29.8 s 30 calls 180 rows
938/1040 episodes, 6.58 s/episode, eta 0.19 h
batch libero_goal:6 A20,step real=2/6 26.9 s brain 15.1 s 30 calls 60 rows
940/1040 episodes, 6.59 s/episode, eta 0.18 h
batch libero_goal:6 A40,step real=6/6 34.9 s brain 22.7 s 30 calls 126 rows
946/1040 episodes, 6.59 s/episode, eta 0.17 h
batch libero_goal:6 A40,step real=6/6 36.4 s brain 24.2 s 30 calls 138 rows
952/1040 episodes, 6.59 s/episode, eta 0.16 h
batch libero_goal:6 A40,step real=6/6 41.1 s brain 28.9 s 30 calls 174 rows
958/1040 episodes, 6.59 s/episode, eta 0.15 h
batch libero_goal:6 A40,step real=2/6 26.3 s brain 14.9 s 30 calls 60 rows
960/1040 episodes, 6.60 s/episode, eta 0.15 h
[info] using task orders [0, 1, 2, 3, 4, 5, 6, 7, 8, 9]
[info] using task orders [0, 1, 2, 3, 4, 5, 6, 7, 8, 9]
[info] using task orders [0, 1, 2, 3, 4, 5, 6, 7, 8, 9]
[info] using task orders [0, 1, 2, 3, 4, 5, 6, 7, 8, 9]
[info] using task orders [0, 1, 2, 3, 4, 5, 6, 7, 8, 9]
[info] using task orders [0, 1, 2, 3, 4, 5, 6, 7, 8, 9]
[info] using task orders [0, 1, 2, 3, 4, 5, 6, 7, 8, 9]
Local assets not found. Downloading from HuggingFace Hub...Local assets not found. Downloading from HuggingFace Hub...Local assets not found. Downloading from HuggingFace Hub...Local assets not found. Downloading from HuggingFace Hub...



Assets already downloaded at /root/.cache/libero/assetsAssets already downloaded at /root/.cache/libero/assetsAssets already downloaded at /root/.cache/libero/assetsAssets already downloaded at /root/.cache/libero/assets



Local assets not found. Downloading from HuggingFace Hub...Local assets not found. Downloading from HuggingFace Hub...

Assets already downloaded at /root/.cache/libero/assetsAssets already downloaded at /root/.cache/libero/assets

batch libero_goal:8 A20,step real=6/6 37.8 s brain 19.1 s 30 calls 91 rows
966/1040 episodes, 6.60 s/episode, eta 0.14 h
batch libero_goal:8 A20,step real=6/6 35.1 s brain 21.3 s 30 calls 115 rows
972/1040 episodes, 6.60 s/episode, eta 0.12 h
batch libero_goal:8 A20,step real=6/6 34.6 s brain 21.3 s 30 calls 114 rows
978/1040 episodes, 6.59 s/episode, eta 0.11 h
batch libero_goal:8 A20,step real=2/6 8.6 s brain 3.9 s 8 calls 16 rows
980/1040 episodes, 6.59 s/episode, eta 0.11 h
batch libero_goal:8 A40,step real=6/6 35.9 s brain 23.7 s 30 calls 135 rows
986/1040 episodes, 6.58 s/episode, eta 0.10 h
batch libero_goal:8 A40,step real=6/6 39.6 s brain 26.9 s 30 calls 158 rows
992/1040 episodes, 6.58 s/episode, eta 0.09 h
batch libero_goal:8 A40,step real=6/6 34.3 s brain 21.1 s 30 calls 114 rows
998/1040 episodes, 6.58 s/episode, eta 0.08 h
batch libero_goal:8 A40,step real=2/6 23.5 s brain 12.1 s 30 calls 38 rows
1000/1040 episodes, 6.59 s/episode, eta 0.07 h
[info] using task orders [0, 1, 2, 3, 4, 5, 6, 7, 8, 9]
[info] using task orders [0, 1, 2, 3, 4, 5, 6, 7, 8, 9]
[info] using task orders [0, 1, 2, 3, 4, 5, 6, 7, 8, 9]
[info] using task orders [0, 1, 2, 3, 4, 5, 6, 7, 8, 9]
[info] using task orders [0, 1, 2, 3, 4, 5, 6, 7, 8, 9]
[info] using task orders [0, 1, 2, 3, 4, 5, 6, 7, 8, 9]
[info] using task orders [0, 1, 2, 3, 4, 5, 6, 7, 8, 9]
Local assets not found. Downloading from HuggingFace Hub...Local assets not found. Downloading from HuggingFace Hub...

Assets already downloaded at /root/.cache/libero/assetsAssets already downloaded at /root/.cache/libero/assets

Local assets not found. Downloading from HuggingFace Hub...Local assets not found. Downloading from HuggingFace Hub...

Assets already downloaded at /root/.cache/libero/assetsAssets already downloaded at /root/.cache/libero/assets

Local assets not found. Downloading from HuggingFace Hub...Local assets not found. Downloading from HuggingFace Hub...

Assets already downloaded at /root/.cache/libero/assetsAssets already downloaded at /root/.cache/libero/assets

batch libero_goal:9 A20,step real=6/6 44.3 s brain 25.7 s 30 calls 147 rows
1006/1040 episodes, 6.60 s/episode, eta 0.06 h
batch libero_goal:9 A20,step real=6/6 35.9 s brain 23.6 s 30 calls 132 rows
1012/1040 episodes, 6.59 s/episode, eta 0.05 h
batch libero_goal:9 A20,step real=6/6 34.9 s brain 22.3 s 30 calls 118 rows
1018/1040 episodes, 6.59 s/episode, eta 0.04 h
batch libero_goal:9 A20,step real=2/6 26.4 s brain 14.8 s 30 calls 60 rows
1020/1040 episodes, 6.60 s/episode, eta 0.04 h
batch libero_goal:9 A40,step real=6/6 38.0 s brain 25.8 s 30 calls 150 rows
1026/1040 episodes, 6.60 s/episode, eta 0.03 h
batch libero_goal:9 A40,step real=6/6 37.7 s brain 25.9 s 30 calls 151 rows
1032/1040 episodes, 6.60 s/episode, eta 0.01 h
batch libero_goal:9 A40,step real=6/6 37.6 s brain 25.7 s 30 calls 148 rows
1038/1040 episodes, 6.59 s/episode, eta 0.00 h
batch libero_goal:9 A40,step real=2/6 25.7 s brain 14.8 s 30 calls 60 rows
1040/1040 episodes, 6.61 s/episode, eta 0.00 h
[14:18:33] pass 2 skipped: pass 1 exited cleanly, no failed batch
[14:18:33] phase pi, lane p, id 6d (1040 episodes): --brain pi05 --kinds control --cells A20,A40 --methods none,G@glr --inits 0-9
[14:18:33] pass 1: --brain pi05 --kinds control --cells A20,A40 --methods none,G@glr --inits 0-9 --precision fp32 --n-envs 6 --kbar 0.1566 --t-ramp 5 --k-p 1.0 --tau-k 0.039517 --out results/c1-e4/pod/grid_pi05.jsonl
[robosuite WARNING] No private macro file found! (__init__.py:7)
WARNING:robosuite_logs:No private macro file found!
[robosuite WARNING] It is recommended to use a private macro file (__init__.py:8)
WARNING:robosuite_logs:It is recommended to use a private macro file
[robosuite WARNING] To setup, run: python /workspace/jit-reflex/venv/lib/python3.12/site-packages/robosuite/scripts/setup_macros.py (__init__.py:9)
WARNING:robosuite_logs:To setup, run: python /workspace/jit-reflex/venv/lib/python3.12/site-packages/robosuite/scripts/setup_macros.py
1040 episodes to run
Fetching 9 files:   0%|          | 0/9 [00:00<?, ?it/s]Fetching 9 files: 100%|██████████| 9/9 [00:00<00:00, 896.13it/s]
The PI05 model is a direct port of the OpenPI implementation. 
This implementation follows the original OpenPI structure for compatibility. 
Original implementation: https://github.com/Physical-Intelligence/openpi
Loading model from: /workspace/.cache/huggingface/hub/models--lerobot--pi05_libero_finetuned_v044/snapshots/8e174154ef5f6c60a8da12ae99c303d8963138c1
✓ Loaded state dict from model.safetensors
WARNING:root:Vision embedding key might need handling: model.paligemma_with_expert.paligemma.model.vision_tower.vision_model.embeddings.patch_embedding.bias
WARNING:root:Vision embedding key might need handling: model.paligemma_with_expert.paligemma.model.vision_tower.vision_model.embeddings.patch_embedding.weight
All keys loaded successfully!
[info] using task orders [0, 1, 2, 3, 4, 5, 6, 7, 8, 9]
/usr/lib/python3.12/multiprocessing/popen_fork.py:66: DeprecationWarning: This process (pid=190035) is multi-threaded, use of fork() may lead to deadlocks in the child.
  self.pid = os.fork()
[info] using task orders [0, 1, 2, 3, 4, 5, 6, 7, 8, 9]
[info] using task orders [0, 1, 2, 3, 4, 5, 6, 7, 8, 9]
[info] using task orders [0, 1, 2, 3, 4, 5, 6, 7, 8, 9]
[info] using task orders [0, 1, 2, 3, 4, 5, 6, 7, 8, 9]
[info] using task orders [0, 1, 2, 3, 4, 5, 6, 7, 8, 9]
[info] using task orders [0, 1, 2, 3, 4, 5, 6, 7, 8, 9]
Local assets not found. Downloading from HuggingFace Hub...
Local assets not found. Downloading from HuggingFace Hub...Local assets not found. Downloading from HuggingFace Hub...

Assets already downloaded at /root/.cache/libero/assets
Assets already downloaded at /root/.cache/libero/assetsAssets already downloaded at /root/.cache/libero/assets

Local assets not found. Downloading from HuggingFace Hub...
Assets already downloaded at /root/.cache/libero/assets
Local assets not found. Downloading from HuggingFace Hub...
Assets already downloaded at /root/.cache/libero/assets
Local assets not found. Downloading from HuggingFace Hub...
Assets already downloaded at /root/.cache/libero/assets
batch libero_spatial:0 A20,control real=6/6 38.5 s brain 18.3 s 28 calls 88 rows
6/1040 episodes, 6.57 s/episode, eta 1.89 h
batch libero_spatial:0 A20,control real=6/6 36.2 s brain 22.8 s 28 calls 128 rows
12/1040 episodes, 6.30 s/episode, eta 1.80 h
batch libero_spatial:0 A20,control real=6/6 33.5 s brain 20.0 s 28 calls 108 rows
18/1040 episodes, 6.06 s/episode, eta 1.72 h
batch libero_spatial:0 A20,control real=2/6 23.8 s brain 11.5 s 28 calls 36 rows
20/1040 episodes, 6.64 s/episode, eta 1.88 h
batch libero_spatial:0 A40,control real=6/6 34.7 s brain 21.7 s 28 calls 122 rows
26/1040 episodes, 6.45 s/episode, eta 1.82 h
batch libero_spatial:0 A40,control real=6/6 31.0 s brain 17.8 s 28 calls 88 rows
32/1040 episodes, 6.20 s/episode, eta 1.74 h
batch libero_spatial:0 A40,control real=6/6 33.0 s brain 19.6 s 28 calls 104 rows
38/1040 episodes, 6.09 s/episode, eta 1.70 h
batch libero_spatial:0 A40,control real=2/6 24.2 s brain 11.4 s 28 calls 35 rows
40/1040 episodes, 6.40 s/episode, eta 1.78 h
[info] using task orders [0, 1, 2, 3, 4, 5, 6, 7, 8, 9]
[info] using task orders [0, 1, 2, 3, 4, 5, 6, 7, 8, 9]
[info] using task orders [0, 1, 2, 3, 4, 5, 6, 7, 8, 9]
[info] using task orders [0, 1, 2, 3, 4, 5, 6, 7, 8, 9]
[info] using task orders [0, 1, 2, 3, 4, 5, 6, 7, 8, 9]
[info] using task orders [0, 1, 2, 3, 4, 5, 6, 7, 8, 9]
[info] using task orders [0, 1, 2, 3, 4, 5, 6, 7, 8, 9]
Local assets not found. Downloading from HuggingFace Hub...
Assets already downloaded at /root/.cache/libero/assets
Local assets not found. Downloading from HuggingFace Hub...
Assets already downloaded at /root/.cache/libero/assets
Local assets not found. Downloading from HuggingFace Hub...Local assets not found. Downloading from HuggingFace Hub...

Local assets not found. Downloading from HuggingFace Hub...
Assets already downloaded at /root/.cache/libero/assetsAssets already downloaded at /root/.cache/libero/assets

Assets already downloaded at /root/.cache/libero/assets
Local assets not found. Downloading from HuggingFace Hub...
Assets already downloaded at /root/.cache/libero/assets
batch libero_spatial:1 A20,control real=6/6 42.5 s brain 21.3 s 28 calls 117 rows
46/1040 episodes, 6.53 s/episode, eta 1.80 h
batch libero_spatial:1 A20,control real=6/6 33.3 s brain 19.6 s 28 calls 102 rows
52/1040 episodes, 6.42 s/episode, eta 1.76 h
batch libero_spatial:1 A20,control real=6/6 30.9 s brain 17.4 s 28 calls 85 rows
58/1040 episodes, 6.29 s/episode, eta 1.71 h
batch libero_spatial:1 A20,control real=2/6 11.9 s brain 5.5 s 11 calls 22 rows
60/1040 episodes, 6.27 s/episode, eta 1.71 h
batch libero_spatial:1 A40,control real=6/6 34.6 s brain 21.1 s 28 calls 117 rows
66/1040 episodes, 6.23 s/episode, eta 1.68 h
batch libero_spatial:1 A40,control real=6/6 34.6 s brain 21.4 s 28 calls 119 rows
72/1040 episodes, 6.19 s/episode, eta 1.66 h
batch libero_spatial:1 A40,control real=6/6 33.2 s brain 19.3 s 28 calls 100 rows
78/1040 episodes, 6.14 s/episode, eta 1.64 h
batch libero_spatial:1 A40,control real=2/6 24.4 s brain 11.9 s 28 calls 39 rows
80/1040 episodes, 6.29 s/episode, eta 1.68 h
[info] using task orders [0, 1, 2, 3, 4, 5, 6, 7, 8, 9]
[info] using task orders [0, 1, 2, 3, 4, 5, 6, 7, 8, 9]
[info] using task orders [0, 1, 2, 3, 4, 5, 6, 7, 8, 9]
[info] using task orders [0, 1, 2, 3, 4, 5, 6, 7, 8, 9]
[info] using task orders [0, 1, 2, 3, 4, 5, 6, 7, 8, 9]
[info] using task orders [0, 1, 2, 3, 4, 5, 6, 7, 8, 9]
[info] using task orders [0, 1, 2, 3, 4, 5, 6, 7, 8, 9]
Local assets not found. Downloading from HuggingFace Hub...
Assets already downloaded at /root/.cache/libero/assets
Local assets not found. Downloading from HuggingFace Hub...
Assets already downloaded at /root/.cache/libero/assets
Local assets not found. Downloading from HuggingFace Hub...
Assets already downloaded at /root/.cache/libero/assets
Local assets not found. Downloading from HuggingFace Hub...
Assets already downloaded at /root/.cache/libero/assets
Local assets not found. Downloading from HuggingFace Hub...Local assets not found. Downloading from HuggingFace Hub...

Assets already downloaded at /root/.cache/libero/assetsAssets already downloaded at /root/.cache/libero/assets

batch libero_spatial:2 A20,control real=6/6 23.9 s brain 9.7 s 10 calls 57 rows
86/1040 episodes, 6.15 s/episode, eta 1.63 h
batch libero_spatial:2 A20,control real=6/6 29.5 s brain 16.5 s 28 calls 75 rows
92/1040 episodes, 6.07 s/episode, eta 1.60 h
batch libero_spatial:2 A20,control real=6/6 29.8 s brain 16.2 s 28 calls 75 rows
98/1040 episodes, 6.01 s/episode, eta 1.57 h
batch libero_spatial:2 A20,control real=2/6 10.9 s brain 4.8 s 10 calls 19 rows
100/1040 episodes, 5.99 s/episode, eta 1.57 h
batch libero_spatial:2 A40,control real=6/6 16.0 s brain 9.6 s 10 calls 58 rows
106/1040 episodes, 5.81 s/episode, eta 1.51 h
batch libero_spatial:2 A40,control real=6/6 30.1 s brain 16.5 s 28 calls 76 rows
112/1040 episodes, 5.76 s/episode, eta 1.49 h
batch libero_spatial:2 A40,control real=6/6 15.9 s brain 9.5 s 10 calls 56 rows
118/1040 episodes, 5.60 s/episode, eta 1.44 h
batch libero_spatial:2 A40,control real=2/6 24.3 s brain 12.1 s 28 calls 37 rows
120/1040 episodes, 5.71 s/episode, eta 1.46 h
[info] using task orders [0, 1, 2, 3, 4, 5, 6, 7, 8, 9]
[info] using task orders [0, 1, 2, 3, 4, 5, 6, 7, 8, 9]
[info] using task orders [0, 1, 2, 3, 4, 5, 6, 7, 8, 9]
[info] using task orders [0, 1, 2, 3, 4, 5, 6, 7, 8, 9]
[info] using task orders [0, 1, 2, 3, 4, 5, 6, 7, 8, 9]
[info] using task orders [0, 1, 2, 3, 4, 5, 6, 7, 8, 9]
[info] using task orders [0, 1, 2, 3, 4, 5, 6, 7, 8, 9]
Local assets not found. Downloading from HuggingFace Hub...
Assets already downloaded at /root/.cache/libero/assets
Local assets not found. Downloading from HuggingFace Hub...
Assets already downloaded at /root/.cache/libero/assets
Local assets not found. Downloading from HuggingFace Hub...
Local assets not found. Downloading from HuggingFace Hub...
Assets already downloaded at /root/.cache/libero/assets
Assets already downloaded at /root/.cache/libero/assets
Local assets not found. Downloading from HuggingFace Hub...Local assets not found. Downloading from HuggingFace Hub...

Assets already downloaded at /root/.cache/libero/assetsAssets already downloaded at /root/.cache/libero/assets

batch libero_spatial:3 A20,control real=6/6 23.4 s brain 9.4 s 10 calls 55 rows
126/1040 episodes, 5.65 s/episode, eta 1.43 h
batch libero_spatial:3 A20,control real=6/6 15.4 s brain 8.9 s 9 calls 54 rows
132/1040 episodes, 5.51 s/episode, eta 1.39 h
batch libero_spatial:3 A20,control real=6/6 16.2 s brain 9.3 s 10 calls 55 rows
138/1040 episodes, 5.38 s/episode, eta 1.35 h
batch libero_spatial:3 A20,control real=2/6 10.4 s brain 4.4 s 9 calls 18 rows
140/1040 episodes, 5.38 s/episode, eta 1.35 h
batch libero_spatial:3 A40,control real=6/6 16.1 s brain 9.5 s 10 calls 56 rows
146/1040 episodes, 5.27 s/episode, eta 1.31 h
batch libero_spatial:3 A40,control real=6/6 29.2 s brain 16.2 s 28 calls 74 rows
152/1040 episodes, 5.25 s/episode, eta 1.30 h
batch libero_spatial:3 A40,control real=6/6 29.4 s brain 16.2 s 28 calls 74 rows
158/1040 episodes, 5.24 s/episode, eta 1.28 h
batch libero_spatial:3 A40,control real=2/6 10.4 s brain 4.4 s 9 calls 18 rows
160/1040 episodes, 5.24 s/episode, eta 1.28 h
[info] using task orders [0, 1, 2, 3, 4, 5, 6, 7, 8, 9]
[info] using task orders [0, 1, 2, 3, 4, 5, 6, 7, 8, 9]
[info] using task orders [0, 1, 2, 3, 4, 5, 6, 7, 8, 9]
[info] using task orders [0, 1, 2, 3, 4, 5, 6, 7, 8, 9]
[info] using task orders [0, 1, 2, 3, 4, 5, 6, 7, 8, 9]
[info] using task orders [0, 1, 2, 3, 4, 5, 6, 7, 8, 9]
[info] using task orders [0, 1, 2, 3, 4, 5, 6, 7, 8, 9]
Local assets not found. Downloading from HuggingFace Hub...Local assets not found. Downloading from HuggingFace Hub...Local assets not found. Downloading from HuggingFace Hub...Local assets not found. Downloading from HuggingFace Hub...



Assets already downloaded at /root/.cache/libero/assetsAssets already downloaded at /root/.cache/libero/assetsAssets already downloaded at /root/.cache/libero/assetsAssets already downloaded at /root/.cache/libero/assets



Local assets not found. Downloading from HuggingFace Hub...Local assets not found. Downloading from HuggingFace Hub...

Assets already downloaded at /root/.cache/libero/assetsAssets already downloaded at /root/.cache/libero/assets

batch libero_spatial:4 A20,control real=6/6 39.6 s brain 18.6 s 28 calls 92 rows
166/1040 episodes, 5.30 s/episode, eta 1.29 h
batch libero_spatial:4 A20,control real=6/6 21.5 s brain 13.2 s 14 calls 79 rows
172/1040 episodes, 5.24 s/episode, eta 1.26 h
batch libero_spatial:4 A20,control real=6/6 32.3 s brain 18.6 s 28 calls 94 rows
178/1040 episodes, 5.25 s/episode, eta 1.26 h
batch libero_spatial:4 A20,control real=2/6 25.2 s brain 12.1 s 28 calls 41 rows
180/1040 episodes, 5.33 s/episode, eta 1.27 h
batch libero_spatial:4 A40,control real=6/6 36.1 s brain 22.2 s 28 calls 124 rows
186/1040 episodes, 5.35 s/episode, eta 1.27 h
batch libero_spatial:4 A40,control real=6/6 32.6 s brain 18.8 s 28 calls 97 rows
192/1040 episodes, 5.35 s/episode, eta 1.26 h
batch libero_spatial:4 A40,control real=6/6 34.7 s brain 20.7 s 28 calls 111 rows
198/1040 episodes, 5.37 s/episode, eta 1.26 h
batch libero_spatial:4 A40,control real=2/6 25.8 s brain 12.1 s 28 calls 42 rows
200/1040 episodes, 5.44 s/episode, eta 1.27 h
[info] using task orders [0, 1, 2, 3, 4, 5, 6, 7, 8, 9]
[info] using task orders [0, 1, 2, 3, 4, 5, 6, 7, 8, 9]
[info] using task orders [0, 1, 2, 3, 4, 5, 6, 7, 8, 9]
[info] using task orders [0, 1, 2, 3, 4, 5, 6, 7, 8, 9]
[info] using task orders [0, 1, 2, 3, 4, 5, 6, 7, 8, 9]
[info] using task orders [0, 1, 2, 3, 4, 5, 6, 7, 8, 9]
[info] using task orders [0, 1, 2, 3, 4, 5, 6, 7, 8, 9]
Local assets not found. Downloading from HuggingFace Hub...Local assets not found. Downloading from HuggingFace Hub...

Assets already downloaded at /root/.cache/libero/assetsAssets already downloaded at /root/.cache/libero/assets

Local assets not found. Downloading from HuggingFace Hub...Local assets not found. Downloading from HuggingFace Hub...

Assets already downloaded at /root/.cache/libero/assetsAssets already downloaded at /root/.cache/libero/assets

Local assets not found. Downloading from HuggingFace Hub...
Local assets not found. Downloading from HuggingFace Hub...
Assets already downloaded at /root/.cache/libero/assets
Assets already downloaded at /root/.cache/libero/assets
batch libero_spatial:5 A20,control real=6/6 40.0 s brain 18.7 s 28 calls 95 rows
206/1040 episodes, 5.49 s/episode, eta 1.27 h
batch libero_spatial:5 A20,control real=6/6 29.4 s brain 16.8 s 28 calls 79 rows
212/1040 episodes, 5.47 s/episode, eta 1.26 h
batch libero_spatial:5 A20,control real=6/6 35.1 s brain 20.9 s 28 calls 115 rows
218/1040 episodes, 5.48 s/episode, eta 1.25 h
batch libero_spatial:5 A20,control real=2/6 12.0 s brain 5.5 s 11 calls 21 rows
220/1040 episodes, 5.49 s/episode, eta 1.25 h
batch libero_spatial:5 A40,control real=6/6 34.4 s brain 20.6 s 28 calls 113 rows
226/1040 episodes, 5.49 s/episode, eta 1.24 h
batch libero_spatial:5 A40,control real=6/6 34.5 s brain 20.7 s 28 calls 114 rows
232/1040 episodes, 5.50 s/episode, eta 1.23 h
batch libero_spatial:5 A40,control real=6/6 39.8 s brain 25.2 s 28 calls 149 rows
238/1040 episodes, 5.53 s/episode, eta 1.23 h
batch libero_spatial:5 A40,control real=2/6 24.7 s brain 11.7 s 28 calls 38 rows
240/1040 episodes, 5.59 s/episode, eta 1.24 h
[info] using task orders [0, 1, 2, 3, 4, 5, 6, 7, 8, 9]
[info] using task orders [0, 1, 2, 3, 4, 5, 6, 7, 8, 9]
[info] using task orders [0, 1, 2, 3, 4, 5, 6, 7, 8, 9]
[info] using task orders [0, 1, 2, 3, 4, 5, 6, 7, 8, 9]
[info] using task orders [0, 1, 2, 3, 4, 5, 6, 7, 8, 9]
[info] using task orders [0, 1, 2, 3, 4, 5, 6, 7, 8, 9]
[info] using task orders [0, 1, 2, 3, 4, 5, 6, 7, 8, 9]
Local assets not found. Downloading from HuggingFace Hub...Local assets not found. Downloading from HuggingFace Hub...Local assets not found. Downloading from HuggingFace Hub...Local assets not found. Downloading from HuggingFace Hub...



Assets already downloaded at /root/.cache/libero/assetsAssets already downloaded at /root/.cache/libero/assetsAssets already downloaded at /root/.cache/libero/assetsAssets already downloaded at /root/.cache/libero/assets



Local assets not found. Downloading from HuggingFace Hub...Local assets not found. Downloading from HuggingFace Hub...

Assets already downloaded at /root/.cache/libero/assetsAssets already downloaded at /root/.cache/libero/assets

batch libero_spatial:6 A20,control real=6/6 40.9 s brain 19.3 s 28 calls 99 rows
246/1040 episodes, 5.62 s/episode, eta 1.24 h
batch libero_spatial:6 A20,control real=6/6 30.1 s brain 17.1 s 28 calls 82 rows
252/1040 episodes, 5.61 s/episode, eta 1.23 h
batch libero_spatial:6 A20,control real=6/6 34.5 s brain 21.1 s 28 calls 117 rows
258/1040 episodes, 5.61 s/episode, eta 1.22 h
batch libero_spatial:6 A20,control real=2/6 12.2 s brain 5.4 s 11 calls 22 rows
260/1040 episodes, 5.62 s/episode, eta 1.22 h
batch libero_spatial:6 A40,control real=6/6 32.7 s brain 19.3 s 28 calls 100 rows
266/1040 episodes, 5.61 s/episode, eta 1.21 h
batch libero_spatial:6 A40,control real=6/6 33.2 s brain 19.6 s 28 calls 102 rows
272/1040 episodes, 5.61 s/episode, eta 1.20 h
batch libero_spatial:6 A40,control real=6/6 34.9 s brain 21.1 s 28 calls 117 rows
278/1040 episodes, 5.62 s/episode, eta 1.19 h
batch libero_spatial:6 A40,control real=2/6 25.1 s brain 12.0 s 28 calls 41 rows
280/1040 episodes, 5.66 s/episode, eta 1.20 h
[info] using task orders [0, 1, 2, 3, 4, 5, 6, 7, 8, 9]
[info] using task orders [0, 1, 2, 3, 4, 5, 6, 7, 8, 9]
[info] using task orders [0, 1, 2, 3, 4, 5, 6, 7, 8, 9]
[info] using task orders [0, 1, 2, 3, 4, 5, 6, 7, 8, 9]
[info] using task orders [0, 1, 2, 3, 4, 5, 6, 7, 8, 9]
[info] using task orders [0, 1, 2, 3, 4, 5, 6, 7, 8, 9]
[info] using task orders [0, 1, 2, 3, 4, 5, 6, 7, 8, 9]
Local assets not found. Downloading from HuggingFace Hub...
Assets already downloaded at /root/.cache/libero/assets
Local assets not found. Downloading from HuggingFace Hub...
Assets already downloaded at /root/.cache/libero/assets
Local assets not found. Downloading from HuggingFace Hub...
Assets already downloaded at /root/.cache/libero/assets
Local assets not found. Downloading from HuggingFace Hub...
Assets already downloaded at /root/.cache/libero/assets
Local assets not found. Downloading from HuggingFace Hub...
Local assets not found. Downloading from HuggingFace Hub...
Assets already downloaded at /root/.cache/libero/assets
Assets already downloaded at /root/.cache/libero/assets
batch libero_spatial:7 A20,control real=6/6 39.6 s brain 18.2 s 28 calls 90 rows
286/1040 episodes, 5.69 s/episode, eta 1.19 h
batch libero_spatial:7 A20,control real=6/6 32.3 s brain 18.3 s 28 calls 90 rows
292/1040 episodes, 5.69 s/episode, eta 1.18 h
batch libero_spatial:7 A20,control real=6/6 33.7 s brain 20.1 s 28 calls 106 rows
298/1040 episodes, 5.68 s/episode, eta 1.17 h
batch libero_spatial:7 A20,control real=2/6 13.5 s brain 6.3 s 13 calls 26 rows
300/1040 episodes, 5.69 s/episode, eta 1.17 h
batch libero_spatial:7 A40,control real=6/6 39.1 s brain 24.3 s 28 calls 141 rows
306/1040 episodes, 5.71 s/episode, eta 1.16 h
batch libero_spatial:7 A40,control real=6/6 39.8 s brain 25.5 s 28 calls 148 rows
312/1040 episodes, 5.73 s/episode, eta 1.16 h
batch libero_spatial:7 A40,control real=6/6 36.0 s brain 22.0 s 28 calls 120 rows
318/1040 episodes, 5.73 s/episode, eta 1.15 h
batch libero_spatial:7 A40,control real=2/6 26.5 s brain 13.8 s 28 calls 56 rows
320/1040 episodes, 5.78 s/episode, eta 1.16 h
[info] using task orders [0, 1, 2, 3, 4, 5, 6, 7, 8, 9]
[info] using task orders [0, 1, 2, 3, 4, 5, 6, 7, 8, 9]
[info] using task orders [0, 1, 2, 3, 4, 5, 6, 7, 8, 9]
[info] using task orders [0, 1, 2, 3, 4, 5, 6, 7, 8, 9]
[info] using task orders [0, 1, 2, 3, 4, 5, 6, 7, 8, 9]
[info] using task orders [0, 1, 2, 3, 4, 5, 6, 7, 8, 9]
[info] using task orders [0, 1, 2, 3, 4, 5, 6, 7, 8, 9]
Local assets not found. Downloading from HuggingFace Hub...Local assets not found. Downloading from HuggingFace Hub...
Assets already downloaded at /root/.cache/libero/assets

Assets already downloaded at /root/.cache/libero/assets
Local assets not found. Downloading from HuggingFace Hub...
Assets already downloaded at /root/.cache/libero/assets
Local assets not found. Downloading from HuggingFace Hub...
Assets already downloaded at /root/.cache/libero/assets
Local assets not found. Downloading from HuggingFace Hub...Local assets not found. Downloading from HuggingFace Hub...

Assets already downloaded at /root/.cache/libero/assetsAssets already downloaded at /root/.cache/libero/assets

batch libero_spatial:8 A20,control real=6/6 40.4 s brain 19.1 s 28 calls 96 rows
326/1040 episodes, 5.80 s/episode, eta 1.15 h
batch libero_spatial:8 A20,control real=6/6 32.7 s brain 19.1 s 28 calls 97 rows
332/1040 episodes, 5.80 s/episode, eta 1.14 h
batch libero_spatial:8 A20,control real=6/6 34.8 s brain 20.8 s 28 calls 114 rows
338/1040 episodes, 5.80 s/episode, eta 1.13 h
batch libero_spatial:8 A20,control real=2/6 23.9 s brain 11.7 s 28 calls 39 rows
340/1040 episodes, 5.83 s/episode, eta 1.13 h
batch libero_spatial:8 A40,control real=6/6 35.4 s brain 21.3 s 28 calls 113 rows
346/1040 episodes, 5.83 s/episode, eta 1.12 h
batch libero_spatial:8 A40,control real=6/6 33.4 s brain 19.1 s 28 calls 97 rows
352/1040 episodes, 5.83 s/episode, eta 1.11 h
batch libero_spatial:8 A40,control real=6/6 34.6 s brain 21.0 s 28 calls 115 rows
358/1040 episodes, 5.83 s/episode, eta 1.10 h
batch libero_spatial:8 A40,control real=2/6 11.6 s brain 5.3 s 11 calls 21 rows
360/1040 episodes, 5.83 s/episode, eta 1.10 h
[info] using task orders [0, 1, 2, 3, 4, 5, 6, 7, 8, 9]
[info] using task orders [0, 1, 2, 3, 4, 5, 6, 7, 8, 9]
[info] using task orders [0, 1, 2, 3, 4, 5, 6, 7, 8, 9]
[info] using task orders [0, 1, 2, 3, 4, 5, 6, 7, 8, 9]
[info] using task orders [0, 1, 2, 3, 4, 5, 6, 7, 8, 9]
[info] using task orders [0, 1, 2, 3, 4, 5, 6, 7, 8, 9]
[info] using task orders [0, 1, 2, 3, 4, 5, 6, 7, 8, 9]
Local assets not found. Downloading from HuggingFace Hub...Local assets not found. Downloading from HuggingFace Hub...Local assets not found. Downloading from HuggingFace Hub...


Local assets not found. Downloading from HuggingFace Hub...
Assets already downloaded at /root/.cache/libero/assetsAssets already downloaded at /root/.cache/libero/assetsAssets already downloaded at /root/.cache/libero/assets


Assets already downloaded at /root/.cache/libero/assets
Local assets not found. Downloading from HuggingFace Hub...Local assets not found. Downloading from HuggingFace Hub...

Assets already downloaded at /root/.cache/libero/assetsAssets already downloaded at /root/.cache/libero/assets

batch libero_spatial:9 A20,control real=6/6 27.3 s brain 12.6 s 13 calls 74 rows
366/1040 episodes, 5.81 s/episode, eta 1.09 h
batch libero_spatial:9 A20,control real=6/6 31.6 s brain 18.6 s 28 calls 92 rows
372/1040 episodes, 5.80 s/episode, eta 1.08 h
batch libero_spatial:9 A20,control real=6/6 20.4 s brain 12.6 s 13 calls 75 rows
378/1040 episodes, 5.77 s/episode, eta 1.06 h
batch libero_spatial:9 A20,control real=2/6 24.4 s brain 11.9 s 28 calls 41 rows
380/1040 episodes, 5.80 s/episode, eta 1.06 h
batch libero_spatial:9 A40,control real=6/6 37.6 s brain 23.8 s 28 calls 137 rows
386/1040 episodes, 5.81 s/episode, eta 1.05 h
batch libero_spatial:9 A40,control real=6/6 35.2 s brain 22.0 s 28 calls 123 rows
392/1040 episodes, 5.81 s/episode, eta 1.05 h
batch libero_spatial:9 A40,control real=6/6 35.3 s brain 22.0 s 28 calls 122 rows
398/1040 episodes, 5.81 s/episode, eta 1.04 h
batch libero_spatial:9 A40,control real=2/6 26.9 s brain 13.9 s 28 calls 56 rows
400/1040 episodes, 5.85 s/episode, eta 1.04 h
[info] using task orders [0, 1, 2, 3, 4, 5, 6, 7, 8, 9]
[info] using task orders [0, 1, 2, 3, 4, 5, 6, 7, 8, 9]
[info] using task orders [0, 1, 2, 3, 4, 5, 6, 7, 8, 9]
[info] using task orders [0, 1, 2, 3, 4, 5, 6, 7, 8, 9]
[info] using task orders [0, 1, 2, 3, 4, 5, 6, 7, 8, 9]
[info] using task orders [0, 1, 2, 3, 4, 5, 6, 7, 8, 9]
[info] using task orders [0, 1, 2, 3, 4, 5, 6, 7, 8, 9]
Local assets not found. Downloading from HuggingFace Hub...Local assets not found. Downloading from HuggingFace Hub...Local assets not found. Downloading from HuggingFace Hub...


Local assets not found. Downloading from HuggingFace Hub...
Assets already downloaded at /root/.cache/libero/assetsAssets already downloaded at /root/.cache/libero/assetsAssets already downloaded at /root/.cache/libero/assets


Assets already downloaded at /root/.cache/libero/assets
Local assets not found. Downloading from HuggingFace Hub...Local assets not found. Downloading from HuggingFace Hub...

Assets already downloaded at /root/.cache/libero/assetsAssets already downloaded at /root/.cache/libero/assets

batch libero_object:0 A20,control real=6/6 29.2 s brain 14.8 s 15 calls 86 rows
406/1040 episodes, 5.84 s/episode, eta 1.03 h
batch libero_object:0 A20,control real=6/6 21.4 s brain 14.1 s 15 calls 84 rows
412/1040 episodes, 5.80 s/episode, eta 1.01 h
batch libero_object:0 A20,control real=6/6 22.0 s brain 14.4 s 15 calls 85 rows
418/1040 episodes, 5.77 s/episode, eta 1.00 h
batch libero_object:0 A20,control real=2/6 22.1 s brain 12.3 s 28 calls 42 rows
420/1040 episodes, 5.80 s/episode, eta 1.00 h
batch libero_object:0 A40,control real=6/6 30.8 s brain 19.7 s 28 calls 102 rows
426/1040 episodes, 5.79 s/episode, eta 0.99 h
batch libero_object:0 A40,control real=6/6 30.6 s brain 19.4 s 28 calls 101 rows
432/1040 episodes, 5.78 s/episode, eta 0.98 h
batch libero_object:0 A40,control real=6/6 30.6 s brain 19.6 s 28 calls 103 rows
438/1040 episodes, 5.77 s/episode, eta 0.96 h
batch libero_object:0 A40,control real=2/6 22.5 s brain 12.4 s 28 calls 42 rows
440/1040 episodes, 5.80 s/episode, eta 0.97 h
[info] using task orders [0, 1, 2, 3, 4, 5, 6, 7, 8, 9]
[info] using task orders [0, 1, 2, 3, 4, 5, 6, 7, 8, 9]
[info] using task orders [0, 1, 2, 3, 4, 5, 6, 7, 8, 9]
[info] using task orders [0, 1, 2, 3, 4, 5, 6, 7, 8, 9]
[info] using task orders [0, 1, 2, 3, 4, 5, 6, 7, 8, 9]
[info] using task orders [0, 1, 2, 3, 4, 5, 6, 7, 8, 9]
[info] using task orders [0, 1, 2, 3, 4, 5, 6, 7, 8, 9]
Local assets not found. Downloading from HuggingFace Hub...
Assets already downloaded at /root/.cache/libero/assets
Local assets not found. Downloading from HuggingFace Hub...
Assets already downloaded at /root/.cache/libero/assets
Local assets not found. Downloading from HuggingFace Hub...
Local assets not found. Downloading from HuggingFace Hub...
Local assets not found. Downloading from HuggingFace Hub...
Assets already downloaded at /root/.cache/libero/assets
Local assets not found. Downloading from HuggingFace Hub...
Assets already downloaded at /root/.cache/libero/assets
Assets already downloaded at /root/.cache/libero/assets
Assets already downloaded at /root/.cache/libero/assets
batch libero_object:1 A20,control real=6/6 38.0 s brain 20.1 s 28 calls 106 rows
446/1040 episodes, 5.81 s/episode, eta 0.96 h
batch libero_object:1 A20,control real=6/6 28.9 s brain 18.5 s 28 calls 92 rows
452/1040 episodes, 5.79 s/episode, eta 0.95 h
batch libero_object:1 A20,control real=6/6 29.1 s brain 18.3 s 28 calls 92 rows
458/1040 episodes, 5.78 s/episode, eta 0.93 h
batch libero_object:1 A20,control real=2/6 12.3 s brain 6.5 s 13 calls 26 rows
460/1040 episodes, 5.78 s/episode, eta 0.93 h
batch libero_object:1 A40,control real=6/6 32.4 s brain 21.7 s 28 calls 121 rows
466/1040 episodes, 5.78 s/episode, eta 0.92 h
batch libero_object:1 A40,control real=6/6 30.7 s brain 20.1 s 28 calls 107 rows
472/1040 episodes, 5.77 s/episode, eta 0.91 h
batch libero_object:1 A40,control real=6/6 31.0 s brain 19.9 s 28 calls 105 rows
478/1040 episodes, 5.76 s/episode, eta 0.90 h
batch libero_object:1 A40,control real=2/6 22.1 s brain 11.9 s 28 calls 41 rows
480/1040 episodes, 5.78 s/episode, eta 0.90 h
[info] using task orders [0, 1, 2, 3, 4, 5, 6, 7, 8, 9]
[info] using task orders [0, 1, 2, 3, 4, 5, 6, 7, 8, 9]
[info] using task orders [0, 1, 2, 3, 4, 5, 6, 7, 8, 9]
[info] using task orders [0, 1, 2, 3, 4, 5, 6, 7, 8, 9]
[info] using task orders [0, 1, 2, 3, 4, 5, 6, 7, 8, 9]
[info] using task orders [0, 1, 2, 3, 4, 5, 6, 7, 8, 9]
[info] using task orders [0, 1, 2, 3, 4, 5, 6, 7, 8, 9]
Local assets not found. Downloading from HuggingFace Hub...Local assets not found. Downloading from HuggingFace Hub...Local assets not found. Downloading from HuggingFace Hub...


Assets already downloaded at /root/.cache/libero/assetsAssets already downloaded at /root/.cache/libero/assetsAssets already downloaded at /root/.cache/libero/assets


Local assets not found. Downloading from HuggingFace Hub...
Assets already downloaded at /root/.cache/libero/assets
Local assets not found. Downloading from HuggingFace Hub...Local assets not found. Downloading from HuggingFace Hub...

Assets already downloaded at /root/.cache/libero/assetsAssets already downloaded at /root/.cache/libero/assets

batch libero_object:2 A20,control real=6/6 35.9 s brain 18.0 s 28 calls 88 rows
486/1040 episodes, 5.79 s/episode, eta 0.89 h
batch libero_object:2 A20,control real=6/6 30.3 s brain 19.4 s 28 calls 101 rows
492/1040 episodes, 5.78 s/episode, eta 0.88 h
batch libero_object:2 A20,control real=6/6 30.6 s brain 19.7 s 28 calls 103 rows
498/1040 episodes, 5.77 s/episode, eta 0.87 h
batch libero_object:2 A20,control real=2/6 21.5 s brain 11.8 s 28 calls 40 rows
500/1040 episodes, 5.79 s/episode, eta 0.87 h
batch libero_object:2 A40,control real=6/6 28.5 s brain 18.0 s 28 calls 88 rows
506/1040 episodes, 5.78 s/episode, eta 0.86 h
batch libero_object:2 A40,control real=6/6 29.1 s brain 18.4 s 28 calls 90 rows
512/1040 episodes, 5.77 s/episode, eta 0.85 h
batch libero_object:2 A40,control real=6/6 30.2 s brain 19.7 s 28 calls 103 rows
518/1040 episodes, 5.76 s/episode, eta 0.84 h
batch libero_object:2 A40,control real=2/6 12.1 s brain 6.3 s 13 calls 25 rows
520/1040 episodes, 5.76 s/episode, eta 0.83 h
[info] using task orders [0, 1, 2, 3, 4, 5, 6, 7, 8, 9]
[info] using task orders [0, 1, 2, 3, 4, 5, 6, 7, 8, 9]
[info] using task orders [0, 1, 2, 3, 4, 5, 6, 7, 8, 9]
[info] using task orders [0, 1, 2, 3, 4, 5, 6, 7, 8, 9]
[info] using task orders [0, 1, 2, 3, 4, 5, 6, 7, 8, 9]
[info] using task orders [0, 1, 2, 3, 4, 5, 6, 7, 8, 9]
[info] using task orders [0, 1, 2, 3, 4, 5, 6, 7, 8, 9]
Local assets not found. Downloading from HuggingFace Hub...
Assets already downloaded at /root/.cache/libero/assets
Local assets not found. Downloading from HuggingFace Hub...
Assets already downloaded at /root/.cache/libero/assets
Local assets not found. Downloading from HuggingFace Hub...
Assets already downloaded at /root/.cache/libero/assets
Local assets not found. Downloading from HuggingFace Hub...
Assets already downloaded at /root/.cache/libero/assets
Local assets not found. Downloading from HuggingFace Hub...
Assets already downloaded at /root/.cache/libero/assets
Local assets not found. Downloading from HuggingFace Hub...
Assets already downloaded at /root/.cache/libero/assets
batch libero_object:3 A20,control real=6/6 36.0 s brain 18.6 s 28 calls 92 rows
526/1040 episodes, 5.77 s/episode, eta 0.82 h
batch libero_object:3 A20,control real=6/6 30.6 s brain 20.4 s 28 calls 108 rows
532/1040 episodes, 5.76 s/episode, eta 0.81 h
batch libero_object:3 A20,control real=6/6 32.6 s brain 22.0 s 28 calls 123 rows
538/1040 episodes, 5.76 s/episode, eta 0.80 h
batch libero_object:3 A20,control real=2/6 12.9 s brain 6.9 s 14 calls 27 rows
540/1040 episodes, 5.76 s/episode, eta 0.80 h
batch libero_object:3 A40,control real=6/6 34.3 s brain 23.7 s 28 calls 137 rows
546/1040 episodes, 5.76 s/episode, eta 0.79 h
batch libero_object:3 A40,control real=6/6 34.3 s brain 23.7 s 28 calls 137 rows
552/1040 episodes, 5.76 s/episode, eta 0.78 h
batch libero_object:3 A40,control real=6/6 36.6 s brain 25.9 s 28 calls 153 rows
558/1040 episodes, 5.76 s/episode, eta 0.77 h
batch libero_object:3 A40,control real=2/6 22.1 s brain 11.9 s 28 calls 41 rows
560/1040 episodes, 5.78 s/episode, eta 0.77 h
[info] using task orders [0, 1, 2, 3, 4, 5, 6, 7, 8, 9]
[info] using task orders [0, 1, 2, 3, 4, 5, 6, 7, 8, 9]
[info] using task orders [0, 1, 2, 3, 4, 5, 6, 7, 8, 9]
[info] using task orders [0, 1, 2, 3, 4, 5, 6, 7, 8, 9]
[info] using task orders [0, 1, 2, 3, 4, 5, 6, 7, 8, 9]
[info] using task orders [0, 1, 2, 3, 4, 5, 6, 7, 8, 9]
[info] using task orders [0, 1, 2, 3, 4, 5, 6, 7, 8, 9]
Local assets not found. Downloading from HuggingFace Hub...Local assets not found. Downloading from HuggingFace Hub...

Assets already downloaded at /root/.cache/libero/assetsAssets already downloaded at /root/.cache/libero/assets

Local assets not found. Downloading from HuggingFace Hub...
Assets already downloaded at /root/.cache/libero/assets
Local assets not found. Downloading from HuggingFace Hub...
Assets already downloaded at /root/.cache/libero/assets
Local assets not found. Downloading from HuggingFace Hub...Local assets not found. Downloading from HuggingFace Hub...

Assets already downloaded at /root/.cache/libero/assetsAssets already downloaded at /root/.cache/libero/assets

batch libero_object:4 A20,control real=6/6 39.8 s brain 22.5 s 28 calls 125 rows
566/1040 episodes, 5.80 s/episode, eta 0.76 h
batch libero_object:4 A20,control real=6/6 31.1 s brain 20.3 s 28 calls 99 rows
572/1040 episodes, 5.79 s/episode, eta 0.75 h
batch libero_object:4 A20,control real=6/6 32.2 s brain 21.2 s 28 calls 112 rows
578/1040 episodes, 5.79 s/episode, eta 0.74 h
batch libero_object:4 A20,control real=2/6 13.2 s brain 6.9 s 14 calls 28 rows
580/1040 episodes, 5.79 s/episode, eta 0.74 h
batch libero_object:4 A40,control real=6/6 31.7 s brain 21.0 s 28 calls 114 rows
586/1040 episodes, 5.78 s/episode, eta 0.73 h
batch libero_object:4 A40,control real=6/6 30.1 s brain 19.6 s 28 calls 102 rows
592/1040 episodes, 5.78 s/episode, eta 0.72 h
batch libero_object:4 A40,control real=6/6 30.2 s brain 19.5 s 28 calls 101 rows
598/1040 episodes, 5.77 s/episode, eta 0.71 h
batch libero_object:4 A40,control real=2/6 13.8 s brain 7.4 s 15 calls 30 rows
600/1040 episodes, 5.77 s/episode, eta 0.71 h
[info] using task orders [0, 1, 2, 3, 4, 5, 6, 7, 8, 9]
[info] using task orders [0, 1, 2, 3, 4, 5, 6, 7, 8, 9]
[info] using task orders [0, 1, 2, 3, 4, 5, 6, 7, 8, 9]
[info] using task orders [0, 1, 2, 3, 4, 5, 6, 7, 8, 9]
[info] using task orders [0, 1, 2, 3, 4, 5, 6, 7, 8, 9]
[info] using task orders [0, 1, 2, 3, 4, 5, 6, 7, 8, 9]
[info] using task orders [0, 1, 2, 3, 4, 5, 6, 7, 8, 9]
Local assets not found. Downloading from HuggingFace Hub...
Local assets not found. Downloading from HuggingFace Hub...
Assets already downloaded at /root/.cache/libero/assetsAssets already downloaded at /root/.cache/libero/assets

Local assets not found. Downloading from HuggingFace Hub...
Assets already downloaded at /root/.cache/libero/assets
Local assets not found. Downloading from HuggingFace Hub...
Assets already downloaded at /root/.cache/libero/assets
Local assets not found. Downloading from HuggingFace Hub...Local assets not found. Downloading from HuggingFace Hub...

Assets already downloaded at /root/.cache/libero/assetsAssets already downloaded at /root/.cache/libero/assets

batch libero_object:5 A20,control real=6/6 42.0 s brain 24.1 s 28 calls 139 rows
606/1040 episodes, 5.79 s/episode, eta 0.70 h
batch libero_object:5 A20,control real=6/6 35.1 s brain 24.1 s 28 calls 140 rows
612/1040 episodes, 5.79 s/episode, eta 0.69 h
batch libero_object:5 A20,control real=6/6 33.2 s brain 22.0 s 28 calls 123 rows
618/1040 episodes, 5.79 s/episode, eta 0.68 h
batch libero_object:5 A20,control real=2/6 22.7 s brain 12.3 s 28 calls 44 rows
620/1040 episodes, 5.80 s/episode, eta 0.68 h
batch libero_object:5 A40,control real=6/6 33.2 s brain 22.3 s 28 calls 125 rows
626/1040 episodes, 5.80 s/episode, eta 0.67 h
batch libero_object:5 A40,control real=6/6 35.7 s brain 23.9 s 28 calls 138 rows
632/1040 episodes, 5.80 s/episode, eta 0.66 h
batch libero_object:5 A40,control real=6/6 34.1 s brain 22.8 s 28 calls 127 rows
638/1040 episodes, 5.80 s/episode, eta 0.65 h
batch libero_object:5 A40,control real=2/6 25.3 s brain 14.5 s 28 calls 56 rows
640/1040 episodes, 5.82 s/episode, eta 0.65 h
[info] using task orders [0, 1, 2, 3, 4, 5, 6, 7, 8, 9]
[info] using task orders [0, 1, 2, 3, 4, 5, 6, 7, 8, 9]
[info] using task orders [0, 1, 2, 3, 4, 5, 6, 7, 8, 9]
[info] using task orders [0, 1, 2, 3, 4, 5, 6, 7, 8, 9]
[info] using task orders [0, 1, 2, 3, 4, 5, 6, 7, 8, 9]
[info] using task orders [0, 1, 2, 3, 4, 5, 6, 7, 8, 9]
[info] using task orders [0, 1, 2, 3, 4, 5, 6, 7, 8, 9]
Local assets not found. Downloading from HuggingFace Hub...Local assets not found. Downloading from HuggingFace Hub...

Assets already downloaded at /root/.cache/libero/assetsAssets already downloaded at /root/.cache/libero/assets

Local assets not found. Downloading from HuggingFace Hub...
Assets already downloaded at /root/.cache/libero/assets
Local assets not found. Downloading from HuggingFace Hub...
Assets already downloaded at /root/.cache/libero/assets
Local assets not found. Downloading from HuggingFace Hub...
Assets already downloaded at /root/.cache/libero/assets
Local assets not found. Downloading from HuggingFace Hub...
Assets already downloaded at /root/.cache/libero/assets
batch libero_object:6 A20,control real=6/6 41.6 s brain 23.5 s 28 calls 121 rows
646/1040 episodes, 5.84 s/episode, eta 0.64 h
batch libero_object:6 A20,control real=6/6 32.2 s brain 21.5 s 28 calls 117 rows
652/1040 episodes, 5.83 s/episode, eta 0.63 h
batch libero_object:6 A20,control real=6/6 23.5 s brain 16.2 s 17 calls 96 rows
658/1040 episodes, 5.81 s/episode, eta 0.62 h
batch libero_object:6 A20,control real=2/6 14.1 s brain 7.5 s 15 calls 30 rows
660/1040 episodes, 5.82 s/episode, eta 0.61 h
batch libero_object:6 A40,control real=6/6 30.2 s brain 19.6 s 28 calls 102 rows
666/1040 episodes, 5.81 s/episode, eta 0.60 h
batch libero_object:6 A40,control real=6/6 29.7 s brain 19.8 s 28 calls 104 rows
672/1040 episodes, 5.80 s/episode, eta 0.59 h
batch libero_object:6 A40,control real=6/6 22.2 s brain 15.2 s 16 calls 90 rows
678/1040 episodes, 5.78 s/episode, eta 0.58 h
batch libero_object:6 A40,control real=2/6 14.4 s brain 7.8 s 16 calls 31 rows
680/1040 episodes, 5.79 s/episode, eta 0.58 h
[info] using task orders [0, 1, 2, 3, 4, 5, 6, 7, 8, 9]
[info] using task orders [0, 1, 2, 3, 4, 5, 6, 7, 8, 9]
[info] using task orders [0, 1, 2, 3, 4, 5, 6, 7, 8, 9]
[info] using task orders [0, 1, 2, 3, 4, 5, 6, 7, 8, 9]
[info] using task orders [0, 1, 2, 3, 4, 5, 6, 7, 8, 9]
[info] using task orders [0, 1, 2, 3, 4, 5, 6, 7, 8, 9]
[info] using task orders [0, 1, 2, 3, 4, 5, 6, 7, 8, 9]
Local assets not found. Downloading from HuggingFace Hub...
Assets already downloaded at /root/.cache/libero/assets
Local assets not found. Downloading from HuggingFace Hub...
Local assets not found. Downloading from HuggingFace Hub...Local assets not found. Downloading from HuggingFace Hub...

Local assets not found. Downloading from HuggingFace Hub...Assets already downloaded at /root/.cache/libero/assets

Assets already downloaded at /root/.cache/libero/assetsAssets already downloaded at /root/.cache/libero/assets

Local assets not found. Downloading from HuggingFace Hub...
Assets already downloaded at /root/.cache/libero/assets
Assets already downloaded at /root/.cache/libero/assets
batch libero_object:7 A20,control real=6/6 27.5 s brain 13.7 s 15 calls 79 rows
686/1040 episodes, 5.78 s/episode, eta 0.57 h
batch libero_object:7 A20,control real=6/6 29.2 s brain 18.8 s 28 calls 94 rows
692/1040 episodes, 5.77 s/episode, eta 0.56 h
batch libero_object:7 A20,control real=6/6 29.4 s brain 18.8 s 28 calls 95 rows
698/1040 episodes, 5.77 s/episode, eta 0.55 h
batch libero_object:7 A20,control real=2/6 12.3 s brain 6.4 s 13 calls 26 rows
700/1040 episodes, 5.77 s/episode, eta 0.54 h
batch libero_object:7 A40,control real=6/6 20.8 s brain 13.7 s 15 calls 81 rows
706/1040 episodes, 5.75 s/episode, eta 0.53 h
batch libero_object:7 A40,control real=6/6 20.1 s brain 13.6 s 14 calls 81 rows
712/1040 episodes, 5.73 s/episode, eta 0.52 h
batch libero_object:7 A40,control real=6/6 21.0 s brain 13.8 s 15 calls 81 rows
718/1040 episodes, 5.71 s/episode, eta 0.51 h
batch libero_object:7 A40,control real=2/6 13.0 s brain 6.8 s 14 calls 27 rows
720/1040 episodes, 5.71 s/episode, eta 0.51 h
[info] using task orders [0, 1, 2, 3, 4, 5, 6, 7, 8, 9]
[info] using task orders [0, 1, 2, 3, 4, 5, 6, 7, 8, 9]
[info] using task orders [0, 1, 2, 3, 4, 5, 6, 7, 8, 9]
[info] using task orders [0, 1, 2, 3, 4, 5, 6, 7, 8, 9]
[info] using task orders [0, 1, 2, 3, 4, 5, 6, 7, 8, 9]
[info] using task orders [0, 1, 2, 3, 4, 5, 6, 7, 8, 9]
[info] using task orders [0, 1, 2, 3, 4, 5, 6, 7, 8, 9]
Local assets not found. Downloading from HuggingFace Hub...Local assets not found. Downloading from HuggingFace Hub...

Assets already downloaded at /root/.cache/libero/assetsAssets already downloaded at /root/.cache/libero/assets

Local assets not found. Downloading from HuggingFace Hub...
Assets already downloaded at /root/.cache/libero/assets
Local assets not found. Downloading from HuggingFace Hub...Local assets not found. Downloading from HuggingFace Hub...Local assets not found. Downloading from HuggingFace Hub...


Assets already downloaded at /root/.cache/libero/assets
Assets already downloaded at /root/.cache/libero/assetsAssets already downloaded at /root/.cache/libero/assets

batch libero_object:8 A20,control real=6/6 38.3 s brain 21.4 s 28 calls 116 rows
726/1040 episodes, 5.72 s/episode, eta 0.50 h
batch libero_object:8 A20,control real=6/6 31.9 s brain 21.4 s 28 calls 116 rows
732/1040 episodes, 5.72 s/episode, eta 0.49 h
batch libero_object:8 A20,control real=6/6 30.6 s brain 20.0 s 28 calls 103 rows
738/1040 episodes, 5.71 s/episode, eta 0.48 h
batch libero_object:8 A20,control real=2/6 24.1 s brain 13.0 s 28 calls 43 rows
740/1040 episodes, 5.73 s/episode, eta 0.48 h
batch libero_object:8 A40,control real=6/6 21.9 s brain 15.5 s 16 calls 91 rows
746/1040 episodes, 5.71 s/episode, eta 0.47 h
batch libero_object:8 A40,control real=6/6 29.5 s brain 19.8 s 28 calls 103 rows
752/1040 episodes, 5.71 s/episode, eta 0.46 h
batch libero_object:8 A40,control real=6/6 22.6 s brain 15.6 s 16 calls 92 rows
758/1040 episodes, 5.69 s/episode, eta 0.45 h
batch libero_object:8 A40,control real=2/6 21.9 s brain 12.3 s 28 calls 44 rows
760/1040 episodes, 5.70 s/episode, eta 0.44 h
[info] using task orders [0, 1, 2, 3, 4, 5, 6, 7, 8, 9]
[info] using task orders [0, 1, 2, 3, 4, 5, 6, 7, 8, 9]
[info] using task orders [0, 1, 2, 3, 4, 5, 6, 7, 8, 9]
[info] using task orders [0, 1, 2, 3, 4, 5, 6, 7, 8, 9]
[info] using task orders [0, 1, 2, 3, 4, 5, 6, 7, 8, 9]
[info] using task orders [0, 1, 2, 3, 4, 5, 6, 7, 8, 9]
[info] using task orders [0, 1, 2, 3, 4, 5, 6, 7, 8, 9]
Local assets not found. Downloading from HuggingFace Hub...Local assets not found. Downloading from HuggingFace Hub...

Assets already downloaded at /root/.cache/libero/assetsAssets already downloaded at /root/.cache/libero/assets

Local assets not found. Downloading from HuggingFace Hub...Local assets not found. Downloading from HuggingFace Hub...

Assets already downloaded at /root/.cache/libero/assetsAssets already downloaded at /root/.cache/libero/assets

Local assets not found. Downloading from HuggingFace Hub...Local assets not found. Downloading from HuggingFace Hub...

Assets already downloaded at /root/.cache/libero/assetsAssets already downloaded at /root/.cache/libero/assets

batch libero_object:9 A20,control real=6/6 39.0 s brain 21.9 s 28 calls 119 rows
766/1040 episodes, 5.71 s/episode, eta 0.43 h
batch libero_object:9 A20,control real=6/6 32.0 s brain 21.6 s 28 calls 119 rows
772/1040 episodes, 5.71 s/episode, eta 0.43 h
batch libero_object:9 A20,control real=6/6 32.3 s brain 21.6 s 28 calls 120 rows
778/1040 episodes, 5.71 s/episode, eta 0.42 h
batch libero_object:9 A20,control real=2/6 21.0 s brain 11.9 s 28 calls 40 rows
780/1040 episodes, 5.72 s/episode, eta 0.41 h
batch libero_object:9 A40,control real=6/6 30.3 s brain 20.1 s 28 calls 107 rows
786/1040 episodes, 5.71 s/episode, eta 0.40 h
batch libero_object:9 A40,control real=6/6 21.6 s brain 14.2 s 17 calls 81 rows
792/1040 episodes, 5.70 s/episode, eta 0.39 h
batch libero_object:9 A40,control real=6/6 30.6 s brain 20.0 s 28 calls 105 rows
798/1040 episodes, 5.69 s/episode, eta 0.38 h
batch libero_object:9 A40,control real=2/6 14.9 s brain 7.8 s 17 calls 29 rows
800/1040 episodes, 5.70 s/episode, eta 0.38 h
[info] using task orders [0, 1, 2, 3, 4, 5, 6, 7, 8, 9]
[info] using task orders [0, 1, 2, 3, 4, 5, 6, 7, 8, 9]
[info] using task orders [0, 1, 2, 3, 4, 5, 6, 7, 8, 9]
[info] using task orders [0, 1, 2, 3, 4, 5, 6, 7, 8, 9]
[info] using task orders [0, 1, 2, 3, 4, 5, 6, 7, 8, 9]
[info] using task orders [0, 1, 2, 3, 4, 5, 6, 7, 8, 9]
[info] using task orders [0, 1, 2, 3, 4, 5, 6, 7, 8, 9]
Local assets not found. Downloading from HuggingFace Hub...
Local assets not found. Downloading from HuggingFace Hub...
Assets already downloaded at /root/.cache/libero/assets
Assets already downloaded at /root/.cache/libero/assets
Local assets not found. Downloading from HuggingFace Hub...Local assets not found. Downloading from HuggingFace Hub...

Assets already downloaded at /root/.cache/libero/assetsAssets already downloaded at /root/.cache/libero/assets

Local assets not found. Downloading from HuggingFace Hub...
Assets already downloaded at /root/.cache/libero/assets
Local assets not found. Downloading from HuggingFace Hub...
Assets already downloaded at /root/.cache/libero/assets
batch libero_goal:1 A20,control real=6/6 20.7 s brain 9.1 s 9 calls 54 rows
806/1040 episodes, 5.68 s/episode, eta 0.37 h
batch libero_goal:1 A20,control real=6/6 14.2 s brain 9.0 s 9 calls 54 rows
812/1040 episodes, 5.66 s/episode, eta 0.36 h
batch libero_goal:1 A20,control real=6/6 14.5 s brain 9.0 s 9 calls 54 rows
818/1040 episodes, 5.64 s/episode, eta 0.35 h
batch libero_goal:1 A20,control real=2/6 9.6 s brain 4.4 s 9 calls 18 rows
820/1040 episodes, 5.63 s/episode, eta 0.34 h
batch libero_goal:1 A40,control real=6/6 14.2 s brain 8.8 s 9 calls 53 rows
826/1040 episodes, 5.61 s/episode, eta 0.33 h
batch libero_goal:1 A40,control real=6/6 14.3 s brain 9.0 s 9 calls 54 rows
832/1040 episodes, 5.59 s/episode, eta 0.32 h
batch libero_goal:1 A40,control real=6/6 14.3 s brain 8.8 s 9 calls 53 rows
838/1040 episodes, 5.56 s/episode, eta 0.31 h
batch libero_goal:1 A40,control real=2/6 9.5 s brain 4.5 s 9 calls 18 rows
840/1040 episodes, 5.56 s/episode, eta 0.31 h
[info] using task orders [0, 1, 2, 3, 4, 5, 6, 7, 8, 9]
[info] using task orders [0, 1, 2, 3, 4, 5, 6, 7, 8, 9]
[info] using task orders [0, 1, 2, 3, 4, 5, 6, 7, 8, 9]
[info] using task orders [0, 1, 2, 3, 4, 5, 6, 7, 8, 9]
[info] using task orders [0, 1, 2, 3, 4, 5, 6, 7, 8, 9]
[info] using task orders [0, 1, 2, 3, 4, 5, 6, 7, 8, 9]
[info] using task orders [0, 1, 2, 3, 4, 5, 6, 7, 8, 9]
Local assets not found. Downloading from HuggingFace Hub...
Assets already downloaded at /root/.cache/libero/assets
Local assets not found. Downloading from HuggingFace Hub...
Assets already downloaded at /root/.cache/libero/assets
Local assets not found. Downloading from HuggingFace Hub...
Assets already downloaded at /root/.cache/libero/assets
Local assets not found. Downloading from HuggingFace Hub...
Assets already downloaded at /root/.cache/libero/assets
Local assets not found. Downloading from HuggingFace Hub...
Assets already downloaded at /root/.cache/libero/assets
Local assets not found. Downloading from HuggingFace Hub...
Assets already downloaded at /root/.cache/libero/assets
batch libero_goal:2 A20,control real=6/6 35.7 s brain 17.1 s 30 calls 76 rows
846/1040 episodes, 5.57 s/episode, eta 0.30 h
batch libero_goal:2 A20,control real=6/6 28.7 s brain 16.8 s 30 calls 77 rows
852/1040 episodes, 5.56 s/episode, eta 0.29 h
batch libero_goal:2 A20,control real=6/6 14.8 s brain 9.4 s 10 calls 56 rows
858/1040 episodes, 5.54 s/episode, eta 0.28 h
batch libero_goal:2 A20,control real=2/6 10.1 s brain 4.9 s 10 calls 19 rows
860/1040 episodes, 5.54 s/episode, eta 0.28 h
batch libero_goal:2 A40,control real=6/6 15.2 s brain 9.4 s 10 calls 56 rows
866/1040 episodes, 5.52 s/episode, eta 0.27 h
batch libero_goal:2 A40,control real=6/6 28.1 s brain 17.0 s 30 calls 77 rows
872/1040 episodes, 5.51 s/episode, eta 0.26 h
batch libero_goal:2 A40,control real=6/6 15.2 s brain 9.5 s 10 calls 56 rows
878/1040 episodes, 5.49 s/episode, eta 0.25 h
batch libero_goal:2 A40,control real=2/6 22.7 s brain 12.3 s 30 calls 39 rows
880/1040 episodes, 5.51 s/episode, eta 0.24 h
[info] using task orders [0, 1, 2, 3, 4, 5, 6, 7, 8, 9]
[info] using task orders [0, 1, 2, 3, 4, 5, 6, 7, 8, 9]
[info] using task orders [0, 1, 2, 3, 4, 5, 6, 7, 8, 9]
[info] using task orders [0, 1, 2, 3, 4, 5, 6, 7, 8, 9]
[info] using task orders [0, 1, 2, 3, 4, 5, 6, 7, 8, 9]
[info] using task orders [0, 1, 2, 3, 4, 5, 6, 7, 8, 9]
[info] using task orders [0, 1, 2, 3, 4, 5, 6, 7, 8, 9]
Local assets not found. Downloading from HuggingFace Hub...Local assets not found. Downloading from HuggingFace Hub...Local assets not found. Downloading from HuggingFace Hub...


Assets already downloaded at /root/.cache/libero/assetsAssets already downloaded at /root/.cache/libero/assets
Assets already downloaded at /root/.cache/libero/assets

Local assets not found. Downloading from HuggingFace Hub...
Local assets not found. Downloading from HuggingFace Hub...
Assets already downloaded at /root/.cache/libero/assets
Assets already downloaded at /root/.cache/libero/assets
Local assets not found. Downloading from HuggingFace Hub...
Assets already downloaded at /root/.cache/libero/assets
batch libero_goal:4 A20,control real=6/6 20.1 s brain 8.7 s 9 calls 51 rows
886/1040 episodes, 5.49 s/episode, eta 0.23 h
batch libero_goal:4 A20,control real=6/6 13.9 s brain 8.8 s 9 calls 52 rows
892/1040 episodes, 5.47 s/episode, eta 0.22 h
batch libero_goal:4 A20,control real=6/6 13.6 s brain 8.7 s 9 calls 52 rows
898/1040 episodes, 5.45 s/episode, eta 0.21 h
batch libero_goal:4 A20,control real=2/6 9.3 s brain 4.3 s 9 calls 17 rows
900/1040 episodes, 5.45 s/episode, eta 0.21 h
batch libero_goal:4 A40,control real=6/6 27.8 s brain 16.4 s 30 calls 72 rows
906/1040 episodes, 5.44 s/episode, eta 0.20 h
batch libero_goal:4 A40,control real=6/6 13.3 s brain 8.3 s 9 calls 49 rows
912/1040 episodes, 5.42 s/episode, eta 0.19 h
batch libero_goal:4 A40,control real=6/6 28.2 s brain 16.4 s 30 calls 72 rows
918/1040 episodes, 5.42 s/episode, eta 0.18 h
batch libero_goal:4 A40,control real=2/6 9.1 s brain 4.2 s 9 calls 17 rows
920/1040 episodes, 5.42 s/episode, eta 0.18 h
[info] using task orders [0, 1, 2, 3, 4, 5, 6, 7, 8, 9]
[info] using task orders [0, 1, 2, 3, 4, 5, 6, 7, 8, 9]
[info] using task orders [0, 1, 2, 3, 4, 5, 6, 7, 8, 9]
[info] using task orders [0, 1, 2, 3, 4, 5, 6, 7, 8, 9]
[info] using task orders [0, 1, 2, 3, 4, 5, 6, 7, 8, 9]
[info] using task orders [0, 1, 2, 3, 4, 5, 6, 7, 8, 9]
[info] using task orders [0, 1, 2, 3, 4, 5, 6, 7, 8, 9]
Local assets not found. Downloading from HuggingFace Hub...
Assets already downloaded at /root/.cache/libero/assets
Local assets not found. Downloading from HuggingFace Hub...Local assets not found. Downloading from HuggingFace Hub...

Assets already downloaded at /root/.cache/libero/assetsAssets already downloaded at /root/.cache/libero/assets

Local assets not found. Downloading from HuggingFace Hub...
Assets already downloaded at /root/.cache/libero/assets
Local assets not found. Downloading from HuggingFace Hub...
Local assets not found. Downloading from HuggingFace Hub...
Assets already downloaded at /root/.cache/libero/assets
Assets already downloaded at /root/.cache/libero/assets
batch libero_goal:6 A20,control real=6/6 43.9 s brain 24.2 s 30 calls 136 rows
926/1040 episodes, 5.43 s/episode, eta 0.17 h
batch libero_goal:6 A20,control real=6/6 34.5 s brain 21.7 s 30 calls 117 rows
932/1040 episodes, 5.43 s/episode, eta 0.16 h
batch libero_goal:6 A20,control real=6/6 31.3 s brain 19.0 s 30 calls 94 rows
938/1040 episodes, 5.43 s/episode, eta 0.15 h
batch libero_goal:6 A20,control real=2/6 23.1 s brain 12.5 s 30 calls 39 rows
940/1040 episodes, 5.44 s/episode, eta 0.15 h
batch libero_goal:6 A40,control real=6/6 36.5 s brain 24.4 s 30 calls 138 rows
946/1040 episodes, 5.45 s/episode, eta 0.14 h
batch libero_goal:6 A40,control real=6/6 30.7 s brain 19.3 s 30 calls 95 rows
952/1040 episodes, 5.45 s/episode, eta 0.13 h
batch libero_goal:6 A40,control real=6/6 33.3 s brain 21.4 s 30 calls 115 rows
958/1040 episodes, 5.45 s/episode, eta 0.12 h
batch libero_goal:6 A40,control real=2/6 23.5 s brain 12.5 s 30 calls 40 rows
960/1040 episodes, 5.46 s/episode, eta 0.12 h
[info] using task orders [0, 1, 2, 3, 4, 5, 6, 7, 8, 9]
[info] using task orders [0, 1, 2, 3, 4, 5, 6, 7, 8, 9]
[info] using task orders [0, 1, 2, 3, 4, 5, 6, 7, 8, 9]
[info] using task orders [0, 1, 2, 3, 4, 5, 6, 7, 8, 9]
[info] using task orders [0, 1, 2, 3, 4, 5, 6, 7, 8, 9]
[info] using task orders [0, 1, 2, 3, 4, 5, 6, 7, 8, 9]
[info] using task orders [0, 1, 2, 3, 4, 5, 6, 7, 8, 9]
Local assets not found. Downloading from HuggingFace Hub...Local assets not found. Downloading from HuggingFace Hub...Local assets not found. Downloading from HuggingFace Hub...Local assets not found. Downloading from HuggingFace Hub...Local assets not found. Downloading from HuggingFace Hub...




Local assets not found. Downloading from HuggingFace Hub...
Assets already downloaded at /root/.cache/libero/assetsAssets already downloaded at /root/.cache/libero/assetsAssets already downloaded at /root/.cache/libero/assetsAssets already downloaded at /root/.cache/libero/assetsAssets already downloaded at /root/.cache/libero/assets




Assets already downloaded at /root/.cache/libero/assets
batch libero_goal:8 A20,control real=6/6 33.7 s brain 16.3 s 30 calls 70 rows
966/1040 episodes, 5.46 s/episode, eta 0.11 h
batch libero_goal:8 A20,control real=6/6 27.1 s brain 16.2 s 30 calls 70 rows
972/1040 episodes, 5.46 s/episode, eta 0.10 h
batch libero_goal:8 A20,control real=6/6 29.9 s brain 19.0 s 30 calls 92 rows
978/1040 episodes, 5.45 s/episode, eta 0.09 h
batch libero_goal:8 A20,control real=2/6 8.7 s brain 4.0 s 8 calls 16 rows
980/1040 episodes, 5.45 s/episode, eta 0.09 h
batch libero_goal:8 A40,control real=6/6 12.8 s brain 7.8 s 8 calls 47 rows
986/1040 episodes, 5.43 s/episode, eta 0.08 h
batch libero_goal:8 A40,control real=6/6 13.1 s brain 8.0 s 8 calls 48 rows
992/1040 episodes, 5.41 s/episode, eta 0.07 h
batch libero_goal:8 A40,control real=6/6 13.0 s brain 7.9 s 8 calls 47 rows
998/1040 episodes, 5.39 s/episode, eta 0.06 h
batch libero_goal:8 A40,control real=2/6 8.7 s brain 4.1 s 8 calls 16 rows
1000/1040 episodes, 5.39 s/episode, eta 0.06 h
[info] using task orders [0, 1, 2, 3, 4, 5, 6, 7, 8, 9]
[info] using task orders [0, 1, 2, 3, 4, 5, 6, 7, 8, 9]
[info] using task orders [0, 1, 2, 3, 4, 5, 6, 7, 8, 9]
[info] using task orders [0, 1, 2, 3, 4, 5, 6, 7, 8, 9]
[info] using task orders [0, 1, 2, 3, 4, 5, 6, 7, 8, 9]
[info] using task orders [0, 1, 2, 3, 4, 5, 6, 7, 8, 9]
[info] using task orders [0, 1, 2, 3, 4, 5, 6, 7, 8, 9]
Local assets not found. Downloading from HuggingFace Hub...
Assets already downloaded at /root/.cache/libero/assets
Local assets not found. Downloading from HuggingFace Hub...
Assets already downloaded at /root/.cache/libero/assets
Local assets not found. Downloading from HuggingFace Hub...Local assets not found. Downloading from HuggingFace Hub...

Assets already downloaded at /root/.cache/libero/assetsAssets already downloaded at /root/.cache/libero/assets

Local assets not found. Downloading from HuggingFace Hub...
Local assets not found. Downloading from HuggingFace Hub...
Assets already downloaded at /root/.cache/libero/assets
Assets already downloaded at /root/.cache/libero/assets
batch libero_goal:9 A20,control real=6/6 41.0 s brain 22.1 s 30 calls 117 rows
1006/1040 episodes, 5.40 s/episode, eta 0.05 h
batch libero_goal:9 A20,control real=6/6 21.8 s brain 14.4 s 16 calls 83 rows
1012/1040 episodes, 5.39 s/episode, eta 0.04 h
batch libero_goal:9 A20,control real=6/6 34.0 s brain 22.2 s 30 calls 119 rows
1018/1040 episodes, 5.39 s/episode, eta 0.03 h
batch libero_goal:9 A20,control real=2/6 13.3 s brain 6.9 s 14 calls 27 rows
1020/1040 episodes, 5.39 s/episode, eta 0.03 h
batch libero_goal:9 A40,control real=6/6 32.4 s brain 21.0 s 30 calls 109 rows
1026/1040 episodes, 5.39 s/episode, eta 0.02 h
batch libero_goal:9 A40,control real=6/6 31.7 s brain 20.6 s 30 calls 104 rows
1032/1040 episodes, 5.39 s/episode, eta 0.01 h
batch libero_goal:9 A40,control real=6/6 33.8 s brain 21.2 s 30 calls 107 rows
1038/1040 episodes, 5.39 s/episode, eta 0.00 h
batch libero_goal:9 A40,control real=2/6 24.0 s brain 12.7 s 30 calls 44 rows
1040/1040 episodes, 5.41 s/episode, eta 0.00 h
[15:54:59] pass 2 skipped: pass 1 exited cleanly, no failed batch
[16:38:42] phase r1, lane p, id 17 (1040 episodes): --brain pi05 --kinds step --cells A10 --methods none,G --inits 0-19
[16:38:42] pass 1: --brain pi05 --kinds step --cells A10 --methods none,G --inits 0-19 --precision fp32 --n-envs 6 --kbar 0.1566 --t-ramp 5 --k-p 1.0 --tau-k 0.039517 --out results/c1-e4/pod/grid_pi05.jsonl
[robosuite WARNING] No private macro file found! (__init__.py:7)
WARNING:robosuite_logs:No private macro file found!
[robosuite WARNING] It is recommended to use a private macro file (__init__.py:8)
WARNING:robosuite_logs:It is recommended to use a private macro file
[robosuite WARNING] To setup, run: python /workspace/jit-reflex/venv/lib/python3.12/site-packages/robosuite/scripts/setup_macros.py (__init__.py:9)
WARNING:robosuite_logs:To setup, run: python /workspace/jit-reflex/venv/lib/python3.12/site-packages/robosuite/scripts/setup_macros.py
1040 episodes to run
Fetching 9 files:   0%|          | 0/9 [00:00<?, ?it/s]Fetching 9 files: 100%|██████████| 9/9 [00:00<00:00, 478.91it/s]
The PI05 model is a direct port of the OpenPI implementation. 
This implementation follows the original OpenPI structure for compatibility. 
Original implementation: https://github.com/Physical-Intelligence/openpi
Loading model from: /workspace/.cache/huggingface/hub/models--lerobot--pi05_libero_finetuned_v044/snapshots/8e174154ef5f6c60a8da12ae99c303d8963138c1
✓ Loaded state dict from model.safetensors
WARNING:root:Vision embedding key might need handling: model.paligemma_with_expert.paligemma.model.vision_tower.vision_model.embeddings.patch_embedding.bias
WARNING:root:Vision embedding key might need handling: model.paligemma_with_expert.paligemma.model.vision_tower.vision_model.embeddings.patch_embedding.weight
All keys loaded successfully!
[info] using task orders [0, 1, 2, 3, 4, 5, 6, 7, 8, 9]
/usr/lib/python3.12/multiprocessing/popen_fork.py:66: DeprecationWarning: This process (pid=202467) is multi-threaded, use of fork() may lead to deadlocks in the child.
  self.pid = os.fork()
[info] using task orders [0, 1, 2, 3, 4, 5, 6, 7, 8, 9]
[info] using task orders [0, 1, 2, 3, 4, 5, 6, 7, 8, 9]
[info] using task orders [0, 1, 2, 3, 4, 5, 6, 7, 8, 9]
[info] using task orders [0, 1, 2, 3, 4, 5, 6, 7, 8, 9]
[info] using task orders [0, 1, 2, 3, 4, 5, 6, 7, 8, 9]
[info] using task orders [0, 1, 2, 3, 4, 5, 6, 7, 8, 9]
Local assets not found. Downloading from HuggingFace Hub...Local assets not found. Downloading from HuggingFace Hub...

Assets already downloaded at /root/.cache/libero/assetsAssets already downloaded at /root/.cache/libero/assets

Local assets not found. Downloading from HuggingFace Hub...
Local assets not found. Downloading from HuggingFace Hub...
Local assets not found. Downloading from HuggingFace Hub...
Assets already downloaded at /root/.cache/libero/assets
Assets already downloaded at /root/.cache/libero/assets
Assets already downloaded at /root/.cache/libero/assets
Local assets not found. Downloading from HuggingFace Hub...
Assets already downloaded at /root/.cache/libero/assets
batch libero_spatial:0 A10,step real=6/6 49.1 s brain 26.2 s 28 calls 148 rows
6/1040 episodes, 8.34 s/episode, eta 2.39 h
batch libero_spatial:0 A10,step real=6/6 31.2 s brain 18.3 s 28 calls 90 rows
12/1040 episodes, 6.77 s/episode, eta 1.93 h
batch libero_spatial:0 A10,step real=6/6 34.3 s brain 20.3 s 28 calls 108 rows
18/1040 episodes, 6.42 s/episode, eta 1.82 h
batch libero_spatial:0 A10,step real=6/6 40.5 s brain 23.4 s 28 calls 129 rows
24/1040 episodes, 6.50 s/episode, eta 1.84 h
batch libero_spatial:0 A10,step real=6/6 32.5 s brain 19.0 s 28 calls 95 rows
30/1040 episodes, 6.29 s/episode, eta 1.76 h
batch libero_spatial:0 A10,step real=6/6 14.6 s brain 8.5 s 9 calls 49 rows
36/1040 episodes, 5.64 s/episode, eta 1.57 h
batch libero_spatial:0 A10,step real=4/6 34.2 s brain 18.8 s 28 calls 93 rows
40/1040 episodes, 5.93 s/episode, eta 1.65 h
[info] using task orders [0, 1, 2, 3, 4, 5, 6, 7, 8, 9]
[info] using task orders [0, 1, 2, 3, 4, 5, 6, 7, 8, 9]
[info] using task orders [0, 1, 2, 3, 4, 5, 6, 7, 8, 9]
[info] using task orders [0, 1, 2, 3, 4, 5, 6, 7, 8, 9]
[info] using task orders [0, 1, 2, 3, 4, 5, 6, 7, 8, 9]
[info] using task orders [0, 1, 2, 3, 4, 5, 6, 7, 8, 9]
[info] using task orders [0, 1, 2, 3, 4, 5, 6, 7, 8, 9]
Local assets not found. Downloading from HuggingFace Hub...
Assets already downloaded at /root/.cache/libero/assets
Local assets not found. Downloading from HuggingFace Hub...
Assets already downloaded at /root/.cache/libero/assets
Local assets not found. Downloading from HuggingFace Hub...
Assets already downloaded at /root/.cache/libero/assets
Local assets not found. Downloading from HuggingFace Hub...
Assets already downloaded at /root/.cache/libero/assets
Local assets not found. Downloading from HuggingFace Hub...
Assets already downloaded at /root/.cache/libero/assets
Local assets not found. Downloading from HuggingFace Hub...
Assets already downloaded at /root/.cache/libero/assets
batch libero_spatial:1 A10,step real=6/6 40.9 s brain 18.5 s 28 calls 90 rows
46/1040 episodes, 6.10 s/episode, eta 1.68 h
batch libero_spatial:1 A10,step real=6/6 38.0 s brain 23.8 s 28 calls 135 rows
52/1040 episodes, 6.12 s/episode, eta 1.68 h
batch libero_spatial:1 A10,step real=6/6 39.1 s brain 24.7 s 28 calls 134 rows
58/1040 episodes, 6.17 s/episode, eta 1.68 h
batch libero_spatial:1 A10,step real=6/6 34.5 s brain 20.0 s 28 calls 100 rows
64/1040 episodes, 6.13 s/episode, eta 1.66 h
batch libero_spatial:1 A10,step real=6/6 34.6 s brain 20.4 s 28 calls 100 rows
70/1040 episodes, 6.09 s/episode, eta 1.64 h
batch libero_spatial:1 A10,step real=6/6 36.0 s brain 21.1 s 28 calls 106 rows
76/1040 episodes, 6.09 s/episode, eta 1.63 h
batch libero_spatial:1 A10,step real=4/6 28.7 s brain 15.1 s 28 calls 61 rows
80/1040 episodes, 6.14 s/episode, eta 1.64 h
[info] using task orders [0, 1, 2, 3, 4, 5, 6, 7, 8, 9]
[info] using task orders [0, 1, 2, 3, 4, 5, 6, 7, 8, 9]
[info] using task orders [0, 1, 2, 3, 4, 5, 6, 7, 8, 9]
[info] using task orders [0, 1, 2, 3, 4, 5, 6, 7, 8, 9]
[info] using task orders [0, 1, 2, 3, 4, 5, 6, 7, 8, 9]
[info] using task orders [0, 1, 2, 3, 4, 5, 6, 7, 8, 9]
[info] using task orders [0, 1, 2, 3, 4, 5, 6, 7, 8, 9]
Local assets not found. Downloading from HuggingFace Hub...Local assets not found. Downloading from HuggingFace Hub...Local assets not found. Downloading from HuggingFace Hub...


Assets already downloaded at /root/.cache/libero/assetsAssets already downloaded at /root/.cache/libero/assets

Assets already downloaded at /root/.cache/libero/assets
Local assets not found. Downloading from HuggingFace Hub...Local assets not found. Downloading from HuggingFace Hub...

Assets already downloaded at /root/.cache/libero/assetsAssets already downloaded at /root/.cache/libero/assets

Local assets not found. Downloading from HuggingFace Hub...
Assets already downloaded at /root/.cache/libero/assets
batch libero_spatial:2 A10,step real=6/6 43.9 s brain 22.2 s 28 calls 113 rows
86/1040 episodes, 6.25 s/episode, eta 1.66 h
batch libero_spatial:2 A10,step real=6/6 34.4 s brain 21.3 s 28 calls 113 rows
92/1040 episodes, 6.21 s/episode, eta 1.64 h
batch libero_spatial:2 A10,step real=6/6 35.3 s brain 21.7 s 28 calls 114 rows
98/1040 episodes, 6.19 s/episode, eta 1.62 h
batch libero_spatial:2 A10,step real=6/6 32.9 s brain 19.4 s 28 calls 96 rows
104/1040 episodes, 6.15 s/episode, eta 1.60 h
batch libero_spatial:2 A10,step real=6/6 32.7 s brain 19.4 s 28 calls 94 rows
110/1040 episodes, 6.11 s/episode, eta 1.58 h
batch libero_spatial:2 A10,step real=6/6 30.6 s brain 17.3 s 28 calls 77 rows
116/1040 episodes, 6.06 s/episode, eta 1.56 h
batch libero_spatial:2 A10,step real=4/6 29.1 s brain 15.3 s 28 calls 59 rows
120/1040 episodes, 6.10 s/episode, eta 1.56 h
[info] using task orders [0, 1, 2, 3, 4, 5, 6, 7, 8, 9]
[info] using task orders [0, 1, 2, 3, 4, 5, 6, 7, 8, 9]
[info] using task orders [0, 1, 2, 3, 4, 5, 6, 7, 8, 9]
[info] using task orders [0, 1, 2, 3, 4, 5, 6, 7, 8, 9]
[info] using task orders [0, 1, 2, 3, 4, 5, 6, 7, 8, 9]
[info] using task orders [0, 1, 2, 3, 4, 5, 6, 7, 8, 9]
[info] using task orders [0, 1, 2, 3, 4, 5, 6, 7, 8, 9]
Local assets not found. Downloading from HuggingFace Hub...Local assets not found. Downloading from HuggingFace Hub...

Assets already downloaded at /root/.cache/libero/assetsAssets already downloaded at /root/.cache/libero/assets

Local assets not found. Downloading from HuggingFace Hub...
Assets already downloaded at /root/.cache/libero/assets
Local assets not found. Downloading from HuggingFace Hub...
Local assets not found. Downloading from HuggingFace Hub...
Assets already downloaded at /root/.cache/libero/assets
Assets already downloaded at /root/.cache/libero/assets
Local assets not found. Downloading from HuggingFace Hub...
Assets already downloaded at /root/.cache/libero/assets
batch libero_spatial:3 A10,step real=6/6 42.8 s brain 20.9 s 28 calls 111 rows
126/1040 episodes, 6.17 s/episode, eta 1.57 h
batch libero_spatial:3 A10,step real=6/6 34.6 s brain 21.0 s 28 calls 111 rows
132/1040 episodes, 6.15 s/episode, eta 1.55 h
batch libero_spatial:3 A10,step real=6/6 34.6 s brain 20.6 s 28 calls 112 rows
138/1040 episodes, 6.14 s/episode, eta 1.54 h
batch libero_spatial:3 A10,step real=6/6 30.9 s brain 16.8 s 28 calls 73 rows
144/1040 episodes, 6.09 s/episode, eta 1.52 h
batch libero_spatial:3 A10,step real=6/6 17.0 s brain 9.9 s 10 calls 56 rows
150/1040 episodes, 5.96 s/episode, eta 1.47 h
batch libero_spatial:3 A10,step real=6/6 30.7 s brain 16.9 s 28 calls 72 rows
156/1040 episodes, 5.93 s/episode, eta 1.46 h
batch libero_spatial:3 A10,step real=4/6 31.1 s brain 16.8 s 28 calls 73 rows
160/1040 episodes, 5.98 s/episode, eta 1.46 h
[info] using task orders [0, 1, 2, 3, 4, 5, 6, 7, 8, 9]
[info] using task orders [0, 1, 2, 3, 4, 5, 6, 7, 8, 9]
[info] using task orders [0, 1, 2, 3, 4, 5, 6, 7, 8, 9]
[info] using task orders [0, 1, 2, 3, 4, 5, 6, 7, 8, 9]
[info] using task orders [0, 1, 2, 3, 4, 5, 6, 7, 8, 9]
[info] using task orders [0, 1, 2, 3, 4, 5, 6, 7, 8, 9]
[info] using task orders [0, 1, 2, 3, 4, 5, 6, 7, 8, 9]
Local assets not found. Downloading from HuggingFace Hub...Local assets not found. Downloading from HuggingFace Hub...

Assets already downloaded at /root/.cache/libero/assetsAssets already downloaded at /root/.cache/libero/assets

Local assets not found. Downloading from HuggingFace Hub...
Assets already downloaded at /root/.cache/libero/assets
Local assets not found. Downloading from HuggingFace Hub...
Assets already downloaded at /root/.cache/libero/assets
Local assets not found. Downloading from HuggingFace Hub...Local assets not found. Downloading from HuggingFace Hub...

Assets already downloaded at /root/.cache/libero/assetsAssets already downloaded at /root/.cache/libero/assets

batch libero_spatial:4 A10,step real=6/6 43.4 s brain 21.3 s 28 calls 108 rows
166/1040 episodes, 6.04 s/episode, eta 1.47 h
batch libero_spatial:4 A10,step real=6/6 39.7 s brain 24.7 s 28 calls 138 rows
172/1040 episodes, 6.06 s/episode, eta 1.46 h
batch libero_spatial:4 A10,step real=6/6 40.9 s brain 26.5 s 28 calls 152 rows
178/1040 episodes, 6.08 s/episode, eta 1.46 h
batch libero_spatial:4 A10,step real=6/6 39.5 s brain 24.4 s 28 calls 136 rows
184/1040 episodes, 6.10 s/episode, eta 1.45 h
batch libero_spatial:4 A10,step real=6/6 37.2 s brain 23.1 s 28 calls 126 rows
190/1040 episodes, 6.10 s/episode, eta 1.44 h
batch libero_spatial:4 A10,step real=6/6 35.1 s brain 20.5 s 28 calls 108 rows
196/1040 episodes, 6.09 s/episode, eta 1.43 h
batch libero_spatial:4 A10,step real=4/6 34.2 s brain 19.5 s 28 calls 97 rows
200/1040 episodes, 6.14 s/episode, eta 1.43 h
[info] using task orders [0, 1, 2, 3, 4, 5, 6, 7, 8, 9]
[info] using task orders [0, 1, 2, 3, 4, 5, 6, 7, 8, 9]
[info] using task orders [0, 1, 2, 3, 4, 5, 6, 7, 8, 9]
[info] using task orders [0, 1, 2, 3, 4, 5, 6, 7, 8, 9]
[info] using task orders [0, 1, 2, 3, 4, 5, 6, 7, 8, 9]
[info] using task orders [0, 1, 2, 3, 4, 5, 6, 7, 8, 9]
[info] using task orders [0, 1, 2, 3, 4, 5, 6, 7, 8, 9]
Local assets not found. Downloading from HuggingFace Hub...Local assets not found. Downloading from HuggingFace Hub...

Local assets not found. Downloading from HuggingFace Hub...
Assets already downloaded at /root/.cache/libero/assets
Assets already downloaded at /root/.cache/libero/assets
Assets already downloaded at /root/.cache/libero/assets
Local assets not found. Downloading from HuggingFace Hub...
Assets already downloaded at /root/.cache/libero/assets
Local assets not found. Downloading from HuggingFace Hub...
Local assets not found. Downloading from HuggingFace Hub...
Assets already downloaded at /root/.cache/libero/assets
Assets already downloaded at /root/.cache/libero/assets
batch libero_spatial:5 A10,step real=6/6 48.6 s brain 26.8 s 28 calls 150 rows
206/1040 episodes, 6.21 s/episode, eta 1.44 h
batch libero_spatial:5 A10,step real=6/6 43.5 s brain 28.8 s 28 calls 168 rows
212/1040 episodes, 6.24 s/episode, eta 1.44 h
batch libero_spatial:5 A10,step real=6/6 37.5 s brain 23.7 s 28 calls 132 rows
218/1040 episodes, 6.24 s/episode, eta 1.42 h
batch libero_spatial:5 A10,step real=6/6 37.4 s brain 23.0 s 28 calls 130 rows
224/1040 episodes, 6.24 s/episode, eta 1.41 h
batch libero_spatial:5 A10,step real=6/6 42.3 s brain 28.4 s 28 calls 168 rows
230/1040 episodes, 6.26 s/episode, eta 1.41 h
batch libero_spatial:5 A10,step real=6/6 41.9 s brain 26.9 s 28 calls 150 rows
236/1040 episodes, 6.28 s/episode, eta 1.40 h
batch libero_spatial:5 A10,step real=4/6 32.0 s brain 17.4 s 28 calls 75 rows
240/1040 episodes, 6.31 s/episode, eta 1.40 h
[info] using task orders [0, 1, 2, 3, 4, 5, 6, 7, 8, 9]
[info] using task orders [0, 1, 2, 3, 4, 5, 6, 7, 8, 9]
[info] using task orders [0, 1, 2, 3, 4, 5, 6, 7, 8, 9]
[info] using task orders [0, 1, 2, 3, 4, 5, 6, 7, 8, 9]
[info] using task orders [0, 1, 2, 3, 4, 5, 6, 7, 8, 9]
[info] using task orders [0, 1, 2, 3, 4, 5, 6, 7, 8, 9]
[info] using task orders [0, 1, 2, 3, 4, 5, 6, 7, 8, 9]
Local assets not found. Downloading from HuggingFace Hub...Local assets not found. Downloading from HuggingFace Hub...

Local assets not found. Downloading from HuggingFace Hub...
Assets already downloaded at /root/.cache/libero/assetsAssets already downloaded at /root/.cache/libero/assets

Assets already downloaded at /root/.cache/libero/assets
Local assets not found. Downloading from HuggingFace Hub...
Assets already downloaded at /root/.cache/libero/assetsLocal assets not found. Downloading from HuggingFace Hub...

Assets already downloaded at /root/.cache/libero/assets
Local assets not found. Downloading from HuggingFace Hub...
Assets already downloaded at /root/.cache/libero/assets
batch libero_spatial:6 A10,step real=6/6 42.5 s brain 21.2 s 28 calls 108 rows
246/1040 episodes, 6.34 s/episode, eta 1.40 h
batch libero_spatial:6 A10,step real=6/6 35.5 s brain 22.3 s 28 calls 120 rows
252/1040 episodes, 6.33 s/episode, eta 1.38 h
batch libero_spatial:6 A10,step real=6/6 37.4 s brain 23.9 s 28 calls 134 rows
258/1040 episodes, 6.32 s/episode, eta 1.37 h
batch libero_spatial:6 A10,step real=6/6 36.7 s brain 22.2 s 28 calls 118 rows
264/1040 episodes, 6.32 s/episode, eta 1.36 h
batch libero_spatial:6 A10,step real=6/6 33.2 s brain 20.2 s 28 calls 100 rows
270/1040 episodes, 6.30 s/episode, eta 1.35 h
batch libero_spatial:6 A10,step real=6/6 18.7 s brain 11.3 s 11 calls 65 rows
276/1040 episodes, 6.23 s/episode, eta 1.32 h
batch libero_spatial:6 A10,step real=4/6 32.2 s brain 19.3 s 28 calls 95 rows
280/1040 episodes, 6.26 s/episode, eta 1.32 h
[info] using task orders [0, 1, 2, 3, 4, 5, 6, 7, 8, 9]
[info] using task orders [0, 1, 2, 3, 4, 5, 6, 7, 8, 9]
[info] using task orders [0, 1, 2, 3, 4, 5, 6, 7, 8, 9]
[info] using task orders [0, 1, 2, 3, 4, 5, 6, 7, 8, 9]
[info] using task orders [0, 1, 2, 3, 4, 5, 6, 7, 8, 9]
[info] using task orders [0, 1, 2, 3, 4, 5, 6, 7, 8, 9]
[info] using task orders [0, 1, 2, 3, 4, 5, 6, 7, 8, 9]
Local assets not found. Downloading from HuggingFace Hub...
Local assets not found. Downloading from HuggingFace Hub...
Assets already downloaded at /root/.cache/libero/assets
Assets already downloaded at /root/.cache/libero/assets
Local assets not found. Downloading from HuggingFace Hub...Local assets not found. Downloading from HuggingFace Hub...

Assets already downloaded at /root/.cache/libero/assetsAssets already downloaded at /root/.cache/libero/assets

Local assets not found. Downloading from HuggingFace Hub...Local assets not found. Downloading from HuggingFace Hub...

Assets already downloaded at /root/.cache/libero/assetsAssets already downloaded at /root/.cache/libero/assets

batch libero_spatial:7 A10,step real=6/6 46.4 s brain 24.5 s 28 calls 135 rows
286/1040 episodes, 6.30 s/episode, eta 1.32 h
batch libero_spatial:7 A10,step real=6/6 38.6 s brain 24.8 s 28 calls 143 rows
292/1040 episodes, 6.30 s/episode, eta 1.31 h
batch libero_spatial:7 A10,step real=6/6 36.0 s brain 21.2 s 28 calls 105 rows
298/1040 episodes, 6.29 s/episode, eta 1.30 h
batch libero_spatial:7 A10,step real=6/6 39.8 s brain 24.9 s 28 calls 136 rows
304/1040 episodes, 6.30 s/episode, eta 1.29 h
batch libero_spatial:7 A10,step real=6/6 20.6 s brain 12.1 s 12 calls 71 rows
310/1040 episodes, 6.24 s/episode, eta 1.27 h
batch libero_spatial:7 A10,step real=6/6 35.0 s brain 20.8 s 28 calls 104 rows
316/1040 episodes, 6.24 s/episode, eta 1.25 h
batch libero_spatial:7 A10,step real=4/6 29.2 s brain 14.9 s 28 calls 63 rows
320/1040 episodes, 6.25 s/episode, eta 1.25 h
[info] using task orders [0, 1, 2, 3, 4, 5, 6, 7, 8, 9]
[info] using task orders [0, 1, 2, 3, 4, 5, 6, 7, 8, 9]
[info] using task orders [0, 1, 2, 3, 4, 5, 6, 7, 8, 9]
[info] using task orders [0, 1, 2, 3, 4, 5, 6, 7, 8, 9]
[info] using task orders [0, 1, 2, 3, 4, 5, 6, 7, 8, 9]
[info] using task orders [0, 1, 2, 3, 4, 5, 6, 7, 8, 9]
[info] using task orders [0, 1, 2, 3, 4, 5, 6, 7, 8, 9]
Local assets not found. Downloading from HuggingFace Hub...
Local assets not found. Downloading from HuggingFace Hub...Assets already downloaded at /root/.cache/libero/assets

Assets already downloaded at /root/.cache/libero/assets
Local assets not found. Downloading from HuggingFace Hub...
Local assets not found. Downloading from HuggingFace Hub...
Assets already downloaded at /root/.cache/libero/assets
Local assets not found. Downloading from HuggingFace Hub...
Assets already downloaded at /root/.cache/libero/assets
Assets already downloaded at /root/.cache/libero/assets
Local assets not found. Downloading from HuggingFace Hub...
Assets already downloaded at /root/.cache/libero/assets
batch libero_spatial:8 A10,step real=6/6 45.9 s brain 22.3 s 28 calls 119 rows
326/1040 episodes, 6.28 s/episode, eta 1.25 h
batch libero_spatial:8 A10,step real=6/6 37.8 s brain 23.1 s 28 calls 127 rows
332/1040 episodes, 6.28 s/episode, eta 1.24 h
batch libero_spatial:8 A10,step real=6/6 38.2 s brain 22.7 s 28 calls 121 rows
338/1040 episodes, 6.29 s/episode, eta 1.23 h
batch libero_spatial:8 A10,step real=6/6 40.5 s brain 24.0 s 28 calls 131 rows
344/1040 episodes, 6.29 s/episode, eta 1.22 h
batch libero_spatial:8 A10,step real=6/6 30.9 s brain 17.1 s 28 calls 78 rows
350/1040 episodes, 6.27 s/episode, eta 1.20 h
batch libero_spatial:8 A10,step real=6/6 37.2 s brain 21.5 s 28 calls 113 rows
356/1040 episodes, 6.27 s/episode, eta 1.19 h
batch libero_spatial:8 A10,step real=4/6 30.6 s brain 17.4 s 28 calls 83 rows
360/1040 episodes, 6.29 s/episode, eta 1.19 h
[info] using task orders [0, 1, 2, 3, 4, 5, 6, 7, 8, 9]
[info] using task orders [0, 1, 2, 3, 4, 5, 6, 7, 8, 9]
[info] using task orders [0, 1, 2, 3, 4, 5, 6, 7, 8, 9]
[info] using task orders [0, 1, 2, 3, 4, 5, 6, 7, 8, 9]
[info] using task orders [0, 1, 2, 3, 4, 5, 6, 7, 8, 9]
[info] using task orders [0, 1, 2, 3, 4, 5, 6, 7, 8, 9]
[info] using task orders [0, 1, 2, 3, 4, 5, 6, 7, 8, 9]
Local assets not found. Downloading from HuggingFace Hub...Local assets not found. Downloading from HuggingFace Hub...Local assets not found. Downloading from HuggingFace Hub...


Assets already downloaded at /root/.cache/libero/assetsAssets already downloaded at /root/.cache/libero/assetsAssets already downloaded at /root/.cache/libero/assets


Local assets not found. Downloading from HuggingFace Hub...
Assets already downloaded at /root/.cache/libero/assets
Local assets not found. Downloading from HuggingFace Hub...
Assets already downloaded at /root/.cache/libero/assets
Local assets not found. Downloading from HuggingFace Hub...
Assets already downloaded at /root/.cache/libero/assets
batch libero_spatial:9 A10,step real=6/6 46.7 s brain 24.8 s 28 calls 136 rows
366/1040 episodes, 6.32 s/episode, eta 1.18 h
batch libero_spatial:9 A10,step real=6/6 39.2 s brain 25.2 s 28 calls 136 rows
372/1040 episodes, 6.32 s/episode, eta 1.17 h
batch libero_spatial:9 A10,step real=6/6 35.4 s brain 20.9 s 28 calls 104 rows
378/1040 episodes, 6.32 s/episode, eta 1.16 h
batch libero_spatial:9 A10,step real=6/6 36.4 s brain 22.6 s 28 calls 121 rows
384/1040 episodes, 6.31 s/episode, eta 1.15 h
batch libero_spatial:9 A10,step real=6/6 31.8 s brain 18.5 s 28 calls 90 rows
390/1040 episodes, 6.30 s/episode, eta 1.14 h
batch libero_spatial:9 A10,step real=6/6 33.3 s brain 19.9 s 28 calls 103 rows
396/1040 episodes, 6.28 s/episode, eta 1.12 h
batch libero_spatial:9 A10,step real=4/6 28.9 s brain 15.9 s 28 calls 66 rows
400/1040 episodes, 6.29 s/episode, eta 1.12 h
[info] using task orders [0, 1, 2, 3, 4, 5, 6, 7, 8, 9]
[info] using task orders [0, 1, 2, 3, 4, 5, 6, 7, 8, 9]
[info] using task orders [0, 1, 2, 3, 4, 5, 6, 7, 8, 9]
[info] using task orders [0, 1, 2, 3, 4, 5, 6, 7, 8, 9]
[info] using task orders [0, 1, 2, 3, 4, 5, 6, 7, 8, 9]
[info] using task orders [0, 1, 2, 3, 4, 5, 6, 7, 8, 9]
[info] using task orders [0, 1, 2, 3, 4, 5, 6, 7, 8, 9]
Local assets not found. Downloading from HuggingFace Hub...
Local assets not found. Downloading from HuggingFace Hub...
Assets already downloaded at /root/.cache/libero/assets
Assets already downloaded at /root/.cache/libero/assets
Local assets not found. Downloading from HuggingFace Hub...
Assets already downloaded at /root/.cache/libero/assets
Local assets not found. Downloading from HuggingFace Hub...
Local assets not found. Downloading from HuggingFace Hub...Local assets not found. Downloading from HuggingFace Hub...

Assets already downloaded at /root/.cache/libero/assets
Assets already downloaded at /root/.cache/libero/assets
Assets already downloaded at /root/.cache/libero/assets
batch libero_object:0 A10,step real=6/6 41.1 s brain 22.6 s 28 calls 118 rows
406/1040 episodes, 6.31 s/episode, eta 1.11 h
batch libero_object:0 A10,step real=6/6 36.1 s brain 24.7 s 28 calls 138 rows
412/1040 episodes, 6.30 s/episode, eta 1.10 h
batch libero_object:0 A10,step real=6/6 34.7 s brain 23.0 s 28 calls 120 rows
418/1040 episodes, 6.30 s/episode, eta 1.09 h
batch libero_object:0 A10,step real=6/6 33.1 s brain 22.0 s 28 calls 116 rows
424/1040 episodes, 6.29 s/episode, eta 1.08 h
batch libero_object:0 A10,step real=6/6 31.9 s brain 20.6 s 28 calls 102 rows
430/1040 episodes, 6.27 s/episode, eta 1.06 h
batch libero_object:0 A10,step real=6/6 30.7 s brain 19.8 s 28 calls 101 rows
436/1040 episodes, 6.26 s/episode, eta 1.05 h
batch libero_object:0 A10,step real=4/6 18.3 s brain 10.6 s 14 calls 55 rows
440/1040 episodes, 6.24 s/episode, eta 1.04 h
[info] using task orders [0, 1, 2, 3, 4, 5, 6, 7, 8, 9]
[info] using task orders [0, 1, 2, 3, 4, 5, 6, 7, 8, 9]
[info] using task orders [0, 1, 2, 3, 4, 5, 6, 7, 8, 9]
[info] using task orders [0, 1, 2, 3, 4, 5, 6, 7, 8, 9]
[info] using task orders [0, 1, 2, 3, 4, 5, 6, 7, 8, 9]
[info] using task orders [0, 1, 2, 3, 4, 5, 6, 7, 8, 9]
[info] using task orders [0, 1, 2, 3, 4, 5, 6, 7, 8, 9]
Local assets not found. Downloading from HuggingFace Hub...
Assets already downloaded at /root/.cache/libero/assets
Local assets not found. Downloading from HuggingFace Hub...
Assets already downloaded at /root/.cache/libero/assets
Local assets not found. Downloading from HuggingFace Hub...
Assets already downloaded at /root/.cache/libero/assets
Local assets not found. Downloading from HuggingFace Hub...
Assets already downloaded at /root/.cache/libero/assets
Local assets not found. Downloading from HuggingFace Hub...
Assets already downloaded at /root/.cache/libero/assets
Local assets not found. Downloading from HuggingFace Hub...
Assets already downloaded at /root/.cache/libero/assets
batch libero_object:1 A10,step real=6/6 39.7 s brain 21.3 s 28 calls 108 rows
446/1040 episodes, 6.25 s/episode, eta 1.03 h
batch libero_object:1 A10,step real=6/6 25.0 s brain 16.7 s 19 calls 90 rows
452/1040 episodes, 6.22 s/episode, eta 1.02 h
batch libero_object:1 A10,step real=6/6 34.3 s brain 23.5 s 28 calls 126 rows
458/1040 episodes, 6.22 s/episode, eta 1.00 h
batch libero_object:1 A10,step real=6/6 31.7 s brain 20.8 s 28 calls 108 rows
464/1040 episodes, 6.20 s/episode, eta 0.99 h
batch libero_object:1 A10,step real=6/6 21.6 s brain 14.2 s 17 calls 79 rows
470/1040 episodes, 6.17 s/episode, eta 0.98 h
batch libero_object:1 A10,step real=6/6 29.9 s brain 19.2 s 28 calls 92 rows
476/1040 episodes, 6.16 s/episode, eta 0.96 h
batch libero_object:1 A10,step real=4/6 27.6 s brain 17.1 s 28 calls 77 rows
480/1040 episodes, 6.16 s/episode, eta 0.96 h
[info] using task orders [0, 1, 2, 3, 4, 5, 6, 7, 8, 9]
[info] using task orders [0, 1, 2, 3, 4, 5, 6, 7, 8, 9]
[info] using task orders [0, 1, 2, 3, 4, 5, 6, 7, 8, 9]
[info] using task orders [0, 1, 2, 3, 4, 5, 6, 7, 8, 9]
[info] using task orders [0, 1, 2, 3, 4, 5, 6, 7, 8, 9]
[info] using task orders [0, 1, 2, 3, 4, 5, 6, 7, 8, 9]
[info] using task orders [0, 1, 2, 3, 4, 5, 6, 7, 8, 9]
Local assets not found. Downloading from HuggingFace Hub...
Assets already downloaded at /root/.cache/libero/assets
Local assets not found. Downloading from HuggingFace Hub...
Assets already downloaded at /root/.cache/libero/assets
Local assets not found. Downloading from HuggingFace Hub...
Assets already downloaded at /root/.cache/libero/assets
Local assets not found. Downloading from HuggingFace Hub...
Assets already downloaded at /root/.cache/libero/assets
Local assets not found. Downloading from HuggingFace Hub...
Assets already downloaded at /root/.cache/libero/assets
Local assets not found. Downloading from HuggingFace Hub...
Assets already downloaded at /root/.cache/libero/assets
batch libero_object:2 A10,step real=6/6 39.7 s brain 21.3 s 28 calls 106 rows
486/1040 episodes, 6.17 s/episode, eta 0.95 h
batch libero_object:2 A10,step real=6/6 40.8 s brain 29.4 s 28 calls 168 rows
492/1040 episodes, 6.18 s/episode, eta 0.94 h
batch libero_object:2 A10,step real=6/6 34.6 s brain 23.9 s 28 calls 135 rows
498/1040 episodes, 6.18 s/episode, eta 0.93 h
batch libero_object:2 A10,step real=6/6 20.2 s brain 12.9 s 15 calls 73 rows
504/1040 episodes, 6.14 s/episode, eta 0.91 h
batch libero_object:2 A10,step real=6/6 32.7 s brain 21.6 s 28 calls 109 rows
510/1040 episodes, 6.13 s/episode, eta 0.90 h
batch libero_object:2 A10,step real=6/6 30.3 s brain 18.9 s 28 calls 87 rows
516/1040 episodes, 6.12 s/episode, eta 0.89 h
batch libero_object:2 A10,step real=4/6 17.6 s brain 10.6 s 16 calls 51 rows
520/1040 episodes, 6.11 s/episode, eta 0.88 h
[info] using task orders [0, 1, 2, 3, 4, 5, 6, 7, 8, 9]
[info] using task orders [0, 1, 2, 3, 4, 5, 6, 7, 8, 9]
[info] using task orders [0, 1, 2, 3, 4, 5, 6, 7, 8, 9]
[info] using task orders [0, 1, 2, 3, 4, 5, 6, 7, 8, 9]
[info] using task orders [0, 1, 2, 3, 4, 5, 6, 7, 8, 9]
[info] using task orders [0, 1, 2, 3, 4, 5, 6, 7, 8, 9]
[info] using task orders [0, 1, 2, 3, 4, 5, 6, 7, 8, 9]
Local assets not found. Downloading from HuggingFace Hub...Local assets not found. Downloading from HuggingFace Hub...

Assets already downloaded at /root/.cache/libero/assetsAssets already downloaded at /root/.cache/libero/assets

Local assets not found. Downloading from HuggingFace Hub...
Assets already downloaded at /root/.cache/libero/assets
Local assets not found. Downloading from HuggingFace Hub...
Local assets not found. Downloading from HuggingFace Hub...Assets already downloaded at /root/.cache/libero/assets

Assets already downloaded at /root/.cache/libero/assets
Local assets not found. Downloading from HuggingFace Hub...
Assets already downloaded at /root/.cache/libero/assets
batch libero_object:3 A10,step real=6/6 38.3 s brain 20.1 s 28 calls 100 rows
526/1040 episodes, 6.12 s/episode, eta 0.87 h
batch libero_object:3 A10,step real=6/6 35.4 s brain 24.3 s 28 calls 137 rows
532/1040 episodes, 6.11 s/episode, eta 0.86 h
batch libero_object:3 A10,step real=6/6 38.4 s brain 27.3 s 28 calls 157 rows
538/1040 episodes, 6.12 s/episode, eta 0.85 h
batch libero_object:3 A10,step real=6/6 31.7 s brain 21.1 s 28 calls 111 rows
544/1040 episodes, 6.11 s/episode, eta 0.84 h
batch libero_object:3 A10,step real=6/6 35.7 s brain 24.7 s 28 calls 140 rows
550/1040 episodes, 6.10 s/episode, eta 0.83 h
batch libero_object:3 A10,step real=6/6 34.0 s brain 23.3 s 28 calls 125 rows
556/1040 episodes, 6.10 s/episode, eta 0.82 h
batch libero_object:3 A10,step real=4/6 19.5 s brain 11.8 s 18 calls 57 rows
560/1040 episodes, 6.09 s/episode, eta 0.81 h
[info] using task orders [0, 1, 2, 3, 4, 5, 6, 7, 8, 9]
[info] using task orders [0, 1, 2, 3, 4, 5, 6, 7, 8, 9]
[info] using task orders [0, 1, 2, 3, 4, 5, 6, 7, 8, 9]
[info] using task orders [0, 1, 2, 3, 4, 5, 6, 7, 8, 9]
[info] using task orders [0, 1, 2, 3, 4, 5, 6, 7, 8, 9]
[info] using task orders [0, 1, 2, 3, 4, 5, 6, 7, 8, 9]
[info] using task orders [0, 1, 2, 3, 4, 5, 6, 7, 8, 9]
Local assets not found. Downloading from HuggingFace Hub...
Local assets not found. Downloading from HuggingFace Hub...
Assets already downloaded at /root/.cache/libero/assetsAssets already downloaded at /root/.cache/libero/assets

Local assets not found. Downloading from HuggingFace Hub...
Assets already downloaded at /root/.cache/libero/assets
Local assets not found. Downloading from HuggingFace Hub...
Assets already downloaded at /root/.cache/libero/assets
Local assets not found. Downloading from HuggingFace Hub...Local assets not found. Downloading from HuggingFace Hub...

Assets already downloaded at /root/.cache/libero/assetsAssets already downloaded at /root/.cache/libero/assets

batch libero_object:4 A10,step real=6/6 41.7 s brain 23.4 s 28 calls 127 rows
566/1040 episodes, 6.10 s/episode, eta 0.80 h
batch libero_object:4 A10,step real=6/6 34.6 s brain 23.6 s 28 calls 132 rows
572/1040 episodes, 6.10 s/episode, eta 0.79 h
batch libero_object:4 A10,step real=6/6 38.0 s brain 27.0 s 28 calls 155 rows
578/1040 episodes, 6.10 s/episode, eta 0.78 h
batch libero_object:4 A10,step real=6/6 32.7 s brain 22.0 s 28 calls 118 rows
584/1040 episodes, 6.10 s/episode, eta 0.77 h
batch libero_object:4 A10,step real=6/6 31.8 s brain 21.5 s 28 calls 114 rows
590/1040 episodes, 6.09 s/episode, eta 0.76 h
batch libero_object:4 A10,step real=6/6 31.8 s brain 21.2 s 28 calls 111 rows
596/1040 episodes, 6.08 s/episode, eta 0.75 h
batch libero_object:4 A10,step real=4/6 26.3 s brain 15.7 s 28 calls 70 rows
600/1040 episodes, 6.08 s/episode, eta 0.74 h
[info] using task orders [0, 1, 2, 3, 4, 5, 6, 7, 8, 9]
[info] using task orders [0, 1, 2, 3, 4, 5, 6, 7, 8, 9]
[info] using task orders [0, 1, 2, 3, 4, 5, 6, 7, 8, 9]
[info] using task orders [0, 1, 2, 3, 4, 5, 6, 7, 8, 9]
[info] using task orders [0, 1, 2, 3, 4, 5, 6, 7, 8, 9]
[info] using task orders [0, 1, 2, 3, 4, 5, 6, 7, 8, 9]
[info] using task orders [0, 1, 2, 3, 4, 5, 6, 7, 8, 9]
Local assets not found. Downloading from HuggingFace Hub...Local assets not found. Downloading from HuggingFace Hub...

Assets already downloaded at /root/.cache/libero/assetsAssets already downloaded at /root/.cache/libero/assets

Local assets not found. Downloading from HuggingFace Hub...
Assets already downloaded at /root/.cache/libero/assets
Local assets not found. Downloading from HuggingFace Hub...
Assets already downloaded at /root/.cache/libero/assets
Local assets not found. Downloading from HuggingFace Hub...
Assets already downloaded at /root/.cache/libero/assets
Local assets not found. Downloading from HuggingFace Hub...
Assets already downloaded at /root/.cache/libero/assets
batch libero_object:5 A10,step real=6/6 45.2 s brain 26.0 s 28 calls 152 rows
606/1040 episodes, 6.10 s/episode, eta 0.74 h
batch libero_object:5 A10,step real=6/6 35.9 s brain 24.9 s 28 calls 142 rows
612/1040 episodes, 6.10 s/episode, eta 0.73 h
batch libero_object:5 A10,step real=6/6 39.4 s brain 28.4 s 28 calls 168 rows
618/1040 episodes, 6.10 s/episode, eta 0.72 h
batch libero_object:5 A10,step real=6/6 36.2 s brain 24.6 s 28 calls 141 rows
624/1040 episodes, 6.10 s/episode, eta 0.71 h
batch libero_object:5 A10,step real=6/6 31.8 s brain 21.0 s 28 calls 111 rows
630/1040 episodes, 6.10 s/episode, eta 0.69 h
batch libero_object:5 A10,step real=6/6 32.3 s brain 20.4 s 28 calls 107 rows
636/1040 episodes, 6.09 s/episode, eta 0.68 h
batch libero_object:5 A10,step real=4/6 28.0 s brain 17.3 s 28 calls 82 rows
640/1040 episodes, 6.10 s/episode, eta 0.68 h
[info] using task orders [0, 1, 2, 3, 4, 5, 6, 7, 8, 9]
[info] using task orders [0, 1, 2, 3, 4, 5, 6, 7, 8, 9]
[info] using task orders [0, 1, 2, 3, 4, 5, 6, 7, 8, 9]
[info] using task orders [0, 1, 2, 3, 4, 5, 6, 7, 8, 9]
[info] using task orders [0, 1, 2, 3, 4, 5, 6, 7, 8, 9]
[info] using task orders [0, 1, 2, 3, 4, 5, 6, 7, 8, 9]
[info] using task orders [0, 1, 2, 3, 4, 5, 6, 7, 8, 9]
Local assets not found. Downloading from HuggingFace Hub...Local assets not found. Downloading from HuggingFace Hub...

Local assets not found. Downloading from HuggingFace Hub...Local assets not found. Downloading from HuggingFace Hub...

Assets already downloaded at /root/.cache/libero/assetsAssets already downloaded at /root/.cache/libero/assets

Assets already downloaded at /root/.cache/libero/assetsAssets already downloaded at /root/.cache/libero/assets

Local assets not found. Downloading from HuggingFace Hub...Local assets not found. Downloading from HuggingFace Hub...

Assets already downloaded at /root/.cache/libero/assetsAssets already downloaded at /root/.cache/libero/assets

batch libero_object:6 A10,step real=6/6 39.7 s brain 22.1 s 28 calls 119 rows
646/1040 episodes, 6.10 s/episode, eta 0.67 h
batch libero_object:6 A10,step real=6/6 34.3 s brain 23.4 s 28 calls 132 rows
652/1040 episodes, 6.10 s/episode, eta 0.66 h
batch libero_object:6 A10,step real=6/6 35.8 s brain 25.1 s 28 calls 144 rows
658/1040 episodes, 6.10 s/episode, eta 0.65 h
batch libero_object:6 A10,step real=6/6 30.6 s brain 20.3 s 28 calls 104 rows
664/1040 episodes, 6.09 s/episode, eta 0.64 h
batch libero_object:6 A10,step real=6/6 30.5 s brain 20.3 s 28 calls 102 rows
670/1040 episodes, 6.08 s/episode, eta 0.62 h
batch libero_object:6 A10,step real=6/6 34.1 s brain 23.2 s 28 calls 128 rows
676/1040 episodes, 6.08 s/episode, eta 0.61 h
batch libero_object:6 A10,step real=4/6 27.6 s brain 17.2 s 28 calls 83 rows
680/1040 episodes, 6.08 s/episode, eta 0.61 h
[info] using task orders [0, 1, 2, 3, 4, 5, 6, 7, 8, 9]
[info] using task orders [0, 1, 2, 3, 4, 5, 6, 7, 8, 9]
[info] using task orders [0, 1, 2, 3, 4, 5, 6, 7, 8, 9]
[info] using task orders [0, 1, 2, 3, 4, 5, 6, 7, 8, 9]
[info] using task orders [0, 1, 2, 3, 4, 5, 6, 7, 8, 9]
[info] using task orders [0, 1, 2, 3, 4, 5, 6, 7, 8, 9]
[info] using task orders [0, 1, 2, 3, 4, 5, 6, 7, 8, 9]
Local assets not found. Downloading from HuggingFace Hub...
Assets already downloaded at /root/.cache/libero/assets
Local assets not found. Downloading from HuggingFace Hub...
Local assets not found. Downloading from HuggingFace Hub...Local assets not found. Downloading from HuggingFace Hub...

Assets already downloaded at /root/.cache/libero/assets
Assets already downloaded at /root/.cache/libero/assetsAssets already downloaded at /root/.cache/libero/assets

Local assets not found. Downloading from HuggingFace Hub...
Local assets not found. Downloading from HuggingFace Hub...
Assets already downloaded at /root/.cache/libero/assets
Assets already downloaded at /root/.cache/libero/assets
batch libero_object:7 A10,step real=6/6 41.8 s brain 24.3 s 28 calls 139 rows
686/1040 episodes, 6.09 s/episode, eta 0.60 h
batch libero_object:7 A10,step real=6/6 31.0 s brain 20.8 s 28 calls 108 rows
692/1040 episodes, 6.09 s/episode, eta 0.59 h
batch libero_object:7 A10,step real=6/6 33.0 s brain 22.0 s 28 calls 122 rows
698/1040 episodes, 6.08 s/episode, eta 0.58 h
batch libero_object:7 A10,step real=6/6 32.8 s brain 22.2 s 28 calls 124 rows
704/1040 episodes, 6.07 s/episode, eta 0.57 h
batch libero_object:7 A10,step real=6/6 29.3 s brain 18.7 s 28 calls 94 rows
710/1040 episodes, 6.06 s/episode, eta 0.56 h
batch libero_object:7 A10,step real=6/6 31.3 s brain 20.7 s 28 calls 112 rows
716/1040 episodes, 6.06 s/episode, eta 0.55 h
batch libero_object:7 A10,step real=4/6 15.7 s brain 9.5 s 13 calls 52 rows
720/1040 episodes, 6.05 s/episode, eta 0.54 h
[info] using task orders [0, 1, 2, 3, 4, 5, 6, 7, 8, 9]
[info] using task orders [0, 1, 2, 3, 4, 5, 6, 7, 8, 9]
[info] using task orders [0, 1, 2, 3, 4, 5, 6, 7, 8, 9]
[info] using task orders [0, 1, 2, 3, 4, 5, 6, 7, 8, 9]
[info] using task orders [0, 1, 2, 3, 4, 5, 6, 7, 8, 9]
[info] using task orders [0, 1, 2, 3, 4, 5, 6, 7, 8, 9]
[info] using task orders [0, 1, 2, 3, 4, 5, 6, 7, 8, 9]
Local assets not found. Downloading from HuggingFace Hub...Local assets not found. Downloading from HuggingFace Hub...

Assets already downloaded at /root/.cache/libero/assetsAssets already downloaded at /root/.cache/libero/assets

Local assets not found. Downloading from HuggingFace Hub...Local assets not found. Downloading from HuggingFace Hub...

Assets already downloaded at /root/.cache/libero/assetsAssets already downloaded at /root/.cache/libero/assets

Local assets not found. Downloading from HuggingFace Hub...
Local assets not found. Downloading from HuggingFace Hub...
Assets already downloaded at /root/.cache/libero/assetsAssets already downloaded at /root/.cache/libero/assets

batch libero_object:8 A10,step real=6/6 39.0 s brain 21.1 s 28 calls 113 rows
726/1040 episodes, 6.05 s/episode, eta 0.53 h
batch libero_object:8 A10,step real=6/6 32.8 s brain 22.1 s 28 calls 123 rows
732/1040 episodes, 6.05 s/episode, eta 0.52 h
batch libero_object:8 A10,step real=6/6 31.6 s brain 21.2 s 28 calls 114 rows
738/1040 episodes, 6.04 s/episode, eta 0.51 h
batch libero_object:8 A10,step real=6/6 31.0 s brain 20.7 s 28 calls 110 rows
744/1040 episodes, 6.03 s/episode, eta 0.50 h
batch libero_object:8 A10,step real=6/6 22.7 s brain 15.4 s 16 calls 92 rows
750/1040 episodes, 6.02 s/episode, eta 0.48 h
batch libero_object:8 A10,step real=6/6 24.3 s brain 16.4 s 19 calls 94 rows
756/1040 episodes, 6.00 s/episode, eta 0.47 h
batch libero_object:8 A10,step real=4/6 18.5 s brain 11.6 s 16 calls 63 rows
760/1040 episodes, 5.99 s/episode, eta 0.47 h
[info] using task orders [0, 1, 2, 3, 4, 5, 6, 7, 8, 9]
[info] using task orders [0, 1, 2, 3, 4, 5, 6, 7, 8, 9]
[info] using task orders [0, 1, 2, 3, 4, 5, 6, 7, 8, 9]
[info] using task orders [0, 1, 2, 3, 4, 5, 6, 7, 8, 9]
[info] using task orders [0, 1, 2, 3, 4, 5, 6, 7, 8, 9]
[info] using task orders [0, 1, 2, 3, 4, 5, 6, 7, 8, 9]
[info] using task orders [0, 1, 2, 3, 4, 5, 6, 7, 8, 9]
Local assets not found. Downloading from HuggingFace Hub...Local assets not found. Downloading from HuggingFace Hub...

Local assets not found. Downloading from HuggingFace Hub...
Local assets not found. Downloading from HuggingFace Hub...
Assets already downloaded at /root/.cache/libero/assetsAssets already downloaded at /root/.cache/libero/assets

Assets already downloaded at /root/.cache/libero/assets
Assets already downloaded at /root/.cache/libero/assets
Local assets not found. Downloading from HuggingFace Hub...Local assets not found. Downloading from HuggingFace Hub...

Assets already downloaded at /root/.cache/libero/assetsAssets already downloaded at /root/.cache/libero/assets

batch libero_object:9 A10,step real=6/6 43.4 s brain 25.9 s 28 calls 151 rows
766/1040 episodes, 6.01 s/episode, eta 0.46 h
batch libero_object:9 A10,step real=6/6 39.6 s brain 28.4 s 28 calls 168 rows
772/1040 episodes, 6.01 s/episode, eta 0.45 h
batch libero_object:9 A10,step real=6/6 30.9 s brain 20.6 s 28 calls 108 rows
778/1040 episodes, 6.00 s/episode, eta 0.44 h
batch libero_object:9 A10,step real=6/6 32.0 s brain 21.7 s 28 calls 120 rows
784/1040 episodes, 6.00 s/episode, eta 0.43 h
batch libero_object:9 A10,step real=6/6 19.6 s brain 13.0 s 14 calls 77 rows
790/1040 episodes, 5.98 s/episode, eta 0.42 h
batch libero_object:9 A10,step real=6/6 17.9 s brain 11.8 s 12 calls 71 rows
796/1040 episodes, 5.96 s/episode, eta 0.40 h
batch libero_object:9 A10,step real=4/6 26.4 s brain 15.6 s 28 calls 66 rows
800/1040 episodes, 5.96 s/episode, eta 0.40 h
[info] using task orders [0, 1, 2, 3, 4, 5, 6, 7, 8, 9]
[info] using task orders [0, 1, 2, 3, 4, 5, 6, 7, 8, 9]
[info] using task orders [0, 1, 2, 3, 4, 5, 6, 7, 8, 9]
[info] using task orders [0, 1, 2, 3, 4, 5, 6, 7, 8, 9]
[info] using task orders [0, 1, 2, 3, 4, 5, 6, 7, 8, 9]
[info] using task orders [0, 1, 2, 3, 4, 5, 6, 7, 8, 9]
[info] using task orders [0, 1, 2, 3, 4, 5, 6, 7, 8, 9]
Local assets not found. Downloading from HuggingFace Hub...
Assets already downloaded at /root/.cache/libero/assets
Local assets not found. Downloading from HuggingFace Hub...Local assets not found. Downloading from HuggingFace Hub...

Assets already downloaded at /root/.cache/libero/assetsAssets already downloaded at /root/.cache/libero/assets

Local assets not found. Downloading from HuggingFace Hub...
Assets already downloaded at /root/.cache/libero/assets
Local assets not found. Downloading from HuggingFace Hub...
Local assets not found. Downloading from HuggingFace Hub...
Assets already downloaded at /root/.cache/libero/assets
Assets already downloaded at /root/.cache/libero/assets
batch libero_goal:1 A10,step real=6/6 41.4 s brain 21.7 s 30 calls 116 rows
806/1040 episodes, 5.97 s/episode, eta 0.39 h
batch libero_goal:1 A10,step real=6/6 35.7 s brain 24.3 s 30 calls 138 rows
812/1040 episodes, 5.97 s/episode, eta 0.38 h
batch libero_goal:1 A10,step real=6/6 27.9 s brain 16.9 s 30 calls 75 rows
818/1040 episodes, 5.96 s/episode, eta 0.37 h
batch libero_goal:1 A10,step real=6/6 37.4 s brain 24.3 s 30 calls 138 rows
824/1040 episodes, 5.96 s/episode, eta 0.36 h
batch libero_goal:1 A10,step real=6/6 32.4 s brain 20.3 s 30 calls 97 rows
830/1040 episodes, 5.96 s/episode, eta 0.35 h
batch libero_goal:1 A10,step real=6/6 28.4 s brain 16.8 s 30 calls 74 rows
836/1040 episodes, 5.95 s/episode, eta 0.34 h
batch libero_goal:1 A10,step real=4/6 25.2 s brain 14.2 s 30 calls 55 rows
840/1040 episodes, 5.95 s/episode, eta 0.33 h
[info] using task orders [0, 1, 2, 3, 4, 5, 6, 7, 8, 9]
[info] using task orders [0, 1, 2, 3, 4, 5, 6, 7, 8, 9]
[info] using task orders [0, 1, 2, 3, 4, 5, 6, 7, 8, 9]
[info] using task orders [0, 1, 2, 3, 4, 5, 6, 7, 8, 9]
[info] using task orders [0, 1, 2, 3, 4, 5, 6, 7, 8, 9]
[info] using task orders [0, 1, 2, 3, 4, 5, 6, 7, 8, 9]
[info] using task orders [0, 1, 2, 3, 4, 5, 6, 7, 8, 9]
Local assets not found. Downloading from HuggingFace Hub...Local assets not found. Downloading from HuggingFace Hub...

Assets already downloaded at /root/.cache/libero/assetsAssets already downloaded at /root/.cache/libero/assets

Local assets not found. Downloading from HuggingFace Hub...
Assets already downloaded at /root/.cache/libero/assets
Local assets not found. Downloading from HuggingFace Hub...
Assets already downloaded at /root/.cache/libero/assets
Local assets not found. Downloading from HuggingFace Hub...Local assets not found. Downloading from HuggingFace Hub...

Assets already downloaded at /root/.cache/libero/assetsAssets already downloaded at /root/.cache/libero/assets

batch libero_goal:2 A10,step real=6/6 40.7 s brain 22.1 s 30 calls 118 rows
846/1040 episodes, 5.96 s/episode, eta 0.32 h
batch libero_goal:2 A10,step real=6/6 31.1 s brain 19.6 s 30 calls 98 rows
852/1040 episodes, 5.95 s/episode, eta 0.31 h
batch libero_goal:2 A10,step real=6/6 31.4 s brain 19.6 s 30 calls 98 rows
858/1040 episodes, 5.95 s/episode, eta 0.30 h
batch libero_goal:2 A10,step real=6/6 31.3 s brain 19.7 s 30 calls 98 rows
864/1040 episodes, 5.94 s/episode, eta 0.29 h
batch libero_goal:2 A10,step real=6/6 28.3 s brain 17.2 s 30 calls 77 rows
870/1040 episodes, 5.93 s/episode, eta 0.28 h
batch libero_goal:2 A10,step real=6/6 32.1 s brain 19.7 s 30 calls 100 rows
876/1040 episodes, 5.93 s/episode, eta 0.27 h
batch libero_goal:2 A10,step real=4/6 26.8 s brain 14.6 s 30 calls 59 rows
880/1040 episodes, 5.93 s/episode, eta 0.26 h
[info] using task orders [0, 1, 2, 3, 4, 5, 6, 7, 8, 9]
[info] using task orders [0, 1, 2, 3, 4, 5, 6, 7, 8, 9]
[info] using task orders [0, 1, 2, 3, 4, 5, 6, 7, 8, 9]
[info] using task orders [0, 1, 2, 3, 4, 5, 6, 7, 8, 9]
[info] using task orders [0, 1, 2, 3, 4, 5, 6, 7, 8, 9]
[info] using task orders [0, 1, 2, 3, 4, 5, 6, 7, 8, 9]
[info] using task orders [0, 1, 2, 3, 4, 5, 6, 7, 8, 9]
Local assets not found. Downloading from HuggingFace Hub...
Assets already downloaded at /root/.cache/libero/assets
Local assets not found. Downloading from HuggingFace Hub...
Assets already downloaded at /root/.cache/libero/assets
Local assets not found. Downloading from HuggingFace Hub...
Local assets not found. Downloading from HuggingFace Hub...
Assets already downloaded at /root/.cache/libero/assets
Assets already downloaded at /root/.cache/libero/assets
Local assets not found. Downloading from HuggingFace Hub...
Assets already downloaded at /root/.cache/libero/assets
Local assets not found. Downloading from HuggingFace Hub...
Assets already downloaded at /root/.cache/libero/assets
batch libero_goal:4 A10,step real=6/6 41.6 s brain 21.9 s 30 calls 117 rows
886/1040 episodes, 5.94 s/episode, eta 0.25 h
batch libero_goal:4 A10,step real=6/6 29.2 s brain 17.3 s 30 calls 80 rows
892/1040 episodes, 5.94 s/episode, eta 0.24 h
batch libero_goal:4 A10,step real=6/6 30.4 s brain 17.7 s 30 calls 83 rows
898/1040 episodes, 5.93 s/episode, eta 0.23 h
batch libero_goal:4 A10,step real=6/6 29.4 s brain 16.7 s 30 calls 74 rows
904/1040 episodes, 5.92 s/episode, eta 0.22 h
batch libero_goal:4 A10,step real=6/6 28.2 s brain 16.3 s 30 calls 73 rows
910/1040 episodes, 5.91 s/episode, eta 0.21 h
batch libero_goal:4 A10,step real=6/6 31.5 s brain 18.1 s 30 calls 87 rows
916/1040 episodes, 5.91 s/episode, eta 0.20 h
batch libero_goal:4 A10,step real=4/6 11.7 s brain 6.5 s 9 calls 35 rows
920/1040 episodes, 5.90 s/episode, eta 0.20 h
[info] using task orders [0, 1, 2, 3, 4, 5, 6, 7, 8, 9]
[info] using task orders [0, 1, 2, 3, 4, 5, 6, 7, 8, 9]
[info] using task orders [0, 1, 2, 3, 4, 5, 6, 7, 8, 9]
[info] using task orders [0, 1, 2, 3, 4, 5, 6, 7, 8, 9]
[info] using task orders [0, 1, 2, 3, 4, 5, 6, 7, 8, 9]
[info] using task orders [0, 1, 2, 3, 4, 5, 6, 7, 8, 9]
[info] using task orders [0, 1, 2, 3, 4, 5, 6, 7, 8, 9]
Local assets not found. Downloading from HuggingFace Hub...Local assets not found. Downloading from HuggingFace Hub...

Assets already downloaded at /root/.cache/libero/assetsAssets already downloaded at /root/.cache/libero/assets

Local assets not found. Downloading from HuggingFace Hub...Local assets not found. Downloading from HuggingFace Hub...

Assets already downloaded at /root/.cache/libero/assetsAssets already downloaded at /root/.cache/libero/assets

Local assets not found. Downloading from HuggingFace Hub...Local assets not found. Downloading from HuggingFace Hub...

Assets already downloaded at /root/.cache/libero/assetsAssets already downloaded at /root/.cache/libero/assets

batch libero_goal:6 A10,step real=6/6 41.4 s brain 21.9 s 30 calls 117 rows
926/1040 episodes, 5.91 s/episode, eta 0.19 h
batch libero_goal:6 A10,step real=6/6 37.2 s brain 24.7 s 30 calls 140 rows
932/1040 episodes, 5.91 s/episode, eta 0.18 h
batch libero_goal:6 A10,step real=6/6 36.7 s brain 24.2 s 30 calls 138 rows
938/1040 episodes, 5.91 s/episode, eta 0.17 h
[18:17:39] phase control, lane p, id 6 (520 episodes): --brain pi05 --kinds control --cells A --methods none,G@glr --inits 0-9
[18:17:39] pass 1: --brain pi05 --kinds control --cells A --methods none,G@glr --inits 0-9 --precision fp32 --n-envs 6 --kbar 0.1566 --t-ramp 5 --k-p 1.0 --tau-k 0.039517 --out results/c1-e4/pod/grid_pi05.jsonl
[robosuite WARNING] No private macro file found! (__init__.py:7)
WARNING:robosuite_logs:No private macro file found!
[robosuite WARNING] It is recommended to use a private macro file (__init__.py:8)
WARNING:robosuite_logs:It is recommended to use a private macro file
[robosuite WARNING] To setup, run: python /workspace/jit-reflex/venv/lib/python3.12/site-packages/robosuite/scripts/setup_macros.py (__init__.py:9)
WARNING:robosuite_logs:To setup, run: python /workspace/jit-reflex/venv/lib/python3.12/site-packages/robosuite/scripts/setup_macros.py
0 episodes to run
[18:17:49] pass 2 skipped: pass 1 exited cleanly, no failed batch
[18:17:52] phase q0, lane p, id 1 (2080 episodes): --brain pi05 --kinds step --cells C --methods none,T0 --inits 0-39
[18:17:52] pass 1: --brain pi05 --kinds step --cells C --methods none,T0 --inits 0-39 --precision fp32 --n-envs 6 --kbar 0.1566 --t-ramp 5 --k-p 1.0 --tau-k 0.039517 --out results/c1-e4/pod/grid_pi05.jsonl
[robosuite WARNING] No private macro file found! (__init__.py:7)
WARNING:robosuite_logs:No private macro file found!
[robosuite WARNING] It is recommended to use a private macro file (__init__.py:8)
WARNING:robosuite_logs:It is recommended to use a private macro file
[robosuite WARNING] To setup, run: python /workspace/jit-reflex/venv/lib/python3.12/site-packages/robosuite/scripts/setup_macros.py (__init__.py:9)
WARNING:robosuite_logs:To setup, run: python /workspace/jit-reflex/venv/lib/python3.12/site-packages/robosuite/scripts/setup_macros.py
0 episodes to run
[18:18:03] pass 2 skipped: pass 1 exited cleanly, no failed batch
[18:18:07] phase pi, lane p, id 2 (3900 episodes): --brain pi05 --kinds step --cells A --methods none,G,Gkeep,Gk0,Gauto --inits 0-29
[18:18:07] pass 1: --brain pi05 --kinds step --cells A --methods none,G,Gkeep,Gk0,Gauto --inits 0-29 --precision fp32 --n-envs 6 --kbar 0.1566 --t-ramp 5 --k-p 1.0 --tau-k 0.039517 --out results/c1-e4/pod/grid_pi05.jsonl
[robosuite WARNING] No private macro file found! (__init__.py:7)
WARNING:robosuite_logs:No private macro file found!
[robosuite WARNING] It is recommended to use a private macro file (__init__.py:8)
WARNING:robosuite_logs:It is recommended to use a private macro file
[robosuite WARNING] To setup, run: python /workspace/jit-reflex/venv/lib/python3.12/site-packages/robosuite/scripts/setup_macros.py (__init__.py:9)
WARNING:robosuite_logs:To setup, run: python /workspace/jit-reflex/venv/lib/python3.12/site-packages/robosuite/scripts/setup_macros.py
0 episodes to run
[18:18:17] pass 2 skipped: pass 1 exited cleanly, no failed batch
[18:18:17] phase pi, lane p, id 3 (1388 episodes): --brain pi05 --kinds step --cells A,C --methods GT,GautoT --inits 0-39 --classes 2
[18:18:17] pass 1: --brain pi05 --kinds step --cells A,C --methods GT,GautoT --inits 0-39 --classes 2 --precision fp32 --n-envs 6 --kbar 0.1566 --t-ramp 5 --k-p 1.0 --tau-k 0.039517 --out results/c1-e4/pod/grid_pi05.jsonl
[robosuite WARNING] No private macro file found! (__init__.py:7)
WARNING:robosuite_logs:No private macro file found!
[robosuite WARNING] It is recommended to use a private macro file (__init__.py:8)
WARNING:robosuite_logs:It is recommended to use a private macro file
[robosuite WARNING] To setup, run: python /workspace/jit-reflex/venv/lib/python3.12/site-packages/robosuite/scripts/setup_macros.py (__init__.py:9)
WARNING:robosuite_logs:To setup, run: python /workspace/jit-reflex/venv/lib/python3.12/site-packages/robosuite/scripts/setup_macros.py
0 episodes to run
[18:18:27] pass 2 skipped: pass 1 exited cleanly, no failed batch
[18:18:27] phase pi, lane p, id 5 (520 episodes): --brain pi05 --kinds step --cells A --methods G@glr --inits 0-19
[18:18:27] pass 1: --brain pi05 --kinds step --cells A --methods G@glr --inits 0-19 --precision fp32 --n-envs 6 --kbar 0.1566 --t-ramp 5 --k-p 1.0 --tau-k 0.039517 --out results/c1-e4/pod/grid_pi05.jsonl
[robosuite WARNING] No private macro file found! (__init__.py:7)
WARNING:robosuite_logs:No private macro file found!
[robosuite WARNING] It is recommended to use a private macro file (__init__.py:8)
WARNING:robosuite_logs:It is recommended to use a private macro file
[robosuite WARNING] To setup, run: python /workspace/jit-reflex/venv/lib/python3.12/site-packages/robosuite/scripts/setup_macros.py (__init__.py:9)
WARNING:robosuite_logs:To setup, run: python /workspace/jit-reflex/venv/lib/python3.12/site-packages/robosuite/scripts/setup_macros.py
0 episodes to run
[18:18:37] pass 2 skipped: pass 1 exited cleanly, no failed batch
[18:18:37] phase pi, lane p, id 4 (2080 episodes): --brain pi05 --kinds step --cells A20,A40 --methods none,G --inits 0-19
[18:18:37] pass 1: --brain pi05 --kinds step --cells A20,A40 --methods none,G --inits 0-19 --precision fp32 --n-envs 6 --kbar 0.1566 --t-ramp 5 --k-p 1.0 --tau-k 0.039517 --out results/c1-e4/pod/grid_pi05.jsonl
[robosuite WARNING] No private macro file found! (__init__.py:7)
WARNING:robosuite_logs:No private macro file found!
[robosuite WARNING] It is recommended to use a private macro file (__init__.py:8)
WARNING:robosuite_logs:It is recommended to use a private macro file
[robosuite WARNING] To setup, run: python /workspace/jit-reflex/venv/lib/python3.12/site-packages/robosuite/scripts/setup_macros.py (__init__.py:9)
WARNING:robosuite_logs:To setup, run: python /workspace/jit-reflex/venv/lib/python3.12/site-packages/robosuite/scripts/setup_macros.py
0 episodes to run
[18:18:48] pass 2 skipped: pass 1 exited cleanly, no failed batch
[18:18:48] phase pi, lane p, id 5d (1040 episodes): --brain pi05 --kinds step --cells A20,A40 --methods G@glr --inits 0-19
[18:18:48] pass 1: --brain pi05 --kinds step --cells A20,A40 --methods G@glr --inits 0-19 --precision fp32 --n-envs 6 --kbar 0.1566 --t-ramp 5 --k-p 1.0 --tau-k 0.039517 --out results/c1-e4/pod/grid_pi05.jsonl
[robosuite WARNING] No private macro file found! (__init__.py:7)
WARNING:robosuite_logs:No private macro file found!
[robosuite WARNING] It is recommended to use a private macro file (__init__.py:8)
WARNING:robosuite_logs:It is recommended to use a private macro file
[robosuite WARNING] To setup, run: python /workspace/jit-reflex/venv/lib/python3.12/site-packages/robosuite/scripts/setup_macros.py (__init__.py:9)
WARNING:robosuite_logs:To setup, run: python /workspace/jit-reflex/venv/lib/python3.12/site-packages/robosuite/scripts/setup_macros.py
0 episodes to run
[18:18:58] pass 2 skipped: pass 1 exited cleanly, no failed batch
[18:18:58] phase pi, lane p, id 6d (1040 episodes): --brain pi05 --kinds control --cells A20,A40 --methods none,G@glr --inits 0-9
[18:18:58] pass 1: --brain pi05 --kinds control --cells A20,A40 --methods none,G@glr --inits 0-9 --precision fp32 --n-envs 6 --kbar 0.1566 --t-ramp 5 --k-p 1.0 --tau-k 0.039517 --out results/c1-e4/pod/grid_pi05.jsonl
[robosuite WARNING] No private macro file found! (__init__.py:7)
WARNING:robosuite_logs:No private macro file found!
[robosuite WARNING] It is recommended to use a private macro file (__init__.py:8)
WARNING:robosuite_logs:It is recommended to use a private macro file
[robosuite WARNING] To setup, run: python /workspace/jit-reflex/venv/lib/python3.12/site-packages/robosuite/scripts/setup_macros.py (__init__.py:9)
WARNING:robosuite_logs:To setup, run: python /workspace/jit-reflex/venv/lib/python3.12/site-packages/robosuite/scripts/setup_macros.py
0 episodes to run
[18:19:08] pass 2 skipped: pass 1 exited cleanly, no failed batch
[21:14:20] phase r1, lane p, id 17 (1040 episodes): --brain pi05 --kinds step --cells A10 --methods none,G --inits 0-19
[21:14:20] pass 1: --brain pi05 --kinds step --cells A10 --methods none,G --inits 0-19 --precision fp32 --n-envs 6 --kbar 0.1566 --t-ramp 5 --k-p 1.0 --tau-k 0.039517 --out results/c1-e4/pod/grid_pi05.jsonl
[robosuite WARNING] No private macro file found! (__init__.py:7)
WARNING:robosuite_logs:No private macro file found!
[robosuite WARNING] It is recommended to use a private macro file (__init__.py:8)
WARNING:robosuite_logs:It is recommended to use a private macro file
[robosuite WARNING] To setup, run: python /workspace/jit-reflex/venv/lib/python3.12/site-packages/robosuite/scripts/setup_macros.py (__init__.py:9)
WARNING:robosuite_logs:To setup, run: python /workspace/jit-reflex/venv/lib/python3.12/site-packages/robosuite/scripts/setup_macros.py
102 episodes to run
Fetching 9 files:   0%|          | 0/9 [00:00<?, ?it/s]Fetching 9 files: 100%|██████████| 9/9 [00:00<00:00, 507.55it/s]
The PI05 model is a direct port of the OpenPI implementation. 
This implementation follows the original OpenPI structure for compatibility. 
Original implementation: https://github.com/Physical-Intelligence/openpi
Loading model from: /workspace/.cache/huggingface/hub/models--lerobot--pi05_libero_finetuned_v044/snapshots/8e174154ef5f6c60a8da12ae99c303d8963138c1
✓ Loaded state dict from model.safetensors
WARNING:root:Vision embedding key might need handling: model.paligemma_with_expert.paligemma.model.vision_tower.vision_model.embeddings.patch_embedding.bias
WARNING:root:Vision embedding key might need handling: model.paligemma_with_expert.paligemma.model.vision_tower.vision_model.embeddings.patch_embedding.weight
All keys loaded successfully!
[info] using task orders [0, 1, 2, 3, 4, 5, 6, 7, 8, 9]
/usr/lib/python3.12/multiprocessing/popen_fork.py:66: DeprecationWarning: This process (pid=226378) is multi-threaded, use of fork() may lead to deadlocks in the child.
  self.pid = os.fork()
[info] using task orders [0, 1, 2, 3, 4, 5, 6, 7, 8, 9]
[info] using task orders [0, 1, 2, 3, 4, 5, 6, 7, 8, 9]
[info] using task orders [0, 1, 2, 3, 4, 5, 6, 7, 8, 9]
[info] using task orders [0, 1, 2, 3, 4, 5, 6, 7, 8, 9]
[info] using task orders [0, 1, 2, 3, 4, 5, 6, 7, 8, 9]
[info] using task orders [0, 1, 2, 3, 4, 5, 6, 7, 8, 9]
Local assets not found. Downloading from HuggingFace Hub...Local assets not found. Downloading from HuggingFace Hub...Local assets not found. Downloading from HuggingFace Hub...


Local assets not found. Downloading from HuggingFace Hub...
Assets already downloaded at /root/.cache/libero/assets
Assets already downloaded at /root/.cache/libero/assets
Assets already downloaded at /root/.cache/libero/assetsAssets already downloaded at /root/.cache/libero/assets

Local assets not found. Downloading from HuggingFace Hub...Local assets not found. Downloading from HuggingFace Hub...

Assets already downloaded at /root/.cache/libero/assets
Assets already downloaded at /root/.cache/libero/assets
batch libero_goal:6 A10,step real=6/6 46.4 s brain 26.7 s 30 calls 139 rows
6/102 episodes, 7.91 s/episode, eta 0.21 h
batch libero_goal:6 A10,step real=6/6 28.5 s brain 16.9 s 30 calls 76 rows
12/102 episodes, 6.33 s/episode, eta 0.16 h
batch libero_goal:6 A10,step real=6/6 33.5 s brain 21.7 s 30 calls 118 rows
18/102 episodes, 6.08 s/episode, eta 0.14 h
batch libero_goal:6 A10,step real=4/6 31.5 s brain 20.0 s 30 calls 104 rows
22/102 episodes, 6.41 s/episode, eta 0.14 h
[info] using task orders [0, 1, 2, 3, 4, 5, 6, 7, 8, 9]
[info] using task orders [0, 1, 2, 3, 4, 5, 6, 7, 8, 9]
[info] using task orders [0, 1, 2, 3, 4, 5, 6, 7, 8, 9]
[info] using task orders [0, 1, 2, 3, 4, 5, 6, 7, 8, 9]
[info] using task orders [0, 1, 2, 3, 4, 5, 6, 7, 8, 9]
[info] using task orders [0, 1, 2, 3, 4, 5, 6, 7, 8, 9]
[info] using task orders [0, 1, 2, 3, 4, 5, 6, 7, 8, 9]
Local assets not found. Downloading from HuggingFace Hub...Local assets not found. Downloading from HuggingFace Hub...

Assets already downloaded at /root/.cache/libero/assetsAssets already downloaded at /root/.cache/libero/assets

Local assets not found. Downloading from HuggingFace Hub...
Assets already downloaded at /root/.cache/libero/assets
Local assets not found. Downloading from HuggingFace Hub...
Assets already downloaded at /root/.cache/libero/assets
Local assets not found. Downloading from HuggingFace Hub...Local assets not found. Downloading from HuggingFace Hub...

Assets already downloaded at /root/.cache/libero/assetsAssets already downloaded at /root/.cache/libero/assets

batch libero_goal:8 A10,step real=6/6 38.3 s brain 20.6 s 30 calls 105 rows
28/102 episodes, 6.48 s/episode, eta 0.13 h
batch libero_goal:8 A10,step real=6/6 36.0 s brain 24.0 s 30 calls 136 rows
34/102 episodes, 6.39 s/episode, eta 0.12 h
batch libero_goal:8 A10,step real=6/6 35.9 s brain 21.3 s 30 calls 114 rows
40/102 episodes, 6.33 s/episode, eta 0.11 h
batch libero_goal:8 A10,step real=6/6 27.6 s brain 16.2 s 30 calls 69 rows
46/102 episodes, 6.11 s/episode, eta 0.09 h
batch libero_goal:8 A10,step real=6/6 34.4 s brain 21.3 s 30 calls 114 rows
52/102 episodes, 6.06 s/episode, eta 0.08 h
batch libero_goal:8 A10,step real=6/6 30.6 s brain 18.8 s 30 calls 92 rows
58/102 episodes, 5.96 s/episode, eta 0.07 h
batch libero_goal:8 A10,step real=4/6 28.7 s brain 14.1 s 30 calls 54 rows
62/102 episodes, 6.04 s/episode, eta 0.07 h
[info] using task orders [0, 1, 2, 3, 4, 5, 6, 7, 8, 9]
[info] using task orders [0, 1, 2, 3, 4, 5, 6, 7, 8, 9]
[info] using task orders [0, 1, 2, 3, 4, 5, 6, 7, 8, 9]
[info] using task orders [0, 1, 2, 3, 4, 5, 6, 7, 8, 9]
[info] using task orders [0, 1, 2, 3, 4, 5, 6, 7, 8, 9]
[info] using task orders [0, 1, 2, 3, 4, 5, 6, 7, 8, 9]
[info] using task orders [0, 1, 2, 3, 4, 5, 6, 7, 8, 9]
Local assets not found. Downloading from HuggingFace Hub...
Local assets not found. Downloading from HuggingFace Hub...
Assets already downloaded at /root/.cache/libero/assets
Local assets not found. Downloading from HuggingFace Hub...Assets already downloaded at /root/.cache/libero/assets

Assets already downloaded at /root/.cache/libero/assets
Local assets not found. Downloading from HuggingFace Hub...
Assets already downloaded at /root/.cache/libero/assets
Local assets not found. Downloading from HuggingFace Hub...
Assets already downloaded at /root/.cache/libero/assets
Local assets not found. Downloading from HuggingFace Hub...
Assets already downloaded at /root/.cache/libero/assets
batch libero_goal:9 A10,step real=6/6 42.4 s brain 23.6 s 30 calls 119 rows
68/102 episodes, 6.16 s/episode, eta 0.06 h
batch libero_goal:9 A10,step real=6/6 36.2 s brain 23.6 s 30 calls 132 rows
74/102 episodes, 6.15 s/episode, eta 0.05 h
batch libero_goal:9 A10,step real=6/6 36.0 s brain 23.7 s 30 calls 134 rows
80/102 episodes, 6.14 s/episode, eta 0.04 h
batch libero_goal:9 A10,step real=6/6 35.6 s brain 24.0 s 30 calls 136 rows
86/102 episodes, 6.13 s/episode, eta 0.03 h
batch libero_goal:9 A10,step real=6/6 35.9 s brain 23.9 s 30 calls 134 rows
92/102 episodes, 6.12 s/episode, eta 0.02 h
batch libero_goal:9 A10,step real=6/6 32.5 s brain 20.8 s 30 calls 106 rows
98/102 episodes, 6.08 s/episode, eta 0.01 h
batch libero_goal:9 A10,step real=4/6 27.8 s brain 15.8 s 30 calls 70 rows
102/102 episodes, 6.11 s/episode, eta 0.00 h
[21:27:22] pass 2 skipped: pass 1 exited cleanly, no failed batch
[21:27:22] phase r1, lane p, id 13 (260 episodes): --brain pi05 --kinds control --cells C --methods none --inits 0-9
[21:27:22] pass 1: --brain pi05 --kinds control --cells C --methods none --inits 0-9 --precision fp32 --n-envs 6 --kbar 0.1566 --t-ramp 5 --k-p 1.0 --tau-k 0.039517 --out results/c1-e4/pod/grid_pi05.jsonl
[robosuite WARNING] No private macro file found! (__init__.py:7)
WARNING:robosuite_logs:No private macro file found!
[robosuite WARNING] It is recommended to use a private macro file (__init__.py:8)
WARNING:robosuite_logs:It is recommended to use a private macro file
[robosuite WARNING] To setup, run: python /workspace/jit-reflex/venv/lib/python3.12/site-packages/robosuite/scripts/setup_macros.py (__init__.py:9)
WARNING:robosuite_logs:To setup, run: python /workspace/jit-reflex/venv/lib/python3.12/site-packages/robosuite/scripts/setup_macros.py
260 episodes to run
Fetching 9 files:   0%|          | 0/9 [00:00<?, ?it/s]Fetching 9 files: 100%|██████████| 9/9 [00:00<00:00, 596.53it/s]
The PI05 model is a direct port of the OpenPI implementation. 
This implementation follows the original OpenPI structure for compatibility. 
Original implementation: https://github.com/Physical-Intelligence/openpi
Loading model from: /workspace/.cache/huggingface/hub/models--lerobot--pi05_libero_finetuned_v044/snapshots/8e174154ef5f6c60a8da12ae99c303d8963138c1
✓ Loaded state dict from model.safetensors
WARNING:root:Vision embedding key might need handling: model.paligemma_with_expert.paligemma.model.vision_tower.vision_model.embeddings.patch_embedding.bias
WARNING:root:Vision embedding key might need handling: model.paligemma_with_expert.paligemma.model.vision_tower.vision_model.embeddings.patch_embedding.weight
All keys loaded successfully!
[info] using task orders [0, 1, 2, 3, 4, 5, 6, 7, 8, 9]
/usr/lib/python3.12/multiprocessing/popen_fork.py:66: DeprecationWarning: This process (pid=227537) is multi-threaded, use of fork() may lead to deadlocks in the child.
  self.pid = os.fork()
[info] using task orders [0, 1, 2, 3, 4, 5, 6, 7, 8, 9]
[info] using task orders [0, 1, 2, 3, 4, 5, 6, 7, 8, 9]
[info] using task orders [0, 1, 2, 3, 4, 5, 6, 7, 8, 9]
[info] using task orders [0, 1, 2, 3, 4, 5, 6, 7, 8, 9]
[info] using task orders [0, 1, 2, 3, 4, 5, 6, 7, 8, 9]
[info] using task orders [0, 1, 2, 3, 4, 5, 6, 7, 8, 9]
Local assets not found. Downloading from HuggingFace Hub...Local assets not found. Downloading from HuggingFace Hub...Local assets not found. Downloading from HuggingFace Hub...Local assets not found. Downloading from HuggingFace Hub...



Assets already downloaded at /root/.cache/libero/assetsAssets already downloaded at /root/.cache/libero/assetsAssets already downloaded at /root/.cache/libero/assetsAssets already downloaded at /root/.cache/libero/assets



Local assets not found. Downloading from HuggingFace Hub...Local assets not found. Downloading from HuggingFace Hub...

Assets already downloaded at /root/.cache/libero/assetsAssets already downloaded at /root/.cache/libero/assets

batch libero_spatial:0 C,control real=6/6 15.2 s brain 2.4 s 2 calls 12 rows
6/260 episodes, 2.71 s/episode, eta 0.19 h
batch libero_spatial:0 C,control real=4/6 6.9 s brain 1.5 s 2 calls 8 rows
10/260 episodes, 2.32 s/episode, eta 0.16 h
[info] using task orders [0, 1, 2, 3, 4, 5, 6, 7, 8, 9]
[info] using task orders [0, 1, 2, 3, 4, 5, 6, 7, 8, 9]
[info] using task orders [0, 1, 2, 3, 4, 5, 6, 7, 8, 9]
[info] using task orders [0, 1, 2, 3, 4, 5, 6, 7, 8, 9]
[info] using task orders [0, 1, 2, 3, 4, 5, 6, 7, 8, 9]
[info] using task orders [0, 1, 2, 3, 4, 5, 6, 7, 8, 9]
[info] using task orders [0, 1, 2, 3, 4, 5, 6, 7, 8, 9]
Local assets not found. Downloading from HuggingFace Hub...Local assets not found. Downloading from HuggingFace Hub...

Assets already downloaded at /root/.cache/libero/assetsAssets already downloaded at /root/.cache/libero/assets

Local assets not found. Downloading from HuggingFace Hub...Local assets not found. Downloading from HuggingFace Hub...

Assets already downloaded at /root/.cache/libero/assetsAssets already downloaded at /root/.cache/libero/assets

Local assets not found. Downloading from HuggingFace Hub...
Local assets not found. Downloading from HuggingFace Hub...
Assets already downloaded at /root/.cache/libero/assets
Assets already downloaded at /root/.cache/libero/assets
batch libero_spatial:1 C,control real=6/6 22.4 s brain 4.1 s 5 calls 20 rows
16/260 episodes, 2.99 s/episode, eta 0.20 h
batch libero_spatial:1 C,control real=4/6 11.1 s brain 2.4 s 3 calls 12 rows
20/260 episodes, 2.95 s/episode, eta 0.20 h
[info] using task orders [0, 1, 2, 3, 4, 5, 6, 7, 8, 9]
[info] using task orders [0, 1, 2, 3, 4, 5, 6, 7, 8, 9]
[info] using task orders [0, 1, 2, 3, 4, 5, 6, 7, 8, 9]
[info] using task orders [0, 1, 2, 3, 4, 5, 6, 7, 8, 9]
[info] using task orders [0, 1, 2, 3, 4, 5, 6, 7, 8, 9]
[info] using task orders [0, 1, 2, 3, 4, 5, 6, 7, 8, 9]
[info] using task orders [0, 1, 2, 3, 4, 5, 6, 7, 8, 9]
Local assets not found. Downloading from HuggingFace Hub...Local assets not found. Downloading from HuggingFace Hub...Local assets not found. Downloading from HuggingFace Hub...Local assets not found. Downloading from HuggingFace Hub...



Local assets not found. Downloading from HuggingFace Hub...
Assets already downloaded at /root/.cache/libero/assetsAssets already downloaded at /root/.cache/libero/assetsAssets already downloaded at /root/.cache/libero/assetsAssets already downloaded at /root/.cache/libero/assets



Assets already downloaded at /root/.cache/libero/assets
Local assets not found. Downloading from HuggingFace Hub...
Assets already downloaded at /root/.cache/libero/assets
batch libero_spatial:2 C,control real=6/6 16.4 s brain 2.2 s 2 calls 12 rows
26/260 episodes, 2.99 s/episode, eta 0.19 h
batch libero_spatial:2 C,control real=4/6 7.7 s brain 1.5 s 2 calls 8 rows
30/260 episodes, 2.85 s/episode, eta 0.18 h
[info] using task orders [0, 1, 2, 3, 4, 5, 6, 7, 8, 9]
[info] using task orders [0, 1, 2, 3, 4, 5, 6, 7, 8, 9]
[info] using task orders [0, 1, 2, 3, 4, 5, 6, 7, 8, 9]
[info] using task orders [0, 1, 2, 3, 4, 5, 6, 7, 8, 9]
[info] using task orders [0, 1, 2, 3, 4, 5, 6, 7, 8, 9]
[info] using task orders [0, 1, 2, 3, 4, 5, 6, 7, 8, 9]
[info] using task orders [0, 1, 2, 3, 4, 5, 6, 7, 8, 9]
Local assets not found. Downloading from HuggingFace Hub...Local assets not found. Downloading from HuggingFace Hub...

Assets already downloaded at /root/.cache/libero/assetsAssets already downloaded at /root/.cache/libero/assets

Local assets not found. Downloading from HuggingFace Hub...
Local assets not found. Downloading from HuggingFace Hub...
Assets already downloaded at /root/.cache/libero/assets
Assets already downloaded at /root/.cache/libero/assets
Local assets not found. Downloading from HuggingFace Hub...Local assets not found. Downloading from HuggingFace Hub...

Assets already downloaded at /root/.cache/libero/assetsAssets already downloaded at /root/.cache/libero/assets

batch libero_spatial:3 C,control real=6/6 15.2 s brain 2.1 s 2 calls 12 rows
36/260 episodes, 2.86 s/episode, eta 0.18 h
batch libero_spatial:3 C,control real=4/6 7.4 s brain 1.4 s 2 calls 8 rows
40/260 episodes, 2.76 s/episode, eta 0.17 h
[info] using task orders [0, 1, 2, 3, 4, 5, 6, 7, 8, 9]
[info] using task orders [0, 1, 2, 3, 4, 5, 6, 7, 8, 9]
[info] using task orders [0, 1, 2, 3, 4, 5, 6, 7, 8, 9]
[info] using task orders [0, 1, 2, 3, 4, 5, 6, 7, 8, 9]
[info] using task orders [0, 1, 2, 3, 4, 5, 6, 7, 8, 9]
[info] using task orders [0, 1, 2, 3, 4, 5, 6, 7, 8, 9]
[info] using task orders [0, 1, 2, 3, 4, 5, 6, 7, 8, 9]
Local assets not found. Downloading from HuggingFace Hub...Local assets not found. Downloading from HuggingFace Hub...

Assets already downloaded at /root/.cache/libero/assetsAssets already downloaded at /root/.cache/libero/assets

Local assets not found. Downloading from HuggingFace Hub...
Assets already downloaded at /root/.cache/libero/assets
Local assets not found. Downloading from HuggingFace Hub...
Assets already downloaded at /root/.cache/libero/assets
Local assets not found. Downloading from HuggingFace Hub...Local assets not found. Downloading from HuggingFace Hub...

Assets already downloaded at /root/.cache/libero/assetsAssets already downloaded at /root/.cache/libero/assets

batch libero_spatial:4 C,control real=6/6 22.9 s brain 4.4 s 6 calls 22 rows
46/260 episodes, 2.94 s/episode, eta 0.18 h
batch libero_spatial:4 C,control real=4/6 9.3 s brain 2.3 s 3 calls 12 rows
50/260 episodes, 2.89 s/episode, eta 0.17 h
[info] using task orders [0, 1, 2, 3, 4, 5, 6, 7, 8, 9]
[info] using task orders [0, 1, 2, 3, 4, 5, 6, 7, 8, 9]
[info] using task orders [0, 1, 2, 3, 4, 5, 6, 7, 8, 9]
[info] using task orders [0, 1, 2, 3, 4, 5, 6, 7, 8, 9]
[info] using task orders [0, 1, 2, 3, 4, 5, 6, 7, 8, 9]
[info] using task orders [0, 1, 2, 3, 4, 5, 6, 7, 8, 9]
[info] using task orders [0, 1, 2, 3, 4, 5, 6, 7, 8, 9]
Local assets not found. Downloading from HuggingFace Hub...Local assets not found. Downloading from HuggingFace Hub...

Assets already downloaded at /root/.cache/libero/assetsAssets already downloaded at /root/.cache/libero/assets

Local assets not found. Downloading from HuggingFace Hub...
Local assets not found. Downloading from HuggingFace Hub...
Assets already downloaded at /root/.cache/libero/assets
Assets already downloaded at /root/.cache/libero/assets
Local assets not found. Downloading from HuggingFace Hub...Local assets not found. Downloading from HuggingFace Hub...

Assets already downloaded at /root/.cache/libero/assetsAssets already downloaded at /root/.cache/libero/assets

batch libero_spatial:5 C,control real=6/6 16.0 s brain 2.6 s 3 calls 13 rows
56/260 episodes, 2.91 s/episode, eta 0.16 h
batch libero_spatial:5 C,control real=4/6 14.8 s brain 3.3 s 6 calls 13 rows
60/260 episodes, 2.96 s/episode, eta 0.16 h
[info] using task orders [0, 1, 2, 3, 4, 5, 6, 7, 8, 9]
[info] using task orders [0, 1, 2, 3, 4, 5, 6, 7, 8, 9]
[info] using task orders [0, 1, 2, 3, 4, 5, 6, 7, 8, 9]
[info] using task orders [0, 1, 2, 3, 4, 5, 6, 7, 8, 9]
[info] using task orders [0, 1, 2, 3, 4, 5, 6, 7, 8, 9]
[info] using task orders [0, 1, 2, 3, 4, 5, 6, 7, 8, 9]
[info] using task orders [0, 1, 2, 3, 4, 5, 6, 7, 8, 9]
Local assets not found. Downloading from HuggingFace Hub...Local assets not found. Downloading from HuggingFace Hub...Local assets not found. Downloading from HuggingFace Hub...


Local assets not found. Downloading from HuggingFace Hub...
Assets already downloaded at /root/.cache/libero/assetsAssets already downloaded at /root/.cache/libero/assetsAssets already downloaded at /root/.cache/libero/assets


Assets already downloaded at /root/.cache/libero/assets
Local assets not found. Downloading from HuggingFace Hub...Local assets not found. Downloading from HuggingFace Hub...

Assets already downloaded at /root/.cache/libero/assetsAssets already downloaded at /root/.cache/libero/assets

batch libero_spatial:6 C,control real=6/6 19.7 s brain 3.1 s 3 calls 18 rows
66/260 episodes, 3.03 s/episode, eta 0.16 h
batch libero_spatial:6 C,control real=4/6 8.6 s brain 2.2 s 3 calls 12 rows
70/260 episodes, 2.98 s/episode, eta 0.16 h
[info] using task orders [0, 1, 2, 3, 4, 5, 6, 7, 8, 9]
[info] using task orders [0, 1, 2, 3, 4, 5, 6, 7, 8, 9]
[info] using task orders [0, 1, 2, 3, 4, 5, 6, 7, 8, 9]
[info] using task orders [0, 1, 2, 3, 4, 5, 6, 7, 8, 9]
[info] using task orders [0, 1, 2, 3, 4, 5, 6, 7, 8, 9]
[info] using task orders [0, 1, 2, 3, 4, 5, 6, 7, 8, 9]
[info] using task orders [0, 1, 2, 3, 4, 5, 6, 7, 8, 9]
Local assets not found. Downloading from HuggingFace Hub...
Assets already downloaded at /root/.cache/libero/assets
Local assets not found. Downloading from HuggingFace Hub...Local assets not found. Downloading from HuggingFace Hub...

Assets already downloaded at /root/.cache/libero/assetsAssets already downloaded at /root/.cache/libero/assets

Local assets not found. Downloading from HuggingFace Hub...
Assets already downloaded at /root/.cache/libero/assets
Local assets not found. Downloading from HuggingFace Hub...
Assets already downloaded at /root/.cache/libero/assets
Local assets not found. Downloading from HuggingFace Hub...
Assets already downloaded at /root/.cache/libero/assets
batch libero_spatial:7 C,control real=6/6 23.6 s brain 4.2 s 6 calls 21 rows
76/260 episodes, 3.08 s/episode, eta 0.16 h
batch libero_spatial:7 C,control real=4/6 9.5 s brain 2.2 s 3 calls 12 rows
80/260 episodes, 3.05 s/episode, eta 0.15 h
[info] using task orders [0, 1, 2, 3, 4, 5, 6, 7, 8, 9]
[info] using task orders [0, 1, 2, 3, 4, 5, 6, 7, 8, 9]
[info] using task orders [0, 1, 2, 3, 4, 5, 6, 7, 8, 9]
[info] using task orders [0, 1, 2, 3, 4, 5, 6, 7, 8, 9]
[info] using task orders [0, 1, 2, 3, 4, 5, 6, 7, 8, 9]
[info] using task orders [0, 1, 2, 3, 4, 5, 6, 7, 8, 9]
[info] using task orders [0, 1, 2, 3, 4, 5, 6, 7, 8, 9]
Local assets not found. Downloading from HuggingFace Hub...
Local assets not found. Downloading from HuggingFace Hub...
Assets already downloaded at /root/.cache/libero/assetsAssets already downloaded at /root/.cache/libero/assets

Local assets not found. Downloading from HuggingFace Hub...Local assets not found. Downloading from HuggingFace Hub...

Assets already downloaded at /root/.cache/libero/assetsAssets already downloaded at /root/.cache/libero/assets

Local assets not found. Downloading from HuggingFace Hub...
Local assets not found. Downloading from HuggingFace Hub...
Assets already downloaded at /root/.cache/libero/assets
Assets already downloaded at /root/.cache/libero/assets
batch libero_spatial:8 C,control real=6/6 15.8 s brain 2.5 s 3 calls 13 rows
86/260 episodes, 3.05 s/episode, eta 0.15 h
batch libero_spatial:8 C,control real=4/6 14.1 s brain 3.3 s 6 calls 14 rows
90/260 episodes, 3.07 s/episode, eta 0.14 h
[info] using task orders [0, 1, 2, 3, 4, 5, 6, 7, 8, 9]
[info] using task orders [0, 1, 2, 3, 4, 5, 6, 7, 8, 9]
[info] using task orders [0, 1, 2, 3, 4, 5, 6, 7, 8, 9]
[info] using task orders [0, 1, 2, 3, 4, 5, 6, 7, 8, 9]
[info] using task orders [0, 1, 2, 3, 4, 5, 6, 7, 8, 9]
[info] using task orders [0, 1, 2, 3, 4, 5, 6, 7, 8, 9]
[info] using task orders [0, 1, 2, 3, 4, 5, 6, 7, 8, 9]
Local assets not found. Downloading from HuggingFace Hub...Local assets not found. Downloading from HuggingFace Hub...

Assets already downloaded at /root/.cache/libero/assetsAssets already downloaded at /root/.cache/libero/assets

Local assets not found. Downloading from HuggingFace Hub...
Local assets not found. Downloading from HuggingFace Hub...
Assets already downloaded at /root/.cache/libero/assets
Assets already downloaded at /root/.cache/libero/assets
Local assets not found. Downloading from HuggingFace Hub...Local assets not found. Downloading from HuggingFace Hub...

Assets already downloaded at /root/.cache/libero/assetsAssets already downloaded at /root/.cache/libero/assets

batch libero_spatial:9 C,control real=6/6 17.1 s brain 3.1 s 3 calls 18 rows
96/260 episodes, 3.08 s/episode, eta 0.14 h
batch libero_spatial:9 C,control real=4/6 8.9 s brain 2.2 s 3 calls 12 rows
100/260 episodes, 3.04 s/episode, eta 0.14 h
[info] using task orders [0, 1, 2, 3, 4, 5, 6, 7, 8, 9]
[info] using task orders [0, 1, 2, 3, 4, 5, 6, 7, 8, 9]
[info] using task orders [0, 1, 2, 3, 4, 5, 6, 7, 8, 9]
[info] using task orders [0, 1, 2, 3, 4, 5, 6, 7, 8, 9]
[info] using task orders [0, 1, 2, 3, 4, 5, 6, 7, 8, 9]
[info] using task orders [0, 1, 2, 3, 4, 5, 6, 7, 8, 9]
[info] using task orders [0, 1, 2, 3, 4, 5, 6, 7, 8, 9]
Local assets not found. Downloading from HuggingFace Hub...Local assets not found. Downloading from HuggingFace Hub...Local assets not found. Downloading from HuggingFace Hub...Local assets not found. Downloading from HuggingFace Hub...



Assets already downloaded at /root/.cache/libero/assetsAssets already downloaded at /root/.cache/libero/assetsAssets already downloaded at /root/.cache/libero/assetsAssets already downloaded at /root/.cache/libero/assets



Local assets not found. Downloading from HuggingFace Hub...Local assets not found. Downloading from HuggingFace Hub...

Assets already downloaded at /root/.cache/libero/assetsAssets already downloaded at /root/.cache/libero/assets

batch libero_object:0 C,control real=6/6 16.8 s brain 3.4 s 4 calls 19 rows
106/260 episodes, 3.05 s/episode, eta 0.13 h
batch libero_object:0 C,control real=4/6 8.1 s brain 2.2 s 3 calls 12 rows
110/260 episodes, 3.01 s/episode, eta 0.13 h
[info] using task orders [0, 1, 2, 3, 4, 5, 6, 7, 8, 9]
[info] using task orders [0, 1, 2, 3, 4, 5, 6, 7, 8, 9]
[info] using task orders [0, 1, 2, 3, 4, 5, 6, 7, 8, 9]
[info] using task orders [0, 1, 2, 3, 4, 5, 6, 7, 8, 9]
[info] using task orders [0, 1, 2, 3, 4, 5, 6, 7, 8, 9]
[info] using task orders [0, 1, 2, 3, 4, 5, 6, 7, 8, 9]
[info] using task orders [0, 1, 2, 3, 4, 5, 6, 7, 8, 9]
Local assets not found. Downloading from HuggingFace Hub...Local assets not found. Downloading from HuggingFace Hub...

Assets already downloaded at /root/.cache/libero/assetsAssets already downloaded at /root/.cache/libero/assets

Local assets not found. Downloading from HuggingFace Hub...Local assets not found. Downloading from HuggingFace Hub...

Assets already downloaded at /root/.cache/libero/assetsAssets already downloaded at /root/.cache/libero/assets

Local assets not found. Downloading from HuggingFace Hub...Local assets not found. Downloading from HuggingFace Hub...

Assets already downloaded at /root/.cache/libero/assetsAssets already downloaded at /root/.cache/libero/assets

batch libero_object:1 C,control real=6/6 14.9 s brain 3.0 s 3 calls 18 rows
116/260 episodes, 3.00 s/episode, eta 0.12 h
batch libero_object:1 C,control real=4/6 7.6 s brain 2.3 s 3 calls 12 rows
120/260 episodes, 2.97 s/episode, eta 0.12 h
[info] using task orders [0, 1, 2, 3, 4, 5, 6, 7, 8, 9]
[info] using task orders [0, 1, 2, 3, 4, 5, 6, 7, 8, 9]
[info] using task orders [0, 1, 2, 3, 4, 5, 6, 7, 8, 9]
[info] using task orders [0, 1, 2, 3, 4, 5, 6, 7, 8, 9]
[info] using task orders [0, 1, 2, 3, 4, 5, 6, 7, 8, 9]
[info] using task orders [0, 1, 2, 3, 4, 5, 6, 7, 8, 9]
[info] using task orders [0, 1, 2, 3, 4, 5, 6, 7, 8, 9]
Local assets not found. Downloading from HuggingFace Hub...Local assets not found. Downloading from HuggingFace Hub...Local assets not found. Downloading from HuggingFace Hub...


Assets already downloaded at /root/.cache/libero/assetsAssets already downloaded at /root/.cache/libero/assetsAssets already downloaded at /root/.cache/libero/assets


Local assets not found. Downloading from HuggingFace Hub...
Assets already downloaded at /root/.cache/libero/assets
Local assets not found. Downloading from HuggingFace Hub...Local assets not found. Downloading from HuggingFace Hub...

Assets already downloaded at /root/.cache/libero/assetsAssets already downloaded at /root/.cache/libero/assets

batch libero_object:2 C,control real=6/6 17.0 s brain 3.4 s 4 calls 19 rows
126/260 episodes, 2.98 s/episode, eta 0.11 h
batch libero_object:2 C,control real=4/6 8.9 s brain 2.7 s 4 calls 13 rows
130/260 episodes, 2.96 s/episode, eta 0.11 h
[info] using task orders [0, 1, 2, 3, 4, 5, 6, 7, 8, 9]
[info] using task orders [0, 1, 2, 3, 4, 5, 6, 7, 8, 9]
[info] using task orders [0, 1, 2, 3, 4, 5, 6, 7, 8, 9]
[info] using task orders [0, 1, 2, 3, 4, 5, 6, 7, 8, 9]
[info] using task orders [0, 1, 2, 3, 4, 5, 6, 7, 8, 9]
[info] using task orders [0, 1, 2, 3, 4, 5, 6, 7, 8, 9]
[info] using task orders [0, 1, 2, 3, 4, 5, 6, 7, 8, 9]
Local assets not found. Downloading from HuggingFace Hub...Local assets not found. Downloading from HuggingFace Hub...Local assets not found. Downloading from HuggingFace Hub...Local assets not found. Downloading from HuggingFace Hub...



Assets already downloaded at /root/.cache/libero/assetsAssets already downloaded at /root/.cache/libero/assetsAssets already downloaded at /root/.cache/libero/assetsAssets already downloaded at /root/.cache/libero/assets



Local assets not found. Downloading from HuggingFace Hub...Local assets not found. Downloading from HuggingFace Hub...

Assets already downloaded at /root/.cache/libero/assetsAssets already downloaded at /root/.cache/libero/assets

batch libero_object:3 C,control real=6/6 20.6 s brain 4.8 s 6 calls 26 rows
136/260 episodes, 2.99 s/episode, eta 0.10 h
batch libero_object:3 C,control real=4/6 7.7 s brain 2.2 s 3 calls 12 rows
140/260 episodes, 2.96 s/episode, eta 0.10 h
[info] using task orders [0, 1, 2, 3, 4, 5, 6, 7, 8, 9]
[info] using task orders [0, 1, 2, 3, 4, 5, 6, 7, 8, 9]
[info] using task orders [0, 1, 2, 3, 4, 5, 6, 7, 8, 9]
[info] using task orders [0, 1, 2, 3, 4, 5, 6, 7, 8, 9]
[info] using task orders [0, 1, 2, 3, 4, 5, 6, 7, 8, 9]
[info] using task orders [0, 1, 2, 3, 4, 5, 6, 7, 8, 9]
[info] using task orders [0, 1, 2, 3, 4, 5, 6, 7, 8, 9]
Local assets not found. Downloading from HuggingFace Hub...Local assets not found. Downloading from HuggingFace Hub...

Assets already downloaded at /root/.cache/libero/assetsAssets already downloaded at /root/.cache/libero/assets

Local assets not found. Downloading from HuggingFace Hub...Local assets not found. Downloading from HuggingFace Hub...

Assets already downloaded at /root/.cache/libero/assetsAssets already downloaded at /root/.cache/libero/assets

Local assets not found. Downloading from HuggingFace Hub...Local assets not found. Downloading from HuggingFace Hub...

Assets already downloaded at /root/.cache/libero/assetsAssets already downloaded at /root/.cache/libero/assets

batch libero_object:4 C,control real=6/6 15.7 s brain 3.0 s 3 calls 18 rows
146/260 episodes, 2.96 s/episode, eta 0.09 h
batch libero_object:4 C,control real=4/6 8.0 s brain 2.3 s 3 calls 12 rows
150/260 episodes, 2.94 s/episode, eta 0.09 h
[info] using task orders [0, 1, 2, 3, 4, 5, 6, 7, 8, 9]
[info] using task orders [0, 1, 2, 3, 4, 5, 6, 7, 8, 9]
[info] using task orders [0, 1, 2, 3, 4, 5, 6, 7, 8, 9]
[info] using task orders [0, 1, 2, 3, 4, 5, 6, 7, 8, 9]
[info] using task orders [0, 1, 2, 3, 4, 5, 6, 7, 8, 9]
[info] using task orders [0, 1, 2, 3, 4, 5, 6, 7, 8, 9]
[info] using task orders [0, 1, 2, 3, 4, 5, 6, 7, 8, 9]
Local assets not found. Downloading from HuggingFace Hub...Local assets not found. Downloading from HuggingFace Hub...Local assets not found. Downloading from HuggingFace Hub...Local assets not found. Downloading from HuggingFace Hub...Local assets not found. Downloading from HuggingFace Hub...




Assets already downloaded at /root/.cache/libero/assetsAssets already downloaded at /root/.cache/libero/assetsAssets already downloaded at /root/.cache/libero/assetsAssets already downloaded at /root/.cache/libero/assetsAssets already downloaded at /root/.cache/libero/assets




Local assets not found. Downloading from HuggingFace Hub...
Assets already downloaded at /root/.cache/libero/assets
batch libero_object:5 C,control real=6/6 20.2 s brain 4.4 s 6 calls 22 rows
156/260 episodes, 2.97 s/episode, eta 0.09 h
batch libero_object:5 C,control real=4/6 9.6 s brain 2.7 s 4 calls 13 rows
160/260 episodes, 2.95 s/episode, eta 0.08 h
[info] using task orders [0, 1, 2, 3, 4, 5, 6, 7, 8, 9]
[info] using task orders [0, 1, 2, 3, 4, 5, 6, 7, 8, 9]
[info] using task orders [0, 1, 2, 3, 4, 5, 6, 7, 8, 9]
[info] using task orders [0, 1, 2, 3, 4, 5, 6, 7, 8, 9]
[info] using task orders [0, 1, 2, 3, 4, 5, 6, 7, 8, 9]
[info] using task orders [0, 1, 2, 3, 4, 5, 6, 7, 8, 9]
[info] using task orders [0, 1, 2, 3, 4, 5, 6, 7, 8, 9]
Local assets not found. Downloading from HuggingFace Hub...Local assets not found. Downloading from HuggingFace Hub...Local assets not found. Downloading from HuggingFace Hub...


Assets already downloaded at /root/.cache/libero/assetsAssets already downloaded at /root/.cache/libero/assetsAssets already downloaded at /root/.cache/libero/assets


Local assets not found. Downloading from HuggingFace Hub...
Assets already downloaded at /root/.cache/libero/assets
Local assets not found. Downloading from HuggingFace Hub...Local assets not found. Downloading from HuggingFace Hub...

Assets already downloaded at /root/.cache/libero/assetsAssets already downloaded at /root/.cache/libero/assets

batch libero_object:6 C,control real=6/6 16.0 s brain 3.1 s 3 calls 18 rows
166/260 episodes, 2.96 s/episode, eta 0.08 h
batch libero_object:6 C,control real=4/6 8.5 s brain 2.6 s 4 calls 13 rows
170/260 episodes, 2.94 s/episode, eta 0.07 h
[info] using task orders [0, 1, 2, 3, 4, 5, 6, 7, 8, 9]
[info] using task orders [0, 1, 2, 3, 4, 5, 6, 7, 8, 9]
[info] using task orders [0, 1, 2, 3, 4, 5, 6, 7, 8, 9]
[info] using task orders [0, 1, 2, 3, 4, 5, 6, 7, 8, 9]
[info] using task orders [0, 1, 2, 3, 4, 5, 6, 7, 8, 9]
[info] using task orders [0, 1, 2, 3, 4, 5, 6, 7, 8, 9]
[info] using task orders [0, 1, 2, 3, 4, 5, 6, 7, 8, 9]
Local assets not found. Downloading from HuggingFace Hub...Local assets not found. Downloading from HuggingFace Hub...

Local assets not found. Downloading from HuggingFace Hub...
Local assets not found. Downloading from HuggingFace Hub...
Assets already downloaded at /root/.cache/libero/assetsAssets already downloaded at /root/.cache/libero/assetsAssets already downloaded at /root/.cache/libero/assets


Assets already downloaded at /root/.cache/libero/assets
Local assets not found. Downloading from HuggingFace Hub...Local assets not found. Downloading from HuggingFace Hub...

Assets already downloaded at /root/.cache/libero/assetsAssets already downloaded at /root/.cache/libero/assets

batch libero_object:7 C,control real=6/6 16.1 s brain 3.4 s 4 calls 19 rows
176/260 episodes, 2.94 s/episode, eta 0.07 h
batch libero_object:7 C,control real=4/6 8.0 s brain 2.2 s 3 calls 12 rows
180/260 episodes, 2.92 s/episode, eta 0.06 h
[info] using task orders [0, 1, 2, 3, 4, 5, 6, 7, 8, 9]
[info] using task orders [0, 1, 2, 3, 4, 5, 6, 7, 8, 9]
[info] using task orders [0, 1, 2, 3, 4, 5, 6, 7, 8, 9]
[info] using task orders [0, 1, 2, 3, 4, 5, 6, 7, 8, 9]
[info] using task orders [0, 1, 2, 3, 4, 5, 6, 7, 8, 9]
[info] using task orders [0, 1, 2, 3, 4, 5, 6, 7, 8, 9]
[info] using task orders [0, 1, 2, 3, 4, 5, 6, 7, 8, 9]
Local assets not found. Downloading from HuggingFace Hub...Local assets not found. Downloading from HuggingFace Hub...

Assets already downloaded at /root/.cache/libero/assetsAssets already downloaded at /root/.cache/libero/assets

Local assets not found. Downloading from HuggingFace Hub...Local assets not found. Downloading from HuggingFace Hub...

Local assets not found. Downloading from HuggingFace Hub...Assets already downloaded at /root/.cache/libero/assetsAssets already downloaded at /root/.cache/libero/assets


Assets already downloaded at /root/.cache/libero/assetsLocal assets not found. Downloading from HuggingFace Hub...

Assets already downloaded at /root/.cache/libero/assets
batch libero_object:8 C,control real=6/6 16.7 s brain 3.9 s 4 calls 22 rows
186/260 episodes, 2.93 s/episode, eta 0.06 h
batch libero_object:8 C,control real=4/6 8.7 s brain 2.6 s 4 calls 13 rows
190/260 episodes, 2.91 s/episode, eta 0.06 h
[info] using task orders [0, 1, 2, 3, 4, 5, 6, 7, 8, 9]
[info] using task orders [0, 1, 2, 3, 4, 5, 6, 7, 8, 9]
[info] using task orders [0, 1, 2, 3, 4, 5, 6, 7, 8, 9]
[info] using task orders [0, 1, 2, 3, 4, 5, 6, 7, 8, 9]
[info] using task orders [0, 1, 2, 3, 4, 5, 6, 7, 8, 9]
[info] using task orders [0, 1, 2, 3, 4, 5, 6, 7, 8, 9]
[info] using task orders [0, 1, 2, 3, 4, 5, 6, 7, 8, 9]
Local assets not found. Downloading from HuggingFace Hub...Local assets not found. Downloading from HuggingFace Hub...

Assets already downloaded at /root/.cache/libero/assetsAssets already downloaded at /root/.cache/libero/assets

Local assets not found. Downloading from HuggingFace Hub...
Local assets not found. Downloading from HuggingFace Hub...
Assets already downloaded at /root/.cache/libero/assetsAssets already downloaded at /root/.cache/libero/assets

Local assets not found. Downloading from HuggingFace Hub...Local assets not found. Downloading from HuggingFace Hub...

Assets already downloaded at /root/.cache/libero/assetsAssets already downloaded at /root/.cache/libero/assets

batch libero_object:9 C,control real=6/6 20.2 s brain 4.6 s 6 calls 24 rows
196/260 episodes, 2.94 s/episode, eta 0.05 h
batch libero_object:9 C,control real=4/6 7.4 s brain 2.2 s 3 calls 12 rows
200/260 episodes, 2.92 s/episode, eta 0.05 h
[info] using task orders [0, 1, 2, 3, 4, 5, 6, 7, 8, 9]
[info] using task orders [0, 1, 2, 3, 4, 5, 6, 7, 8, 9]
[info] using task orders [0, 1, 2, 3, 4, 5, 6, 7, 8, 9]
[info] using task orders [0, 1, 2, 3, 4, 5, 6, 7, 8, 9]
[info] using task orders [0, 1, 2, 3, 4, 5, 6, 7, 8, 9]
[info] using task orders [0, 1, 2, 3, 4, 5, 6, 7, 8, 9]
[info] using task orders [0, 1, 2, 3, 4, 5, 6, 7, 8, 9]
Local assets not found. Downloading from HuggingFace Hub...
Assets already downloaded at /root/.cache/libero/assets
Local assets not found. Downloading from HuggingFace Hub...Local assets not found. Downloading from HuggingFace Hub...

Local assets not found. Downloading from HuggingFace Hub...
Assets already downloaded at /root/.cache/libero/assetsAssets already downloaded at /root/.cache/libero/assets

Local assets not found. Downloading from HuggingFace Hub...
Assets already downloaded at /root/.cache/libero/assets
Assets already downloaded at /root/.cache/libero/assets
Local assets not found. Downloading from HuggingFace Hub...
Assets already downloaded at /root/.cache/libero/assets
batch libero_goal:1 C,control real=6/6 19.0 s brain 3.6 s 6 calls 16 rows
206/260 episodes, 2.94 s/episode, eta 0.04 h
batch libero_goal:1 C,control real=4/6 6.4 s brain 1.6 s 2 calls 8 rows
210/260 episodes, 2.91 s/episode, eta 0.04 h
[info] using task orders [0, 1, 2, 3, 4, 5, 6, 7, 8, 9]
[info] using task orders [0, 1, 2, 3, 4, 5, 6, 7, 8, 9]
[info] using task orders [0, 1, 2, 3, 4, 5, 6, 7, 8, 9]
[info] using task orders [0, 1, 2, 3, 4, 5, 6, 7, 8, 9]
[info] using task orders [0, 1, 2, 3, 4, 5, 6, 7, 8, 9]
[info] using task orders [0, 1, 2, 3, 4, 5, 6, 7, 8, 9]
[info] using task orders [0, 1, 2, 3, 4, 5, 6, 7, 8, 9]
Local assets not found. Downloading from HuggingFace Hub...
Assets already downloaded at /root/.cache/libero/assets
Local assets not found. Downloading from HuggingFace Hub...Local assets not found. Downloading from HuggingFace Hub...

Assets already downloaded at /root/.cache/libero/assetsAssets already downloaded at /root/.cache/libero/assets

Local assets not found. Downloading from HuggingFace Hub...
Assets already downloaded at /root/.cache/libero/assets
Local assets not found. Downloading from HuggingFace Hub...Local assets not found. Downloading from HuggingFace Hub...

Assets already downloaded at /root/.cache/libero/assetsAssets already downloaded at /root/.cache/libero/assets

batch libero_goal:2 C,control real=6/6 13.4 s brain 2.0 s 2 calls 12 rows
216/260 episodes, 2.90 s/episode, eta 0.04 h
batch libero_goal:2 C,control real=4/6 12.7 s brain 3.1 s 6 calls 12 rows
220/260 episodes, 2.91 s/episode, eta 0.03 h
[info] using task orders [0, 1, 2, 3, 4, 5, 6, 7, 8, 9]
[info] using task orders [0, 1, 2, 3, 4, 5, 6, 7, 8, 9]
[info] using task orders [0, 1, 2, 3, 4, 5, 6, 7, 8, 9]
[info] using task orders [0, 1, 2, 3, 4, 5, 6, 7, 8, 9]
[info] using task orders [0, 1, 2, 3, 4, 5, 6, 7, 8, 9]
[info] using task orders [0, 1, 2, 3, 4, 5, 6, 7, 8, 9]
[info] using task orders [0, 1, 2, 3, 4, 5, 6, 7, 8, 9]
Local assets not found. Downloading from HuggingFace Hub...
Assets already downloaded at /root/.cache/libero/assets
Local assets not found. Downloading from HuggingFace Hub...
Assets already downloaded at /root/.cache/libero/assets
Local assets not found. Downloading from HuggingFace Hub...
Assets already downloaded at /root/.cache/libero/assets
Local assets not found. Downloading from HuggingFace Hub...
Local assets not found. Downloading from HuggingFace Hub...
Assets already downloaded at /root/.cache/libero/assets
Assets already downloaded at /root/.cache/libero/assets
Local assets not found. Downloading from HuggingFace Hub...
Assets already downloaded at /root/.cache/libero/assets
batch libero_goal:4 C,control real=6/6 19.4 s brain 3.7 s 6 calls 16 rows
226/260 episodes, 2.92 s/episode, eta 0.03 h
batch libero_goal:4 C,control real=4/6 6.0 s brain 1.4 s 2 calls 8 rows
230/260 episodes, 2.90 s/episode, eta 0.02 h
[info] using task orders [0, 1, 2, 3, 4, 5, 6, 7, 8, 9]
[info] using task orders [0, 1, 2, 3, 4, 5, 6, 7, 8, 9]
[info] using task orders [0, 1, 2, 3, 4, 5, 6, 7, 8, 9]
[info] using task orders [0, 1, 2, 3, 4, 5, 6, 7, 8, 9]
[info] using task orders [0, 1, 2, 3, 4, 5, 6, 7, 8, 9]
[info] using task orders [0, 1, 2, 3, 4, 5, 6, 7, 8, 9]
[info] using task orders [0, 1, 2, 3, 4, 5, 6, 7, 8, 9]
Local assets not found. Downloading from HuggingFace Hub...Local assets not found. Downloading from HuggingFace Hub...Local assets not found. Downloading from HuggingFace Hub...


Local assets not found. Downloading from HuggingFace Hub...
Assets already downloaded at /root/.cache/libero/assetsAssets already downloaded at /root/.cache/libero/assetsAssets already downloaded at /root/.cache/libero/assets


Assets already downloaded at /root/.cache/libero/assets
Local assets not found. Downloading from HuggingFace Hub...Local assets not found. Downloading from HuggingFace Hub...

Assets already downloaded at /root/.cache/libero/assetsAssets already downloaded at /root/.cache/libero/assets

batch libero_goal:6 C,control real=6/6 20.1 s brain 3.9 s 6 calls 17 rows
236/260 episodes, 2.92 s/episode, eta 0.02 h
batch libero_goal:6 C,control real=4/6 6.5 s brain 1.5 s 2 calls 8 rows
240/260 episodes, 2.90 s/episode, eta 0.02 h
[info] using task orders [0, 1, 2, 3, 4, 5, 6, 7, 8, 9]
[info] using task orders [0, 1, 2, 3, 4, 5, 6, 7, 8, 9]
[info] using task orders [0, 1, 2, 3, 4, 5, 6, 7, 8, 9]
[info] using task orders [0, 1, 2, 3, 4, 5, 6, 7, 8, 9]
[info] using task orders [0, 1, 2, 3, 4, 5, 6, 7, 8, 9]
[info] using task orders [0, 1, 2, 3, 4, 5, 6, 7, 8, 9]
[info] using task orders [0, 1, 2, 3, 4, 5, 6, 7, 8, 9]
Local assets not found. Downloading from HuggingFace Hub...
Assets already downloaded at /root/.cache/libero/assetsLocal assets not found. Downloading from HuggingFace Hub...

Assets already downloaded at /root/.cache/libero/assets
Local assets not found. Downloading from HuggingFace Hub...
Assets already downloaded at /root/.cache/libero/assets
Local assets not found. Downloading from HuggingFace Hub...
Local assets not found. Downloading from HuggingFace Hub...
Assets already downloaded at /root/.cache/libero/assets
Assets already downloaded at /root/.cache/libero/assets
Local assets not found. Downloading from HuggingFace Hub...
Assets already downloaded at /root/.cache/libero/assets
batch libero_goal:8 C,control real=6/6 12.9 s brain 2.1 s 2 calls 12 rows
246/260 episodes, 2.89 s/episode, eta 0.01 h
batch libero_goal:8 C,control real=4/6 8.8 s brain 2.4 s 4 calls 10 rows
250/260 episodes, 2.88 s/episode, eta 0.01 h
[info] using task orders [0, 1, 2, 3, 4, 5, 6, 7, 8, 9]
[info] using task orders [0, 1, 2, 3, 4, 5, 6, 7, 8, 9]
[info] using task orders [0, 1, 2, 3, 4, 5, 6, 7, 8, 9]
[info] using task orders [0, 1, 2, 3, 4, 5, 6, 7, 8, 9]
[info] using task orders [0, 1, 2, 3, 4, 5, 6, 7, 8, 9]
[info] using task orders [0, 1, 2, 3, 4, 5, 6, 7, 8, 9]
[info] using task orders [0, 1, 2, 3, 4, 5, 6, 7, 8, 9]
Local assets not found. Downloading from HuggingFace Hub...Local assets not found. Downloading from HuggingFace Hub...

Assets already downloaded at /root/.cache/libero/assetsAssets already downloaded at /root/.cache/libero/assets

Local assets not found. Downloading from HuggingFace Hub...Local assets not found. Downloading from HuggingFace Hub...

Assets already downloaded at /root/.cache/libero/assetsAssets already downloaded at /root/.cache/libero/assets

Local assets not found. Downloading from HuggingFace Hub...Local assets not found. Downloading from HuggingFace Hub...

Assets already downloaded at /root/.cache/libero/assetsAssets already downloaded at /root/.cache/libero/assets

batch libero_goal:9 C,control real=6/6 16.6 s brain 3.8 s 4 calls 20 rows
256/260 episodes, 2.88 s/episode, eta 0.00 h
batch libero_goal:9 C,control real=4/6 12.6 s brain 3.4 s 6 calls 15 rows
260/260 episodes, 2.89 s/episode, eta 0.00 h
[21:42:34] pass 2 skipped: pass 1 exited cleanly, no failed batch
[23:42:54] phase r3, lane p, id 9 (346 episodes): --brain pi05 --kinds step --cells A,C --methods Gk0T --inits 0-19 --classes 2
[23:42:54] pass 1: --brain pi05 --kinds step --cells A,C --methods Gk0T --inits 0-19 --classes 2 --precision fp32 --n-envs 6 --kbar 0.1566 --t-ramp 5 --k-p 1.0 --tau-k 0.039517 --out results/c1-e4/pod/grid_pi05.jsonl
[robosuite WARNING] No private macro file found! (__init__.py:7)
WARNING:robosuite_logs:No private macro file found!
[robosuite WARNING] It is recommended to use a private macro file (__init__.py:8)
WARNING:robosuite_logs:It is recommended to use a private macro file
[robosuite WARNING] To setup, run: python /workspace/jit-reflex/venv/lib/python3.12/site-packages/robosuite/scripts/setup_macros.py (__init__.py:9)
WARNING:robosuite_logs:To setup, run: python /workspace/jit-reflex/venv/lib/python3.12/site-packages/robosuite/scripts/setup_macros.py
346 episodes to run
Fetching 9 files:   0%|          | 0/9 [00:00<?, ?it/s]Fetching 9 files: 100%|██████████| 9/9 [00:00<00:00, 544.95it/s]
The PI05 model is a direct port of the OpenPI implementation. 
This implementation follows the original OpenPI structure for compatibility. 
Original implementation: https://github.com/Physical-Intelligence/openpi
Loading model from: /workspace/.cache/huggingface/hub/models--lerobot--pi05_libero_finetuned_v044/snapshots/8e174154ef5f6c60a8da12ae99c303d8963138c1
✓ Loaded state dict from model.safetensors
WARNING:root:Vision embedding key might need handling: model.paligemma_with_expert.paligemma.model.vision_tower.vision_model.embeddings.patch_embedding.bias
WARNING:root:Vision embedding key might need handling: model.paligemma_with_expert.paligemma.model.vision_tower.vision_model.embeddings.patch_embedding.weight
All keys loaded successfully!
[info] using task orders [0, 1, 2, 3, 4, 5, 6, 7, 8, 9]
/usr/lib/python3.12/multiprocessing/popen_fork.py:66: DeprecationWarning: This process (pid=235384) is multi-threaded, use of fork() may lead to deadlocks in the child.
  self.pid = os.fork()
[info] using task orders [0, 1, 2, 3, 4, 5, 6, 7, 8, 9]
[info] using task orders [0, 1, 2, 3, 4, 5, 6, 7, 8, 9]
[info] using task orders [0, 1, 2, 3, 4, 5, 6, 7, 8, 9]
[info] using task orders [0, 1, 2, 3, 4, 5, 6, 7, 8, 9]
[info] using task orders [0, 1, 2, 3, 4, 5, 6, 7, 8, 9]
[info] using task orders [0, 1, 2, 3, 4, 5, 6, 7, 8, 9]
Local assets not found. Downloading from HuggingFace Hub...Local assets not found. Downloading from HuggingFace Hub...

Assets already downloaded at /root/.cache/libero/assetsAssets already downloaded at /root/.cache/libero/assets

Local assets not found. Downloading from HuggingFace Hub...
Assets already downloaded at /root/.cache/libero/assets
Local assets not found. Downloading from HuggingFace Hub...
Assets already downloaded at /root/.cache/libero/assets
Local assets not found. Downloading from HuggingFace Hub...Local assets not found. Downloading from HuggingFace Hub...

Assets already downloaded at /root/.cache/libero/assetsAssets already downloaded at /root/.cache/libero/assets

batch libero_spatial:0 A,step real=6/6 40.4 s brain 20.2 s 44 calls 74 rows
6/346 episodes, 6.89 s/episode, eta 0.65 h
batch libero_spatial:0 C,step real=6/6 20.6 s brain 8.3 s 20 calls 27 rows
12/346 episodes, 5.16 s/episode, eta 0.48 h
[info] using task orders [0, 1, 2, 3, 4, 5, 6, 7, 8, 9]
[info] using task orders [0, 1, 2, 3, 4, 5, 6, 7, 8, 9]
[info] using task orders [0, 1, 2, 3, 4, 5, 6, 7, 8, 9]
[info] using task orders [0, 1, 2, 3, 4, 5, 6, 7, 8, 9]
[info] using task orders [0, 1, 2, 3, 4, 5, 6, 7, 8, 9]
[info] using task orders [0, 1, 2, 3, 4, 5, 6, 7, 8, 9]
[info] using task orders [0, 1, 2, 3, 4, 5, 6, 7, 8, 9]
Local assets not found. Downloading from HuggingFace Hub...Local assets not found. Downloading from HuggingFace Hub...Local assets not found. Downloading from HuggingFace Hub...Local assets not found. Downloading from HuggingFace Hub...



Assets already downloaded at /root/.cache/libero/assetsAssets already downloaded at /root/.cache/libero/assetsAssets already downloaded at /root/.cache/libero/assetsAssets already downloaded at /root/.cache/libero/assets



Local assets not found. Downloading from HuggingFace Hub...Local assets not found. Downloading from HuggingFace Hub...

Assets already downloaded at /root/.cache/libero/assetsAssets already downloaded at /root/.cache/libero/assets

batch libero_spatial:1 A,step real=6/6 35.8 s brain 19.3 s 42 calls 74 rows
18/346 episodes, 5.54 s/episode, eta 0.51 h
batch libero_spatial:1 A,step real=1/6 22.2 s brain 10.7 s 29 calls 29 rows
19/346 episodes, 6.42 s/episode, eta 0.58 h
batch libero_spatial:1 C,step real=6/6 19.5 s brain 7.6 s 19 calls 24 rows
25/346 episodes, 5.66 s/episode, eta 0.50 h
batch libero_spatial:1 C,step real=1/6 13.0 s brain 2.6 s 7 calls 7 rows
26/346 episodes, 5.94 s/episode, eta 0.53 h
[info] using task orders [0, 1, 2, 3, 4, 5, 6, 7, 8, 9]
[info] using task orders [0, 1, 2, 3, 4, 5, 6, 7, 8, 9]
[info] using task orders [0, 1, 2, 3, 4, 5, 6, 7, 8, 9]
[info] using task orders [0, 1, 2, 3, 4, 5, 6, 7, 8, 9]
[info] using task orders [0, 1, 2, 3, 4, 5, 6, 7, 8, 9]
[info] using task orders [0, 1, 2, 3, 4, 5, 6, 7, 8, 9]
[info] using task orders [0, 1, 2, 3, 4, 5, 6, 7, 8, 9]
Local assets not found. Downloading from HuggingFace Hub...
Assets already downloaded at /root/.cache/libero/assets
Local assets not found. Downloading from HuggingFace Hub...
Local assets not found. Downloading from HuggingFace Hub...
Local assets not found. Downloading from HuggingFace Hub...
Assets already downloaded at /root/.cache/libero/assets
Assets already downloaded at /root/.cache/libero/assets
Assets already downloaded at /root/.cache/libero/assets
Local assets not found. Downloading from HuggingFace Hub...
Assets already downloaded at /root/.cache/libero/assets
Local assets not found. Downloading from HuggingFace Hub...
Assets already downloaded at /root/.cache/libero/assets
batch libero_spatial:2 A,step real=6/6 45.9 s brain 24.1 s 58 calls 80 rows
32/346 episodes, 6.33 s/episode, eta 0.55 h
batch libero_spatial:2 A,step real=1/6 10.1 s brain 4.1 s 11 calls 11 rows
33/346 episodes, 6.44 s/episode, eta 0.56 h
batch libero_spatial:2 C,step real=6/6 21.7 s brain 9.3 s 23 calls 30 rows
39/346 episodes, 6.01 s/episode, eta 0.51 h
batch libero_spatial:2 C,step real=1/6 6.5 s brain 1.1 s 3 calls 3 rows
40/346 episodes, 6.02 s/episode, eta 0.51 h
[info] using task orders [0, 1, 2, 3, 4, 5, 6, 7, 8, 9]
[info] using task orders [0, 1, 2, 3, 4, 5, 6, 7, 8, 9]
[info] using task orders [0, 1, 2, 3, 4, 5, 6, 7, 8, 9]
[info] using task orders [0, 1, 2, 3, 4, 5, 6, 7, 8, 9]
[info] using task orders [0, 1, 2, 3, 4, 5, 6, 7, 8, 9]
[info] using task orders [0, 1, 2, 3, 4, 5, 6, 7, 8, 9]
[info] using task orders [0, 1, 2, 3, 4, 5, 6, 7, 8, 9]
Local assets not found. Downloading from HuggingFace Hub...
Assets already downloaded at /root/.cache/libero/assets
Local assets not found. Downloading from HuggingFace Hub...
Local assets not found. Downloading from HuggingFace Hub...
Assets already downloaded at /root/.cache/libero/assets
Assets already downloaded at /root/.cache/libero/assets
Local assets not found. Downloading from HuggingFace Hub...Local assets not found. Downloading from HuggingFace Hub...

Assets already downloaded at /root/.cache/libero/assetsAssets already downloaded at /root/.cache/libero/assets

Local assets not found. Downloading from HuggingFace Hub...
Assets already downloaded at /root/.cache/libero/assets
batch libero_spatial:3 A,step real=6/6 56.1 s brain 33.5 s 87 calls 107 rows
46/346 episodes, 6.50 s/episode, eta 0.54 h
batch libero_spatial:3 C,step real=6/6 17.9 s brain 6.6 s 14 calls 26 rows
52/346 episodes, 6.10 s/episode, eta 0.50 h
[info] using task orders [0, 1, 2, 3, 4, 5, 6, 7, 8, 9]
[info] using task orders [0, 1, 2, 3, 4, 5, 6, 7, 8, 9]
[info] using task orders [0, 1, 2, 3, 4, 5, 6, 7, 8, 9]
[info] using task orders [0, 1, 2, 3, 4, 5, 6, 7, 8, 9]
[info] using task orders [0, 1, 2, 3, 4, 5, 6, 7, 8, 9]
[info] using task orders [0, 1, 2, 3, 4, 5, 6, 7, 8, 9]
[info] using task orders [0, 1, 2, 3, 4, 5, 6, 7, 8, 9]
Local assets not found. Downloading from HuggingFace Hub...Local assets not found. Downloading from HuggingFace Hub...Local assets not found. Downloading from HuggingFace Hub...Local assets not found. Downloading from HuggingFace Hub...



Assets already downloaded at /root/.cache/libero/assetsAssets already downloaded at /root/.cache/libero/assetsAssets already downloaded at /root/.cache/libero/assetsAssets already downloaded at /root/.cache/libero/assets



Local assets not found. Downloading from HuggingFace Hub...Local assets not found. Downloading from HuggingFace Hub...

Assets already downloaded at /root/.cache/libero/assetsAssets already downloaded at /root/.cache/libero/assets

batch libero_spatial:4 A,step real=6/6 63.9 s brain 40.9 s 98 calls 142 rows
58/346 episodes, 6.60 s/episode, eta 0.53 h
batch libero_spatial:4 A,step real=1/6 23.0 s brain 10.4 s 28 calls 28 rows
59/346 episodes, 6.88 s/episode, eta 0.55 h
batch libero_spatial:4 C,step real=6/6 24.0 s brain 11.0 s 26 calls 38 rows
65/346 episodes, 6.61 s/episode, eta 0.52 h
batch libero_spatial:4 C,step real=1/6 13.7 s brain 2.2 s 6 calls 6 rows
66/346 episodes, 6.72 s/episode, eta 0.52 h
[info] using task orders [0, 1, 2, 3, 4, 5, 6, 7, 8, 9]
[info] using task orders [0, 1, 2, 3, 4, 5, 6, 7, 8, 9]
[info] using task orders [0, 1, 2, 3, 4, 5, 6, 7, 8, 9]
[info] using task orders [0, 1, 2, 3, 4, 5, 6, 7, 8, 9]
[info] using task orders [0, 1, 2, 3, 4, 5, 6, 7, 8, 9]
[info] using task orders [0, 1, 2, 3, 4, 5, 6, 7, 8, 9]
[info] using task orders [0, 1, 2, 3, 4, 5, 6, 7, 8, 9]
Local assets not found. Downloading from HuggingFace Hub...Local assets not found. Downloading from HuggingFace Hub...

Assets already downloaded at /root/.cache/libero/assetsAssets already downloaded at /root/.cache/libero/assets

Local assets not found. Downloading from HuggingFace Hub...Local assets not found. Downloading from HuggingFace Hub...

Assets already downloaded at /root/.cache/libero/assetsAssets already downloaded at /root/.cache/libero/assets

Local assets not found. Downloading from HuggingFace Hub...Local assets not found. Downloading from HuggingFace Hub...

Assets already downloaded at /root/.cache/libero/assetsAssets already downloaded at /root/.cache/libero/assets

batch libero_spatial:5 A,step real=6/6 68.6 s brain 45.3 s 119 calls 137 rows
72/346 episodes, 7.14 s/episode, eta 0.54 h
batch libero_spatial:5 A,step real=1/6 24.8 s brain 12.6 s 33 calls 33 rows
73/346 episodes, 7.38 s/episode, eta 0.56 h
batch libero_spatial:5 C,step real=6/6 26.9 s brain 13.6 s 35 calls 40 rows
79/346 episodes, 7.16 s/episode, eta 0.53 h
batch libero_spatial:5 C,step real=1/6 15.4 s brain 4.1 s 11 calls 11 rows
80/346 episodes, 7.27 s/episode, eta 0.54 h
[info] using task orders [0, 1, 2, 3, 4, 5, 6, 7, 8, 9]
[info] using task orders [0, 1, 2, 3, 4, 5, 6, 7, 8, 9]
[info] using task orders [0, 1, 2, 3, 4, 5, 6, 7, 8, 9]
[info] using task orders [0, 1, 2, 3, 4, 5, 6, 7, 8, 9]
[info] using task orders [0, 1, 2, 3, 4, 5, 6, 7, 8, 9]
[info] using task orders [0, 1, 2, 3, 4, 5, 6, 7, 8, 9]
[info] using task orders [0, 1, 2, 3, 4, 5, 6, 7, 8, 9]
Local assets not found. Downloading from HuggingFace Hub...Local assets not found. Downloading from HuggingFace Hub...

Local assets not found. Downloading from HuggingFace Hub...
Local assets not found. Downloading from HuggingFace Hub...
Assets already downloaded at /root/.cache/libero/assetsAssets already downloaded at /root/.cache/libero/assets

Assets already downloaded at /root/.cache/libero/assets
Assets already downloaded at /root/.cache/libero/assets
Local assets not found. Downloading from HuggingFace Hub...
Assets already downloaded at /root/.cache/libero/assets
Local assets not found. Downloading from HuggingFace Hub...
Assets already downloaded at /root/.cache/libero/assets
batch libero_spatial:6 A,step real=6/6 47.6 s brain 25.9 s 60 calls 89 rows
86/346 episodes, 7.34 s/episode, eta 0.53 h
batch libero_spatial:6 C,step real=6/6 21.2 s brain 9.1 s 22 calls 30 rows
92/346 episodes, 7.09 s/episode, eta 0.50 h
[info] using task orders [0, 1, 2, 3, 4, 5, 6, 7, 8, 9]
[info] using task orders [0, 1, 2, 3, 4, 5, 6, 7, 8, 9]
[info] using task orders [0, 1, 2, 3, 4, 5, 6, 7, 8, 9]
[info] using task orders [0, 1, 2, 3, 4, 5, 6, 7, 8, 9]
[info] using task orders [0, 1, 2, 3, 4, 5, 6, 7, 8, 9]
[info] using task orders [0, 1, 2, 3, 4, 5, 6, 7, 8, 9]
[info] using task orders [0, 1, 2, 3, 4, 5, 6, 7, 8, 9]
Local assets not found. Downloading from HuggingFace Hub...Local assets not found. Downloading from HuggingFace Hub...

Assets already downloaded at /root/.cache/libero/assetsAssets already downloaded at /root/.cache/libero/assets

Local assets not found. Downloading from HuggingFace Hub...Local assets not found. Downloading from HuggingFace Hub...

Assets already downloaded at /root/.cache/libero/assetsAssets already downloaded at /root/.cache/libero/assets

Local assets not found. Downloading from HuggingFace Hub...
Assets already downloaded at /root/.cache/libero/assets
Local assets not found. Downloading from HuggingFace Hub...
Assets already downloaded at /root/.cache/libero/assets
batch libero_spatial:7 A,step real=6/6 51.4 s brain 29.3 s 69 calls 99 rows
98/346 episodes, 7.20 s/episode, eta 0.50 h
batch libero_spatial:7 A,step real=1/6 11.1 s brain 4.5 s 12 calls 12 rows
99/346 episodes, 7.24 s/episode, eta 0.50 h
batch libero_spatial:7 C,step real=6/6 22.6 s brain 9.8 s 24 calls 31 rows
105/346 episodes, 7.04 s/episode, eta 0.47 h
batch libero_spatial:7 C,step real=1/6 7.4 s brain 1.2 s 3 calls 3 rows
106/346 episodes, 7.05 s/episode, eta 0.47 h
[info] using task orders [0, 1, 2, 3, 4, 5, 6, 7, 8, 9]
[info] using task orders [0, 1, 2, 3, 4, 5, 6, 7, 8, 9]
[info] using task orders [0, 1, 2, 3, 4, 5, 6, 7, 8, 9]
[info] using task orders [0, 1, 2, 3, 4, 5, 6, 7, 8, 9]
[info] using task orders [0, 1, 2, 3, 4, 5, 6, 7, 8, 9]
[info] using task orders [0, 1, 2, 3, 4, 5, 6, 7, 8, 9]
[info] using task orders [0, 1, 2, 3, 4, 5, 6, 7, 8, 9]
Local assets not found. Downloading from HuggingFace Hub...Local assets not found. Downloading from HuggingFace Hub...

Assets already downloaded at /root/.cache/libero/assetsAssets already downloaded at /root/.cache/libero/assets

Local assets not found. Downloading from HuggingFace Hub...
Local assets not found. Downloading from HuggingFace Hub...Assets already downloaded at /root/.cache/libero/assets

Assets already downloaded at /root/.cache/libero/assets
Local assets not found. Downloading from HuggingFace Hub...
Assets already downloaded at /root/.cache/libero/assets
Local assets not found. Downloading from HuggingFace Hub...
Assets already downloaded at /root/.cache/libero/assets
batch libero_spatial:8 A,step real=6/6 61.3 s brain 38.0 s 82 calls 136 rows
112/346 episodes, 7.24 s/episode, eta 0.47 h
batch libero_spatial:8 A,step real=1/6 13.3 s brain 5.7 s 15 calls 15 rows
113/346 episodes, 7.29 s/episode, eta 0.47 h
batch libero_spatial:8 C,step real=6/6 25.0 s brain 9.9 s 24 calls 29 rows
119/346 episodes, 7.13 s/episode, eta 0.45 h
batch libero_spatial:8 C,step real=1/6 14.3 s brain 2.5 s 6 calls 6 rows
120/346 episodes, 7.19 s/episode, eta 0.45 h
[info] using task orders [0, 1, 2, 3, 4, 5, 6, 7, 8, 9]
[info] using task orders [0, 1, 2, 3, 4, 5, 6, 7, 8, 9]
[info] using task orders [0, 1, 2, 3, 4, 5, 6, 7, 8, 9]
[info] using task orders [0, 1, 2, 3, 4, 5, 6, 7, 8, 9]
[info] using task orders [0, 1, 2, 3, 4, 5, 6, 7, 8, 9]
[info] using task orders [0, 1, 2, 3, 4, 5, 6, 7, 8, 9]
[info] using task orders [0, 1, 2, 3, 4, 5, 6, 7, 8, 9]
Local assets not found. Downloading from HuggingFace Hub...
Local assets not found. Downloading from HuggingFace Hub...
Assets already downloaded at /root/.cache/libero/assets
Assets already downloaded at /root/.cache/libero/assets
Local assets not found. Downloading from HuggingFace Hub...
Assets already downloaded at /root/.cache/libero/assets
Local assets not found. Downloading from HuggingFace Hub...
Assets already downloaded at /root/.cache/libero/assets
Local assets not found. Downloading from HuggingFace Hub...
Assets already downloaded at /root/.cache/libero/assets
Local assets not found. Downloading from HuggingFace Hub...
Assets already downloaded at /root/.cache/libero/assets
batch libero_spatial:9 A,step real=6/6 46.0 s brain 24.8 s 53 calls 90 rows
126/346 episodes, 7.23 s/episode, eta 0.44 h
batch libero_spatial:9 C,step real=6/6 19.6 s brain 7.8 s 16 calls 32 rows
132/346 episodes, 7.05 s/episode, eta 0.42 h
[info] using task orders [0, 1, 2, 3, 4, 5, 6, 7, 8, 9]
[info] using task orders [0, 1, 2, 3, 4, 5, 6, 7, 8, 9]
[info] using task orders [0, 1, 2, 3, 4, 5, 6, 7, 8, 9]
[info] using task orders [0, 1, 2, 3, 4, 5, 6, 7, 8, 9]
[info] using task orders [0, 1, 2, 3, 4, 5, 6, 7, 8, 9]
[info] using task orders [0, 1, 2, 3, 4, 5, 6, 7, 8, 9]
[info] using task orders [0, 1, 2, 3, 4, 5, 6, 7, 8, 9]
Local assets not found. Downloading from HuggingFace Hub...
Assets already downloaded at /root/.cache/libero/assets
Local assets not found. Downloading from HuggingFace Hub...
Assets already downloaded at /root/.cache/libero/assets
Local assets not found. Downloading from HuggingFace Hub...
Local assets not found. Downloading from HuggingFace Hub...
Assets already downloaded at /root/.cache/libero/assets
Local assets not found. Downloading from HuggingFace Hub...Local assets not found. Downloading from HuggingFace Hub...

Assets already downloaded at /root/.cache/libero/assets
Assets already downloaded at /root/.cache/libero/assetsAssets already downloaded at /root/.cache/libero/assets

batch libero_object:0 A,step real=6/6 52.6 s brain 33.0 s 80 calls 111 rows
138/346 episodes, 7.14 s/episode, eta 0.41 h
batch libero_object:0 A,step real=1/6 11.3 s brain 5.1 s 14 calls 14 rows
139/346 episodes, 7.17 s/episode, eta 0.41 h
batch libero_object:0 C,step real=6/6 19.0 s brain 8.8 s 22 calls 27 rows
145/346 episodes, 7.01 s/episode, eta 0.39 h
batch libero_object:0 C,step real=1/6 6.6 s brain 1.1 s 3 calls 3 rows
146/346 episodes, 7.00 s/episode, eta 0.39 h
[info] using task orders [0, 1, 2, 3, 4, 5, 6, 7, 8, 9]
[info] using task orders [0, 1, 2, 3, 4, 5, 6, 7, 8, 9]
[info] using task orders [0, 1, 2, 3, 4, 5, 6, 7, 8, 9]
[info] using task orders [0, 1, 2, 3, 4, 5, 6, 7, 8, 9]
[info] using task orders [0, 1, 2, 3, 4, 5, 6, 7, 8, 9]
[info] using task orders [0, 1, 2, 3, 4, 5, 6, 7, 8, 9]
[info] using task orders [0, 1, 2, 3, 4, 5, 6, 7, 8, 9]
Local assets not found. Downloading from HuggingFace Hub...Local assets not found. Downloading from HuggingFace Hub...Local assets not found. Downloading from HuggingFace Hub...Local assets not found. Downloading from HuggingFace Hub...



Assets already downloaded at /root/.cache/libero/assetsAssets already downloaded at /root/.cache/libero/assetsAssets already downloaded at /root/.cache/libero/assetsAssets already downloaded at /root/.cache/libero/assets



Local assets not found. Downloading from HuggingFace Hub...Local assets not found. Downloading from HuggingFace Hub...

Assets already downloaded at /root/.cache/libero/assetsAssets already downloaded at /root/.cache/libero/assets

batch libero_object:1 A,step real=6/6 36.7 s brain 20.4 s 40 calls 87 rows
152/346 episodes, 6.98 s/episode, eta 0.38 h
batch libero_object:1 A,step real=1/6 13.6 s brain 6.7 s 18 calls 18 rows
153/346 episodes, 7.03 s/episode, eta 0.38 h
batch libero_object:1 C,step real=6/6 17.6 s brain 8.4 s 19 calls 28 rows
159/346 episodes, 6.87 s/episode, eta 0.36 h
batch libero_object:1 C,step real=1/6 6.3 s brain 1.2 s 3 calls 3 rows
160/346 episodes, 6.87 s/episode, eta 0.35 h
[info] using task orders [0, 1, 2, 3, 4, 5, 6, 7, 8, 9]
[info] using task orders [0, 1, 2, 3, 4, 5, 6, 7, 8, 9]
[info] using task orders [0, 1, 2, 3, 4, 5, 6, 7, 8, 9]
[info] using task orders [0, 1, 2, 3, 4, 5, 6, 7, 8, 9]
[info] using task orders [0, 1, 2, 3, 4, 5, 6, 7, 8, 9]
[info] using task orders [0, 1, 2, 3, 4, 5, 6, 7, 8, 9]
[info] using task orders [0, 1, 2, 3, 4, 5, 6, 7, 8, 9]
Local assets not found. Downloading from HuggingFace Hub...Local assets not found. Downloading from HuggingFace Hub...

Assets already downloaded at /root/.cache/libero/assetsAssets already downloaded at /root/.cache/libero/assets

Local assets not found. Downloading from HuggingFace Hub...
Assets already downloaded at /root/.cache/libero/assetsLocal assets not found. Downloading from HuggingFace Hub...

Assets already downloaded at /root/.cache/libero/assets
Local assets not found. Downloading from HuggingFace Hub...
Local assets not found. Downloading from HuggingFace Hub...
Assets already downloaded at /root/.cache/libero/assets
Assets already downloaded at /root/.cache/libero/assets
batch libero_object:2 A,step real=6/6 40.7 s brain 25.0 s 57 calls 81 rows
166/346 episodes, 6.88 s/episode, eta 0.34 h
batch libero_object:2 C,step real=6/6 19.4 s brain 9.9 s 24 calls 29 rows
172/346 episodes, 6.75 s/episode, eta 0.33 h
[info] using task orders [0, 1, 2, 3, 4, 5, 6, 7, 8, 9]
[info] using task orders [0, 1, 2, 3, 4, 5, 6, 7, 8, 9]
[info] using task orders [0, 1, 2, 3, 4, 5, 6, 7, 8, 9]
[info] using task orders [0, 1, 2, 3, 4, 5, 6, 7, 8, 9]
[info] using task orders [0, 1, 2, 3, 4, 5, 6, 7, 8, 9]
[info] using task orders [0, 1, 2, 3, 4, 5, 6, 7, 8, 9]
[info] using task orders [0, 1, 2, 3, 4, 5, 6, 7, 8, 9]
Local assets not found. Downloading from HuggingFace Hub...Local assets not found. Downloading from HuggingFace Hub...

Assets already downloaded at /root/.cache/libero/assetsAssets already downloaded at /root/.cache/libero/assetsLocal assets not found. Downloading from HuggingFace Hub...


Assets already downloaded at /root/.cache/libero/assets
Local assets not found. Downloading from HuggingFace Hub...
Assets already downloaded at /root/.cache/libero/assets
Local assets not found. Downloading from HuggingFace Hub...
Assets already downloaded at /root/.cache/libero/assets
Local assets not found. Downloading from HuggingFace Hub...
Assets already downloaded at /root/.cache/libero/assets
batch libero_object:3 A,step real=6/6 57.8 s brain 37.9 s 91 calls 124 rows
178/346 episodes, 6.86 s/episode, eta 0.32 h
batch libero_object:3 A,step real=1/6 12.1 s brain 5.9 s 15 calls 15 rows
179/346 episodes, 6.89 s/episode, eta 0.32 h
batch libero_object:3 C,step real=6/6 21.3 s brain 10.7 s 26 calls 31 rows
185/346 episodes, 6.78 s/episode, eta 0.30 h
batch libero_object:3 C,step real=1/6 11.9 s brain 2.6 s 6 calls 6 rows
186/346 episodes, 6.81 s/episode, eta 0.30 h
[info] using task orders [0, 1, 2, 3, 4, 5, 6, 7, 8, 9]
[info] using task orders [0, 1, 2, 3, 4, 5, 6, 7, 8, 9]
[info] using task orders [0, 1, 2, 3, 4, 5, 6, 7, 8, 9]
[info] using task orders [0, 1, 2, 3, 4, 5, 6, 7, 8, 9]
[info] using task orders [0, 1, 2, 3, 4, 5, 6, 7, 8, 9]
[info] using task orders [0, 1, 2, 3, 4, 5, 6, 7, 8, 9]
[info] using task orders [0, 1, 2, 3, 4, 5, 6, 7, 8, 9]
Local assets not found. Downloading from HuggingFace Hub...Local assets not found. Downloading from HuggingFace Hub...Local assets not found. Downloading from HuggingFace Hub...


Assets already downloaded at /root/.cache/libero/assets
Assets already downloaded at /root/.cache/libero/assetsAssets already downloaded at /root/.cache/libero/assets

Local assets not found. Downloading from HuggingFace Hub...
Assets already downloaded at /root/.cache/libero/assets
Local assets not found. Downloading from HuggingFace Hub...
Assets already downloaded at /root/.cache/libero/assets
Local assets not found. Downloading from HuggingFace Hub...
Assets already downloaded at /root/.cache/libero/assets
batch libero_object:4 A,step real=6/6 55.5 s brain 36.3 s 92 calls 113 rows
192/346 episodes, 6.90 s/episode, eta 0.30 h
batch libero_object:4 A,step real=1/6 12.1 s brain 5.6 s 15 calls 15 rows
193/346 episodes, 6.92 s/episode, eta 0.29 h
batch libero_object:4 C,step real=6/6 18.8 s brain 9.0 s 22 calls 30 rows
199/346 episodes, 6.81 s/episode, eta 0.28 h
batch libero_object:4 C,step real=1/6 11.6 s brain 3.1 s 8 calls 8 rows
200/346 episodes, 6.83 s/episode, eta 0.28 h
[info] using task orders [0, 1, 2, 3, 4, 5, 6, 7, 8, 9]
[info] using task orders [0, 1, 2, 3, 4, 5, 6, 7, 8, 9]
[info] using task orders [0, 1, 2, 3, 4, 5, 6, 7, 8, 9]
[info] using task orders [0, 1, 2, 3, 4, 5, 6, 7, 8, 9]
[info] using task orders [0, 1, 2, 3, 4, 5, 6, 7, 8, 9]
[info] using task orders [0, 1, 2, 3, 4, 5, 6, 7, 8, 9]
[info] using task orders [0, 1, 2, 3, 4, 5, 6, 7, 8, 9]
Local assets not found. Downloading from HuggingFace Hub...Local assets not found. Downloading from HuggingFace Hub...

Local assets not found. Downloading from HuggingFace Hub...
Assets already downloaded at /root/.cache/libero/assetsAssets already downloaded at /root/.cache/libero/assets

Assets already downloaded at /root/.cache/libero/assets
Local assets not found. Downloading from HuggingFace Hub...
Assets already downloaded at /root/.cache/libero/assets
Local assets not found. Downloading from HuggingFace Hub...Local assets not found. Downloading from HuggingFace Hub...

Assets already downloaded at /root/.cache/libero/assetsAssets already downloaded at /root/.cache/libero/assets

batch libero_object:5 A,step real=6/6 61.6 s brain 41.0 s 83 calls 163 rows
206/346 episodes, 6.94 s/episode, eta 0.27 h
batch libero_object:5 C,step real=6/6 25.8 s brain 15.5 s 36 calls 55 rows
212/346 episodes, 6.87 s/episode, eta 0.26 h
[info] using task orders [0, 1, 2, 3, 4, 5, 6, 7, 8, 9]
[info] using task orders [0, 1, 2, 3, 4, 5, 6, 7, 8, 9]
[info] using task orders [0, 1, 2, 3, 4, 5, 6, 7, 8, 9]
[info] using task orders [0, 1, 2, 3, 4, 5, 6, 7, 8, 9]
[info] using task orders [0, 1, 2, 3, 4, 5, 6, 7, 8, 9]
[info] using task orders [0, 1, 2, 3, 4, 5, 6, 7, 8, 9]
[info] using task orders [0, 1, 2, 3, 4, 5, 6, 7, 8, 9]
Local assets not found. Downloading from HuggingFace Hub...Local assets not found. Downloading from HuggingFace Hub...

Assets already downloaded at /root/.cache/libero/assetsAssets already downloaded at /root/.cache/libero/assets

Local assets not found. Downloading from HuggingFace Hub...
Local assets not found. Downloading from HuggingFace Hub...
Assets already downloaded at /root/.cache/libero/assetsLocal assets not found. Downloading from HuggingFace Hub...Local assets not found. Downloading from HuggingFace Hub...


Assets already downloaded at /root/.cache/libero/assets
Assets already downloaded at /root/.cache/libero/assetsAssets already downloaded at /root/.cache/libero/assets

batch libero_object:6 A,step real=6/6 46.3 s brain 29.6 s 69 calls 101 rows
218/346 episodes, 6.90 s/episode, eta 0.25 h
batch libero_object:6 A,step real=1/6 12.8 s brain 6.1 s 15 calls 15 rows
219/346 episodes, 6.93 s/episode, eta 0.24 h
batch libero_object:6 C,step real=6/6 17.4 s brain 7.8 s 18 calls 25 rows
225/346 episodes, 6.82 s/episode, eta 0.23 h
batch libero_object:6 C,step real=1/6 11.3 s brain 2.4 s 6 calls 6 rows
226/346 episodes, 6.84 s/episode, eta 0.23 h
[info] using task orders [0, 1, 2, 3, 4, 5, 6, 7, 8, 9]
[info] using task orders [0, 1, 2, 3, 4, 5, 6, 7, 8, 9]
[info] using task orders [0, 1, 2, 3, 4, 5, 6, 7, 8, 9]
[info] using task orders [0, 1, 2, 3, 4, 5, 6, 7, 8, 9]
[info] using task orders [0, 1, 2, 3, 4, 5, 6, 7, 8, 9]
[info] using task orders [0, 1, 2, 3, 4, 5, 6, 7, 8, 9]
[info] using task orders [0, 1, 2, 3, 4, 5, 6, 7, 8, 9]
Local assets not found. Downloading from HuggingFace Hub...Local assets not found. Downloading from HuggingFace Hub...

Assets already downloaded at /root/.cache/libero/assetsAssets already downloaded at /root/.cache/libero/assets

Local assets not found. Downloading from HuggingFace Hub...Local assets not found. Downloading from HuggingFace Hub...

Assets already downloaded at /root/.cache/libero/assetsAssets already downloaded at /root/.cache/libero/assets

Local assets not found. Downloading from HuggingFace Hub...
Assets already downloaded at /root/.cache/libero/assets
Local assets not found. Downloading from HuggingFace Hub...
Assets already downloaded at /root/.cache/libero/assets
batch libero_object:7 A,step real=6/6 59.6 s brain 39.7 s 91 calls 144 rows
232/346 episodes, 6.93 s/episode, eta 0.22 h
batch libero_object:7 A,step real=1/6 17.6 s brain 8.9 s 24 calls 24 rows
233/346 episodes, 6.98 s/episode, eta 0.22 h
batch libero_object:7 C,step real=6/6 21.6 s brain 11.4 s 29 calls 34 rows
239/346 episodes, 6.89 s/episode, eta 0.20 h
batch libero_object:7 C,step real=1/6 7.1 s brain 1.4 s 4 calls 4 rows
240/346 episodes, 6.89 s/episode, eta 0.20 h
[info] using task orders [0, 1, 2, 3, 4, 5, 6, 7, 8, 9]
[info] using task orders [0, 1, 2, 3, 4, 5, 6, 7, 8, 9]
[info] using task orders [0, 1, 2, 3, 4, 5, 6, 7, 8, 9]
[info] using task orders [0, 1, 2, 3, 4, 5, 6, 7, 8, 9]
[info] using task orders [0, 1, 2, 3, 4, 5, 6, 7, 8, 9]
[info] using task orders [0, 1, 2, 3, 4, 5, 6, 7, 8, 9]
[info] using task orders [0, 1, 2, 3, 4, 5, 6, 7, 8, 9]
Local assets not found. Downloading from HuggingFace Hub...Local assets not found. Downloading from HuggingFace Hub...

Assets already downloaded at /root/.cache/libero/assetsAssets already downloaded at /root/.cache/libero/assets

Local assets not found. Downloading from HuggingFace Hub...
Assets already downloaded at /root/.cache/libero/assets
Local assets not found. Downloading from HuggingFace Hub...
Assets already downloaded at /root/.cache/libero/assets
Local assets not found. Downloading from HuggingFace Hub...
Local assets not found. Downloading from HuggingFace Hub...
Assets already downloaded at /root/.cache/libero/assets
Assets already downloaded at /root/.cache/libero/assets
batch libero_object:8 A,step real=6/6 44.8 s brain 28.6 s 70 calls 92 rows
246/346 episodes, 6.92 s/episode, eta 0.19 h
batch libero_object:8 C,step real=6/6 17.5 s brain 8.0 s 18 calls 26 rows
252/346 episodes, 6.82 s/episode, eta 0.18 h
[info] using task orders [0, 1, 2, 3, 4, 5, 6, 7, 8, 9]
[info] using task orders [0, 1, 2, 3, 4, 5, 6, 7, 8, 9]
[info] using task orders [0, 1, 2, 3, 4, 5, 6, 7, 8, 9]
[info] using task orders [0, 1, 2, 3, 4, 5, 6, 7, 8, 9]
[info] using task orders [0, 1, 2, 3, 4, 5, 6, 7, 8, 9]
[info] using task orders [0, 1, 2, 3, 4, 5, 6, 7, 8, 9]
[info] using task orders [0, 1, 2, 3, 4, 5, 6, 7, 8, 9]
Local assets not found. Downloading from HuggingFace Hub...
Assets already downloaded at /root/.cache/libero/assets
Local assets not found. Downloading from HuggingFace Hub...Local assets not found. Downloading from HuggingFace Hub...

Assets already downloaded at /root/.cache/libero/assetsAssets already downloaded at /root/.cache/libero/assets

Local assets not found. Downloading from HuggingFace Hub...
Assets already downloaded at /root/.cache/libero/assets
Local assets not found. Downloading from HuggingFace Hub...
Assets already downloaded at /root/.cache/libero/assets
Local assets not found. Downloading from HuggingFace Hub...
Assets already downloaded at /root/.cache/libero/assets
batch libero_object:9 A,step real=6/6 47.0 s brain 28.3 s 66 calls 95 rows
258/346 episodes, 6.85 s/episode, eta 0.17 h
batch libero_object:9 A,step real=1/6 19.6 s brain 9.9 s 27 calls 27 rows
259/346 episodes, 6.90 s/episode, eta 0.17 h
batch libero_object:9 C,step real=6/6 17.3 s brain 8.2 s 18 calls 31 rows
265/346 episodes, 6.81 s/episode, eta 0.15 h
batch libero_object:9 C,step real=1/6 7.3 s brain 1.5 s 4 calls 4 rows
266/346 episodes, 6.81 s/episode, eta 0.15 h
[info] using task orders [0, 1, 2, 3, 4, 5, 6, 7, 8, 9]
[info] using task orders [0, 1, 2, 3, 4, 5, 6, 7, 8, 9]
[info] using task orders [0, 1, 2, 3, 4, 5, 6, 7, 8, 9]
[info] using task orders [0, 1, 2, 3, 4, 5, 6, 7, 8, 9]
[info] using task orders [0, 1, 2, 3, 4, 5, 6, 7, 8, 9]
[info] using task orders [0, 1, 2, 3, 4, 5, 6, 7, 8, 9]
[info] using task orders [0, 1, 2, 3, 4, 5, 6, 7, 8, 9]
Local assets not found. Downloading from HuggingFace Hub...
Assets already downloaded at /root/.cache/libero/assets
Local assets not found. Downloading from HuggingFace Hub...Local assets not found. Downloading from HuggingFace Hub...

Local assets not found. Downloading from HuggingFace Hub...
Assets already downloaded at /root/.cache/libero/assetsAssets already downloaded at /root/.cache/libero/assets

Assets already downloaded at /root/.cache/libero/assets
Local assets not found. Downloading from HuggingFace Hub...
Assets already downloaded at /root/.cache/libero/assets
Local assets not found. Downloading from HuggingFace Hub...
Assets already downloaded at /root/.cache/libero/assets
batch libero_goal:1 A,step real=6/6 61.6 s brain 40.4 s 99 calls 125 rows
272/346 episodes, 6.90 s/episode, eta 0.14 h
batch libero_goal:1 A,step real=1/6 11.6 s brain 5.1 s 12 calls 12 rows
273/346 episodes, 6.91 s/episode, eta 0.14 h
batch libero_goal:1 C,step real=6/6 21.3 s brain 8.8 s 19 calls 28 rows
279/346 episodes, 6.84 s/episode, eta 0.13 h
batch libero_goal:1 C,step real=1/6 11.2 s brain 2.6 s 7 calls 7 rows
280/346 episodes, 6.86 s/episode, eta 0.13 h
[info] using task orders [0, 1, 2, 3, 4, 5, 6, 7, 8, 9]
[info] using task orders [0, 1, 2, 3, 4, 5, 6, 7, 8, 9]
[info] using task orders [0, 1, 2, 3, 4, 5, 6, 7, 8, 9]
[info] using task orders [0, 1, 2, 3, 4, 5, 6, 7, 8, 9]
[info] using task orders [0, 1, 2, 3, 4, 5, 6, 7, 8, 9]
[info] using task orders [0, 1, 2, 3, 4, 5, 6, 7, 8, 9]
[info] using task orders [0, 1, 2, 3, 4, 5, 6, 7, 8, 9]
Local assets not found. Downloading from HuggingFace Hub...
Local assets not found. Downloading from HuggingFace Hub...
Assets already downloaded at /root/.cache/libero/assets
Assets already downloaded at /root/.cache/libero/assets
Local assets not found. Downloading from HuggingFace Hub...
Assets already downloaded at /root/.cache/libero/assets
Local assets not found. Downloading from HuggingFace Hub...
Assets already downloaded at /root/.cache/libero/assets
Local assets not found. Downloading from HuggingFace Hub...
Assets already downloaded at /root/.cache/libero/assets
Local assets not found. Downloading from HuggingFace Hub...
Assets already downloaded at /root/.cache/libero/assets
batch libero_goal:2 A,step real=6/6 45.7 s brain 26.9 s 58 calls 98 rows
286/346 episodes, 6.88 s/episode, eta 0.11 h
batch libero_goal:2 C,step real=6/6 26.6 s brain 15.5 s 39 calls 48 rows
292/346 episodes, 6.83 s/episode, eta 0.10 h
[info] using task orders [0, 1, 2, 3, 4, 5, 6, 7, 8, 9]
[info] using task orders [0, 1, 2, 3, 4, 5, 6, 7, 8, 9]
[info] using task orders [0, 1, 2, 3, 4, 5, 6, 7, 8, 9]
[info] using task orders [0, 1, 2, 3, 4, 5, 6, 7, 8, 9]
[info] using task orders [0, 1, 2, 3, 4, 5, 6, 7, 8, 9]
[info] using task orders [0, 1, 2, 3, 4, 5, 6, 7, 8, 9]
[info] using task orders [0, 1, 2, 3, 4, 5, 6, 7, 8, 9]
Local assets not found. Downloading from HuggingFace Hub...Local assets not found. Downloading from HuggingFace Hub...

Assets already downloaded at /root/.cache/libero/assetsAssets already downloaded at /root/.cache/libero/assets

Local assets not found. Downloading from HuggingFace Hub...Local assets not found. Downloading from HuggingFace Hub...

Assets already downloaded at /root/.cache/libero/assetsAssets already downloaded at /root/.cache/libero/assets

Local assets not found. Downloading from HuggingFace Hub...Local assets not found. Downloading from HuggingFace Hub...

Assets already downloaded at /root/.cache/libero/assetsAssets already downloaded at /root/.cache/libero/assets

batch libero_goal:4 A,step real=6/6 49.3 s brain 28.9 s 64 calls 105 rows
298/346 episodes, 6.86 s/episode, eta 0.09 h
batch libero_goal:4 A,step real=1/6 8.7 s brain 3.8 s 10 calls 10 rows
299/346 episodes, 6.87 s/episode, eta 0.09 h
batch libero_goal:4 C,step real=6/6 23.8 s brain 11.3 s 29 calls 36 rows
305/346 episodes, 6.81 s/episode, eta 0.08 h
batch libero_goal:4 C,step real=1/6 5.7 s brain 1.1 s 3 calls 3 rows
306/346 episodes, 6.81 s/episode, eta 0.08 h
[info] using task orders [0, 1, 2, 3, 4, 5, 6, 7, 8, 9]
[info] using task orders [0, 1, 2, 3, 4, 5, 6, 7, 8, 9]
[info] using task orders [0, 1, 2, 3, 4, 5, 6, 7, 8, 9]
[info] using task orders [0, 1, 2, 3, 4, 5, 6, 7, 8, 9]
[info] using task orders [0, 1, 2, 3, 4, 5, 6, 7, 8, 9]
[info] using task orders [0, 1, 2, 3, 4, 5, 6, 7, 8, 9]
[info] using task orders [0, 1, 2, 3, 4, 5, 6, 7, 8, 9]
Local assets not found. Downloading from HuggingFace Hub...Local assets not found. Downloading from HuggingFace Hub...

Assets already downloaded at /root/.cache/libero/assetsAssets already downloaded at /root/.cache/libero/assets

Local assets not found. Downloading from HuggingFace Hub...
Local assets not found. Downloading from HuggingFace Hub...Local assets not found. Downloading from HuggingFace Hub...

Assets already downloaded at /root/.cache/libero/assets
Assets already downloaded at /root/.cache/libero/assetsAssets already downloaded at /root/.cache/libero/assets

Local assets not found. Downloading from HuggingFace Hub...
Assets already downloaded at /root/.cache/libero/assets
batch libero_goal:6 A,step real=6/6 40.8 s brain 22.3 s 45 calls 87 rows
312/346 episodes, 6.82 s/episode, eta 0.06 h
batch libero_goal:6 A,step real=1/6 8.8 s brain 3.5 s 9 calls 9 rows
313/346 episodes, 6.82 s/episode, eta 0.06 h
batch libero_goal:6 C,step real=6/6 20.8 s brain 9.8 s 23 calls 30 rows
319/346 episodes, 6.76 s/episode, eta 0.05 h
batch libero_goal:6 C,step real=1/6 12.7 s brain 2.8 s 7 calls 7 rows
320/346 episodes, 6.78 s/episode, eta 0.05 h
[info] using task orders [0, 1, 2, 3, 4, 5, 6, 7, 8, 9]
[info] using task orders [0, 1, 2, 3, 4, 5, 6, 7, 8, 9]
[info] using task orders [0, 1, 2, 3, 4, 5, 6, 7, 8, 9]
[info] using task orders [0, 1, 2, 3, 4, 5, 6, 7, 8, 9]
[info] using task orders [0, 1, 2, 3, 4, 5, 6, 7, 8, 9]
[info] using task orders [0, 1, 2, 3, 4, 5, 6, 7, 8, 9]
[info] using task orders [0, 1, 2, 3, 4, 5, 6, 7, 8, 9]
Local assets not found. Downloading from HuggingFace Hub...
Assets already downloaded at /root/.cache/libero/assets
Local assets not found. Downloading from HuggingFace Hub...
Assets already downloaded at /root/.cache/libero/assets
Local assets not found. Downloading from HuggingFace Hub...
Assets already downloaded at /root/.cache/libero/assets
Local assets not found. Downloading from HuggingFace Hub...
Assets already downloaded at /root/.cache/libero/assets
Local assets not found. Downloading from HuggingFace Hub...
Local assets not found. Downloading from HuggingFace Hub...Assets already downloaded at /root/.cache/libero/assets

Assets already downloaded at /root/.cache/libero/assets
batch libero_goal:8 A,step real=6/6 51.9 s brain 30.1 s 74 calls 95 rows
326/346 episodes, 6.82 s/episode, eta 0.04 h
batch libero_goal:8 C,step real=6/6 27.0 s brain 12.4 s 32 calls 37 rows
332/346 episodes, 6.78 s/episode, eta 0.03 h
[info] using task orders [0, 1, 2, 3, 4, 5, 6, 7, 8, 9]
[info] using task orders [0, 1, 2, 3, 4, 5, 6, 7, 8, 9]
[info] using task orders [0, 1, 2, 3, 4, 5, 6, 7, 8, 9]
[info] using task orders [0, 1, 2, 3, 4, 5, 6, 7, 8, 9]
[info] using task orders [0, 1, 2, 3, 4, 5, 6, 7, 8, 9]
[info] using task orders [0, 1, 2, 3, 4, 5, 6, 7, 8, 9]
[info] using task orders [0, 1, 2, 3, 4, 5, 6, 7, 8, 9]
Local assets not found. Downloading from HuggingFace Hub...Local assets not found. Downloading from HuggingFace Hub...Local assets not found. Downloading from HuggingFace Hub...Local assets not found. Downloading from HuggingFace Hub...



Assets already downloaded at /root/.cache/libero/assetsAssets already downloaded at /root/.cache/libero/assetsAssets already downloaded at /root/.cache/libero/assetsAssets already downloaded at /root/.cache/libero/assets



Local assets not found. Downloading from HuggingFace Hub...Local assets not found. Downloading from HuggingFace Hub...

Assets already downloaded at /root/.cache/libero/assetsAssets already downloaded at /root/.cache/libero/assets

batch libero_goal:9 A,step real=6/6 60.0 s brain 39.7 s 100 calls 134 rows
338/346 episodes, 6.84 s/episode, eta 0.02 h
batch libero_goal:9 A,step real=1/6 22.7 s brain 11.4 s 31 calls 31 rows
339/346 episodes, 6.89 s/episode, eta 0.01 h
batch libero_goal:9 C,step real=6/6 19.7 s brain 9.5 s 22 calls 33 rows
345/346 episodes, 6.82 s/episode, eta 0.00 h
batch libero_goal:9 C,step real=1/6 8.3 s brain 1.9 s 5 calls 5 rows
346/346 episodes, 6.83 s/episode, eta 0.00 h
[00:24:59] pass 2 skipped: pass 1 exited cleanly, no failed batch
[00:24:59] phase r3, lane p, id 10 (520 episodes): --brain pi05 --kinds step --cells A --methods GR --inits 0-19
[00:24:59] pass 1: --brain pi05 --kinds step --cells A --methods GR --inits 0-19 --precision fp32 --n-envs 6 --kbar 0.1566 --t-ramp 5 --k-p 1.0 --tau-k 0.039517 --out results/c1-e4/pod/grid_pi05.jsonl
[robosuite WARNING] No private macro file found! (__init__.py:7)
WARNING:robosuite_logs:No private macro file found!
[robosuite WARNING] It is recommended to use a private macro file (__init__.py:8)
WARNING:robosuite_logs:It is recommended to use a private macro file
[robosuite WARNING] To setup, run: python /workspace/jit-reflex/venv/lib/python3.12/site-packages/robosuite/scripts/setup_macros.py (__init__.py:9)
WARNING:robosuite_logs:To setup, run: python /workspace/jit-reflex/venv/lib/python3.12/site-packages/robosuite/scripts/setup_macros.py
520 episodes to run
Fetching 9 files:   0%|          | 0/9 [00:00<?, ?it/s]Fetching 9 files: 100%|██████████| 9/9 [00:00<00:00, 581.76it/s]
The PI05 model is a direct port of the OpenPI implementation. 
This implementation follows the original OpenPI structure for compatibility. 
Original implementation: https://github.com/Physical-Intelligence/openpi
Loading model from: /workspace/.cache/huggingface/hub/models--lerobot--pi05_libero_finetuned_v044/snapshots/8e174154ef5f6c60a8da12ae99c303d8963138c1
✓ Loaded state dict from model.safetensors
WARNING:root:Vision embedding key might need handling: model.paligemma_with_expert.paligemma.model.vision_tower.vision_model.embeddings.patch_embedding.bias
WARNING:root:Vision embedding key might need handling: model.paligemma_with_expert.paligemma.model.vision_tower.vision_model.embeddings.patch_embedding.weight
All keys loaded successfully!
[info] using task orders [0, 1, 2, 3, 4, 5, 6, 7, 8, 9]
/usr/lib/python3.12/multiprocessing/popen_fork.py:66: DeprecationWarning: This process (pid=237550) is multi-threaded, use of fork() may lead to deadlocks in the child.
  self.pid = os.fork()
[info] using task orders [0, 1, 2, 3, 4, 5, 6, 7, 8, 9]
[info] using task orders [0, 1, 2, 3, 4, 5, 6, 7, 8, 9]
[info] using task orders [0, 1, 2, 3, 4, 5, 6, 7, 8, 9]
[info] using task orders [0, 1, 2, 3, 4, 5, 6, 7, 8, 9]
[info] using task orders [0, 1, 2, 3, 4, 5, 6, 7, 8, 9]
[info] using task orders [0, 1, 2, 3, 4, 5, 6, 7, 8, 9]
Local assets not found. Downloading from HuggingFace Hub...
Assets already downloaded at /root/.cache/libero/assets
Local assets not found. Downloading from HuggingFace Hub...
Assets already downloaded at /root/.cache/libero/assets
Local assets not found. Downloading from HuggingFace Hub...
Local assets not found. Downloading from HuggingFace Hub...
Assets already downloaded at /root/.cache/libero/assets
Assets already downloaded at /root/.cache/libero/assets
Local assets not found. Downloading from HuggingFace Hub...Local assets not found. Downloading from HuggingFace Hub...

Assets already downloaded at /root/.cache/libero/assetsAssets already downloaded at /root/.cache/libero/assets

batch libero_spatial:0 A,step real=6/6 46.2 s brain 22.8 s 28 calls 122 rows
6/520 episodes, 7.87 s/episode, eta 1.12 h
batch libero_spatial:0 A,step real=6/6 14.9 s brain 8.4 s 9 calls 50 rows
12/520 episodes, 5.18 s/episode, eta 0.73 h
batch libero_spatial:0 A,step real=6/6 28.6 s brain 15.0 s 28 calls 66 rows
18/520 episodes, 5.04 s/episode, eta 0.70 h
batch libero_spatial:0 A,step real=2/6 23.9 s brain 11.5 s 28 calls 37 rows
20/520 episodes, 5.73 s/episode, eta 0.80 h
[info] using task orders [0, 1, 2, 3, 4, 5, 6, 7, 8, 9]
[info] using task orders [0, 1, 2, 3, 4, 5, 6, 7, 8, 9]
[info] using task orders [0, 1, 2, 3, 4, 5, 6, 7, 8, 9]
[info] using task orders [0, 1, 2, 3, 4, 5, 6, 7, 8, 9]
[info] using task orders [0, 1, 2, 3, 4, 5, 6, 7, 8, 9]
[info] using task orders [0, 1, 2, 3, 4, 5, 6, 7, 8, 9]
[info] using task orders [0, 1, 2, 3, 4, 5, 6, 7, 8, 9]
Local assets not found. Downloading from HuggingFace Hub...Local assets not found. Downloading from HuggingFace Hub...

Assets already downloaded at /root/.cache/libero/assets
Assets already downloaded at /root/.cache/libero/assets
Local assets not found. Downloading from HuggingFace Hub...
Assets already downloaded at /root/.cache/libero/assets
Local assets not found. Downloading from HuggingFace Hub...
Assets already downloaded at /root/.cache/libero/assets
Local assets not found. Downloading from HuggingFace Hub...
Assets already downloaded at /root/.cache/libero/assets
Local assets not found. Downloading from HuggingFace Hub...
Assets already downloaded at /root/.cache/libero/assets
batch libero_spatial:1 A,step real=6/6 30.8 s brain 13.9 s 18 calls 73 rows
26/520 episodes, 5.68 s/episode, eta 0.78 h
batch libero_spatial:1 A,step real=6/6 18.9 s brain 11.3 s 12 calls 66 rows
32/520 episodes, 5.20 s/episode, eta 0.71 h
batch libero_spatial:1 A,step real=6/6 31.0 s brain 18.1 s 28 calls 89 rows
38/520 episodes, 5.20 s/episode, eta 0.70 h
batch libero_spatial:1 A,step real=2/6 24.3 s brain 11.8 s 28 calls 39 rows
40/520 episodes, 5.55 s/episode, eta 0.74 h
[info] using task orders [0, 1, 2, 3, 4, 5, 6, 7, 8, 9]
[info] using task orders [0, 1, 2, 3, 4, 5, 6, 7, 8, 9]
[info] using task orders [0, 1, 2, 3, 4, 5, 6, 7, 8, 9]
[info] using task orders [0, 1, 2, 3, 4, 5, 6, 7, 8, 9]
[info] using task orders [0, 1, 2, 3, 4, 5, 6, 7, 8, 9]
[info] using task orders [0, 1, 2, 3, 4, 5, 6, 7, 8, 9]
[info] using task orders [0, 1, 2, 3, 4, 5, 6, 7, 8, 9]
Local assets not found. Downloading from HuggingFace Hub...Local assets not found. Downloading from HuggingFace Hub...

Assets already downloaded at /root/.cache/libero/assetsAssets already downloaded at /root/.cache/libero/assets

Local assets not found. Downloading from HuggingFace Hub...Local assets not found. Downloading from HuggingFace Hub...

Assets already downloaded at /root/.cache/libero/assetsAssets already downloaded at /root/.cache/libero/assets

Local assets not found. Downloading from HuggingFace Hub...Local assets not found. Downloading from HuggingFace Hub...

Assets already downloaded at /root/.cache/libero/assetsAssets already downloaded at /root/.cache/libero/assets

batch libero_spatial:2 A,step real=6/6 26.0 s brain 10.8 s 13 calls 61 rows
46/520 episodes, 5.43 s/episode, eta 0.72 h
batch libero_spatial:2 A,step real=6/6 32.2 s brain 18.7 s 28 calls 95 rows
52/520 episodes, 5.43 s/episode, eta 0.71 h
batch libero_spatial:2 A,step real=6/6 16.3 s brain 9.6 s 10 calls 58 rows
58/520 episodes, 5.15 s/episode, eta 0.66 h
batch libero_spatial:2 A,step real=2/6 24.2 s brain 11.7 s 28 calls 39 rows
60/520 episodes, 5.38 s/episode, eta 0.69 h
[info] using task orders [0, 1, 2, 3, 4, 5, 6, 7, 8, 9]
[info] using task orders [0, 1, 2, 3, 4, 5, 6, 7, 8, 9]
[info] using task orders [0, 1, 2, 3, 4, 5, 6, 7, 8, 9]
[info] using task orders [0, 1, 2, 3, 4, 5, 6, 7, 8, 9]
[info] using task orders [0, 1, 2, 3, 4, 5, 6, 7, 8, 9]
[info] using task orders [0, 1, 2, 3, 4, 5, 6, 7, 8, 9]
[info] using task orders [0, 1, 2, 3, 4, 5, 6, 7, 8, 9]
Local assets not found. Downloading from HuggingFace Hub...Local assets not found. Downloading from HuggingFace Hub...Local assets not found. Downloading from HuggingFace Hub...Local assets not found. Downloading from HuggingFace Hub...



Assets already downloaded at /root/.cache/libero/assetsAssets already downloaded at /root/.cache/libero/assetsAssets already downloaded at /root/.cache/libero/assetsAssets already downloaded at /root/.cache/libero/assets



Local assets not found. Downloading from HuggingFace Hub...Local assets not found. Downloading from HuggingFace Hub...

Assets already downloaded at /root/.cache/libero/assetsAssets already downloaded at /root/.cache/libero/assets

batch libero_spatial:3 A,step real=6/6 38.1 s brain 17.6 s 28 calls 85 rows
66/520 episodes, 5.50 s/episode, eta 0.69 h
batch libero_spatial:3 A,step real=6/6 15.8 s brain 9.2 s 10 calls 54 rows
72/520 episodes, 5.26 s/episode, eta 0.65 h
batch libero_spatial:3 A,step real=6/6 29.8 s brain 16.1 s 28 calls 73 rows
78/520 episodes, 5.24 s/episode, eta 0.64 h
batch libero_spatial:3 A,step real=2/6 10.0 s brain 4.3 s 9 calls 17 rows
80/520 episodes, 5.23 s/episode, eta 0.64 h
[info] using task orders [0, 1, 2, 3, 4, 5, 6, 7, 8, 9]
[info] using task orders [0, 1, 2, 3, 4, 5, 6, 7, 8, 9]
[info] using task orders [0, 1, 2, 3, 4, 5, 6, 7, 8, 9]
[info] using task orders [0, 1, 2, 3, 4, 5, 6, 7, 8, 9]
[info] using task orders [0, 1, 2, 3, 4, 5, 6, 7, 8, 9]
[info] using task orders [0, 1, 2, 3, 4, 5, 6, 7, 8, 9]
[info] using task orders [0, 1, 2, 3, 4, 5, 6, 7, 8, 9]
Local assets not found. Downloading from HuggingFace Hub...
Local assets not found. Downloading from HuggingFace Hub...
Local assets not found. Downloading from HuggingFace Hub...
Assets already downloaded at /root/.cache/libero/assets
Assets already downloaded at /root/.cache/libero/assets
Assets already downloaded at /root/.cache/libero/assets
Local assets not found. Downloading from HuggingFace Hub...
Assets already downloaded at /root/.cache/libero/assets
Local assets not found. Downloading from HuggingFace Hub...
Assets already downloaded at /root/.cache/libero/assets
Local assets not found. Downloading from HuggingFace Hub...
Assets already downloaded at /root/.cache/libero/assets
batch libero_spatial:4 A,step real=6/6 48.1 s brain 25.9 s 28 calls 153 rows
86/520 episodes, 5.45 s/episode, eta 0.66 h
batch libero_spatial:4 A,step real=6/6 39.9 s brain 25.8 s 28 calls 153 rows
92/520 episodes, 5.53 s/episode, eta 0.66 h
batch libero_spatial:4 A,step real=6/6 36.6 s brain 22.0 s 28 calls 122 rows
98/520 episodes, 5.56 s/episode, eta 0.65 h
batch libero_spatial:4 A,step real=2/6 25.7 s brain 12.0 s 28 calls 40 rows
100/520 episodes, 5.71 s/episode, eta 0.67 h
[info] using task orders [0, 1, 2, 3, 4, 5, 6, 7, 8, 9]
[info] using task orders [0, 1, 2, 3, 4, 5, 6, 7, 8, 9]
[info] using task orders [0, 1, 2, 3, 4, 5, 6, 7, 8, 9]
[info] using task orders [0, 1, 2, 3, 4, 5, 6, 7, 8, 9]
[info] using task orders [0, 1, 2, 3, 4, 5, 6, 7, 8, 9]
[info] using task orders [0, 1, 2, 3, 4, 5, 6, 7, 8, 9]
[info] using task orders [0, 1, 2, 3, 4, 5, 6, 7, 8, 9]
Local assets not found. Downloading from HuggingFace Hub...Local assets not found. Downloading from HuggingFace Hub...

Assets already downloaded at /root/.cache/libero/assetsAssets already downloaded at /root/.cache/libero/assets

Local assets not found. Downloading from HuggingFace Hub...Local assets not found. Downloading from HuggingFace Hub...Local assets not found. Downloading from HuggingFace Hub...Local assets not found. Downloading from HuggingFace Hub...



Assets already downloaded at /root/.cache/libero/assetsAssets already downloaded at /root/.cache/libero/assets

Assets already downloaded at /root/.cache/libero/assetsAssets already downloaded at /root/.cache/libero/assets

batch libero_spatial:5 A,step real=6/6 44.8 s brain 23.4 s 28 calls 133 rows
106/520 episodes, 5.83 s/episode, eta 0.67 h
batch libero_spatial:5 A,step real=6/6 37.0 s brain 22.7 s 28 calls 130 rows
112/520 episodes, 5.85 s/episode, eta 0.66 h
batch libero_spatial:5 A,step real=6/6 33.3 s brain 19.2 s 28 calls 100 rows
118/520 episodes, 5.83 s/episode, eta 0.65 h
batch libero_spatial:5 A,step real=2/6 24.8 s brain 11.4 s 28 calls 37 rows
120/520 episodes, 5.94 s/episode, eta 0.66 h
[info] using task orders [0, 1, 2, 3, 4, 5, 6, 7, 8, 9]
[info] using task orders [0, 1, 2, 3, 4, 5, 6, 7, 8, 9]
[info] using task orders [0, 1, 2, 3, 4, 5, 6, 7, 8, 9]
[info] using task orders [0, 1, 2, 3, 4, 5, 6, 7, 8, 9]
[info] using task orders [0, 1, 2, 3, 4, 5, 6, 7, 8, 9]
[info] using task orders [0, 1, 2, 3, 4, 5, 6, 7, 8, 9]
[info] using task orders [0, 1, 2, 3, 4, 5, 6, 7, 8, 9]
Local assets not found. Downloading from HuggingFace Hub...Local assets not found. Downloading from HuggingFace Hub...Local assets not found. Downloading from HuggingFace Hub...Local assets not found. Downloading from HuggingFace Hub...



Assets already downloaded at /root/.cache/libero/assetsAssets already downloaded at /root/.cache/libero/assetsAssets already downloaded at /root/.cache/libero/assetsAssets already downloaded at /root/.cache/libero/assets



Local assets not found. Downloading from HuggingFace Hub...Local assets not found. Downloading from HuggingFace Hub...

Assets already downloaded at /root/.cache/libero/assetsAssets already downloaded at /root/.cache/libero/assets

batch libero_spatial:6 A,step real=6/6 37.6 s brain 17.2 s 28 calls 83 rows
126/520 episodes, 5.98 s/episode, eta 0.65 h
batch libero_spatial:6 A,step real=6/6 21.1 s brain 12.7 s 15 calls 73 rows
132/520 episodes, 5.86 s/episode, eta 0.63 h
batch libero_spatial:6 A,step real=6/6 32.3 s brain 18.8 s 28 calls 97 rows
138/520 episodes, 5.84 s/episode, eta 0.62 h
batch libero_spatial:6 A,step real=2/6 24.2 s brain 11.8 s 28 calls 39 rows
140/520 episodes, 5.93 s/episode, eta 0.63 h
[info] using task orders [0, 1, 2, 3, 4, 5, 6, 7, 8, 9]
[info] using task orders [0, 1, 2, 3, 4, 5, 6, 7, 8, 9]
[info] using task orders [0, 1, 2, 3, 4, 5, 6, 7, 8, 9]
[info] using task orders [0, 1, 2, 3, 4, 5, 6, 7, 8, 9]
[info] using task orders [0, 1, 2, 3, 4, 5, 6, 7, 8, 9]
[info] using task orders [0, 1, 2, 3, 4, 5, 6, 7, 8, 9]
[info] using task orders [0, 1, 2, 3, 4, 5, 6, 7, 8, 9]
Local assets not found. Downloading from HuggingFace Hub...
Local assets not found. Downloading from HuggingFace Hub...Local assets not found. Downloading from HuggingFace Hub...
Assets already downloaded at /root/.cache/libero/assets

Assets already downloaded at /root/.cache/libero/assets
Local assets not found. Downloading from HuggingFace Hub...Assets already downloaded at /root/.cache/libero/assets

Assets already downloaded at /root/.cache/libero/assets
Local assets not found. Downloading from HuggingFace Hub...Local assets not found. Downloading from HuggingFace Hub...

Assets already downloaded at /root/.cache/libero/assets
Assets already downloaded at /root/.cache/libero/assets
batch libero_spatial:7 A,step real=6/6 39.7 s brain 17.9 s 28 calls 87 rows
146/520 episodes, 5.98 s/episode, eta 0.62 h
batch libero_spatial:7 A,step real=6/6 32.1 s brain 18.5 s 28 calls 92 rows
152/520 episodes, 5.95 s/episode, eta 0.61 h
batch libero_spatial:7 A,step real=6/6 20.2 s brain 12.1 s 13 calls 72 rows
158/520 episodes, 5.85 s/episode, eta 0.59 h
batch libero_spatial:7 A,step real=2/6 18.5 s brain 8.4 s 19 calls 30 rows
160/520 episodes, 5.90 s/episode, eta 0.59 h
[info] using task orders [0, 1, 2, 3, 4, 5, 6, 7, 8, 9]
[info] using task orders [0, 1, 2, 3, 4, 5, 6, 7, 8, 9]
[info] using task orders [0, 1, 2, 3, 4, 5, 6, 7, 8, 9]
[info] using task orders [0, 1, 2, 3, 4, 5, 6, 7, 8, 9]
[info] using task orders [0, 1, 2, 3, 4, 5, 6, 7, 8, 9]
[info] using task orders [0, 1, 2, 3, 4, 5, 6, 7, 8, 9]
[info] using task orders [0, 1, 2, 3, 4, 5, 6, 7, 8, 9]
Local assets not found. Downloading from HuggingFace Hub...
Local assets not found. Downloading from HuggingFace Hub...
Assets already downloaded at /root/.cache/libero/assets
Assets already downloaded at /root/.cache/libero/assets
Local assets not found. Downloading from HuggingFace Hub...Local assets not found. Downloading from HuggingFace Hub...

Assets already downloaded at /root/.cache/libero/assetsAssets already downloaded at /root/.cache/libero/assets

Local assets not found. Downloading from HuggingFace Hub...Local assets not found. Downloading from HuggingFace Hub...

Assets already downloaded at /root/.cache/libero/assets
Assets already downloaded at /root/.cache/libero/assets
batch libero_spatial:8 A,step real=6/6 41.3 s brain 18.7 s 28 calls 94 rows
166/520 episodes, 5.94 s/episode, eta 0.58 h
batch libero_spatial:8 A,step real=6/6 32.5 s brain 18.2 s 28 calls 91 rows
172/520 episodes, 5.93 s/episode, eta 0.57 h
batch libero_spatial:8 A,step real=6/6 37.7 s brain 22.9 s 28 calls 132 rows
178/520 episodes, 5.94 s/episode, eta 0.56 h
batch libero_spatial:8 A,step real=2/6 15.2 s brain 7.2 s 16 calls 26 rows
180/520 episodes, 5.96 s/episode, eta 0.56 h
[info] using task orders [0, 1, 2, 3, 4, 5, 6, 7, 8, 9]
[info] using task orders [0, 1, 2, 3, 4, 5, 6, 7, 8, 9]
[info] using task orders [0, 1, 2, 3, 4, 5, 6, 7, 8, 9]
[info] using task orders [0, 1, 2, 3, 4, 5, 6, 7, 8, 9]
[info] using task orders [0, 1, 2, 3, 4, 5, 6, 7, 8, 9]
[info] using task orders [0, 1, 2, 3, 4, 5, 6, 7, 8, 9]
[info] using task orders [0, 1, 2, 3, 4, 5, 6, 7, 8, 9]
Local assets not found. Downloading from HuggingFace Hub...
Assets already downloaded at /root/.cache/libero/assets
Local assets not found. Downloading from HuggingFace Hub...
Assets already downloaded at /root/.cache/libero/assets
Local assets not found. Downloading from HuggingFace Hub...Local assets not found. Downloading from HuggingFace Hub...

Local assets not found. Downloading from HuggingFace Hub...
Assets already downloaded at /root/.cache/libero/assetsAssets already downloaded at /root/.cache/libero/assets

Local assets not found. Downloading from HuggingFace Hub...
Assets already downloaded at /root/.cache/libero/assets
Assets already downloaded at /root/.cache/libero/assets
batch libero_spatial:9 A,step real=6/6 27.3 s brain 12.4 s 13 calls 73 rows
186/520 episodes, 5.92 s/episode, eta 0.55 h
batch libero_spatial:9 A,step real=6/6 31.2 s brain 18.0 s 28 calls 89 rows
192/520 episodes, 5.90 s/episode, eta 0.54 h
batch libero_spatial:9 A,step real=6/6 31.4 s brain 17.9 s 28 calls 88 rows
198/520 episodes, 5.88 s/episode, eta 0.53 h
batch libero_spatial:9 A,step real=2/6 13.4 s brain 6.3 s 13 calls 25 rows
200/520 episodes, 5.89 s/episode, eta 0.52 h
[info] using task orders [0, 1, 2, 3, 4, 5, 6, 7, 8, 9]
[info] using task orders [0, 1, 2, 3, 4, 5, 6, 7, 8, 9]
[info] using task orders [0, 1, 2, 3, 4, 5, 6, 7, 8, 9]
[info] using task orders [0, 1, 2, 3, 4, 5, 6, 7, 8, 9]
[info] using task orders [0, 1, 2, 3, 4, 5, 6, 7, 8, 9]
[info] using task orders [0, 1, 2, 3, 4, 5, 6, 7, 8, 9]
[info] using task orders [0, 1, 2, 3, 4, 5, 6, 7, 8, 9]
Local assets not found. Downloading from HuggingFace Hub...Local assets not found. Downloading from HuggingFace Hub...

Assets already downloaded at /root/.cache/libero/assetsAssets already downloaded at /root/.cache/libero/assets

Local assets not found. Downloading from HuggingFace Hub...
Local assets not found. Downloading from HuggingFace Hub...
Assets already downloaded at /root/.cache/libero/assets
Assets already downloaded at /root/.cache/libero/assets
Local assets not found. Downloading from HuggingFace Hub...Local assets not found. Downloading from HuggingFace Hub...

Assets already downloaded at /root/.cache/libero/assetsAssets already downloaded at /root/.cache/libero/assets

batch libero_object:0 A,step real=6/6 41.5 s brain 22.7 s 28 calls 126 rows
206/520 episodes, 5.93 s/episode, eta 0.52 h
batch libero_object:0 A,step real=6/6 21.8 s brain 14.6 s 15 calls 86 rows
212/520 episodes, 5.86 s/episode, eta 0.50 h
batch libero_object:0 A,step real=6/6 32.5 s brain 21.5 s 28 calls 116 rows
218/520 episodes, 5.85 s/episode, eta 0.49 h
batch libero_object:0 A,step real=2/6 16.4 s brain 8.7 s 18 calls 33 rows
220/520 episodes, 5.87 s/episode, eta 0.49 h
[info] using task orders [0, 1, 2, 3, 4, 5, 6, 7, 8, 9]
[info] using task orders [0, 1, 2, 3, 4, 5, 6, 7, 8, 9]
[info] using task orders [0, 1, 2, 3, 4, 5, 6, 7, 8, 9]
[info] using task orders [0, 1, 2, 3, 4, 5, 6, 7, 8, 9]
[info] using task orders [0, 1, 2, 3, 4, 5, 6, 7, 8, 9]
[info] using task orders [0, 1, 2, 3, 4, 5, 6, 7, 8, 9]
[info] using task orders [0, 1, 2, 3, 4, 5, 6, 7, 8, 9]
Local assets not found. Downloading from HuggingFace Hub...Local assets not found. Downloading from HuggingFace Hub...

Assets already downloaded at /root/.cache/libero/assetsAssets already downloaded at /root/.cache/libero/assets

Local assets not found. Downloading from HuggingFace Hub...
Assets already downloaded at /root/.cache/libero/assets
Local assets not found. Downloading from HuggingFace Hub...
Assets already downloaded at /root/.cache/libero/assetsLocal assets not found. Downloading from HuggingFace Hub...

Assets already downloaded at /root/.cache/libero/assets
Local assets not found. Downloading from HuggingFace Hub...
Assets already downloaded at /root/.cache/libero/assets
batch libero_object:1 A,step real=6/6 37.3 s brain 19.9 s 28 calls 102 rows
226/520 episodes, 5.89 s/episode, eta 0.48 h
batch libero_object:1 A,step real=6/6 29.9 s brain 19.8 s 28 calls 100 rows
232/520 episodes, 5.87 s/episode, eta 0.47 h
batch libero_object:1 A,step real=6/6 29.8 s brain 20.3 s 27 calls 105 rows
238/520 episodes, 5.85 s/episode, eta 0.46 h
batch libero_object:1 A,step real=2/6 12.3 s brain 6.6 s 13 calls 24 rows
240/520 episodes, 5.85 s/episode, eta 0.45 h
[info] using task orders [0, 1, 2, 3, 4, 5, 6, 7, 8, 9]
[info] using task orders [0, 1, 2, 3, 4, 5, 6, 7, 8, 9]
[info] using task orders [0, 1, 2, 3, 4, 5, 6, 7, 8, 9]
[info] using task orders [0, 1, 2, 3, 4, 5, 6, 7, 8, 9]
[info] using task orders [0, 1, 2, 3, 4, 5, 6, 7, 8, 9]
[info] using task orders [0, 1, 2, 3, 4, 5, 6, 7, 8, 9]
[info] using task orders [0, 1, 2, 3, 4, 5, 6, 7, 8, 9]
Local assets not found. Downloading from HuggingFace Hub...Local assets not found. Downloading from HuggingFace Hub...Local assets not found. Downloading from HuggingFace Hub...Local assets not found. Downloading from HuggingFace Hub...Local assets not found. Downloading from HuggingFace Hub...Local assets not found. Downloading from HuggingFace Hub...





Assets already downloaded at /root/.cache/libero/assetsAssets already downloaded at /root/.cache/libero/assetsAssets already downloaded at /root/.cache/libero/assetsAssets already downloaded at /root/.cache/libero/assetsAssets already downloaded at /root/.cache/libero/assetsAssets already downloaded at /root/.cache/libero/assets





batch libero_object:2 A,step real=6/6 39.5 s brain 21.3 s 28 calls 112 rows
246/520 episodes, 5.88 s/episode, eta 0.45 h
batch libero_object:2 A,step real=6/6 28.6 s brain 18.8 s 26 calls 97 rows
252/520 episodes, 5.85 s/episode, eta 0.44 h
batch libero_object:2 A,step real=6/6 29.8 s brain 19.5 s 28 calls 97 rows
258/520 episodes, 5.83 s/episode, eta 0.42 h
batch libero_object:2 A,step real=2/6 12.0 s brain 6.2 s 12 calls 24 rows
260/520 episodes, 5.83 s/episode, eta 0.42 h
[info] using task orders [0, 1, 2, 3, 4, 5, 6, 7, 8, 9]
[info] using task orders [0, 1, 2, 3, 4, 5, 6, 7, 8, 9]
[info] using task orders [0, 1, 2, 3, 4, 5, 6, 7, 8, 9]
[info] using task orders [0, 1, 2, 3, 4, 5, 6, 7, 8, 9]
[info] using task orders [0, 1, 2, 3, 4, 5, 6, 7, 8, 9]
[info] using task orders [0, 1, 2, 3, 4, 5, 6, 7, 8, 9]
[info] using task orders [0, 1, 2, 3, 4, 5, 6, 7, 8, 9]
Local assets not found. Downloading from HuggingFace Hub...Local assets not found. Downloading from HuggingFace Hub...

Assets already downloaded at /root/.cache/libero/assetsAssets already downloaded at /root/.cache/libero/assets

Local assets not found. Downloading from HuggingFace Hub...Local assets not found. Downloading from HuggingFace Hub...

Assets already downloaded at /root/.cache/libero/assetsAssets already downloaded at /root/.cache/libero/assets

Local assets not found. Downloading from HuggingFace Hub...
Local assets not found. Downloading from HuggingFace Hub...
Assets already downloaded at /root/.cache/libero/assetsAssets already downloaded at /root/.cache/libero/assets

batch libero_object:3 A,step real=6/6 37.6 s brain 20.4 s 28 calls 104 rows
266/520 episodes, 5.85 s/episode, eta 0.41 h
batch libero_object:3 A,step real=6/6 28.5 s brain 19.1 s 25 calls 101 rows
272/520 episodes, 5.82 s/episode, eta 0.40 h
batch libero_object:3 A,step real=6/6 27.0 s brain 18.1 s 23 calls 99 rows
278/520 episodes, 5.80 s/episode, eta 0.39 h
batch libero_object:3 A,step real=2/6 13.3 s brain 7.1 s 14 calls 27 rows
280/520 episodes, 5.80 s/episode, eta 0.39 h
[info] using task orders [0, 1, 2, 3, 4, 5, 6, 7, 8, 9]
[info] using task orders [0, 1, 2, 3, 4, 5, 6, 7, 8, 9]
[info] using task orders [0, 1, 2, 3, 4, 5, 6, 7, 8, 9]
[info] using task orders [0, 1, 2, 3, 4, 5, 6, 7, 8, 9]
[info] using task orders [0, 1, 2, 3, 4, 5, 6, 7, 8, 9]
[info] using task orders [0, 1, 2, 3, 4, 5, 6, 7, 8, 9]
[info] using task orders [0, 1, 2, 3, 4, 5, 6, 7, 8, 9]
Local assets not found. Downloading from HuggingFace Hub...Local assets not found. Downloading from HuggingFace Hub...

Assets already downloaded at /root/.cache/libero/assetsAssets already downloaded at /root/.cache/libero/assets

Local assets not found. Downloading from HuggingFace Hub...Local assets not found. Downloading from HuggingFace Hub...

Local assets not found. Downloading from HuggingFace Hub...Local assets not found. Downloading from HuggingFace Hub...

Assets already downloaded at /root/.cache/libero/assetsAssets already downloaded at /root/.cache/libero/assets

Assets already downloaded at /root/.cache/libero/assetsAssets already downloaded at /root/.cache/libero/assets

batch libero_object:4 A,step real=6/6 42.5 s brain 24.6 s 28 calls 139 rows
286/520 episodes, 5.84 s/episode, eta 0.38 h
batch libero_object:4 A,step real=6/6 34.3 s brain 23.5 s 28 calls 131 rows
292/520 episodes, 5.83 s/episode, eta 0.37 h
batch libero_object:4 A,step real=6/6 34.0 s brain 23.2 s 28 calls 131 rows
298/520 episodes, 5.83 s/episode, eta 0.36 h
batch libero_object:4 A,step real=2/6 13.4 s brain 7.0 s 14 calls 28 rows
300/520 episodes, 5.84 s/episode, eta 0.36 h
[info] using task orders [0, 1, 2, 3, 4, 5, 6, 7, 8, 9]
[info] using task orders [0, 1, 2, 3, 4, 5, 6, 7, 8, 9]
[info] using task orders [0, 1, 2, 3, 4, 5, 6, 7, 8, 9]
[info] using task orders [0, 1, 2, 3, 4, 5, 6, 7, 8, 9]
[info] using task orders [0, 1, 2, 3, 4, 5, 6, 7, 8, 9]
[info] using task orders [0, 1, 2, 3, 4, 5, 6, 7, 8, 9]
[info] using task orders [0, 1, 2, 3, 4, 5, 6, 7, 8, 9]
Local assets not found. Downloading from HuggingFace Hub...Local assets not found. Downloading from HuggingFace Hub...

Assets already downloaded at /root/.cache/libero/assets
Assets already downloaded at /root/.cache/libero/assets
Local assets not found. Downloading from HuggingFace Hub...Local assets not found. Downloading from HuggingFace Hub...

Local assets not found. Downloading from HuggingFace Hub...Local assets not found. Downloading from HuggingFace Hub...

Assets already downloaded at /root/.cache/libero/assetsAssets already downloaded at /root/.cache/libero/assets

Assets already downloaded at /root/.cache/libero/assetsAssets already downloaded at /root/.cache/libero/assets

batch libero_object:5 A,step real=6/6 38.4 s brain 20.4 s 28 calls 104 rows
306/520 episodes, 5.85 s/episode, eta 0.35 h
batch libero_object:5 A,step real=6/6 34.7 s brain 23.0 s 28 calls 128 rows
312/520 episodes, 5.85 s/episode, eta 0.34 h
batch libero_object:5 A,step real=6/6 31.5 s brain 20.9 s 28 calls 110 rows
318/520 episodes, 5.84 s/episode, eta 0.33 h
batch libero_object:5 A,step real=2/6 23.1 s brain 12.5 s 28 calls 41 rows
320/520 episodes, 5.88 s/episode, eta 0.33 h
[info] using task orders [0, 1, 2, 3, 4, 5, 6, 7, 8, 9]
[info] using task orders [0, 1, 2, 3, 4, 5, 6, 7, 8, 9]
[info] using task orders [0, 1, 2, 3, 4, 5, 6, 7, 8, 9]
[info] using task orders [0, 1, 2, 3, 4, 5, 6, 7, 8, 9]
[info] using task orders [0, 1, 2, 3, 4, 5, 6, 7, 8, 9]
[info] using task orders [0, 1, 2, 3, 4, 5, 6, 7, 8, 9]
[info] using task orders [0, 1, 2, 3, 4, 5, 6, 7, 8, 9]
Local assets not found. Downloading from HuggingFace Hub...Local assets not found. Downloading from HuggingFace Hub...

Assets already downloaded at /root/.cache/libero/assetsAssets already downloaded at /root/.cache/libero/assets

Local assets not found. Downloading from HuggingFace Hub...Local assets not found. Downloading from HuggingFace Hub...

Local assets not found. Downloading from HuggingFace Hub...
Local assets not found. Downloading from HuggingFace Hub...
Assets already downloaded at /root/.cache/libero/assets
Assets already downloaded at /root/.cache/libero/assets
Assets already downloaded at /root/.cache/libero/assets
Assets already downloaded at /root/.cache/libero/assets
batch libero_object:6 A,step real=6/6 33.7 s brain 17.7 s 22 calls 98 rows
326/520 episodes, 5.88 s/episode, eta 0.32 h
batch libero_object:6 A,step real=6/6 30.3 s brain 19.7 s 28 calls 103 rows
332/520 episodes, 5.86 s/episode, eta 0.31 h
batch libero_object:6 A,step real=6/6 30.9 s brain 20.2 s 28 calls 108 rows
338/520 episodes, 5.85 s/episode, eta 0.30 h
batch libero_object:6 A,step real=2/6 15.6 s brain 8.4 s 18 calls 33 rows
340/520 episodes, 5.86 s/episode, eta 0.29 h
[info] using task orders [0, 1, 2, 3, 4, 5, 6, 7, 8, 9]
[info] using task orders [0, 1, 2, 3, 4, 5, 6, 7, 8, 9]
[info] using task orders [0, 1, 2, 3, 4, 5, 6, 7, 8, 9]
[info] using task orders [0, 1, 2, 3, 4, 5, 6, 7, 8, 9]
[info] using task orders [0, 1, 2, 3, 4, 5, 6, 7, 8, 9]
[info] using task orders [0, 1, 2, 3, 4, 5, 6, 7, 8, 9]
[info] using task orders [0, 1, 2, 3, 4, 5, 6, 7, 8, 9]
Local assets not found. Downloading from HuggingFace Hub...
Assets already downloaded at /root/.cache/libero/assets
Local assets not found. Downloading from HuggingFace Hub...Local assets not found. Downloading from HuggingFace Hub...

Assets already downloaded at /root/.cache/libero/assets
Assets already downloaded at /root/.cache/libero/assets
Local assets not found. Downloading from HuggingFace Hub...Local assets not found. Downloading from HuggingFace Hub...

Assets already downloaded at /root/.cache/libero/assetsAssets already downloaded at /root/.cache/libero/assets

Local assets not found. Downloading from HuggingFace Hub...
Assets already downloaded at /root/.cache/libero/assets
batch libero_object:7 A,step real=6/6 38.0 s brain 20.5 s 28 calls 110 rows
346/520 episodes, 5.88 s/episode, eta 0.28 h
batch libero_object:7 A,step real=6/6 31.0 s brain 20.5 s 28 calls 110 rows
352/520 episodes, 5.87 s/episode, eta 0.27 h
batch libero_object:7 A,step real=6/6 29.1 s brain 19.4 s 25 calls 107 rows
358/520 episodes, 5.85 s/episode, eta 0.26 h
batch libero_object:7 A,step real=2/6 14.4 s brain 7.8 s 16 calls 31 rows
360/520 episodes, 5.86 s/episode, eta 0.26 h
[info] using task orders [0, 1, 2, 3, 4, 5, 6, 7, 8, 9]
[info] using task orders [0, 1, 2, 3, 4, 5, 6, 7, 8, 9]
[info] using task orders [0, 1, 2, 3, 4, 5, 6, 7, 8, 9]
[info] using task orders [0, 1, 2, 3, 4, 5, 6, 7, 8, 9]
[info] using task orders [0, 1, 2, 3, 4, 5, 6, 7, 8, 9]
[info] using task orders [0, 1, 2, 3, 4, 5, 6, 7, 8, 9]
[info] using task orders [0, 1, 2, 3, 4, 5, 6, 7, 8, 9]
Local assets not found. Downloading from HuggingFace Hub...Local assets not found. Downloading from HuggingFace Hub...Local assets not found. Downloading from HuggingFace Hub...


Local assets not found. Downloading from HuggingFace Hub...
Assets already downloaded at /root/.cache/libero/assetsAssets already downloaded at /root/.cache/libero/assetsAssets already downloaded at /root/.cache/libero/assetsAssets already downloaded at /root/.cache/libero/assets



Local assets not found. Downloading from HuggingFace Hub...Local assets not found. Downloading from HuggingFace Hub...

Assets already downloaded at /root/.cache/libero/assetsAssets already downloaded at /root/.cache/libero/assets

batch libero_object:8 A,step real=6/6 31.0 s brain 16.3 s 18 calls 94 rows
366/520 episodes, 5.85 s/episode, eta 0.25 h
batch libero_object:8 A,step real=6/6 22.6 s brain 15.5 s 16 calls 92 rows
372/520 episodes, 5.82 s/episode, eta 0.24 h
batch libero_object:8 A,step real=6/6 28.5 s brain 18.9 s 24 calls 105 rows
378/520 episodes, 5.80 s/episode, eta 0.23 h
batch libero_object:8 A,step real=2/6 14.8 s brain 8.1 s 17 calls 32 rows
380/520 episodes, 5.81 s/episode, eta 0.23 h
[info] using task orders [0, 1, 2, 3, 4, 5, 6, 7, 8, 9]
[info] using task orders [0, 1, 2, 3, 4, 5, 6, 7, 8, 9]
[info] using task orders [0, 1, 2, 3, 4, 5, 6, 7, 8, 9]
[info] using task orders [0, 1, 2, 3, 4, 5, 6, 7, 8, 9]
[info] using task orders [0, 1, 2, 3, 4, 5, 6, 7, 8, 9]
[info] using task orders [0, 1, 2, 3, 4, 5, 6, 7, 8, 9]
[info] using task orders [0, 1, 2, 3, 4, 5, 6, 7, 8, 9]
Local assets not found. Downloading from HuggingFace Hub...
Assets already downloaded at /root/.cache/libero/assets
Local assets not found. Downloading from HuggingFace Hub...
Local assets not found. Downloading from HuggingFace Hub...
Assets already downloaded at /root/.cache/libero/assets
Assets already downloaded at /root/.cache/libero/assets
Local assets not found. Downloading from HuggingFace Hub...
Assets already downloaded at /root/.cache/libero/assets
Local assets not found. Downloading from HuggingFace Hub...
Local assets not found. Downloading from HuggingFace Hub...
Assets already downloaded at /root/.cache/libero/assets
Assets already downloaded at /root/.cache/libero/assets
batch libero_object:9 A,step real=6/6 36.9 s brain 19.3 s 28 calls 100 rows
386/520 episodes, 5.82 s/episode, eta 0.22 h
batch libero_object:9 A,step real=6/6 32.7 s brain 22.0 s 28 calls 121 rows
392/520 episodes, 5.81 s/episode, eta 0.21 h
batch libero_object:9 A,step real=6/6 20.3 s brain 13.2 s 16 calls 75 rows
398/520 episodes, 5.78 s/episode, eta 0.20 h
batch libero_object:9 A,step real=2/6 12.3 s brain 6.3 s 13 calls 25 rows
400/520 episodes, 5.78 s/episode, eta 0.19 h
[info] using task orders [0, 1, 2, 3, 4, 5, 6, 7, 8, 9]
[info] using task orders [0, 1, 2, 3, 4, 5, 6, 7, 8, 9]
[info] using task orders [0, 1, 2, 3, 4, 5, 6, 7, 8, 9]
[info] using task orders [0, 1, 2, 3, 4, 5, 6, 7, 8, 9]
[info] using task orders [0, 1, 2, 3, 4, 5, 6, 7, 8, 9]
[info] using task orders [0, 1, 2, 3, 4, 5, 6, 7, 8, 9]
[info] using task orders [0, 1, 2, 3, 4, 5, 6, 7, 8, 9]
Local assets not found. Downloading from HuggingFace Hub...Local assets not found. Downloading from HuggingFace Hub...

Assets already downloaded at /root/.cache/libero/assetsAssets already downloaded at /root/.cache/libero/assets

Local assets not found. Downloading from HuggingFace Hub...
Local assets not found. Downloading from HuggingFace Hub...
Assets already downloaded at /root/.cache/libero/assetsAssets already downloaded at /root/.cache/libero/assets

Local assets not found. Downloading from HuggingFace Hub...Local assets not found. Downloading from HuggingFace Hub...

Assets already downloaded at /root/.cache/libero/assetsAssets already downloaded at /root/.cache/libero/assets

batch libero_goal:1 A,step real=6/6 36.2 s brain 17.4 s 30 calls 77 rows
406/520 episodes, 5.79 s/episode, eta 0.18 h
batch libero_goal:1 A,step real=6/6 28.2 s brain 16.8 s 30 calls 75 rows
412/520 episodes, 5.77 s/episode, eta 0.17 h
batch libero_goal:1 A,step real=6/6 28.4 s brain 16.3 s 30 calls 72 rows
418/520 episodes, 5.76 s/episode, eta 0.16 h
batch libero_goal:1 A,step real=2/6 10.6 s brain 5.3 s 12 calls 19 rows
420/520 episodes, 5.76 s/episode, eta 0.16 h
[info] using task orders [0, 1, 2, 3, 4, 5, 6, 7, 8, 9]
[info] using task orders [0, 1, 2, 3, 4, 5, 6, 7, 8, 9]
[info] using task orders [0, 1, 2, 3, 4, 5, 6, 7, 8, 9]
[info] using task orders [0, 1, 2, 3, 4, 5, 6, 7, 8, 9]
[info] using task orders [0, 1, 2, 3, 4, 5, 6, 7, 8, 9]
[info] using task orders [0, 1, 2, 3, 4, 5, 6, 7, 8, 9]
[info] using task orders [0, 1, 2, 3, 4, 5, 6, 7, 8, 9]
Local assets not found. Downloading from HuggingFace Hub...
Assets already downloaded at /root/.cache/libero/assets
Local assets not found. Downloading from HuggingFace Hub...
Assets already downloaded at /root/.cache/libero/assets
Local assets not found. Downloading from HuggingFace Hub...
Assets already downloaded at /root/.cache/libero/assets
Local assets not found. Downloading from HuggingFace Hub...
Assets already downloaded at /root/.cache/libero/assets
Local assets not found. Downloading from HuggingFace Hub...
Local assets not found. Downloading from HuggingFace Hub...
Assets already downloaded at /root/.cache/libero/assets
Assets already downloaded at /root/.cache/libero/assets
batch libero_goal:2 A,step real=6/6 25.8 s brain 11.8 s 16 calls 62 rows
426/520 episodes, 5.74 s/episode, eta 0.15 h
batch libero_goal:2 A,step real=6/6 31.8 s brain 20.4 s 30 calls 105 rows
432/520 episodes, 5.73 s/episode, eta 0.14 h
batch libero_goal:2 A,step real=6/6 31.5 s brain 19.8 s 30 calls 100 rows
438/520 episodes, 5.73 s/episode, eta 0.13 h
batch libero_goal:2 A,step real=2/6 9.9 s brain 4.9 s 10 calls 19 rows
440/520 episodes, 5.72 s/episode, eta 0.13 h
[info] using task orders [0, 1, 2, 3, 4, 5, 6, 7, 8, 9]
[info] using task orders [0, 1, 2, 3, 4, 5, 6, 7, 8, 9]
[info] using task orders [0, 1, 2, 3, 4, 5, 6, 7, 8, 9]
[info] using task orders [0, 1, 2, 3, 4, 5, 6, 7, 8, 9]
[info] using task orders [0, 1, 2, 3, 4, 5, 6, 7, 8, 9]
[info] using task orders [0, 1, 2, 3, 4, 5, 6, 7, 8, 9]
[info] using task orders [0, 1, 2, 3, 4, 5, 6, 7, 8, 9]
Local assets not found. Downloading from HuggingFace Hub...Local assets not found. Downloading from HuggingFace Hub...Local assets not found. Downloading from HuggingFace Hub...Local assets not found. Downloading from HuggingFace Hub...



Assets already downloaded at /root/.cache/libero/assetsAssets already downloaded at /root/.cache/libero/assetsAssets already downloaded at /root/.cache/libero/assetsAssets already downloaded at /root/.cache/libero/assets



Local assets not found. Downloading from HuggingFace Hub...Local assets not found. Downloading from HuggingFace Hub...

Assets already downloaded at /root/.cache/libero/assetsAssets already downloaded at /root/.cache/libero/assets

batch libero_goal:4 A,step real=6/6 35.8 s brain 16.5 s 30 calls 74 rows
446/520 episodes, 5.73 s/episode, eta 0.12 h
batch libero_goal:4 A,step real=6/6 16.8 s brain 10.3 s 13 calls 57 rows
452/520 episodes, 5.69 s/episode, eta 0.11 h
batch libero_goal:4 A,step real=6/6 20.2 s brain 11.9 s 16 calls 64 rows
458/520 episodes, 5.66 s/episode, eta 0.10 h
batch libero_goal:4 A,step real=2/6 10.1 s brain 4.8 s 10 calls 18 rows
460/520 episodes, 5.66 s/episode, eta 0.09 h
[info] using task orders [0, 1, 2, 3, 4, 5, 6, 7, 8, 9]
[info] using task orders [0, 1, 2, 3, 4, 5, 6, 7, 8, 9]
[info] using task orders [0, 1, 2, 3, 4, 5, 6, 7, 8, 9]
[info] using task orders [0, 1, 2, 3, 4, 5, 6, 7, 8, 9]
[info] using task orders [0, 1, 2, 3, 4, 5, 6, 7, 8, 9]
[info] using task orders [0, 1, 2, 3, 4, 5, 6, 7, 8, 9]
[info] using task orders [0, 1, 2, 3, 4, 5, 6, 7, 8, 9]
Local assets not found. Downloading from HuggingFace Hub...Local assets not found. Downloading from HuggingFace Hub...

Assets already downloaded at /root/.cache/libero/assetsAssets already downloaded at /root/.cache/libero/assets

Local assets not found. Downloading from HuggingFace Hub...
Assets already downloaded at /root/.cache/libero/assets
Local assets not found. Downloading from HuggingFace Hub...
Assets already downloaded at /root/.cache/libero/assets
Local assets not found. Downloading from HuggingFace Hub...Local assets not found. Downloading from HuggingFace Hub...

Assets already downloaded at /root/.cache/libero/assetsAssets already downloaded at /root/.cache/libero/assets

batch libero_goal:6 A,step real=6/6 37.1 s brain 18.7 s 30 calls 90 rows
466/520 episodes, 5.67 s/episode, eta 0.09 h
batch libero_goal:6 A,step real=6/6 31.9 s brain 19.3 s 30 calls 97 rows
472/520 episodes, 5.67 s/episode, eta 0.08 h
batch libero_goal:6 A,step real=6/6 31.8 s brain 19.7 s 30 calls 100 rows
478/520 episodes, 5.66 s/episode, eta 0.07 h
batch libero_goal:6 A,step real=2/6 17.0 s brain 8.9 s 20 calls 32 rows
480/520 episodes, 5.67 s/episode, eta 0.06 h
[info] using task orders [0, 1, 2, 3, 4, 5, 6, 7, 8, 9]
[info] using task orders [0, 1, 2, 3, 4, 5, 6, 7, 8, 9]
[info] using task orders [0, 1, 2, 3, 4, 5, 6, 7, 8, 9]
[info] using task orders [0, 1, 2, 3, 4, 5, 6, 7, 8, 9]
[info] using task orders [0, 1, 2, 3, 4, 5, 6, 7, 8, 9]
[info] using task orders [0, 1, 2, 3, 4, 5, 6, 7, 8, 9]
[info] using task orders [0, 1, 2, 3, 4, 5, 6, 7, 8, 9]
Local assets not found. Downloading from HuggingFace Hub...Local assets not found. Downloading from HuggingFace Hub...Local assets not found. Downloading from HuggingFace Hub...


Assets already downloaded at /root/.cache/libero/assetsAssets already downloaded at /root/.cache/libero/assetsAssets already downloaded at /root/.cache/libero/assets


Local assets not found. Downloading from HuggingFace Hub...
Assets already downloaded at /root/.cache/libero/assets
Local assets not found. Downloading from HuggingFace Hub...
Assets already downloaded at /root/.cache/libero/assets
Local assets not found. Downloading from HuggingFace Hub...
Assets already downloaded at /root/.cache/libero/assets
batch libero_goal:8 A,step real=6/6 20.6 s brain 8.5 s 9 calls 49 rows
486/520 episodes, 5.65 s/episode, eta 0.05 h
batch libero_goal:8 A,step real=6/6 33.3 s brain 20.3 s 30 calls 105 rows
492/520 episodes, 5.65 s/episode, eta 0.04 h
batch libero_goal:8 A,step real=6/6 33.4 s brain 18.7 s 30 calls 92 rows
498/520 episodes, 5.65 s/episode, eta 0.03 h
batch libero_goal:8 A,step real=2/6 8.6 s brain 4.0 s 8 calls 16 rows
500/520 episodes, 5.64 s/episode, eta 0.03 h
[info] using task orders [0, 1, 2, 3, 4, 5, 6, 7, 8, 9]
[info] using task orders [0, 1, 2, 3, 4, 5, 6, 7, 8, 9]
[info] using task orders [0, 1, 2, 3, 4, 5, 6, 7, 8, 9]
[info] using task orders [0, 1, 2, 3, 4, 5, 6, 7, 8, 9]
[info] using task orders [0, 1, 2, 3, 4, 5, 6, 7, 8, 9]
[info] using task orders [0, 1, 2, 3, 4, 5, 6, 7, 8, 9]
[info] using task orders [0, 1, 2, 3, 4, 5, 6, 7, 8, 9]
Local assets not found. Downloading from HuggingFace Hub...Local assets not found. Downloading from HuggingFace Hub...Local assets not found. Downloading from HuggingFace Hub...Local assets not found. Downloading from HuggingFace Hub...



Assets already downloaded at /root/.cache/libero/assetsAssets already downloaded at /root/.cache/libero/assetsAssets already downloaded at /root/.cache/libero/assetsAssets already downloaded at /root/.cache/libero/assets



Local assets not found. Downloading from HuggingFace Hub...
Assets already downloaded at /root/.cache/libero/assets
Local assets not found. Downloading from HuggingFace Hub...
Assets already downloaded at /root/.cache/libero/assets
batch libero_goal:9 A,step real=6/6 40.3 s brain 21.7 s 30 calls 113 rows
506/520 episodes, 5.66 s/episode, eta 0.02 h
batch libero_goal:9 A,step real=6/6 32.0 s brain 20.2 s 30 calls 104 rows
512/520 episodes, 5.66 s/episode, eta 0.01 h
batch libero_goal:9 A,step real=6/6 33.1 s brain 21.5 s 30 calls 114 rows
518/520 episodes, 5.65 s/episode, eta 0.00 h
batch libero_goal:9 A,step real=2/6 16.4 s brain 8.8 s 18 calls 35 rows
520/520 episodes, 5.66 s/episode, eta 0.00 h
[01:16:45] pass 2 skipped: pass 1 exited cleanly, no failed batch
[02:43:00] phase r5, lane p, id 11 (520 episodes): --brain pi05 --kinds step --cells A --methods T0,PPC --inits 0-9
[02:43:00] pass 1: --brain pi05 --kinds step --cells A --methods T0,PPC --inits 0-9 --precision fp32 --n-envs 6 --kbar 0.1566 --t-ramp 5 --k-p 1.0 --tau-k 0.039517 --out results/c1-e4/pod/grid_pi05.jsonl
[robosuite WARNING] No private macro file found! (__init__.py:7)
WARNING:robosuite_logs:No private macro file found!
[robosuite WARNING] It is recommended to use a private macro file (__init__.py:8)
WARNING:robosuite_logs:It is recommended to use a private macro file
[robosuite WARNING] To setup, run: python /workspace/jit-reflex/venv/lib/python3.12/site-packages/robosuite/scripts/setup_macros.py (__init__.py:9)
WARNING:robosuite_logs:To setup, run: python /workspace/jit-reflex/venv/lib/python3.12/site-packages/robosuite/scripts/setup_macros.py
520 episodes to run
Fetching 9 files:   0%|          | 0/9 [00:00<?, ?it/s]Fetching 9 files: 100%|██████████| 9/9 [00:00<00:00, 591.64it/s]
The PI05 model is a direct port of the OpenPI implementation. 
This implementation follows the original OpenPI structure for compatibility. 
Original implementation: https://github.com/Physical-Intelligence/openpi
Loading model from: /workspace/.cache/huggingface/hub/models--lerobot--pi05_libero_finetuned_v044/snapshots/8e174154ef5f6c60a8da12ae99c303d8963138c1
✓ Loaded state dict from model.safetensors
WARNING:root:Vision embedding key might need handling: model.paligemma_with_expert.paligemma.model.vision_tower.vision_model.embeddings.patch_embedding.bias
WARNING:root:Vision embedding key might need handling: model.paligemma_with_expert.paligemma.model.vision_tower.vision_model.embeddings.patch_embedding.weight
All keys loaded successfully!
[info] using task orders [0, 1, 2, 3, 4, 5, 6, 7, 8, 9]
/usr/lib/python3.12/multiprocessing/popen_fork.py:66: DeprecationWarning: This process (pid=244737) is multi-threaded, use of fork() may lead to deadlocks in the child.
  self.pid = os.fork()
[info] using task orders [0, 1, 2, 3, 4, 5, 6, 7, 8, 9]
[info] using task orders [0, 1, 2, 3, 4, 5, 6, 7, 8, 9]
[info] using task orders [0, 1, 2, 3, 4, 5, 6, 7, 8, 9]
[info] using task orders [0, 1, 2, 3, 4, 5, 6, 7, 8, 9]
[info] using task orders [0, 1, 2, 3, 4, 5, 6, 7, 8, 9]
[info] using task orders [0, 1, 2, 3, 4, 5, 6, 7, 8, 9]
Local assets not found. Downloading from HuggingFace Hub...Local assets not found. Downloading from HuggingFace Hub...

Assets already downloaded at /root/.cache/libero/assetsAssets already downloaded at /root/.cache/libero/assets

Local assets not found. Downloading from HuggingFace Hub...Local assets not found. Downloading from HuggingFace Hub...

Local assets not found. Downloading from HuggingFace Hub...Local assets not found. Downloading from HuggingFace Hub...

Assets already downloaded at /root/.cache/libero/assetsAssets already downloaded at /root/.cache/libero/assets

Assets already downloaded at /root/.cache/libero/assetsAssets already downloaded at /root/.cache/libero/assets

batch libero_spatial:0 A,step real=6/6 60.0 s brain 34.9 s 70 calls 141 rows
6/520 episodes, 10.19 s/episode, eta 1.45 h
batch libero_spatial:0 A,step real=6/6 39.8 s brain 23.5 s 49 calls 94 rows
12/520 episodes, 8.41 s/episode, eta 1.19 h
batch libero_spatial:0 A,step real=6/6 38.2 s brain 22.0 s 42 calls 94 rows
18/520 episodes, 7.73 s/episode, eta 1.08 h
batch libero_spatial:0 A,step real=2/6 10.0 s brain 4.2 s 9 calls 16 rows
20/520 episodes, 7.46 s/episode, eta 1.04 h
[info] using task orders [0, 1, 2, 3, 4, 5, 6, 7, 8, 9]
[info] using task orders [0, 1, 2, 3, 4, 5, 6, 7, 8, 9]
[info] using task orders [0, 1, 2, 3, 4, 5, 6, 7, 8, 9]
[info] using task orders [0, 1, 2, 3, 4, 5, 6, 7, 8, 9]
[info] using task orders [0, 1, 2, 3, 4, 5, 6, 7, 8, 9]
[info] using task orders [0, 1, 2, 3, 4, 5, 6, 7, 8, 9]
[info] using task orders [0, 1, 2, 3, 4, 5, 6, 7, 8, 9]
Local assets not found. Downloading from HuggingFace Hub...
Local assets not found. Downloading from HuggingFace Hub...
Assets already downloaded at /root/.cache/libero/assets
Assets already downloaded at /root/.cache/libero/assets
Local assets not found. Downloading from HuggingFace Hub...
Assets already downloaded at /root/.cache/libero/assets
Local assets not found. Downloading from HuggingFace Hub...
Local assets not found. Downloading from HuggingFace Hub...
Local assets not found. Downloading from HuggingFace Hub...Assets already downloaded at /root/.cache/libero/assets

Assets already downloaded at /root/.cache/libero/assets
Assets already downloaded at /root/.cache/libero/assets
batch libero_spatial:1 A,step real=6/6 35.8 s brain 18.2 s 34 calls 80 rows
26/520 episodes, 7.20 s/episode, eta 0.99 h
batch libero_spatial:1 A,step real=6/6 29.2 s brain 19.8 s 44 calls 75 rows
32/520 episodes, 6.76 s/episode, eta 0.92 h
batch libero_spatial:1 A,step real=6/6 23.4 s brain 14.1 s 22 calls 71 rows
38/520 episodes, 6.31 s/episode, eta 0.85 h
batch libero_spatial:1 A,step real=2/6 14.2 s brain 7.3 s 18 calls 23 rows
40/520 episodes, 6.35 s/episode, eta 0.85 h
[info] using task orders [0, 1, 2, 3, 4, 5, 6, 7, 8, 9]
[info] using task orders [0, 1, 2, 3, 4, 5, 6, 7, 8, 9]
[info] using task orders [0, 1, 2, 3, 4, 5, 6, 7, 8, 9]
[info] using task orders [0, 1, 2, 3, 4, 5, 6, 7, 8, 9]
[info] using task orders [0, 1, 2, 3, 4, 5, 6, 7, 8, 9]
[info] using task orders [0, 1, 2, 3, 4, 5, 6, 7, 8, 9]
[info] using task orders [0, 1, 2, 3, 4, 5, 6, 7, 8, 9]
Local assets not found. Downloading from HuggingFace Hub...Local assets not found. Downloading from HuggingFace Hub...Local assets not found. Downloading from HuggingFace Hub...Local assets not found. Downloading from HuggingFace Hub...



Assets already downloaded at /root/.cache/libero/assetsAssets already downloaded at /root/.cache/libero/assetsAssets already downloaded at /root/.cache/libero/assetsAssets already downloaded at /root/.cache/libero/assets



Local assets not found. Downloading from HuggingFace Hub...Local assets not found. Downloading from HuggingFace Hub...

Assets already downloaded at /root/.cache/libero/assets
Assets already downloaded at /root/.cache/libero/assets
batch libero_spatial:2 A,step real=6/6 47.1 s brain 25.3 s 60 calls 86 rows
46/520 episodes, 6.60 s/episode, eta 0.87 h
batch libero_spatial:2 A,step real=6/6 26.2 s brain 17.3 s 39 calls 63 rows
52/520 episodes, 6.34 s/episode, eta 0.82 h
batch libero_spatial:2 A,step real=6/6 24.3 s brain 14.4 s 25 calls 67 rows
58/520 episodes, 6.10 s/episode, eta 0.78 h
batch libero_spatial:2 A,step real=2/6 26.8 s brain 13.5 s 35 calls 39 rows
60/520 episodes, 6.35 s/episode, eta 0.81 h
[info] using task orders [0, 1, 2, 3, 4, 5, 6, 7, 8, 9]
[info] using task orders [0, 1, 2, 3, 4, 5, 6, 7, 8, 9]
[info] using task orders [0, 1, 2, 3, 4, 5, 6, 7, 8, 9]
[info] using task orders [0, 1, 2, 3, 4, 5, 6, 7, 8, 9]
[info] using task orders [0, 1, 2, 3, 4, 5, 6, 7, 8, 9]
[info] using task orders [0, 1, 2, 3, 4, 5, 6, 7, 8, 9]
[info] using task orders [0, 1, 2, 3, 4, 5, 6, 7, 8, 9]
Local assets not found. Downloading from HuggingFace Hub...Local assets not found. Downloading from HuggingFace Hub...Local assets not found. Downloading from HuggingFace Hub...


Assets already downloaded at /root/.cache/libero/assetsAssets already downloaded at /root/.cache/libero/assetsAssets already downloaded at /root/.cache/libero/assets


Local assets not found. Downloading from HuggingFace Hub...
Assets already downloaded at /root/.cache/libero/assets
Local assets not found. Downloading from HuggingFace Hub...
Assets already downloaded at /root/.cache/libero/assets
Local assets not found. Downloading from HuggingFace Hub...
Assets already downloaded at /root/.cache/libero/assets
batch libero_spatial:3 A,step real=6/6 48.6 s brain 26.1 s 60 calls 95 rows
66/520 episodes, 6.54 s/episode, eta 0.82 h
batch libero_spatial:3 A,step real=6/6 25.1 s brain 15.1 s 30 calls 64 rows
72/520 episodes, 6.35 s/episode, eta 0.79 h
batch libero_spatial:3 A,step real=6/6 42.3 s brain 27.6 s 68 calls 93 rows
78/520 episodes, 6.40 s/episode, eta 0.79 h
batch libero_spatial:3 A,step real=2/6 11.5 s brain 5.6 s 14 calls 18 rows
80/520 episodes, 6.38 s/episode, eta 0.78 h
[info] using task orders [0, 1, 2, 3, 4, 5, 6, 7, 8, 9]
[info] using task orders [0, 1, 2, 3, 4, 5, 6, 7, 8, 9]
[info] using task orders [0, 1, 2, 3, 4, 5, 6, 7, 8, 9]
[info] using task orders [0, 1, 2, 3, 4, 5, 6, 7, 8, 9]
[info] using task orders [0, 1, 2, 3, 4, 5, 6, 7, 8, 9]
[info] using task orders [0, 1, 2, 3, 4, 5, 6, 7, 8, 9]
[info] using task orders [0, 1, 2, 3, 4, 5, 6, 7, 8, 9]
Local assets not found. Downloading from HuggingFace Hub...Local assets not found. Downloading from HuggingFace Hub...

Assets already downloaded at /root/.cache/libero/assetsAssets already downloaded at /root/.cache/libero/assets

Local assets not found. Downloading from HuggingFace Hub...Local assets not found. Downloading from HuggingFace Hub...

Assets already downloaded at /root/.cache/libero/assetsAssets already downloaded at /root/.cache/libero/assets

Local assets not found. Downloading from HuggingFace Hub...Local assets not found. Downloading from HuggingFace Hub...

Assets already downloaded at /root/.cache/libero/assets
Assets already downloaded at /root/.cache/libero/assets
batch libero_spatial:4 A,step real=6/6 67.4 s brain 43.4 s 103 calls 154 rows
86/520 episodes, 6.75 s/episode, eta 0.81 h
batch libero_spatial:4 A,step real=6/6 45.7 s brain 31.1 s 74 calls 110 rows
92/520 episodes, 6.80 s/episode, eta 0.81 h
batch libero_spatial:4 A,step real=6/6 42.7 s brain 27.9 s 53 calls 124 rows
98/520 episodes, 6.82 s/episode, eta 0.80 h
batch libero_spatial:4 A,step real=2/6 18.5 s brain 9.9 s 25 calls 29 rows
100/520 episodes, 6.87 s/episode, eta 0.80 h
[info] using task orders [0, 1, 2, 3, 4, 5, 6, 7, 8, 9]
[info] using task orders [0, 1, 2, 3, 4, 5, 6, 7, 8, 9]
[info] using task orders [0, 1, 2, 3, 4, 5, 6, 7, 8, 9]
[info] using task orders [0, 1, 2, 3, 4, 5, 6, 7, 8, 9]
[info] using task orders [0, 1, 2, 3, 4, 5, 6, 7, 8, 9]
[info] using task orders [0, 1, 2, 3, 4, 5, 6, 7, 8, 9]
[info] using task orders [0, 1, 2, 3, 4, 5, 6, 7, 8, 9]
Local assets not found. Downloading from HuggingFace Hub...
Local assets not found. Downloading from HuggingFace Hub...
Assets already downloaded at /root/.cache/libero/assetsAssets already downloaded at /root/.cache/libero/assets

Local assets not found. Downloading from HuggingFace Hub...
Local assets not found. Downloading from HuggingFace Hub...
Local assets not found. Downloading from HuggingFace Hub...
Local assets not found. Downloading from HuggingFace Hub...
Assets already downloaded at /root/.cache/libero/assets
Assets already downloaded at /root/.cache/libero/assetsAssets already downloaded at /root/.cache/libero/assets

Assets already downloaded at /root/.cache/libero/assets
batch libero_spatial:5 A,step real=6/6 68.9 s brain 45.6 s 113 calls 150 rows
106/520 episodes, 7.16 s/episode, eta 0.82 h
batch libero_spatial:5 A,step real=6/6 55.4 s brain 39.7 s 92 calls 145 rows
112/520 episodes, 7.27 s/episode, eta 0.82 h
batch libero_spatial:5 A,step real=6/6 65.9 s brain 49.5 s 130 calls 155 rows
118/520 episodes, 7.46 s/episode, eta 0.83 h
batch libero_spatial:5 A,step real=2/6 26.6 s brain 13.3 s 34 calls 38 rows
120/520 episodes, 7.55 s/episode, eta 0.84 h
[info] using task orders [0, 1, 2, 3, 4, 5, 6, 7, 8, 9]
[info] using task orders [0, 1, 2, 3, 4, 5, 6, 7, 8, 9]
[info] using task orders [0, 1, 2, 3, 4, 5, 6, 7, 8, 9]
[info] using task orders [0, 1, 2, 3, 4, 5, 6, 7, 8, 9]
[info] using task orders [0, 1, 2, 3, 4, 5, 6, 7, 8, 9]
[info] using task orders [0, 1, 2, 3, 4, 5, 6, 7, 8, 9]
[info] using task orders [0, 1, 2, 3, 4, 5, 6, 7, 8, 9]
Local assets not found. Downloading from HuggingFace Hub...Local assets not found. Downloading from HuggingFace Hub...Local assets not found. Downloading from HuggingFace Hub...Local assets not found. Downloading from HuggingFace Hub...



Assets already downloaded at /root/.cache/libero/assetsAssets already downloaded at /root/.cache/libero/assetsAssets already downloaded at /root/.cache/libero/assetsAssets already downloaded at /root/.cache/libero/assets



Local assets not found. Downloading from HuggingFace Hub...Local assets not found. Downloading from HuggingFace Hub...

Assets already downloaded at /root/.cache/libero/assetsAssets already downloaded at /root/.cache/libero/assets

batch libero_spatial:6 A,step real=6/6 44.9 s brain 24.1 s 52 calls 89 rows
126/520 episodes, 7.57 s/episode, eta 0.83 h
batch libero_spatial:6 A,step real=6/6 26.9 s brain 18.6 s 41 calls 70 rows
132/520 episodes, 7.43 s/episode, eta 0.80 h
batch libero_spatial:6 A,step real=6/6 41.6 s brain 27.1 s 59 calls 93 rows
138/520 episodes, 7.40 s/episode, eta 0.79 h
batch libero_spatial:6 A,step real=2/6 11.7 s brain 5.3 s 11 calls 22 rows
140/520 episodes, 7.38 s/episode, eta 0.78 h
[info] using task orders [0, 1, 2, 3, 4, 5, 6, 7, 8, 9]
[info] using task orders [0, 1, 2, 3, 4, 5, 6, 7, 8, 9]
[info] using task orders [0, 1, 2, 3, 4, 5, 6, 7, 8, 9]
[info] using task orders [0, 1, 2, 3, 4, 5, 6, 7, 8, 9]
[info] using task orders [0, 1, 2, 3, 4, 5, 6, 7, 8, 9]
[info] using task orders [0, 1, 2, 3, 4, 5, 6, 7, 8, 9]
[info] using task orders [0, 1, 2, 3, 4, 5, 6, 7, 8, 9]
Local assets not found. Downloading from HuggingFace Hub...
Assets already downloaded at /root/.cache/libero/assets
Local assets not found. Downloading from HuggingFace Hub...
Assets already downloaded at /root/.cache/libero/assets
Local assets not found. Downloading from HuggingFace Hub...
Local assets not found. Downloading from HuggingFace Hub...
Assets already downloaded at /root/.cache/libero/assets
Local assets not found. Downloading from HuggingFace Hub...
Assets already downloaded at /root/.cache/libero/assets
Assets already downloaded at /root/.cache/libero/assets
Local assets not found. Downloading from HuggingFace Hub...
Assets already downloaded at /root/.cache/libero/assets
batch libero_spatial:7 A,step real=6/6 38.7 s brain 22.2 s 53 calls 76 rows
146/520 episodes, 7.36 s/episode, eta 0.76 h
batch libero_spatial:7 A,step real=6/6 39.0 s brain 24.5 s 50 calls 100 rows
152/520 episodes, 7.33 s/episode, eta 0.75 h
batch libero_spatial:7 A,step real=6/6 24.6 s brain 16.3 s 31 calls 72 rows
158/520 episodes, 7.20 s/episode, eta 0.72 h
batch libero_spatial:7 A,step real=2/6 25.0 s brain 12.7 s 30 calls 41 rows
160/520 episodes, 7.27 s/episode, eta 0.73 h
[info] using task orders [0, 1, 2, 3, 4, 5, 6, 7, 8, 9]
[info] using task orders [0, 1, 2, 3, 4, 5, 6, 7, 8, 9]
[info] using task orders [0, 1, 2, 3, 4, 5, 6, 7, 8, 9]
[info] using task orders [0, 1, 2, 3, 4, 5, 6, 7, 8, 9]
[info] using task orders [0, 1, 2, 3, 4, 5, 6, 7, 8, 9]
[info] using task orders [0, 1, 2, 3, 4, 5, 6, 7, 8, 9]
[info] using task orders [0, 1, 2, 3, 4, 5, 6, 7, 8, 9]
Local assets not found. Downloading from HuggingFace Hub...Local assets not found. Downloading from HuggingFace Hub...Local assets not found. Downloading from HuggingFace Hub...Local assets not found. Downloading from HuggingFace Hub...



Assets already downloaded at /root/.cache/libero/assetsAssets already downloaded at /root/.cache/libero/assetsAssets already downloaded at /root/.cache/libero/assetsAssets already downloaded at /root/.cache/libero/assets



Local assets not found. Downloading from HuggingFace Hub...Local assets not found. Downloading from HuggingFace Hub...

Assets already downloaded at /root/.cache/libero/assetsAssets already downloaded at /root/.cache/libero/assets

batch libero_spatial:8 A,step real=6/6 49.8 s brain 27.2 s 61 calls 95 rows
166/520 episodes, 7.32 s/episode, eta 0.72 h
batch libero_spatial:8 A,step real=6/6 57.3 s brain 40.5 s 92 calls 123 rows
172/520 episodes, 7.40 s/episode, eta 0.72 h
batch libero_spatial:8 A,step real=6/6 34.1 s brain 20.6 s 44 calls 78 rows
178/520 episodes, 7.34 s/episode, eta 0.70 h
batch libero_spatial:8 A,step real=2/6 14.6 s brain 7.5 s 17 calls 22 rows
180/520 episodes, 7.34 s/episode, eta 0.69 h
[info] using task orders [0, 1, 2, 3, 4, 5, 6, 7, 8, 9]
[info] using task orders [0, 1, 2, 3, 4, 5, 6, 7, 8, 9]
[info] using task orders [0, 1, 2, 3, 4, 5, 6, 7, 8, 9]
[info] using task orders [0, 1, 2, 3, 4, 5, 6, 7, 8, 9]
[info] using task orders [0, 1, 2, 3, 4, 5, 6, 7, 8, 9]
[info] using task orders [0, 1, 2, 3, 4, 5, 6, 7, 8, 9]
[info] using task orders [0, 1, 2, 3, 4, 5, 6, 7, 8, 9]
Local assets not found. Downloading from HuggingFace Hub...Local assets not found. Downloading from HuggingFace Hub...

Local assets not found. Downloading from HuggingFace Hub...
Assets already downloaded at /root/.cache/libero/assets
Assets already downloaded at /root/.cache/libero/assets
Assets already downloaded at /root/.cache/libero/assets
Local assets not found. Downloading from HuggingFace Hub...
Assets already downloaded at /root/.cache/libero/assets
Local assets not found. Downloading from HuggingFace Hub...
Local assets not found. Downloading from HuggingFace Hub...
Assets already downloaded at /root/.cache/libero/assets
Assets already downloaded at /root/.cache/libero/assets
batch libero_spatial:9 A,step real=6/6 38.3 s brain 21.8 s 46 calls 85 rows
186/520 episodes, 7.32 s/episode, eta 0.68 h
batch libero_spatial:9 A,step real=6/6 26.8 s brain 18.4 s 39 calls 75 rows
192/520 episodes, 7.23 s/episode, eta 0.66 h
batch libero_spatial:9 A,step real=6/6 27.7 s brain 19.0 s 40 calls 77 rows
198/520 episodes, 7.15 s/episode, eta 0.64 h
batch libero_spatial:9 A,step real=2/6 15.4 s brain 8.2 s 21 calls 25 rows
200/520 episodes, 7.16 s/episode, eta 0.64 h
[info] using task orders [0, 1, 2, 3, 4, 5, 6, 7, 8, 9]
[info] using task orders [0, 1, 2, 3, 4, 5, 6, 7, 8, 9]
[info] using task orders [0, 1, 2, 3, 4, 5, 6, 7, 8, 9]
[info] using task orders [0, 1, 2, 3, 4, 5, 6, 7, 8, 9]
[info] using task orders [0, 1, 2, 3, 4, 5, 6, 7, 8, 9]
[info] using task orders [0, 1, 2, 3, 4, 5, 6, 7, 8, 9]
[info] using task orders [0, 1, 2, 3, 4, 5, 6, 7, 8, 9]
Local assets not found. Downloading from HuggingFace Hub...Local assets not found. Downloading from HuggingFace Hub...Local assets not found. Downloading from HuggingFace Hub...


Assets already downloaded at /root/.cache/libero/assetsAssets already downloaded at /root/.cache/libero/assetsAssets already downloaded at /root/.cache/libero/assets


Local assets not found. Downloading from HuggingFace Hub...
Assets already downloaded at /root/.cache/libero/assets
Local assets not found. Downloading from HuggingFace Hub...
Local assets not found. Downloading from HuggingFace Hub...
Assets already downloaded at /root/.cache/libero/assets
Assets already downloaded at /root/.cache/libero/assets
batch libero_object:0 A,step real=6/6 45.6 s brain 28.7 s 69 calls 99 rows
206/520 episodes, 7.18 s/episode, eta 0.63 h
batch libero_object:0 A,step real=6/6 41.1 s brain 30.2 s 77 calls 101 rows
212/520 episodes, 7.17 s/episode, eta 0.61 h
batch libero_object:0 A,step real=6/6 43.8 s brain 30.5 s 66 calls 109 rows
218/520 episodes, 7.18 s/episode, eta 0.60 h
batch libero_object:0 A,step real=2/6 21.8 s brain 12.6 s 28 calls 33 rows
220/520 episodes, 7.21 s/episode, eta 0.60 h
[info] using task orders [0, 1, 2, 3, 4, 5, 6, 7, 8, 9]
[info] using task orders [0, 1, 2, 3, 4, 5, 6, 7, 8, 9]
[info] using task orders [0, 1, 2, 3, 4, 5, 6, 7, 8, 9]
[info] using task orders [0, 1, 2, 3, 4, 5, 6, 7, 8, 9]
[info] using task orders [0, 1, 2, 3, 4, 5, 6, 7, 8, 9]
[info] using task orders [0, 1, 2, 3, 4, 5, 6, 7, 8, 9]
[info] using task orders [0, 1, 2, 3, 4, 5, 6, 7, 8, 9]
Local assets not found. Downloading from HuggingFace Hub...
Local assets not found. Downloading from HuggingFace Hub...
Assets already downloaded at /root/.cache/libero/assetsAssets already downloaded at /root/.cache/libero/assets

Local assets not found. Downloading from HuggingFace Hub...
Assets already downloaded at /root/.cache/libero/assets
Local assets not found. Downloading from HuggingFace Hub...
Assets already downloaded at /root/.cache/libero/assets
Local assets not found. Downloading from HuggingFace Hub...
Assets already downloaded at /root/.cache/libero/assets
Local assets not found. Downloading from HuggingFace Hub...
Assets already downloaded at /root/.cache/libero/assets
batch libero_object:1 A,step real=6/6 44.8 s brain 26.9 s 61 calls 95 rows
226/520 episodes, 7.23 s/episode, eta 0.59 h
batch libero_object:1 A,step real=6/6 35.0 s brain 25.9 s 60 calls 91 rows
232/520 episodes, 7.19 s/episode, eta 0.58 h
batch libero_object:1 A,step real=6/6 21.6 s brain 14.2 s 16 calls 81 rows
238/520 episodes, 7.10 s/episode, eta 0.56 h
batch libero_object:1 A,step real=2/6 16.4 s brain 9.1 s 24 calls 28 rows
240/520 episodes, 7.11 s/episode, eta 0.55 h
[info] using task orders [0, 1, 2, 3, 4, 5, 6, 7, 8, 9]
[info] using task orders [0, 1, 2, 3, 4, 5, 6, 7, 8, 9]
[info] using task orders [0, 1, 2, 3, 4, 5, 6, 7, 8, 9]
[info] using task orders [0, 1, 2, 3, 4, 5, 6, 7, 8, 9]
[info] using task orders [0, 1, 2, 3, 4, 5, 6, 7, 8, 9]
[info] using task orders [0, 1, 2, 3, 4, 5, 6, 7, 8, 9]
[info] using task orders [0, 1, 2, 3, 4, 5, 6, 7, 8, 9]
Local assets not found. Downloading from HuggingFace Hub...Local assets not found. Downloading from HuggingFace Hub...

Assets already downloaded at /root/.cache/libero/assetsAssets already downloaded at /root/.cache/libero/assets

Local assets not found. Downloading from HuggingFace Hub...
Assets already downloaded at /root/.cache/libero/assets
Local assets not found. Downloading from HuggingFace Hub...
Assets already downloaded at /root/.cache/libero/assets
Local assets not found. Downloading from HuggingFace Hub...
Local assets not found. Downloading from HuggingFace Hub...Assets already downloaded at /root/.cache/libero/assets

Assets already downloaded at /root/.cache/libero/assets
batch libero_object:2 A,step real=6/6 58.5 s brain 38.3 s 85 calls 126 rows
246/520 episodes, 7.18 s/episode, eta 0.55 h
batch libero_object:2 A,step real=6/6 42.1 s brain 29.5 s 75 calls 95 rows
252/520 episodes, 7.18 s/episode, eta 0.53 h
batch libero_object:2 A,step real=6/6 41.4 s brain 29.3 s 66 calls 97 rows
258/520 episodes, 7.17 s/episode, eta 0.52 h
batch libero_object:2 A,step real=2/6 19.7 s brain 11.5 s 27 calls 31 rows
260/520 episodes, 7.19 s/episode, eta 0.52 h
[info] using task orders [0, 1, 2, 3, 4, 5, 6, 7, 8, 9]
[info] using task orders [0, 1, 2, 3, 4, 5, 6, 7, 8, 9]
[info] using task orders [0, 1, 2, 3, 4, 5, 6, 7, 8, 9]
[info] using task orders [0, 1, 2, 3, 4, 5, 6, 7, 8, 9]
[info] using task orders [0, 1, 2, 3, 4, 5, 6, 7, 8, 9]
[info] using task orders [0, 1, 2, 3, 4, 5, 6, 7, 8, 9]
[info] using task orders [0, 1, 2, 3, 4, 5, 6, 7, 8, 9]
Local assets not found. Downloading from HuggingFace Hub...
Local assets not found. Downloading from HuggingFace Hub...
Assets already downloaded at /root/.cache/libero/assets
Assets already downloaded at /root/.cache/libero/assets
Local assets not found. Downloading from HuggingFace Hub...Local assets not found. Downloading from HuggingFace Hub...

Assets already downloaded at /root/.cache/libero/assets
Assets already downloaded at /root/.cache/libero/assets
Local assets not found. Downloading from HuggingFace Hub...
Assets already downloaded at /root/.cache/libero/assets
Local assets not found. Downloading from HuggingFace Hub...
Assets already downloaded at /root/.cache/libero/assets
batch libero_object:3 A,step real=6/6 38.7 s brain 23.4 s 48 calls 84 rows
266/520 episodes, 7.19 s/episode, eta 0.51 h
batch libero_object:3 A,step real=6/6 47.6 s brain 34.9 s 83 calls 118 rows
272/520 episodes, 7.20 s/episode, eta 0.50 h
batch libero_object:3 A,step real=6/6 31.3 s brain 22.5 s 41 calls 96 rows
278/520 episodes, 7.16 s/episode, eta 0.48 h
batch libero_object:3 A,step real=2/6 28.1 s brain 17.1 s 40 calls 45 rows
280/520 episodes, 7.21 s/episode, eta 0.48 h
[info] using task orders [0, 1, 2, 3, 4, 5, 6, 7, 8, 9]
[info] using task orders [0, 1, 2, 3, 4, 5, 6, 7, 8, 9]
[info] using task orders [0, 1, 2, 3, 4, 5, 6, 7, 8, 9]
[info] using task orders [0, 1, 2, 3, 4, 5, 6, 7, 8, 9]
[info] using task orders [0, 1, 2, 3, 4, 5, 6, 7, 8, 9]
[info] using task orders [0, 1, 2, 3, 4, 5, 6, 7, 8, 9]
[info] using task orders [0, 1, 2, 3, 4, 5, 6, 7, 8, 9]
Local assets not found. Downloading from HuggingFace Hub...Local assets not found. Downloading from HuggingFace Hub...Local assets not found. Downloading from HuggingFace Hub...


Assets already downloaded at /root/.cache/libero/assetsAssets already downloaded at /root/.cache/libero/assetsAssets already downloaded at /root/.cache/libero/assets


Local assets not found. Downloading from HuggingFace Hub...
Assets already downloaded at /root/.cache/libero/assets
Local assets not found. Downloading from HuggingFace Hub...
Local assets not found. Downloading from HuggingFace Hub...
Assets already downloaded at /root/.cache/libero/assets
Assets already downloaded at /root/.cache/libero/assets
batch libero_object:4 A,step real=6/6 65.5 s brain 45.1 s 113 calls 134 rows
286/520 episodes, 7.30 s/episode, eta 0.47 h
batch libero_object:4 A,step real=6/6 55.2 s brain 42.4 s 91 calls 155 rows
292/520 episodes, 7.33 s/episode, eta 0.46 h
batch libero_object:4 A,step real=6/6 59.7 s brain 46.9 s 111 calls 139 rows
298/520 episodes, 7.39 s/episode, eta 0.46 h
batch libero_object:4 A,step real=2/6 14.7 s brain 7.8 s 15 calls 30 rows
300/520 episodes, 7.39 s/episode, eta 0.45 h
[info] using task orders [0, 1, 2, 3, 4, 5, 6, 7, 8, 9]
[info] using task orders [0, 1, 2, 3, 4, 5, 6, 7, 8, 9]
[info] using task orders [0, 1, 2, 3, 4, 5, 6, 7, 8, 9]
[info] using task orders [0, 1, 2, 3, 4, 5, 6, 7, 8, 9]
[info] using task orders [0, 1, 2, 3, 4, 5, 6, 7, 8, 9]
[info] using task orders [0, 1, 2, 3, 4, 5, 6, 7, 8, 9]
[info] using task orders [0, 1, 2, 3, 4, 5, 6, 7, 8, 9]
Local assets not found. Downloading from HuggingFace Hub...Local assets not found. Downloading from HuggingFace Hub...Local assets not found. Downloading from HuggingFace Hub...Local assets not found. Downloading from HuggingFace Hub...



Assets already downloaded at /root/.cache/libero/assetsAssets already downloaded at /root/.cache/libero/assetsAssets already downloaded at /root/.cache/libero/assetsAssets already downloaded at /root/.cache/libero/assets



Local assets not found. Downloading from HuggingFace Hub...
Assets already downloaded at /root/.cache/libero/assets
Local assets not found. Downloading from HuggingFace Hub...
Assets already downloaded at /root/.cache/libero/assets
batch libero_object:5 A,step real=6/6 61.7 s brain 41.6 s 99 calls 146 rows
306/520 episodes, 7.45 s/episode, eta 0.44 h
batch libero_object:5 A,step real=6/6 35.9 s brain 26.1 s 62 calls 92 rows
312/520 episodes, 7.42 s/episode, eta 0.43 h
batch libero_object:5 A,step real=6/6 37.0 s brain 25.3 s 52 calls 103 rows
318/520 episodes, 7.40 s/episode, eta 0.42 h
batch libero_object:5 A,step real=2/6 15.5 s brain 8.5 s 17 calls 32 rows
320/520 episodes, 7.40 s/episode, eta 0.41 h
[info] using task orders [0, 1, 2, 3, 4, 5, 6, 7, 8, 9]
[info] using task orders [0, 1, 2, 3, 4, 5, 6, 7, 8, 9]
[info] using task orders [0, 1, 2, 3, 4, 5, 6, 7, 8, 9]
[info] using task orders [0, 1, 2, 3, 4, 5, 6, 7, 8, 9]
[info] using task orders [0, 1, 2, 3, 4, 5, 6, 7, 8, 9]
[info] using task orders [0, 1, 2, 3, 4, 5, 6, 7, 8, 9]
[info] using task orders [0, 1, 2, 3, 4, 5, 6, 7, 8, 9]
Local assets not found. Downloading from HuggingFace Hub...
Local assets not found. Downloading from HuggingFace Hub...
Assets already downloaded at /root/.cache/libero/assets
Assets already downloaded at /root/.cache/libero/assets
Local assets not found. Downloading from HuggingFace Hub...
Assets already downloaded at /root/.cache/libero/assets
Local assets not found. Downloading from HuggingFace Hub...
Assets already downloaded at /root/.cache/libero/assets
Local assets not found. Downloading from HuggingFace Hub...
Local assets not found. Downloading from HuggingFace Hub...
Assets already downloaded at /root/.cache/libero/assets
Assets already downloaded at /root/.cache/libero/assets
batch libero_object:6 A,step real=6/6 50.0 s brain 31.7 s 66 calls 115 rows
326/520 episodes, 7.43 s/episode, eta 0.40 h
batch libero_object:6 A,step real=6/6 46.9 s brain 34.4 s 84 calls 120 rows
332/520 episodes, 7.43 s/episode, eta 0.39 h
batch libero_object:6 A,step real=6/6 36.4 s brain 27.2 s 59 calls 108 rows
338/520 episodes, 7.41 s/episode, eta 0.37 h
batch libero_object:6 A,step real=2/6 13.6 s brain 7.4 s 15 calls 30 rows
340/520 episodes, 7.41 s/episode, eta 0.37 h
[info] using task orders [0, 1, 2, 3, 4, 5, 6, 7, 8, 9]
[info] using task orders [0, 1, 2, 3, 4, 5, 6, 7, 8, 9]
[info] using task orders [0, 1, 2, 3, 4, 5, 6, 7, 8, 9]
[info] using task orders [0, 1, 2, 3, 4, 5, 6, 7, 8, 9]
[info] using task orders [0, 1, 2, 3, 4, 5, 6, 7, 8, 9]
[info] using task orders [0, 1, 2, 3, 4, 5, 6, 7, 8, 9]
[info] using task orders [0, 1, 2, 3, 4, 5, 6, 7, 8, 9]
Local assets not found. Downloading from HuggingFace Hub...
Assets already downloaded at /root/.cache/libero/assets
Local assets not found. Downloading from HuggingFace Hub...
Assets already downloaded at /root/.cache/libero/assets
Local assets not found. Downloading from HuggingFace Hub...
Assets already downloaded at /root/.cache/libero/assets
Local assets not found. Downloading from HuggingFace Hub...Local assets not found. Downloading from HuggingFace Hub...

Assets already downloaded at /root/.cache/libero/assetsAssets already downloaded at /root/.cache/libero/assets

Local assets not found. Downloading from HuggingFace Hub...
Assets already downloaded at /root/.cache/libero/assets
batch libero_object:7 A,step real=6/6 60.0 s brain 40.3 s 98 calls 141 rows
346/520 episodes, 7.46 s/episode, eta 0.36 h
batch libero_object:7 A,step real=6/6 47.9 s brain 35.2 s 91 calls 112 rows
352/520 episodes, 7.47 s/episode, eta 0.35 h
batch libero_object:7 A,step real=6/6 28.4 s brain 20.3 s 37 calls 87 rows
358/520 episodes, 7.42 s/episode, eta 0.33 h
batch libero_object:7 A,step real=2/6 16.6 s brain 9.9 s 24 calls 29 rows
360/520 episodes, 7.43 s/episode, eta 0.33 h
[info] using task orders [0, 1, 2, 3, 4, 5, 6, 7, 8, 9]
[info] using task orders [0, 1, 2, 3, 4, 5, 6, 7, 8, 9]
[info] using task orders [0, 1, 2, 3, 4, 5, 6, 7, 8, 9]
[info] using task orders [0, 1, 2, 3, 4, 5, 6, 7, 8, 9]
[info] using task orders [0, 1, 2, 3, 4, 5, 6, 7, 8, 9]
[info] using task orders [0, 1, 2, 3, 4, 5, 6, 7, 8, 9]
[info] using task orders [0, 1, 2, 3, 4, 5, 6, 7, 8, 9]
Local assets not found. Downloading from HuggingFace Hub...Local assets not found. Downloading from HuggingFace Hub...

Assets already downloaded at /root/.cache/libero/assetsAssets already downloaded at /root/.cache/libero/assets

Local assets not found. Downloading from HuggingFace Hub...
Assets already downloaded at /root/.cache/libero/assets
Local assets not found. Downloading from HuggingFace Hub...
Local assets not found. Downloading from HuggingFace Hub...Local assets not found. Downloading from HuggingFace Hub...

Assets already downloaded at /root/.cache/libero/assets
Assets already downloaded at /root/.cache/libero/assetsAssets already downloaded at /root/.cache/libero/assets

batch libero_object:8 A,step real=6/6 53.7 s brain 35.5 s 82 calls 114 rows
366/520 episodes, 7.46 s/episode, eta 0.32 h
batch libero_object:8 A,step real=6/6 34.2 s brain 24.7 s 45 calls 106 rows
372/520 episodes, 7.43 s/episode, eta 0.31 h
batch libero_object:8 A,step real=6/6 32.9 s brain 24.3 s 45 calls 100 rows
378/520 episodes, 7.40 s/episode, eta 0.29 h
batch libero_object:8 A,step real=2/6 20.0 s brain 12.1 s 30 calls 35 rows
380/520 episodes, 7.41 s/episode, eta 0.29 h
[info] using task orders [0, 1, 2, 3, 4, 5, 6, 7, 8, 9]
[info] using task orders [0, 1, 2, 3, 4, 5, 6, 7, 8, 9]
[info] using task orders [0, 1, 2, 3, 4, 5, 6, 7, 8, 9]
[info] using task orders [0, 1, 2, 3, 4, 5, 6, 7, 8, 9]
[info] using task orders [0, 1, 2, 3, 4, 5, 6, 7, 8, 9]
[info] using task orders [0, 1, 2, 3, 4, 5, 6, 7, 8, 9]
[info] using task orders [0, 1, 2, 3, 4, 5, 6, 7, 8, 9]
Local assets not found. Downloading from HuggingFace Hub...Local assets not found. Downloading from HuggingFace Hub...

Assets already downloaded at /root/.cache/libero/assets
Assets already downloaded at /root/.cache/libero/assets
Local assets not found. Downloading from HuggingFace Hub...
Assets already downloaded at /root/.cache/libero/assets
Local assets not found. Downloading from HuggingFace Hub...
Assets already downloaded at /root/.cache/libero/assets
Local assets not found. Downloading from HuggingFace Hub...Local assets not found. Downloading from HuggingFace Hub...

Assets already downloaded at /root/.cache/libero/assetsAssets already downloaded at /root/.cache/libero/assets

batch libero_object:9 A,step real=6/6 47.9 s brain 30.5 s 69 calls 112 rows
386/520 episodes, 7.43 s/episode, eta 0.28 h
batch libero_object:9 A,step real=6/6 41.7 s brain 30.4 s 67 calls 112 rows
392/520 episodes, 7.42 s/episode, eta 0.26 h
batch libero_object:9 A,step real=6/6 28.8 s brain 19.5 s 25 calls 105 rows
398/520 episodes, 7.38 s/episode, eta 0.25 h
batch libero_object:9 A,step real=2/6 19.9 s brain 11.0 s 26 calls 38 rows
400/520 episodes, 7.39 s/episode, eta 0.25 h
[info] using task orders [0, 1, 2, 3, 4, 5, 6, 7, 8, 9]
[info] using task orders [0, 1, 2, 3, 4, 5, 6, 7, 8, 9]
[info] using task orders [0, 1, 2, 3, 4, 5, 6, 7, 8, 9]
[info] using task orders [0, 1, 2, 3, 4, 5, 6, 7, 8, 9]
[info] using task orders [0, 1, 2, 3, 4, 5, 6, 7, 8, 9]
[info] using task orders [0, 1, 2, 3, 4, 5, 6, 7, 8, 9]
[info] using task orders [0, 1, 2, 3, 4, 5, 6, 7, 8, 9]
Local assets not found. Downloading from HuggingFace Hub...Local assets not found. Downloading from HuggingFace Hub...

Assets already downloaded at /root/.cache/libero/assetsAssets already downloaded at /root/.cache/libero/assets

Local assets not found. Downloading from HuggingFace Hub...Local assets not found. Downloading from HuggingFace Hub...

Assets already downloaded at /root/.cache/libero/assetsAssets already downloaded at /root/.cache/libero/assets

Local assets not found. Downloading from HuggingFace Hub...
Local assets not found. Downloading from HuggingFace Hub...
Assets already downloaded at /root/.cache/libero/assets
Assets already downloaded at /root/.cache/libero/assets
batch libero_goal:1 A,step real=6/6 48.5 s brain 27.9 s 67 calls 96 rows
406/520 episodes, 7.41 s/episode, eta 0.23 h
batch libero_goal:1 A,step real=6/6 59.5 s brain 44.6 s 108 calls 133 rows
412/520 episodes, 7.45 s/episode, eta 0.22 h
batch libero_goal:1 A,step real=6/6 20.2 s brain 14.0 s 27 calls 55 rows
418/520 episodes, 7.39 s/episode, eta 0.21 h
batch libero_goal:1 A,step real=2/6 11.0 s brain 5.8 s 14 calls 18 rows
420/520 episodes, 7.38 s/episode, eta 0.20 h
[info] using task orders [0, 1, 2, 3, 4, 5, 6, 7, 8, 9]
[info] using task orders [0, 1, 2, 3, 4, 5, 6, 7, 8, 9]
[info] using task orders [0, 1, 2, 3, 4, 5, 6, 7, 8, 9]
[info] using task orders [0, 1, 2, 3, 4, 5, 6, 7, 8, 9]
[info] using task orders [0, 1, 2, 3, 4, 5, 6, 7, 8, 9]
[info] using task orders [0, 1, 2, 3, 4, 5, 6, 7, 8, 9]
[info] using task orders [0, 1, 2, 3, 4, 5, 6, 7, 8, 9]
Local assets not found. Downloading from HuggingFace Hub...Local assets not found. Downloading from HuggingFace Hub...Local assets not found. Downloading from HuggingFace Hub...Local assets not found. Downloading from HuggingFace Hub...Local assets not found. Downloading from HuggingFace Hub...Local assets not found. Downloading from HuggingFace Hub...





Assets already downloaded at /root/.cache/libero/assetsAssets already downloaded at /root/.cache/libero/assetsAssets already downloaded at /root/.cache/libero/assetsAssets already downloaded at /root/.cache/libero/assetsAssets already downloaded at /root/.cache/libero/assetsAssets already downloaded at /root/.cache/libero/assets





batch libero_goal:2 A,step real=6/6 39.3 s brain 21.3 s 45 calls 79 rows
426/520 episodes, 7.37 s/episode, eta 0.19 h
batch libero_goal:2 A,step real=6/6 32.8 s brain 20.8 s 48 calls 76 rows
432/520 episodes, 7.35 s/episode, eta 0.18 h
batch libero_goal:2 A,step real=6/6 30.1 s brain 18.8 s 36 calls 78 rows
438/520 episodes, 7.31 s/episode, eta 0.17 h
batch libero_goal:2 A,step real=2/6 10.3 s brain 5.1 s 10 calls 19 rows
440/520 episodes, 7.30 s/episode, eta 0.16 h
[info] using task orders [0, 1, 2, 3, 4, 5, 6, 7, 8, 9]
[info] using task orders [0, 1, 2, 3, 4, 5, 6, 7, 8, 9]
[info] using task orders [0, 1, 2, 3, 4, 5, 6, 7, 8, 9]
[info] using task orders [0, 1, 2, 3, 4, 5, 6, 7, 8, 9]
[info] using task orders [0, 1, 2, 3, 4, 5, 6, 7, 8, 9]
[info] using task orders [0, 1, 2, 3, 4, 5, 6, 7, 8, 9]
[info] using task orders [0, 1, 2, 3, 4, 5, 6, 7, 8, 9]
Local assets not found. Downloading from HuggingFace Hub...Local assets not found. Downloading from HuggingFace Hub...

Assets already downloaded at /root/.cache/libero/assets
Assets already downloaded at /root/.cache/libero/assets
Local assets not found. Downloading from HuggingFace Hub...
Local assets not found. Downloading from HuggingFace Hub...
Assets already downloaded at /root/.cache/libero/assets
Assets already downloaded at /root/.cache/libero/assets
Local assets not found. Downloading from HuggingFace Hub...
Assets already downloaded at /root/.cache/libero/assets
Local assets not found. Downloading from HuggingFace Hub...
Assets already downloaded at /root/.cache/libero/assets
batch libero_goal:4 A,step real=6/6 45.6 s brain 25.6 s 62 calls 82 rows
446/520 episodes, 7.31 s/episode, eta 0.15 h
batch libero_goal:4 A,step real=6/6 24.3 s brain 17.0 s 37 calls 62 rows
452/520 episodes, 7.27 s/episode, eta 0.14 h
batch libero_goal:4 A,step real=6/6 33.3 s brain 21.8 s 50 calls 76 rows
458/520 episodes, 7.25 s/episode, eta 0.12 h
batch libero_goal:4 A,step real=2/6 12.1 s brain 6.1 s 13 calls 21 rows
460/520 episodes, 7.24 s/episode, eta 0.12 h
[info] using task orders [0, 1, 2, 3, 4, 5, 6, 7, 8, 9]
[info] using task orders [0, 1, 2, 3, 4, 5, 6, 7, 8, 9]
[info] using task orders [0, 1, 2, 3, 4, 5, 6, 7, 8, 9]
[info] using task orders [0, 1, 2, 3, 4, 5, 6, 7, 8, 9]
[info] using task orders [0, 1, 2, 3, 4, 5, 6, 7, 8, 9]
[info] using task orders [0, 1, 2, 3, 4, 5, 6, 7, 8, 9]
[info] using task orders [0, 1, 2, 3, 4, 5, 6, 7, 8, 9]
Local assets not found. Downloading from HuggingFace Hub...Local assets not found. Downloading from HuggingFace Hub...Local assets not found. Downloading from HuggingFace Hub...Local assets not found. Downloading from HuggingFace Hub...Local assets not found. Downloading from HuggingFace Hub...Local assets not found. Downloading from HuggingFace Hub...





Assets already downloaded at /root/.cache/libero/assetsAssets already downloaded at /root/.cache/libero/assetsAssets already downloaded at /root/.cache/libero/assetsAssets already downloaded at /root/.cache/libero/assetsAssets already downloaded at /root/.cache/libero/assetsAssets already downloaded at /root/.cache/libero/assets





batch libero_goal:6 A,step real=6/6 43.1 s brain 24.1 s 56 calls 85 rows
466/520 episodes, 7.25 s/episode, eta 0.11 h
batch libero_goal:6 A,step real=6/6 39.7 s brain 26.9 s 56 calls 109 rows
472/520 episodes, 7.24 s/episode, eta 0.10 h
batch libero_goal:6 A,step real=6/6 32.0 s brain 20.3 s 39 calls 87 rows
478/520 episodes, 7.21 s/episode, eta 0.08 h
batch libero_goal:6 A,step real=2/6 11.4 s brain 6.0 s 15 calls 19 rows
480/520 episodes, 7.21 s/episode, eta 0.08 h
[info] using task orders [0, 1, 2, 3, 4, 5, 6, 7, 8, 9]
[info] using task orders [0, 1, 2, 3, 4, 5, 6, 7, 8, 9]
[info] using task orders [0, 1, 2, 3, 4, 5, 6, 7, 8, 9]
[info] using task orders [0, 1, 2, 3, 4, 5, 6, 7, 8, 9]
[info] using task orders [0, 1, 2, 3, 4, 5, 6, 7, 8, 9]
[info] using task orders [0, 1, 2, 3, 4, 5, 6, 7, 8, 9]
[info] using task orders [0, 1, 2, 3, 4, 5, 6, 7, 8, 9]
Local assets not found. Downloading from HuggingFace Hub...Local assets not found. Downloading from HuggingFace Hub...Local assets not found. Downloading from HuggingFace Hub...


Local assets not found. Downloading from HuggingFace Hub...
Assets already downloaded at /root/.cache/libero/assetsAssets already downloaded at /root/.cache/libero/assetsAssets already downloaded at /root/.cache/libero/assets


Assets already downloaded at /root/.cache/libero/assets
Local assets not found. Downloading from HuggingFace Hub...Local assets not found. Downloading from HuggingFace Hub...

Assets already downloaded at /root/.cache/libero/assetsAssets already downloaded at /root/.cache/libero/assets

batch libero_goal:8 A,step real=6/6 28.2 s brain 15.1 s 31 calls 57 rows
486/520 episodes, 7.18 s/episode, eta 0.07 h
batch libero_goal:8 A,step real=6/6 34.6 s brain 22.1 s 51 calls 75 rows
492/520 episodes, 7.16 s/episode, eta 0.06 h
batch libero_goal:8 A,step real=6/6 32.4 s brain 19.8 s 45 calls 72 rows
498/520 episodes, 7.14 s/episode, eta 0.04 h
batch libero_goal:8 A,step real=2/6 10.3 s brain 5.3 s 13 calls 17 rows
500/520 episodes, 7.13 s/episode, eta 0.04 h
[info] using task orders [0, 1, 2, 3, 4, 5, 6, 7, 8, 9]
[info] using task orders [0, 1, 2, 3, 4, 5, 6, 7, 8, 9]
[info] using task orders [0, 1, 2, 3, 4, 5, 6, 7, 8, 9]
[info] using task orders [0, 1, 2, 3, 4, 5, 6, 7, 8, 9]
[info] using task orders [0, 1, 2, 3, 4, 5, 6, 7, 8, 9]
[info] using task orders [0, 1, 2, 3, 4, 5, 6, 7, 8, 9]
[info] using task orders [0, 1, 2, 3, 4, 5, 6, 7, 8, 9]
Local assets not found. Downloading from HuggingFace Hub...Local assets not found. Downloading from HuggingFace Hub...

Assets already downloaded at /root/.cache/libero/assetsAssets already downloaded at /root/.cache/libero/assets

Local assets not found. Downloading from HuggingFace Hub...
Local assets not found. Downloading from HuggingFace Hub...
Assets already downloaded at /root/.cache/libero/assets
Assets already downloaded at /root/.cache/libero/assets
Local assets not found. Downloading from HuggingFace Hub...
Assets already downloaded at /root/.cache/libero/assets
Local assets not found. Downloading from HuggingFace Hub...
Assets already downloaded at /root/.cache/libero/assets
batch libero_goal:9 A,step real=6/6 57.3 s brain 37.2 s 91 calls 125 rows
506/520 episodes, 7.17 s/episode, eta 0.03 h
batch libero_goal:9 A,step real=6/6 51.9 s brain 38.3 s 84 calls 129 rows
512/520 episodes, 7.18 s/episode, eta 0.02 h
batch libero_goal:9 A,step real=6/6 47.4 s brain 34.6 s 68 calls 134 rows
518/520 episodes, 7.19 s/episode, eta 0.00 h
batch libero_goal:9 A,step real=2/6 28.1 s brain 16.3 s 38 calls 46 rows
520/520 episodes, 7.22 s/episode, eta 0.00 h
[03:48:13] pass 2 skipped: pass 1 exited cleanly, no failed batch
[03:48:13] phase r5, lane p, id 11d (1040 episodes): --brain pi05 --kinds step --cells A20,A40 --methods T0,PPC --inits 0-9
[03:48:13] pass 1: --brain pi05 --kinds step --cells A20,A40 --methods T0,PPC --inits 0-9 --precision fp32 --n-envs 6 --kbar 0.1566 --t-ramp 5 --k-p 1.0 --tau-k 0.039517 --out results/c1-e4/pod/grid_pi05.jsonl
[robosuite WARNING] No private macro file found! (__init__.py:7)
WARNING:robosuite_logs:No private macro file found!
[robosuite WARNING] It is recommended to use a private macro file (__init__.py:8)
WARNING:robosuite_logs:It is recommended to use a private macro file
[robosuite WARNING] To setup, run: python /workspace/jit-reflex/venv/lib/python3.12/site-packages/robosuite/scripts/setup_macros.py (__init__.py:9)
WARNING:robosuite_logs:To setup, run: python /workspace/jit-reflex/venv/lib/python3.12/site-packages/robosuite/scripts/setup_macros.py
1040 episodes to run
Fetching 9 files:   0%|          | 0/9 [00:00<?, ?it/s]Fetching 9 files: 100%|██████████| 9/9 [00:00<00:00, 554.94it/s]
The PI05 model is a direct port of the OpenPI implementation. 
This implementation follows the original OpenPI structure for compatibility. 
Original implementation: https://github.com/Physical-Intelligence/openpi
Loading model from: /workspace/.cache/huggingface/hub/models--lerobot--pi05_libero_finetuned_v044/snapshots/8e174154ef5f6c60a8da12ae99c303d8963138c1
✓ Loaded state dict from model.safetensors
WARNING:root:Vision embedding key might need handling: model.paligemma_with_expert.paligemma.model.vision_tower.vision_model.embeddings.patch_embedding.bias
WARNING:root:Vision embedding key might need handling: model.paligemma_with_expert.paligemma.model.vision_tower.vision_model.embeddings.patch_embedding.weight
All keys loaded successfully!
[info] using task orders [0, 1, 2, 3, 4, 5, 6, 7, 8, 9]
/usr/lib/python3.12/multiprocessing/popen_fork.py:66: DeprecationWarning: This process (pid=247877) is multi-threaded, use of fork() may lead to deadlocks in the child.
  self.pid = os.fork()
[info] using task orders [0, 1, 2, 3, 4, 5, 6, 7, 8, 9]
[info] using task orders [0, 1, 2, 3, 4, 5, 6, 7, 8, 9]
[info] using task orders [0, 1, 2, 3, 4, 5, 6, 7, 8, 9]
[info] using task orders [0, 1, 2, 3, 4, 5, 6, 7, 8, 9]
[info] using task orders [0, 1, 2, 3, 4, 5, 6, 7, 8, 9]
[info] using task orders [0, 1, 2, 3, 4, 5, 6, 7, 8, 9]
Local assets not found. Downloading from HuggingFace Hub...Local assets not found. Downloading from HuggingFace Hub...Local assets not found. Downloading from HuggingFace Hub...


Assets already downloaded at /root/.cache/libero/assetsAssets already downloaded at /root/.cache/libero/assetsAssets already downloaded at /root/.cache/libero/assets


Local assets not found. Downloading from HuggingFace Hub...
Assets already downloaded at /root/.cache/libero/assets
Local assets not found. Downloading from HuggingFace Hub...Local assets not found. Downloading from HuggingFace Hub...

Assets already downloaded at /root/.cache/libero/assetsAssets already downloaded at /root/.cache/libero/assets

batch libero_spatial:0 A20,step real=6/6 70.7 s brain 43.7 s 109 calls 132 rows
6/1040 episodes, 11.95 s/episode, eta 3.43 h
batch libero_spatial:0 A20,step real=6/6 54.5 s brain 36.7 s 84 calls 132 rows
12/1040 episodes, 10.52 s/episode, eta 3.00 h
batch libero_spatial:0 A20,step real=6/6 61.7 s brain 43.4 s 103 calls 131 rows
18/1040 episodes, 10.44 s/episode, eta 2.96 h
batch libero_spatial:0 A20,step real=2/6 26.1 s brain 13.4 s 33 calls 37 rows
20/1040 episodes, 10.70 s/episode, eta 3.03 h
batch libero_spatial:0 A40,step real=6/6 64.1 s brain 46.8 s 109 calls 153 rows
26/1040 episodes, 10.70 s/episode, eta 3.01 h
batch libero_spatial:0 A40,step real=6/6 53.1 s brain 37.2 s 83 calls 131 rows
32/1040 episodes, 10.35 s/episode, eta 2.90 h
batch libero_spatial:0 A40,step real=6/6 62.2 s brain 44.5 s 112 calls 132 rows
38/1040 episodes, 10.35 s/episode, eta 2.88 h
batch libero_spatial:0 A40,step real=2/6 25.8 s brain 13.2 s 34 calls 38 rows
40/1040 episodes, 10.48 s/episode, eta 2.91 h
[info] using task orders [0, 1, 2, 3, 4, 5, 6, 7, 8, 9]
[info] using task orders [0, 1, 2, 3, 4, 5, 6, 7, 8, 9]
[info] using task orders [0, 1, 2, 3, 4, 5, 6, 7, 8, 9]
[info] using task orders [0, 1, 2, 3, 4, 5, 6, 7, 8, 9]
[info] using task orders [0, 1, 2, 3, 4, 5, 6, 7, 8, 9]
[info] using task orders [0, 1, 2, 3, 4, 5, 6, 7, 8, 9]
[info] using task orders [0, 1, 2, 3, 4, 5, 6, 7, 8, 9]
Local assets not found. Downloading from HuggingFace Hub...Local assets not found. Downloading from HuggingFace Hub...

Assets already downloaded at /root/.cache/libero/assetsAssets already downloaded at /root/.cache/libero/assets

Local assets not found. Downloading from HuggingFace Hub...
Assets already downloaded at /root/.cache/libero/assets
Local assets not found. Downloading from HuggingFace Hub...
Assets already downloaded at /root/.cache/libero/assets
Local assets not found. Downloading from HuggingFace Hub...Local assets not found. Downloading from HuggingFace Hub...

Assets already downloaded at /root/.cache/libero/assetsAssets already downloaded at /root/.cache/libero/assets

batch libero_spatial:1 A20,step real=6/6 60.1 s brain 37.9 s 92 calls 124 rows
46/1040 episodes, 10.47 s/episode, eta 2.89 h
batch libero_spatial:1 A20,step real=6/6 47.4 s brain 32.7 s 74 calls 105 rows
52/1040 episodes, 10.17 s/episode, eta 2.79 h
batch libero_spatial:1 A20,step real=6/6 46.3 s brain 31.7 s 75 calls 107 rows
58/1040 episodes, 9.92 s/episode, eta 2.71 h
batch libero_spatial:1 A20,step real=2/6 27.5 s brain 14.5 s 36 calls 40 rows
60/1040 episodes, 10.05 s/episode, eta 2.74 h
batch libero_spatial:1 A40,step real=6/6 58.9 s brain 43.8 s 101 calls 156 rows
66/1040 episodes, 10.03 s/episode, eta 2.71 h
batch libero_spatial:1 A40,step real=6/6 51.4 s brain 36.3 s 91 calls 122 rows
72/1040 episodes, 9.91 s/episode, eta 2.66 h
batch libero_spatial:1 A40,step real=6/6 44.2 s brain 29.3 s 71 calls 103 rows
78/1040 episodes, 9.71 s/episode, eta 2.59 h
batch libero_spatial:1 A40,step real=2/6 14.7 s brain 7.5 s 19 calls 23 rows
80/1040 episodes, 9.65 s/episode, eta 2.57 h
[info] using task orders [0, 1, 2, 3, 4, 5, 6, 7, 8, 9]
[info] using task orders [0, 1, 2, 3, 4, 5, 6, 7, 8, 9]
[info] using task orders [0, 1, 2, 3, 4, 5, 6, 7, 8, 9]
[info] using task orders [0, 1, 2, 3, 4, 5, 6, 7, 8, 9]
[info] using task orders [0, 1, 2, 3, 4, 5, 6, 7, 8, 9]
[info] using task orders [0, 1, 2, 3, 4, 5, 6, 7, 8, 9]
[info] using task orders [0, 1, 2, 3, 4, 5, 6, 7, 8, 9]
Local assets not found. Downloading from HuggingFace Hub...
Assets already downloaded at /root/.cache/libero/assets
Local assets not found. Downloading from HuggingFace Hub...
Assets already downloaded at /root/.cache/libero/assets
Local assets not found. Downloading from HuggingFace Hub...
Assets already downloaded at /root/.cache/libero/assets
Local assets not found. Downloading from HuggingFace Hub...
Assets already downloaded at /root/.cache/libero/assets
Local assets not found. Downloading from HuggingFace Hub...Local assets not found. Downloading from HuggingFace Hub...

Assets already downloaded at /root/.cache/libero/assetsAssets already downloaded at /root/.cache/libero/assets

batch libero_spatial:2 A20,step real=6/6 57.0 s brain 35.4 s 88 calls 119 rows
86/1040 episodes, 9.67 s/episode, eta 2.56 h
batch libero_spatial:2 A20,step real=6/6 48.8 s brain 33.8 s 70 calls 137 rows
92/1040 episodes, 9.57 s/episode, eta 2.52 h
batch libero_spatial:2 A20,step real=6/6 42.5 s brain 28.2 s 69 calls 99 rows
98/1040 episodes, 9.42 s/episode, eta 2.46 h
batch libero_spatial:2 A20,step real=2/6 25.5 s brain 13.6 s 35 calls 39 rows
100/1040 episodes, 9.48 s/episode, eta 2.48 h
batch libero_spatial:2 A40,step real=6/6 51.4 s brain 36.0 s 88 calls 120 rows
106/1040 episodes, 9.43 s/episode, eta 2.45 h
batch libero_spatial:2 A40,step real=6/6 54.8 s brain 39.9 s 88 calls 155 rows
112/1040 episodes, 9.41 s/episode, eta 2.43 h
batch libero_spatial:2 A40,step real=6/6 50.8 s brain 36.0 s 89 calls 120 rows
118/1040 episodes, 9.37 s/episode, eta 2.40 h
batch libero_spatial:2 A40,step real=2/6 26.0 s brain 13.5 s 35 calls 39 rows
120/1040 episodes, 9.43 s/episode, eta 2.41 h
[info] using task orders [0, 1, 2, 3, 4, 5, 6, 7, 8, 9]
[info] using task orders [0, 1, 2, 3, 4, 5, 6, 7, 8, 9]
[info] using task orders [0, 1, 2, 3, 4, 5, 6, 7, 8, 9]
[info] using task orders [0, 1, 2, 3, 4, 5, 6, 7, 8, 9]
[info] using task orders [0, 1, 2, 3, 4, 5, 6, 7, 8, 9]
[info] using task orders [0, 1, 2, 3, 4, 5, 6, 7, 8, 9]
[info] using task orders [0, 1, 2, 3, 4, 5, 6, 7, 8, 9]
Local assets not found. Downloading from HuggingFace Hub...Local assets not found. Downloading from HuggingFace Hub...

Assets already downloaded at /root/.cache/libero/assetsAssets already downloaded at /root/.cache/libero/assets

Local assets not found. Downloading from HuggingFace Hub...Local assets not found. Downloading from HuggingFace Hub...

Local assets not found. Downloading from HuggingFace Hub...Local assets not found. Downloading from HuggingFace Hub...

Assets already downloaded at /root/.cache/libero/assetsAssets already downloaded at /root/.cache/libero/assets

Assets already downloaded at /root/.cache/libero/assetsAssets already downloaded at /root/.cache/libero/assets

batch libero_spatial:3 A20,step real=6/6 51.5 s brain 29.3 s 72 calls 98 rows
126/1040 episodes, 9.40 s/episode, eta 2.39 h
batch libero_spatial:3 A20,step real=6/6 44.5 s brain 29.5 s 72 calls 97 rows
132/1040 episodes, 9.31 s/episode, eta 2.35 h
batch libero_spatial:3 A20,step real=6/6 58.9 s brain 43.0 s 115 calls 135 rows
138/1040 episodes, 9.34 s/episode, eta 2.34 h
batch libero_spatial:3 A20,step real=2/6 26.6 s brain 13.4 s 35 calls 38 rows
140/1040 episodes, 9.39 s/episode, eta 2.35 h
batch libero_spatial:3 A40,step real=6/6 49.7 s brain 34.7 s 90 calls 115 rows
146/1040 episodes, 9.35 s/episode, eta 2.32 h
batch libero_spatial:3 A40,step real=6/6 41.8 s brain 27.6 s 66 calls 96 rows
152/1040 episodes, 9.25 s/episode, eta 2.28 h
batch libero_spatial:3 A40,step real=6/6 58.4 s brain 43.0 s 115 calls 135 rows
158/1040 episodes, 9.27 s/episode, eta 2.27 h
batch libero_spatial:3 A40,step real=2/6 34.5 s brain 20.6 s 55 calls 58 rows
160/1040 episodes, 9.37 s/episode, eta 2.29 h
[info] using task orders [0, 1, 2, 3, 4, 5, 6, 7, 8, 9]
[info] using task orders [0, 1, 2, 3, 4, 5, 6, 7, 8, 9]
[info] using task orders [0, 1, 2, 3, 4, 5, 6, 7, 8, 9]
[info] using task orders [0, 1, 2, 3, 4, 5, 6, 7, 8, 9]
[info] using task orders [0, 1, 2, 3, 4, 5, 6, 7, 8, 9]
[info] using task orders [0, 1, 2, 3, 4, 5, 6, 7, 8, 9]
[info] using task orders [0, 1, 2, 3, 4, 5, 6, 7, 8, 9]
Local assets not found. Downloading from HuggingFace Hub...Local assets not found. Downloading from HuggingFace Hub...

Assets already downloaded at /root/.cache/libero/assetsAssets already downloaded at /root/.cache/libero/assets

Local assets not found. Downloading from HuggingFace Hub...
Assets already downloaded at /root/.cache/libero/assets
Local assets not found. Downloading from HuggingFace Hub...
Assets already downloaded at /root/.cache/libero/assets
Local assets not found. Downloading from HuggingFace Hub...
Local assets not found. Downloading from HuggingFace Hub...
Assets already downloaded at /root/.cache/libero/assets
Assets already downloaded at /root/.cache/libero/assets
batch libero_spatial:4 A20,step real=6/6 69.9 s brain 46.2 s 121 calls 146 rows
166/1040 episodes, 9.47 s/episode, eta 2.30 h
batch libero_spatial:4 A20,step real=6/6 57.1 s brain 41.2 s 109 calls 128 rows
172/1040 episodes, 9.47 s/episode, eta 2.28 h
batch libero_spatial:4 A20,step real=6/6 51.6 s brain 35.6 s 94 calls 113 rows
178/1040 episodes, 9.44 s/episode, eta 2.26 h
batch libero_spatial:4 A20,step real=2/6 35.0 s brain 20.4 s 54 calls 58 rows
180/1040 episodes, 9.53 s/episode, eta 2.28 h
batch libero_spatial:4 A40,step real=6/6 45.4 s brain 30.4 s 74 calls 102 rows
186/1040 episodes, 9.47 s/episode, eta 2.25 h
batch libero_spatial:4 A40,step real=6/6 52.1 s brain 37.0 s 79 calls 148 rows
192/1040 episodes, 9.44 s/episode, eta 2.22 h
batch libero_spatial:4 A40,step real=6/6 63.0 s brain 47.1 s 116 calls 159 rows
198/1040 episodes, 9.47 s/episode, eta 2.22 h
batch libero_spatial:4 A40,step real=2/6 35.3 s brain 20.6 s 54 calls 58 rows
200/1040 episodes, 9.56 s/episode, eta 2.23 h
[info] using task orders [0, 1, 2, 3, 4, 5, 6, 7, 8, 9]
[info] using task orders [0, 1, 2, 3, 4, 5, 6, 7, 8, 9]
[info] using task orders [0, 1, 2, 3, 4, 5, 6, 7, 8, 9]
[info] using task orders [0, 1, 2, 3, 4, 5, 6, 7, 8, 9]
[info] using task orders [0, 1, 2, 3, 4, 5, 6, 7, 8, 9]
[info] using task orders [0, 1, 2, 3, 4, 5, 6, 7, 8, 9]
[info] using task orders [0, 1, 2, 3, 4, 5, 6, 7, 8, 9]
Local assets not found. Downloading from HuggingFace Hub...Local assets not found. Downloading from HuggingFace Hub...

Assets already downloaded at /root/.cache/libero/assetsAssets already downloaded at /root/.cache/libero/assets

Local assets not found. Downloading from HuggingFace Hub...
Assets already downloaded at /root/.cache/libero/assets
Local assets not found. Downloading from HuggingFace Hub...
Local assets not found. Downloading from HuggingFace Hub...
Assets already downloaded at /root/.cache/libero/assetsAssets already downloaded at /root/.cache/libero/assets

Local assets not found. Downloading from HuggingFace Hub...
Assets already downloaded at /root/.cache/libero/assets
batch libero_spatial:5 A20,step real=6/6 69.9 s brain 46.6 s 107 calls 174 rows
206/1040 episodes, 9.63 s/episode, eta 2.23 h
batch libero_spatial:5 A20,step real=6/6 60.1 s brain 44.5 s 106 calls 156 rows
212/1040 episodes, 9.64 s/episode, eta 2.22 h
batch libero_spatial:5 A20,step real=6/6 68.0 s brain 51.4 s 132 calls 173 rows
218/1040 episodes, 9.69 s/episode, eta 2.21 h
batch libero_spatial:5 A20,step real=2/6 26.7 s brain 13.7 s 36 calls 39 rows
220/1040 episodes, 9.72 s/episode, eta 2.21 h
batch libero_spatial:5 A40,step real=6/6 61.6 s brain 45.2 s 113 calls 155 rows
226/1040 episodes, 9.73 s/episode, eta 2.20 h
batch libero_spatial:5 A40,step real=6/6 61.6 s brain 45.7 s 105 calls 172 rows
232/1040 episodes, 9.75 s/episode, eta 2.19 h
batch libero_spatial:5 A40,step real=6/6 67.9 s brain 51.4 s 131 calls 173 rows
238/1040 episodes, 9.79 s/episode, eta 2.18 h
batch libero_spatial:5 A40,step real=2/6 34.6 s brain 20.6 s 55 calls 58 rows
240/1040 episodes, 9.85 s/episode, eta 2.19 h
[info] using task orders [0, 1, 2, 3, 4, 5, 6, 7, 8, 9]
[info] using task orders [0, 1, 2, 3, 4, 5, 6, 7, 8, 9]
[info] using task orders [0, 1, 2, 3, 4, 5, 6, 7, 8, 9]
[info] using task orders [0, 1, 2, 3, 4, 5, 6, 7, 8, 9]
[info] using task orders [0, 1, 2, 3, 4, 5, 6, 7, 8, 9]
[info] using task orders [0, 1, 2, 3, 4, 5, 6, 7, 8, 9]
[info] using task orders [0, 1, 2, 3, 4, 5, 6, 7, 8, 9]
Local assets not found. Downloading from HuggingFace Hub...Local assets not found. Downloading from HuggingFace Hub...Local assets not found. Downloading from HuggingFace Hub...


Assets already downloaded at /root/.cache/libero/assetsAssets already downloaded at /root/.cache/libero/assetsAssets already downloaded at /root/.cache/libero/assets


Local assets not found. Downloading from HuggingFace Hub...
Assets already downloaded at /root/.cache/libero/assets
Local assets not found. Downloading from HuggingFace Hub...Local assets not found. Downloading from HuggingFace Hub...

Assets already downloaded at /root/.cache/libero/assetsAssets already downloaded at /root/.cache/libero/assets

batch libero_spatial:6 A20,step real=6/6 60.5 s brain 38.2 s 88 calls 140 rows
246/1040 episodes, 9.86 s/episode, eta 2.18 h
batch libero_spatial:6 A20,step real=6/6 53.8 s brain 38.5 s 100 calls 122 rows
252/1040 episodes, 9.84 s/episode, eta 2.15 h
batch libero_spatial:6 A20,step real=6/6 51.4 s brain 36.5 s 94 calls 120 rows
258/1040 episodes, 9.81 s/episode, eta 2.13 h
batch libero_spatial:6 A20,step real=2/6 33.6 s brain 20.2 s 54 calls 58 rows
260/1040 episodes, 9.87 s/episode, eta 2.14 h
batch libero_spatial:6 A40,step real=6/6 52.4 s brain 37.5 s 95 calls 122 rows
266/1040 episodes, 9.84 s/episode, eta 2.12 h
batch libero_spatial:6 A40,step real=6/6 60.3 s brain 44.4 s 118 calls 140 rows
272/1040 episodes, 9.85 s/episode, eta 2.10 h
batch libero_spatial:6 A40,step real=6/6 66.7 s brain 50.8 s 136 calls 156 rows
278/1040 episodes, 9.87 s/episode, eta 2.09 h
batch libero_spatial:6 A40,step real=2/6 16.1 s brain 8.3 s 21 calls 25 rows
280/1040 episodes, 9.86 s/episode, eta 2.08 h
[info] using task orders [0, 1, 2, 3, 4, 5, 6, 7, 8, 9]
[info] using task orders [0, 1, 2, 3, 4, 5, 6, 7, 8, 9]
[info] using task orders [0, 1, 2, 3, 4, 5, 6, 7, 8, 9]
[info] using task orders [0, 1, 2, 3, 4, 5, 6, 7, 8, 9]
[info] using task orders [0, 1, 2, 3, 4, 5, 6, 7, 8, 9]
[info] using task orders [0, 1, 2, 3, 4, 5, 6, 7, 8, 9]
[info] using task orders [0, 1, 2, 3, 4, 5, 6, 7, 8, 9]
Local assets not found. Downloading from HuggingFace Hub...Local assets not found. Downloading from HuggingFace Hub...

Assets already downloaded at /root/.cache/libero/assetsAssets already downloaded at /root/.cache/libero/assets

Local assets not found. Downloading from HuggingFace Hub...
Assets already downloaded at /root/.cache/libero/assets
Local assets not found. Downloading from HuggingFace Hub...
Assets already downloaded at /root/.cache/libero/assets
Local assets not found. Downloading from HuggingFace Hub...
Local assets not found. Downloading from HuggingFace Hub...
Assets already downloaded at /root/.cache/libero/assetsAssets already downloaded at /root/.cache/libero/assets

batch libero_spatial:7 A20,step real=6/6 68.5 s brain 45.2 s 110 calls 157 rows
286/1040 episodes, 9.90 s/episode, eta 2.07 h
batch libero_spatial:7 A20,step real=6/6 55.0 s brain 39.5 s 93 calls 142 rows
292/1040 episodes, 9.89 s/episode, eta 2.05 h
batch libero_spatial:7 A20,step real=6/6 49.0 s brain 33.7 s 79 calls 118 rows
298/1040 episodes, 9.85 s/episode, eta 2.03 h
batch libero_spatial:7 A20,step real=2/6 25.4 s brain 12.6 s 29 calls 42 rows
300/1040 episodes, 9.87 s/episode, eta 2.03 h
batch libero_spatial:7 A40,step real=6/6 62.2 s brain 45.9 s 110 calls 164 rows
306/1040 episodes, 9.88 s/episode, eta 2.01 h
batch libero_spatial:7 A40,step real=6/6 63.1 s brain 47.0 s 109 calls 174 rows
312/1040 episodes, 9.89 s/episode, eta 2.00 h
batch libero_spatial:7 A40,step real=6/6 48.4 s brain 32.7 s 76 calls 114 rows
318/1040 episodes, 9.86 s/episode, eta 1.98 h
batch libero_spatial:7 A40,step real=2/6 27.1 s brain 14.5 s 29 calls 58 rows
320/1040 episodes, 9.88 s/episode, eta 1.98 h
[info] using task orders [0, 1, 2, 3, 4, 5, 6, 7, 8, 9]
[info] using task orders [0, 1, 2, 3, 4, 5, 6, 7, 8, 9]
[info] using task orders [0, 1, 2, 3, 4, 5, 6, 7, 8, 9]
[info] using task orders [0, 1, 2, 3, 4, 5, 6, 7, 8, 9]
[info] using task orders [0, 1, 2, 3, 4, 5, 6, 7, 8, 9]
[info] using task orders [0, 1, 2, 3, 4, 5, 6, 7, 8, 9]
[info] using task orders [0, 1, 2, 3, 4, 5, 6, 7, 8, 9]
Local assets not found. Downloading from HuggingFace Hub...
Assets already downloaded at /root/.cache/libero/assets
Local assets not found. Downloading from HuggingFace Hub...
Assets already downloaded at /root/.cache/libero/assets
Local assets not found. Downloading from HuggingFace Hub...Local assets not found. Downloading from HuggingFace Hub...

Assets already downloaded at /root/.cache/libero/assetsAssets already downloaded at /root/.cache/libero/assets

Local assets not found. Downloading from HuggingFace Hub...Local assets not found. Downloading from HuggingFace Hub...

Assets already downloaded at /root/.cache/libero/assetsAssets already downloaded at /root/.cache/libero/assets

batch libero_spatial:8 A20,step real=6/6 62.3 s brain 36.8 s 82 calls 136 rows
326/1040 episodes, 9.90 s/episode, eta 1.96 h
batch libero_spatial:8 A20,step real=6/6 63.3 s brain 45.5 s 102 calls 174 rows
332/1040 episodes, 9.91 s/episode, eta 1.95 h
batch libero_spatial:8 A20,step real=6/6 55.0 s brain 39.1 s 83 calls 155 rows
338/1040 episodes, 9.90 s/episode, eta 1.93 h
batch libero_spatial:8 A20,step real=2/6 26.7 s brain 13.7 s 36 calls 41 rows
340/1040 episodes, 9.92 s/episode, eta 1.93 h
batch libero_spatial:8 A40,step real=6/6 45.0 s brain 29.3 s 63 calls 117 rows
346/1040 episodes, 9.87 s/episode, eta 1.90 h
batch libero_spatial:8 A40,step real=6/6 53.5 s brain 37.7 s 86 calls 140 rows
352/1040 episodes, 9.86 s/episode, eta 1.88 h
batch libero_spatial:8 A40,step real=6/6 58.2 s brain 43.2 s 102 calls 155 rows
358/1040 episodes, 9.85 s/episode, eta 1.87 h
batch libero_spatial:8 A40,step real=2/6 33.5 s brain 19.7 s 53 calls 58 rows
360/1040 episodes, 9.89 s/episode, eta 1.87 h
[info] using task orders [0, 1, 2, 3, 4, 5, 6, 7, 8, 9]
[info] using task orders [0, 1, 2, 3, 4, 5, 6, 7, 8, 9]
[info] using task orders [0, 1, 2, 3, 4, 5, 6, 7, 8, 9]
[info] using task orders [0, 1, 2, 3, 4, 5, 6, 7, 8, 9]
[info] using task orders [0, 1, 2, 3, 4, 5, 6, 7, 8, 9]
[info] using task orders [0, 1, 2, 3, 4, 5, 6, 7, 8, 9]
[info] using task orders [0, 1, 2, 3, 4, 5, 6, 7, 8, 9]
Local assets not found. Downloading from HuggingFace Hub...Local assets not found. Downloading from HuggingFace Hub...

Local assets not found. Downloading from HuggingFace Hub...
Assets already downloaded at /root/.cache/libero/assetsAssets already downloaded at /root/.cache/libero/assets

Assets already downloaded at /root/.cache/libero/assets
Local assets not found. Downloading from HuggingFace Hub...
Assets already downloaded at /root/.cache/libero/assets
Local assets not found. Downloading from HuggingFace Hub...
Assets already downloaded at /root/.cache/libero/assets
Local assets not found. Downloading from HuggingFace Hub...
Assets already downloaded at /root/.cache/libero/assets
batch libero_spatial:9 A20,step real=6/6 64.7 s brain 41.3 s 97 calls 142 rows
366/1040 episodes, 9.91 s/episode, eta 1.86 h
batch libero_spatial:9 A20,step real=6/6 53.6 s brain 38.1 s 98 calls 126 rows
372/1040 episodes, 9.90 s/episode, eta 1.84 h
batch libero_spatial:9 A20,step real=6/6 48.1 s brain 33.1 s 82 calls 111 rows
378/1040 episodes, 9.87 s/episode, eta 1.81 h
batch libero_spatial:9 A20,step real=2/6 15.7 s brain 8.2 s 21 calls 25 rows
380/1040 episodes, 9.86 s/episode, eta 1.81 h
batch libero_spatial:9 A40,step real=6/6 53.3 s brain 38.6 s 80 calls 159 rows
386/1040 episodes, 9.84 s/episode, eta 1.79 h
batch libero_spatial:9 A40,step real=6/6 68.5 s brain 51.6 s 139 calls 159 rows
392/1040 episodes, 9.87 s/episode, eta 1.78 h
batch libero_spatial:9 A40,step real=6/6 48.0 s brain 33.4 s 73 calls 128 rows
398/1040 episodes, 9.84 s/episode, eta 1.75 h
batch libero_spatial:9 A40,step real=2/6 33.6 s brain 20.3 s 54 calls 58 rows
400/1040 episodes, 9.87 s/episode, eta 1.76 h
[info] using task orders [0, 1, 2, 3, 4, 5, 6, 7, 8, 9]
[info] using task orders [0, 1, 2, 3, 4, 5, 6, 7, 8, 9]
[info] using task orders [0, 1, 2, 3, 4, 5, 6, 7, 8, 9]
[info] using task orders [0, 1, 2, 3, 4, 5, 6, 7, 8, 9]
[info] using task orders [0, 1, 2, 3, 4, 5, 6, 7, 8, 9]
[info] using task orders [0, 1, 2, 3, 4, 5, 6, 7, 8, 9]
[info] using task orders [0, 1, 2, 3, 4, 5, 6, 7, 8, 9]
Local assets not found. Downloading from HuggingFace Hub...Local assets not found. Downloading from HuggingFace Hub...Local assets not found. Downloading from HuggingFace Hub...


Local assets not found. Downloading from HuggingFace Hub...
Assets already downloaded at /root/.cache/libero/assetsAssets already downloaded at /root/.cache/libero/assetsAssets already downloaded at /root/.cache/libero/assets


Assets already downloaded at /root/.cache/libero/assets
Local assets not found. Downloading from HuggingFace Hub...
Local assets not found. Downloading from HuggingFace Hub...
Assets already downloaded at /root/.cache/libero/assets
Assets already downloaded at /root/.cache/libero/assets
batch libero_object:0 A20,step real=6/6 65.4 s brain 44.7 s 114 calls 145 rows
406/1040 episodes, 9.89 s/episode, eta 1.74 h
batch libero_object:0 A20,step real=6/6 43.8 s brain 31.5 s 63 calls 133 rows
412/1040 episodes, 9.86 s/episode, eta 1.72 h
batch libero_object:0 A20,step real=6/6 38.2 s brain 26.5 s 59 calls 101 rows
418/1040 episodes, 9.81 s/episode, eta 1.69 h
batch libero_object:0 A20,step real=2/6 22.5 s brain 12.4 s 29 calls 43 rows
420/1040 episodes, 9.81 s/episode, eta 1.69 h
batch libero_object:0 A40,step real=6/6 58.1 s brain 44.3 s 113 calls 145 rows
426/1040 episodes, 9.81 s/episode, eta 1.67 h
batch libero_object:0 A40,step real=6/6 46.6 s brain 34.0 s 75 calls 131 rows
432/1040 episodes, 9.78 s/episode, eta 1.65 h
batch libero_object:0 A40,step real=6/6 39.5 s brain 27.3 s 62 calls 103 rows
438/1040 episodes, 9.74 s/episode, eta 1.63 h
batch libero_object:0 A40,step real=2/6 25.5 s brain 14.4 s 38 calls 43 rows
440/1040 episodes, 9.75 s/episode, eta 1.63 h
[info] using task orders [0, 1, 2, 3, 4, 5, 6, 7, 8, 9]
[info] using task orders [0, 1, 2, 3, 4, 5, 6, 7, 8, 9]
[info] using task orders [0, 1, 2, 3, 4, 5, 6, 7, 8, 9]
[info] using task orders [0, 1, 2, 3, 4, 5, 6, 7, 8, 9]
[info] using task orders [0, 1, 2, 3, 4, 5, 6, 7, 8, 9]
[info] using task orders [0, 1, 2, 3, 4, 5, 6, 7, 8, 9]
[info] using task orders [0, 1, 2, 3, 4, 5, 6, 7, 8, 9]
Local assets not found. Downloading from HuggingFace Hub...
Local assets not found. Downloading from HuggingFace Hub...
Assets already downloaded at /root/.cache/libero/assetsAssets already downloaded at /root/.cache/libero/assets

Local assets not found. Downloading from HuggingFace Hub...
Assets already downloaded at /root/.cache/libero/assets
Local assets not found. Downloading from HuggingFace Hub...
Assets already downloaded at /root/.cache/libero/assets
Local assets not found. Downloading from HuggingFace Hub...
Assets already downloaded at /root/.cache/libero/assets
Local assets not found. Downloading from HuggingFace Hub...
Assets already downloaded at /root/.cache/libero/assets
batch libero_object:1 A20,step real=6/6 56.6 s brain 37.1 s 89 calls 127 rows
446/1040 episodes, 9.75 s/episode, eta 1.61 h
batch libero_object:1 A20,step real=6/6 51.2 s brain 38.8 s 89 calls 143 rows
452/1040 episodes, 9.74 s/episode, eta 1.59 h
batch libero_object:1 A20,step real=6/6 46.8 s brain 33.9 s 79 calls 127 rows
458/1040 episodes, 9.71 s/episode, eta 1.57 h
batch libero_object:1 A20,step real=2/6 14.7 s brain 8.3 s 22 calls 26 rows
460/1040 episodes, 9.70 s/episode, eta 1.56 h
batch libero_object:1 A40,step real=6/6 52.4 s brain 40.2 s 89 calls 158 rows
466/1040 episodes, 9.69 s/episode, eta 1.54 h
batch libero_object:1 A40,step real=6/6 56.5 s brain 43.8 s 105 calls 158 rows
472/1040 episodes, 9.69 s/episode, eta 1.53 h
batch libero_object:1 A40,step real=6/6 48.8 s brain 36.1 s 79 calls 142 rows
478/1040 episodes, 9.67 s/episode, eta 1.51 h
batch libero_object:1 A40,step real=2/6 31.5 s brain 20.1 s 54 calls 58 rows
480/1040 episodes, 9.69 s/episode, eta 1.51 h
[info] using task orders [0, 1, 2, 3, 4, 5, 6, 7, 8, 9]
[info] using task orders [0, 1, 2, 3, 4, 5, 6, 7, 8, 9]
[info] using task orders [0, 1, 2, 3, 4, 5, 6, 7, 8, 9]
[info] using task orders [0, 1, 2, 3, 4, 5, 6, 7, 8, 9]
[info] using task orders [0, 1, 2, 3, 4, 5, 6, 7, 8, 9]
[info] using task orders [0, 1, 2, 3, 4, 5, 6, 7, 8, 9]
[info] using task orders [0, 1, 2, 3, 4, 5, 6, 7, 8, 9]
Local assets not found. Downloading from HuggingFace Hub...
Assets already downloaded at /root/.cache/libero/assets
Local assets not found. Downloading from HuggingFace Hub...
Assets already downloaded at /root/.cache/libero/assets
Local assets not found. Downloading from HuggingFace Hub...
Assets already downloaded at /root/.cache/libero/assets
Local assets not found. Downloading from HuggingFace Hub...
Local assets not found. Downloading from HuggingFace Hub...
Local assets not found. Downloading from HuggingFace Hub...Assets already downloaded at /root/.cache/libero/assets

Assets already downloaded at /root/.cache/libero/assets
Assets already downloaded at /root/.cache/libero/assets
batch libero_object:2 A20,step real=6/6 58.8 s brain 39.0 s 91 calls 141 rows
486/1040 episodes, 9.70 s/episode, eta 1.49 h
batch libero_object:2 A20,step real=6/6 51.4 s brain 38.4 s 90 calls 141 rows
492/1040 episodes, 9.68 s/episode, eta 1.47 h
batch libero_object:2 A20,step real=6/6 54.1 s brain 41.0 s 101 calls 141 rows
498/1040 episodes, 9.67 s/episode, eta 1.46 h
batch libero_object:2 A20,step real=2/6 24.9 s brain 14.3 s 29 calls 58 rows
500/1040 episodes, 9.69 s/episode, eta 1.45 h
batch libero_object:2 A40,step real=6/6 58.2 s brain 45.1 s 107 calls 157 rows
506/1040 episodes, 9.69 s/episode, eta 1.44 h
batch libero_object:2 A40,step real=6/6 45.2 s brain 33.2 s 73 calls 124 rows
512/1040 episodes, 9.66 s/episode, eta 1.42 h
batch libero_object:2 A40,step real=6/6 48.3 s brain 35.5 s 85 calls 125 rows
518/1040 episodes, 9.64 s/episode, eta 1.40 h
batch libero_object:2 A40,step real=2/6 22.1 s brain 12.3 s 29 calls 42 rows
520/1040 episodes, 9.65 s/episode, eta 1.39 h
[info] using task orders [0, 1, 2, 3, 4, 5, 6, 7, 8, 9]
[info] using task orders [0, 1, 2, 3, 4, 5, 6, 7, 8, 9]
[info] using task orders [0, 1, 2, 3, 4, 5, 6, 7, 8, 9]
[info] using task orders [0, 1, 2, 3, 4, 5, 6, 7, 8, 9]
[info] using task orders [0, 1, 2, 3, 4, 5, 6, 7, 8, 9]
[info] using task orders [0, 1, 2, 3, 4, 5, 6, 7, 8, 9]
[info] using task orders [0, 1, 2, 3, 4, 5, 6, 7, 8, 9]
Local assets not found. Downloading from HuggingFace Hub...Local assets not found. Downloading from HuggingFace Hub...Local assets not found. Downloading from HuggingFace Hub...Local assets not found. Downloading from HuggingFace Hub...



Assets already downloaded at /root/.cache/libero/assetsAssets already downloaded at /root/.cache/libero/assetsAssets already downloaded at /root/.cache/libero/assets


Assets already downloaded at /root/.cache/libero/assets
Local assets not found. Downloading from HuggingFace Hub...Local assets not found. Downloading from HuggingFace Hub...

Assets already downloaded at /root/.cache/libero/assetsAssets already downloaded at /root/.cache/libero/assets

batch libero_object:3 A20,step real=6/6 73.7 s brain 52.3 s 131 calls 174 rows
526/1040 episodes, 9.68 s/episode, eta 1.38 h
batch libero_object:3 A20,step real=6/6 67.0 s brain 52.4 s 142 calls 159 rows
532/1040 episodes, 9.70 s/episode, eta 1.37 h
batch libero_object:3 A20,step real=6/6 52.1 s brain 39.1 s 101 calls 128 rows
538/1040 episodes, 9.69 s/episode, eta 1.35 h
batch libero_object:3 A20,step real=2/6 30.8 s brain 20.0 s 54 calls 58 rows
540/1040 episodes, 9.71 s/episode, eta 1.35 h
batch libero_object:3 A40,step real=6/6 67.4 s brain 53.5 s 131 calls 174 rows
546/1040 episodes, 9.72 s/episode, eta 1.33 h
batch libero_object:3 A40,step real=6/6 60.3 s brain 46.9 s 117 calls 158 rows
552/1040 episodes, 9.73 s/episode, eta 1.32 h
batch libero_object:3 A40,step real=6/6 64.5 s brain 51.1 s 130 calls 174 rows
558/1040 episodes, 9.74 s/episode, eta 1.30 h
batch libero_object:3 A40,step real=2/6 31.8 s brain 20.6 s 54 calls 58 rows
560/1040 episodes, 9.76 s/episode, eta 1.30 h
[info] using task orders [0, 1, 2, 3, 4, 5, 6, 7, 8, 9]
[info] using task orders [0, 1, 2, 3, 4, 5, 6, 7, 8, 9]
[info] using task orders [0, 1, 2, 3, 4, 5, 6, 7, 8, 9]
[info] using task orders [0, 1, 2, 3, 4, 5, 6, 7, 8, 9]
[info] using task orders [0, 1, 2, 3, 4, 5, 6, 7, 8, 9]
[info] using task orders [0, 1, 2, 3, 4, 5, 6, 7, 8, 9]
[info] using task orders [0, 1, 2, 3, 4, 5, 6, 7, 8, 9]
Local assets not found. Downloading from HuggingFace Hub...Local assets not found. Downloading from HuggingFace Hub...Local assets not found. Downloading from HuggingFace Hub...


Assets already downloaded at /root/.cache/libero/assetsAssets already downloaded at /root/.cache/libero/assetsAssets already downloaded at /root/.cache/libero/assets


Local assets not found. Downloading from HuggingFace Hub...
Local assets not found. Downloading from HuggingFace Hub...
Local assets not found. Downloading from HuggingFace Hub...
Assets already downloaded at /root/.cache/libero/assets
Assets already downloaded at /root/.cache/libero/assets
Assets already downloaded at /root/.cache/libero/assets
batch libero_object:4 A20,step real=6/6 63.4 s brain 42.8 s 103 calls 132 rows
566/1040 episodes, 9.77 s/episode, eta 1.29 h
batch libero_object:4 A20,step real=6/6 59.6 s brain 46.7 s 115 calls 161 rows
572/1040 episodes, 9.78 s/episode, eta 1.27 h
batch libero_object:4 A20,step real=6/6 53.2 s brain 40.1 s 99 calls 132 rows
578/1040 episodes, 9.77 s/episode, eta 1.25 h
batch libero_object:4 A20,step real=2/6 17.3 s brain 10.2 s 27 calls 31 rows
580/1040 episodes, 9.76 s/episode, eta 1.25 h
batch libero_object:4 A40,step real=6/6 59.4 s brain 45.8 s 116 calls 145 rows
586/1040 episodes, 9.76 s/episode, eta 1.23 h
batch libero_object:4 A40,step real=6/6 54.9 s brain 42.4 s 106 calls 146 rows
592/1040 episodes, 9.76 s/episode, eta 1.21 h
batch libero_object:4 A40,step real=6/6 60.3 s brain 47.1 s 125 calls 147 rows
598/1040 episodes, 9.76 s/episode, eta 1.20 h
batch libero_object:4 A40,step real=2/6 17.5 s brain 10.2 s 27 calls 31 rows
600/1040 episodes, 9.76 s/episode, eta 1.19 h
[info] using task orders [0, 1, 2, 3, 4, 5, 6, 7, 8, 9]
[info] using task orders [0, 1, 2, 3, 4, 5, 6, 7, 8, 9]
[info] using task orders [0, 1, 2, 3, 4, 5, 6, 7, 8, 9]
[info] using task orders [0, 1, 2, 3, 4, 5, 6, 7, 8, 9]
[info] using task orders [0, 1, 2, 3, 4, 5, 6, 7, 8, 9]
[info] using task orders [0, 1, 2, 3, 4, 5, 6, 7, 8, 9]
[info] using task orders [0, 1, 2, 3, 4, 5, 6, 7, 8, 9]
Local assets not found. Downloading from HuggingFace Hub...Local assets not found. Downloading from HuggingFace Hub...

Local assets not found. Downloading from HuggingFace Hub...
Assets already downloaded at /root/.cache/libero/assetsAssets already downloaded at /root/.cache/libero/assets

Assets already downloaded at /root/.cache/libero/assets
Local assets not found. Downloading from HuggingFace Hub...
Assets already downloaded at /root/.cache/libero/assets
Local assets not found. Downloading from HuggingFace Hub...
Local assets not found. Downloading from HuggingFace Hub...
Assets already downloaded at /root/.cache/libero/assets
Assets already downloaded at /root/.cache/libero/assets
batch libero_object:5 A20,step real=6/6 61.6 s brain 41.1 s 84 calls 175 rows
606/1040 episodes, 9.77 s/episode, eta 1.18 h
batch libero_object:5 A20,step real=6/6 54.7 s brain 41.0 s 101 calls 143 rows
612/1040 episodes, 9.76 s/episode, eta 1.16 h
batch libero_object:5 A20,step real=6/6 50.6 s brain 37.9 s 95 calls 131 rows
618/1040 episodes, 9.75 s/episode, eta 1.14 h
batch libero_object:5 A20,step real=2/6 33.1 s brain 20.7 s 55 calls 58 rows
620/1040 episodes, 9.77 s/episode, eta 1.14 h
batch libero_object:5 A40,step real=6/6 64.6 s brain 51.3 s 130 calls 174 rows
626/1040 episodes, 9.78 s/episode, eta 1.12 h
batch libero_object:5 A40,step real=6/6 63.5 s brain 49.4 s 132 calls 158 rows
632/1040 episodes, 9.79 s/episode, eta 1.11 h
batch libero_object:5 A40,step real=6/6 50.6 s brain 37.9 s 91 calls 136 rows
638/1040 episodes, 9.77 s/episode, eta 1.09 h
batch libero_object:5 A40,step real=2/6 32.7 s brain 21.1 s 55 calls 58 rows
640/1040 episodes, 9.79 s/episode, eta 1.09 h
[info] using task orders [0, 1, 2, 3, 4, 5, 6, 7, 8, 9]
[info] using task orders [0, 1, 2, 3, 4, 5, 6, 7, 8, 9]
[info] using task orders [0, 1, 2, 3, 4, 5, 6, 7, 8, 9]
[info] using task orders [0, 1, 2, 3, 4, 5, 6, 7, 8, 9]
[info] using task orders [0, 1, 2, 3, 4, 5, 6, 7, 8, 9]
[info] using task orders [0, 1, 2, 3, 4, 5, 6, 7, 8, 9]
[info] using task orders [0, 1, 2, 3, 4, 5, 6, 7, 8, 9]
Local assets not found. Downloading from HuggingFace Hub...
Assets already downloaded at /root/.cache/libero/assets
Local assets not found. Downloading from HuggingFace Hub...Local assets not found. Downloading from HuggingFace Hub...

Assets already downloaded at /root/.cache/libero/assetsAssets already downloaded at /root/.cache/libero/assets

Local assets not found. Downloading from HuggingFace Hub...
Local assets not found. Downloading from HuggingFace Hub...
Assets already downloaded at /root/.cache/libero/assets
Assets already downloaded at /root/.cache/libero/assets
Local assets not found. Downloading from HuggingFace Hub...
Assets already downloaded at /root/.cache/libero/assets
batch libero_object:6 A20,step real=6/6 62.1 s brain 42.0 s 101 calls 148 rows
646/1040 episodes, 9.80 s/episode, eta 1.07 h
batch libero_object:6 A20,step real=6/6 53.5 s brain 40.7 s 102 calls 134 rows
652/1040 episodes, 9.79 s/episode, eta 1.06 h
batch libero_object:6 A20,step real=6/6 41.2 s brain 29.5 s 65 calls 111 rows
658/1040 episodes, 9.77 s/episode, eta 1.04 h
batch libero_object:6 A20,step real=2/6 26.9 s brain 16.2 s 40 calls 44 rows
660/1040 episodes, 9.78 s/episode, eta 1.03 h
batch libero_object:6 A40,step real=6/6 54.1 s brain 41.1 s 98 calls 145 rows
666/1040 episodes, 9.77 s/episode, eta 1.02 h
batch libero_object:6 A40,step real=6/6 47.8 s brain 35.4 s 78 calls 134 rows
672/1040 episodes, 9.76 s/episode, eta 1.00 h
batch libero_object:6 A40,step real=6/6 50.0 s brain 37.5 s 88 calls 134 rows
678/1040 episodes, 9.74 s/episode, eta 0.98 h
batch libero_object:6 A40,step real=2/6 17.7 s brain 10.5 s 26 calls 30 rows
680/1040 episodes, 9.74 s/episode, eta 0.97 h
[info] using task orders [0, 1, 2, 3, 4, 5, 6, 7, 8, 9]
[info] using task orders [0, 1, 2, 3, 4, 5, 6, 7, 8, 9]
[info] using task orders [0, 1, 2, 3, 4, 5, 6, 7, 8, 9]
[info] using task orders [0, 1, 2, 3, 4, 5, 6, 7, 8, 9]
[info] using task orders [0, 1, 2, 3, 4, 5, 6, 7, 8, 9]
[info] using task orders [0, 1, 2, 3, 4, 5, 6, 7, 8, 9]
[info] using task orders [0, 1, 2, 3, 4, 5, 6, 7, 8, 9]
Local assets not found. Downloading from HuggingFace Hub...Local assets not found. Downloading from HuggingFace Hub...

Assets already downloaded at /root/.cache/libero/assetsAssets already downloaded at /root/.cache/libero/assets

Local assets not found. Downloading from HuggingFace Hub...
Assets already downloaded at /root/.cache/libero/assets
Local assets not found. Downloading from HuggingFace Hub...
Assets already downloaded at /root/.cache/libero/assets
Local assets not found. Downloading from HuggingFace Hub...
Assets already downloaded at /root/.cache/libero/assets
Local assets not found. Downloading from HuggingFace Hub...
Assets already downloaded at /root/.cache/libero/assets
batch libero_object:7 A20,step real=6/6 74.5 s brain 53.5 s 129 calls 159 rows
686/1040 episodes, 9.77 s/episode, eta 0.96 h
batch libero_object:7 A20,step real=6/6 66.5 s brain 52.2 s 141 calls 159 rows
692/1040 episodes, 9.78 s/episode, eta 0.95 h
batch libero_object:7 A20,step real=6/6 49.7 s brain 36.8 s 95 calls 114 rows
698/1040 episodes, 9.77 s/episode, eta 0.93 h
batch libero_object:7 A20,step real=2/6 13.7 s brain 7.3 s 16 calls 27 rows
700/1040 episodes, 9.76 s/episode, eta 0.92 h
batch libero_object:7 A40,step real=6/6 43.1 s brain 31.4 s 55 calls 146 rows
706/1040 episodes, 9.74 s/episode, eta 0.90 h
batch libero_object:7 A40,step real=6/6 57.7 s brain 44.9 s 117 calls 144 rows
712/1040 episodes, 9.73 s/episode, eta 0.89 h
batch libero_object:7 A40,step real=6/6 44.6 s brain 32.0 s 74 calls 113 rows
718/1040 episodes, 9.71 s/episode, eta 0.87 h
batch libero_object:7 A40,step real=2/6 31.8 s brain 20.5 s 55 calls 58 rows
720/1040 episodes, 9.73 s/episode, eta 0.87 h
[info] using task orders [0, 1, 2, 3, 4, 5, 6, 7, 8, 9]
[info] using task orders [0, 1, 2, 3, 4, 5, 6, 7, 8, 9]
[info] using task orders [0, 1, 2, 3, 4, 5, 6, 7, 8, 9]
[info] using task orders [0, 1, 2, 3, 4, 5, 6, 7, 8, 9]
[info] using task orders [0, 1, 2, 3, 4, 5, 6, 7, 8, 9]
[info] using task orders [0, 1, 2, 3, 4, 5, 6, 7, 8, 9]
[info] using task orders [0, 1, 2, 3, 4, 5, 6, 7, 8, 9]
Local assets not found. Downloading from HuggingFace Hub...
Assets already downloaded at /root/.cache/libero/assets
Local assets not found. Downloading from HuggingFace Hub...Local assets not found. Downloading from HuggingFace Hub...

Assets already downloaded at /root/.cache/libero/assetsAssets already downloaded at /root/.cache/libero/assets

Local assets not found. Downloading from HuggingFace Hub...
Assets already downloaded at /root/.cache/libero/assets
Local assets not found. Downloading from HuggingFace Hub...
Assets already downloaded at /root/.cache/libero/assets
Local assets not found. Downloading from HuggingFace Hub...
Assets already downloaded at /root/.cache/libero/assets
batch libero_object:8 A20,step real=6/6 49.6 s brain 30.7 s 64 calls 122 rows
726/1040 episodes, 9.72 s/episode, eta 0.85 h
batch libero_object:8 A20,step real=6/6 44.8 s brain 32.6 s 83 calls 106 rows
732/1040 episodes, 9.70 s/episode, eta 0.83 h
batch libero_object:8 A20,step real=6/6 46.0 s brain 33.6 s 77 calls 120 rows
738/1040 episodes, 9.69 s/episode, eta 0.81 h
batch libero_object:8 A20,step real=2/6 17.9 s brain 10.6 s 27 calls 32 rows
740/1040 episodes, 9.69 s/episode, eta 0.81 h
batch libero_object:8 A40,step real=6/6 48.7 s brain 36.6 s 87 calls 134 rows
746/1040 episodes, 9.67 s/episode, eta 0.79 h
batch libero_object:8 A40,step real=6/6 50.9 s brain 37.9 s 99 calls 122 rows
752/1040 episodes, 9.66 s/episode, eta 0.77 h
batch libero_object:8 A40,step real=6/6 36.9 s brain 28.1 s 72 calls 93 rows
758/1040 episodes, 9.64 s/episode, eta 0.75 h
batch libero_object:8 A40,step real=2/6 25.6 s brain 15.1 s 40 calls 45 rows
760/1040 episodes, 9.64 s/episode, eta 0.75 h
[info] using task orders [0, 1, 2, 3, 4, 5, 6, 7, 8, 9]
[info] using task orders [0, 1, 2, 3, 4, 5, 6, 7, 8, 9]
[info] using task orders [0, 1, 2, 3, 4, 5, 6, 7, 8, 9]
[info] using task orders [0, 1, 2, 3, 4, 5, 6, 7, 8, 9]
[info] using task orders [0, 1, 2, 3, 4, 5, 6, 7, 8, 9]
[info] using task orders [0, 1, 2, 3, 4, 5, 6, 7, 8, 9]
[info] using task orders [0, 1, 2, 3, 4, 5, 6, 7, 8, 9]
Local assets not found. Downloading from HuggingFace Hub...Local assets not found. Downloading from HuggingFace Hub...

Assets already downloaded at /root/.cache/libero/assetsAssets already downloaded at /root/.cache/libero/assets

Local assets not found. Downloading from HuggingFace Hub...
Local assets not found. Downloading from HuggingFace Hub...
Assets already downloaded at /root/.cache/libero/assets
Local assets not found. Downloading from HuggingFace Hub...Assets already downloaded at /root/.cache/libero/assets

Assets already downloaded at /root/.cache/libero/assets
Local assets not found. Downloading from HuggingFace Hub...
Assets already downloaded at /root/.cache/libero/assets
batch libero_object:9 A20,step real=6/6 65.5 s brain 44.7 s 115 calls 143 rows
766/1040 episodes, 9.66 s/episode, eta 0.74 h
batch libero_object:9 A20,step real=6/6 55.0 s brain 41.6 s 110 calls 128 rows
772/1040 episodes, 9.65 s/episode, eta 0.72 h
batch libero_object:9 A20,step real=6/6 55.6 s brain 42.3 s 112 calls 129 rows
778/1040 episodes, 9.65 s/episode, eta 0.70 h
batch libero_object:9 A20,step real=2/6 15.4 s brain 8.9 s 23 calls 26 rows
780/1040 episodes, 9.65 s/episode, eta 0.70 h
batch libero_object:9 A40,step real=6/6 59.0 s brain 45.9 s 106 calls 174 rows
786/1040 episodes, 9.65 s/episode, eta 0.68 h
batch libero_object:9 A40,step real=6/6 60.7 s brain 47.0 s 125 calls 143 rows
792/1040 episodes, 9.65 s/episode, eta 0.66 h
batch libero_object:9 A40,step real=6/6 47.6 s brain 35.0 s 87 calls 114 rows
798/1040 episodes, 9.64 s/episode, eta 0.65 h
batch libero_object:9 A40,step real=2/6 27.7 s brain 16.9 s 44 calls 47 rows
800/1040 episodes, 9.65 s/episode, eta 0.64 h
[info] using task orders [0, 1, 2, 3, 4, 5, 6, 7, 8, 9]
[info] using task orders [0, 1, 2, 3, 4, 5, 6, 7, 8, 9]
[info] using task orders [0, 1, 2, 3, 4, 5, 6, 7, 8, 9]
[info] using task orders [0, 1, 2, 3, 4, 5, 6, 7, 8, 9]
[info] using task orders [0, 1, 2, 3, 4, 5, 6, 7, 8, 9]
[info] using task orders [0, 1, 2, 3, 4, 5, 6, 7, 8, 9]
[info] using task orders [0, 1, 2, 3, 4, 5, 6, 7, 8, 9]
Local assets not found. Downloading from HuggingFace Hub...
Assets already downloaded at /root/.cache/libero/assets
Local assets not found. Downloading from HuggingFace Hub...
Assets already downloaded at /root/.cache/libero/assets
Local assets not found. Downloading from HuggingFace Hub...Local assets not found. Downloading from HuggingFace Hub...

Assets already downloaded at /root/.cache/libero/assetsAssets already downloaded at /root/.cache/libero/assets

Local assets not found. Downloading from HuggingFace Hub...Local assets not found. Downloading from HuggingFace Hub...

Assets already downloaded at /root/.cache/libero/assetsAssets already downloaded at /root/.cache/libero/assets

batch libero_goal:1 A20,step real=6/6 51.5 s brain 30.2 s 72 calls 100 rows
806/1040 episodes, 9.64 s/episode, eta 0.63 h
batch libero_goal:1 A20,step real=6/6 62.1 s brain 47.0 s 113 calls 165 rows
812/1040 episodes, 9.65 s/episode, eta 0.61 h
batch libero_goal:1 A20,step real=6/6 35.5 s brain 22.7 s 52 calls 79 rows
818/1040 episodes, 9.62 s/episode, eta 0.59 h
batch libero_goal:1 A20,step real=2/6 11.7 s brain 6.3 s 16 calls 20 rows
820/1040 episodes, 9.61 s/episode, eta 0.59 h
batch libero_goal:1 A40,step real=6/6 52.9 s brain 37.4 s 92 calls 121 rows
826/1040 episodes, 9.61 s/episode, eta 0.57 h
batch libero_goal:1 A40,step real=6/6 59.8 s brain 44.6 s 113 calls 143 rows
832/1040 episodes, 9.61 s/episode, eta 0.56 h
batch libero_goal:1 A40,step real=6/6 43.1 s brain 29.9 s 71 calls 98 rows
838/1040 episodes, 9.59 s/episode, eta 0.54 h
batch libero_goal:1 A40,step real=2/6 11.7 s brain 6.3 s 16 calls 20 rows
840/1040 episodes, 9.58 s/episode, eta 0.53 h
[info] using task orders [0, 1, 2, 3, 4, 5, 6, 7, 8, 9]
[info] using task orders [0, 1, 2, 3, 4, 5, 6, 7, 8, 9]
[info] using task orders [0, 1, 2, 3, 4, 5, 6, 7, 8, 9]
[info] using task orders [0, 1, 2, 3, 4, 5, 6, 7, 8, 9]
[info] using task orders [0, 1, 2, 3, 4, 5, 6, 7, 8, 9]
[info] using task orders [0, 1, 2, 3, 4, 5, 6, 7, 8, 9]
[info] using task orders [0, 1, 2, 3, 4, 5, 6, 7, 8, 9]
Local assets not found. Downloading from HuggingFace Hub...
Local assets not found. Downloading from HuggingFace Hub...
Local assets not found. Downloading from HuggingFace Hub...
Assets already downloaded at /root/.cache/libero/assets
Assets already downloaded at /root/.cache/libero/assetsAssets already downloaded at /root/.cache/libero/assets

Local assets not found. Downloading from HuggingFace Hub...
Local assets not found. Downloading from HuggingFace Hub...Assets already downloaded at /root/.cache/libero/assets

Local assets not found. Downloading from HuggingFace Hub...
Assets already downloaded at /root/.cache/libero/assets
Assets already downloaded at /root/.cache/libero/assets
batch libero_goal:2 A20,step real=6/6 67.2 s brain 45.7 s 119 calls 143 rows
846/1040 episodes, 9.60 s/episode, eta 0.52 h
batch libero_goal:2 A20,step real=6/6 53.7 s brain 39.2 s 100 calls 122 rows
852/1040 episodes, 9.59 s/episode, eta 0.50 h
batch libero_goal:2 A20,step real=6/6 45.6 s brain 32.1 s 83 calls 102 rows
858/1040 episodes, 9.58 s/episode, eta 0.48 h
batch libero_goal:2 A20,step real=2/6 26.9 s brain 15.8 s 32 calls 62 rows
860/1040 episodes, 9.59 s/episode, eta 0.48 h
batch libero_goal:2 A40,step real=6/6 59.2 s brain 45.2 s 119 calls 143 rows
866/1040 episodes, 9.59 s/episode, eta 0.46 h
batch libero_goal:2 A40,step real=6/6 45.3 s brain 31.6 s 80 calls 102 rows
872/1040 episodes, 9.57 s/episode, eta 0.45 h
batch libero_goal:2 A40,step real=6/6 45.4 s brain 31.9 s 83 calls 102 rows
878/1040 episodes, 9.56 s/episode, eta 0.43 h
batch libero_goal:2 A40,step real=2/6 24.2 s brain 12.8 s 32 calls 42 rows
880/1040 episodes, 9.57 s/episode, eta 0.43 h
[info] using task orders [0, 1, 2, 3, 4, 5, 6, 7, 8, 9]
[info] using task orders [0, 1, 2, 3, 4, 5, 6, 7, 8, 9]
[info] using task orders [0, 1, 2, 3, 4, 5, 6, 7, 8, 9]
[info] using task orders [0, 1, 2, 3, 4, 5, 6, 7, 8, 9]
[info] using task orders [0, 1, 2, 3, 4, 5, 6, 7, 8, 9]
[info] using task orders [0, 1, 2, 3, 4, 5, 6, 7, 8, 9]
[info] using task orders [0, 1, 2, 3, 4, 5, 6, 7, 8, 9]
Local assets not found. Downloading from HuggingFace Hub...Local assets not found. Downloading from HuggingFace Hub...

Assets already downloaded at /root/.cache/libero/assetsAssets already downloaded at /root/.cache/libero/assets

Local assets not found. Downloading from HuggingFace Hub...
Local assets not found. Downloading from HuggingFace Hub...
Assets already downloaded at /root/.cache/libero/assets
Assets already downloaded at /root/.cache/libero/assets
Local assets not found. Downloading from HuggingFace Hub...Local assets not found. Downloading from HuggingFace Hub...

Assets already downloaded at /root/.cache/libero/assetsAssets already downloaded at /root/.cache/libero/assets

batch libero_goal:4 A20,step real=6/6 60.7 s brain 39.0 s 102 calls 120 rows
886/1040 episodes, 9.57 s/episode, eta 0.41 h
batch libero_goal:4 A20,step real=6/6 44.6 s brain 31.0 s 79 calls 98 rows
892/1040 episodes, 9.56 s/episode, eta 0.39 h
batch libero_goal:4 A20,step real=6/6 44.9 s brain 30.7 s 79 calls 99 rows
898/1040 episodes, 9.54 s/episode, eta 0.38 h
batch libero_goal:4 A20,step real=2/6 11.6 s brain 6.5 s 17 calls 19 rows
900/1040 episodes, 9.54 s/episode, eta 0.37 h
batch libero_goal:4 A40,step real=6/6 53.4 s brain 38.7 s 102 calls 120 rows
906/1040 episodes, 9.53 s/episode, eta 0.35 h
batch libero_goal:4 A40,step real=6/6 44.1 s brain 30.7 s 78 calls 97 rows
912/1040 episodes, 9.52 s/episode, eta 0.34 h
batch libero_goal:4 A40,step real=6/6 48.0 s brain 33.3 s 79 calls 120 rows
918/1040 episodes, 9.51 s/episode, eta 0.32 h
batch libero_goal:4 A40,step real=2/6 11.0 s brain 6.1 s 16 calls 18 rows
920/1040 episodes, 9.50 s/episode, eta 0.32 h
[info] using task orders [0, 1, 2, 3, 4, 5, 6, 7, 8, 9]
[info] using task orders [0, 1, 2, 3, 4, 5, 6, 7, 8, 9]
[info] using task orders [0, 1, 2, 3, 4, 5, 6, 7, 8, 9]
[info] using task orders [0, 1, 2, 3, 4, 5, 6, 7, 8, 9]
[info] using task orders [0, 1, 2, 3, 4, 5, 6, 7, 8, 9]
[info] using task orders [0, 1, 2, 3, 4, 5, 6, 7, 8, 9]
[info] using task orders [0, 1, 2, 3, 4, 5, 6, 7, 8, 9]
Local assets not found. Downloading from HuggingFace Hub...Local assets not found. Downloading from HuggingFace Hub...

Assets already downloaded at /root/.cache/libero/assetsAssets already downloaded at /root/.cache/libero/assets

Local assets not found. Downloading from HuggingFace Hub...
Local assets not found. Downloading from HuggingFace Hub...
Assets already downloaded at /root/.cache/libero/assets
Assets already downloaded at /root/.cache/libero/assets
Local assets not found. Downloading from HuggingFace Hub...
Assets already downloaded at /root/.cache/libero/assets
Local assets not found. Downloading from HuggingFace Hub...
Assets already downloaded at /root/.cache/libero/assets
batch libero_goal:6 A20,step real=6/6 50.2 s brain 30.8 s 66 calls 121 rows
926/1040 episodes, 9.49 s/episode, eta 0.30 h
batch libero_goal:6 A20,step real=6/6 70.3 s brain 53.6 s 142 calls 165 rows
932/1040 episodes, 9.51 s/episode, eta 0.29 h
batch libero_goal:6 A20,step real=6/6 70.6 s brain 53.7 s 142 calls 165 rows
938/1040 episodes, 9.52 s/episode, eta 0.27 h
batch libero_goal:6 A20,step real=2/6 10.6 s brain 5.5 s 14 calls 18 rows
940/1040 episodes, 9.51 s/episode, eta 0.26 h
batch libero_goal:6 A40,step real=6/6 46.3 s brain 33.4 s 67 calls 145 rows
946/1040 episodes, 9.50 s/episode, eta 0.25 h
batch libero_goal:6 A40,step real=6/6 72.5 s brain 56.4 s 142 calls 186 rows
952/1040 episodes, 9.52 s/episode, eta 0.23 h
batch libero_goal:6 A40,step real=6/6 62.9 s brain 48.1 s 119 calls 163 rows
958/1040 episodes, 9.52 s/episode, eta 0.22 h
batch libero_goal:6 A40,step real=2/6 26.0 s brain 14.2 s 37 calls 41 rows
960/1040 episodes, 9.53 s/episode, eta 0.21 h
[info] using task orders [0, 1, 2, 3, 4, 5, 6, 7, 8, 9]
[info] using task orders [0, 1, 2, 3, 4, 5, 6, 7, 8, 9]
[info] using task orders [0, 1, 2, 3, 4, 5, 6, 7, 8, 9]
[info] using task orders [0, 1, 2, 3, 4, 5, 6, 7, 8, 9]
[info] using task orders [0, 1, 2, 3, 4, 5, 6, 7, 8, 9]
[info] using task orders [0, 1, 2, 3, 4, 5, 6, 7, 8, 9]
[info] using task orders [0, 1, 2, 3, 4, 5, 6, 7, 8, 9]
Local assets not found. Downloading from HuggingFace Hub...Local assets not found. Downloading from HuggingFace Hub...

Local assets not found. Downloading from HuggingFace Hub...
Local assets not found. Downloading from HuggingFace Hub...
Assets already downloaded at /root/.cache/libero/assetsAssets already downloaded at /root/.cache/libero/assets

Assets already downloaded at /root/.cache/libero/assets
Assets already downloaded at /root/.cache/libero/assets
Local assets not found. Downloading from HuggingFace Hub...Local assets not found. Downloading from HuggingFace Hub...

Assets already downloaded at /root/.cache/libero/assetsAssets already downloaded at /root/.cache/libero/assets

batch libero_goal:8 A20,step real=6/6 57.6 s brain 37.8 s 93 calls 119 rows
966/1040 episodes, 9.53 s/episode, eta 0.20 h
batch libero_goal:8 A20,step real=6/6 46.3 s brain 32.1 s 70 calls 119 rows
972/1040 episodes, 9.52 s/episode, eta 0.18 h
batch libero_goal:8 A20,step real=6/6 34.6 s brain 20.9 s 37 calls 97 rows
978/1040 episodes, 9.50 s/episode, eta 0.16 h
batch libero_goal:8 A20,step real=2/6 9.8 s brain 5.1 s 13 calls 16 rows
980/1040 episodes, 9.49 s/episode, eta 0.16 h
batch libero_goal:8 A40,step real=6/6 41.4 s brain 28.7 s 70 calls 96 rows
986/1040 episodes, 9.47 s/episode, eta 0.14 h
batch libero_goal:8 A40,step real=6/6 54.3 s brain 39.4 s 92 calls 141 rows
992/1040 episodes, 9.47 s/episode, eta 0.13 h
batch libero_goal:8 A40,step real=6/6 35.6 s brain 23.5 s 37 calls 119 rows
998/1040 episodes, 9.45 s/episode, eta 0.11 h
batch libero_goal:8 A40,step real=2/6 33.5 s brain 21.7 s 59 calls 62 rows
1000/1040 episodes, 9.47 s/episode, eta 0.11 h
[info] using task orders [0, 1, 2, 3, 4, 5, 6, 7, 8, 9]
[info] using task orders [0, 1, 2, 3, 4, 5, 6, 7, 8, 9]
[info] using task orders [0, 1, 2, 3, 4, 5, 6, 7, 8, 9]
[info] using task orders [0, 1, 2, 3, 4, 5, 6, 7, 8, 9]
[info] using task orders [0, 1, 2, 3, 4, 5, 6, 7, 8, 9]
[info] using task orders [0, 1, 2, 3, 4, 5, 6, 7, 8, 9]
[info] using task orders [0, 1, 2, 3, 4, 5, 6, 7, 8, 9]
Local assets not found. Downloading from HuggingFace Hub...Local assets not found. Downloading from HuggingFace Hub...

Local assets not found. Downloading from HuggingFace Hub...
Assets already downloaded at /root/.cache/libero/assetsAssets already downloaded at /root/.cache/libero/assets

Assets already downloaded at /root/.cache/libero/assets
Local assets not found. Downloading from HuggingFace Hub...
Assets already downloaded at /root/.cache/libero/assets
Local assets not found. Downloading from HuggingFace Hub...
Assets already downloaded at /root/.cache/libero/assets
Local assets not found. Downloading from HuggingFace Hub...
Assets already downloaded at /root/.cache/libero/assets
batch libero_goal:9 A20,step real=6/6 60.1 s brain 39.9 s 88 calls 152 rows
1006/1040 episodes, 9.47 s/episode, eta 0.09 h
batch libero_goal:9 A20,step real=6/6 56.2 s brain 42.1 s 104 calls 137 rows
1012/1040 episodes, 9.47 s/episode, eta 0.07 h
batch libero_goal:9 A20,step real=6/6 61.3 s brain 46.4 s 104 calls 168 rows
1018/1040 episodes, 9.48 s/episode, eta 0.06 h
batch libero_goal:9 A20,step real=2/6 27.2 s brain 15.1 s 39 calls 47 rows
1020/1040 episodes, 9.48 s/episode, eta 0.05 h
batch libero_goal:9 A40,step real=6/6 60.8 s brain 46.4 s 115 calls 156 rows
1026/1040 episodes, 9.49 s/episode, eta 0.04 h
batch libero_goal:9 A40,step real=6/6 56.0 s brain 42.4 s 99 calls 155 rows
1032/1040 episodes, 9.49 s/episode, eta 0.02 h
batch libero_goal:9 A40,step real=6/6 50.6 s brain 37.2 s 76 calls 146 rows
1038/1040 episodes, 9.48 s/episode, eta 0.01 h
batch libero_goal:9 A40,step real=2/6 32.5 s brain 20.5 s 54 calls 61 rows
1040/1040 episodes, 9.49 s/episode, eta 0.00 h
[06:35:28] pass 2 skipped: pass 1 exited cleanly, no failed batch
[07:28:44] phase r7, lane p, id 12 (260 episodes): --brain pi05 --kinds step --cells A --methods G@ema --inits 0-9
[07:28:44] pass 1: --brain pi05 --kinds step --cells A --methods G@ema --inits 0-9 --precision fp32 --n-envs 6 --kbar 0.1566 --t-ramp 5 --k-p 1.0 --tau-k 0.039517 --out results/c1-e4/pod/grid_pi05.jsonl
[robosuite WARNING] No private macro file found! (__init__.py:7)
WARNING:robosuite_logs:No private macro file found!
[robosuite WARNING] It is recommended to use a private macro file (__init__.py:8)
WARNING:robosuite_logs:It is recommended to use a private macro file
[robosuite WARNING] To setup, run: python /workspace/jit-reflex/venv/lib/python3.12/site-packages/robosuite/scripts/setup_macros.py (__init__.py:9)
WARNING:robosuite_logs:To setup, run: python /workspace/jit-reflex/venv/lib/python3.12/site-packages/robosuite/scripts/setup_macros.py
260 episodes to run
Fetching 9 files:   0%|          | 0/9 [00:00<?, ?it/s]Fetching 9 files: 100%|██████████| 9/9 [00:00<00:00, 521.15it/s]
The PI05 model is a direct port of the OpenPI implementation. 
This implementation follows the original OpenPI structure for compatibility. 
Original implementation: https://github.com/Physical-Intelligence/openpi
Loading model from: /workspace/.cache/huggingface/hub/models--lerobot--pi05_libero_finetuned_v044/snapshots/8e174154ef5f6c60a8da12ae99c303d8963138c1
✓ Loaded state dict from model.safetensors
WARNING:root:Vision embedding key might need handling: model.paligemma_with_expert.paligemma.model.vision_tower.vision_model.embeddings.patch_embedding.bias
WARNING:root:Vision embedding key might need handling: model.paligemma_with_expert.paligemma.model.vision_tower.vision_model.embeddings.patch_embedding.weight
All keys loaded successfully!
[info] using task orders [0, 1, 2, 3, 4, 5, 6, 7, 8, 9]
/usr/lib/python3.12/multiprocessing/popen_fork.py:66: DeprecationWarning: This process (pid=260439) is multi-threaded, use of fork() may lead to deadlocks in the child.
  self.pid = os.fork()
[info] using task orders [0, 1, 2, 3, 4, 5, 6, 7, 8, 9]
[info] using task orders [0, 1, 2, 3, 4, 5, 6, 7, 8, 9]
[info] using task orders [0, 1, 2, 3, 4, 5, 6, 7, 8, 9]
[info] using task orders [0, 1, 2, 3, 4, 5, 6, 7, 8, 9]
[info] using task orders [0, 1, 2, 3, 4, 5, 6, 7, 8, 9]
[info] using task orders [0, 1, 2, 3, 4, 5, 6, 7, 8, 9]
Local assets not found. Downloading from HuggingFace Hub...Local assets not found. Downloading from HuggingFace Hub...

Local assets not found. Downloading from HuggingFace Hub...
Assets already downloaded at /root/.cache/libero/assetsAssets already downloaded at /root/.cache/libero/assetsLocal assets not found. Downloading from HuggingFace Hub...


Assets already downloaded at /root/.cache/libero/assetsAssets already downloaded at /root/.cache/libero/assets

Local assets not found. Downloading from HuggingFace Hub...Local assets not found. Downloading from HuggingFace Hub...

Assets already downloaded at /root/.cache/libero/assetsAssets already downloaded at /root/.cache/libero/assets

batch libero_spatial:0 A,step real=6/6 47.4 s brain 23.6 s 28 calls 128 rows
6/260 episodes, 8.07 s/episode, eta 0.57 h
batch libero_spatial:0 A,step real=4/6 12.1 s brain 6.0 s 9 calls 32 rows
10/260 episodes, 6.05 s/episode, eta 0.42 h
[info] using task orders [0, 1, 2, 3, 4, 5, 6, 7, 8, 9]
[info] using task orders [0, 1, 2, 3, 4, 5, 6, 7, 8, 9]
[info] using task orders [0, 1, 2, 3, 4, 5, 6, 7, 8, 9]
[info] using task orders [0, 1, 2, 3, 4, 5, 6, 7, 8, 9]
[info] using task orders [0, 1, 2, 3, 4, 5, 6, 7, 8, 9]
[info] using task orders [0, 1, 2, 3, 4, 5, 6, 7, 8, 9]
[info] using task orders [0, 1, 2, 3, 4, 5, 6, 7, 8, 9]
Local assets not found. Downloading from HuggingFace Hub...Local assets not found. Downloading from HuggingFace Hub...

Assets already downloaded at /root/.cache/libero/assetsAssets already downloaded at /root/.cache/libero/assets

Local assets not found. Downloading from HuggingFace Hub...
Local assets not found. Downloading from HuggingFace Hub...
Assets already downloaded at /root/.cache/libero/assets
Assets already downloaded at /root/.cache/libero/assets
Local assets not found. Downloading from HuggingFace Hub...
Assets already downloaded at /root/.cache/libero/assets
Local assets not found. Downloading from HuggingFace Hub...
Assets already downloaded at /root/.cache/libero/assets
batch libero_spatial:1 A,step real=6/6 26.7 s brain 11.7 s 12 calls 70 rows
16/260 episodes, 5.59 s/episode, eta 0.38 h
batch libero_spatial:1 A,step real=4/6 27.9 s brain 15.2 s 28 calls 68 rows
20/260 episodes, 5.87 s/episode, eta 0.39 h
[info] using task orders [0, 1, 2, 3, 4, 5, 6, 7, 8, 9]
[info] using task orders [0, 1, 2, 3, 4, 5, 6, 7, 8, 9]
[info] using task orders [0, 1, 2, 3, 4, 5, 6, 7, 8, 9]
[info] using task orders [0, 1, 2, 3, 4, 5, 6, 7, 8, 9]
[info] using task orders [0, 1, 2, 3, 4, 5, 6, 7, 8, 9]
[info] using task orders [0, 1, 2, 3, 4, 5, 6, 7, 8, 9]
[info] using task orders [0, 1, 2, 3, 4, 5, 6, 7, 8, 9]
Local assets not found. Downloading from HuggingFace Hub...Local assets not found. Downloading from HuggingFace Hub...Local assets not found. Downloading from HuggingFace Hub...Local assets not found. Downloading from HuggingFace Hub...Local assets not found. Downloading from HuggingFace Hub...




Assets already downloaded at /root/.cache/libero/assetsAssets already downloaded at /root/.cache/libero/assetsAssets already downloaded at /root/.cache/libero/assetsAssets already downloaded at /root/.cache/libero/assetsAssets already downloaded at /root/.cache/libero/assets




Local assets not found. Downloading from HuggingFace Hub...
Assets already downloaded at /root/.cache/libero/assets
batch libero_spatial:2 A,step real=6/6 39.4 s brain 19.3 s 28 calls 99 rows
26/260 episodes, 6.12 s/episode, eta 0.40 h
batch libero_spatial:2 A,step real=4/6 27.8 s brain 14.1 s 28 calls 57 rows
30/260 episodes, 6.23 s/episode, eta 0.40 h
[info] using task orders [0, 1, 2, 3, 4, 5, 6, 7, 8, 9]
[info] using task orders [0, 1, 2, 3, 4, 5, 6, 7, 8, 9]
[info] using task orders [0, 1, 2, 3, 4, 5, 6, 7, 8, 9]
[info] using task orders [0, 1, 2, 3, 4, 5, 6, 7, 8, 9]
[info] using task orders [0, 1, 2, 3, 4, 5, 6, 7, 8, 9]
[info] using task orders [0, 1, 2, 3, 4, 5, 6, 7, 8, 9]
[info] using task orders [0, 1, 2, 3, 4, 5, 6, 7, 8, 9]
Local assets not found. Downloading from HuggingFace Hub...Local assets not found. Downloading from HuggingFace Hub...

Assets already downloaded at /root/.cache/libero/assetsAssets already downloaded at /root/.cache/libero/assets

Local assets not found. Downloading from HuggingFace Hub...
Local assets not found. Downloading from HuggingFace Hub...
Assets already downloaded at /root/.cache/libero/assets
Assets already downloaded at /root/.cache/libero/assets
Local assets not found. Downloading from HuggingFace Hub...
Assets already downloaded at /root/.cache/libero/assets
Local assets not found. Downloading from HuggingFace Hub...
Assets already downloaded at /root/.cache/libero/assets
batch libero_spatial:3 A,step real=6/6 38.9 s brain 17.8 s 28 calls 87 rows
36/260 episodes, 6.33 s/episode, eta 0.39 h
batch libero_spatial:3 A,step real=4/6 17.2 s brain 8.7 s 15 calls 42 rows
40/260 episodes, 6.13 s/episode, eta 0.37 h
[info] using task orders [0, 1, 2, 3, 4, 5, 6, 7, 8, 9]
[info] using task orders [0, 1, 2, 3, 4, 5, 6, 7, 8, 9]
[info] using task orders [0, 1, 2, 3, 4, 5, 6, 7, 8, 9]
[info] using task orders [0, 1, 2, 3, 4, 5, 6, 7, 8, 9]
[info] using task orders [0, 1, 2, 3, 4, 5, 6, 7, 8, 9]
[info] using task orders [0, 1, 2, 3, 4, 5, 6, 7, 8, 9]
[info] using task orders [0, 1, 2, 3, 4, 5, 6, 7, 8, 9]
Local assets not found. Downloading from HuggingFace Hub...Local assets not found. Downloading from HuggingFace Hub...

Assets already downloaded at /root/.cache/libero/assetsAssets already downloaded at /root/.cache/libero/assets

Local assets not found. Downloading from HuggingFace Hub...Local assets not found. Downloading from HuggingFace Hub...

Local assets not found. Downloading from HuggingFace Hub...Local assets not found. Downloading from HuggingFace Hub...

Assets already downloaded at /root/.cache/libero/assetsAssets already downloaded at /root/.cache/libero/assets

Assets already downloaded at /root/.cache/libero/assetsAssets already downloaded at /root/.cache/libero/assets

batch libero_spatial:4 A,step real=6/6 41.9 s brain 20.9 s 28 calls 112 rows
46/260 episodes, 6.29 s/episode, eta 0.37 h
batch libero_spatial:4 A,step real=4/6 30.9 s brain 17.1 s 28 calls 83 rows
50/260 episodes, 6.41 s/episode, eta 0.37 h
[info] using task orders [0, 1, 2, 3, 4, 5, 6, 7, 8, 9]
[info] using task orders [0, 1, 2, 3, 4, 5, 6, 7, 8, 9]
[info] using task orders [0, 1, 2, 3, 4, 5, 6, 7, 8, 9]
[info] using task orders [0, 1, 2, 3, 4, 5, 6, 7, 8, 9]
[info] using task orders [0, 1, 2, 3, 4, 5, 6, 7, 8, 9]
[info] using task orders [0, 1, 2, 3, 4, 5, 6, 7, 8, 9]
[info] using task orders [0, 1, 2, 3, 4, 5, 6, 7, 8, 9]
Local assets not found. Downloading from HuggingFace Hub...Local assets not found. Downloading from HuggingFace Hub...

Assets already downloaded at /root/.cache/libero/assetsAssets already downloaded at /root/.cache/libero/assets

Local assets not found. Downloading from HuggingFace Hub...
Local assets not found. Downloading from HuggingFace Hub...
Assets already downloaded at /root/.cache/libero/assets
Assets already downloaded at /root/.cache/libero/assets
Local assets not found. Downloading from HuggingFace Hub...Local assets not found. Downloading from HuggingFace Hub...

Assets already downloaded at /root/.cache/libero/assets
Assets already downloaded at /root/.cache/libero/assets
batch libero_spatial:5 A,step real=6/6 48.7 s brain 27.9 s 28 calls 168 rows
56/260 episodes, 6.63 s/episode, eta 0.38 h
batch libero_spatial:5 A,step real=4/6 32.1 s brain 18.1 s 28 calls 93 rows
60/260 episodes, 6.72 s/episode, eta 0.37 h
[info] using task orders [0, 1, 2, 3, 4, 5, 6, 7, 8, 9]
[info] using task orders [0, 1, 2, 3, 4, 5, 6, 7, 8, 9]
[info] using task orders [0, 1, 2, 3, 4, 5, 6, 7, 8, 9]
[info] using task orders [0, 1, 2, 3, 4, 5, 6, 7, 8, 9]
[info] using task orders [0, 1, 2, 3, 4, 5, 6, 7, 8, 9]
[info] using task orders [0, 1, 2, 3, 4, 5, 6, 7, 8, 9]
[info] using task orders [0, 1, 2, 3, 4, 5, 6, 7, 8, 9]
Local assets not found. Downloading from HuggingFace Hub...Local assets not found. Downloading from HuggingFace Hub...

Assets already downloaded at /root/.cache/libero/assetsAssets already downloaded at /root/.cache/libero/assets

Local assets not found. Downloading from HuggingFace Hub...
Local assets not found. Downloading from HuggingFace Hub...
Assets already downloaded at /root/.cache/libero/assets
Assets already downloaded at /root/.cache/libero/assets
Local assets not found. Downloading from HuggingFace Hub...
Local assets not found. Downloading from HuggingFace Hub...
Assets already downloaded at /root/.cache/libero/assets
Assets already downloaded at /root/.cache/libero/assets
batch libero_spatial:6 A,step real=6/6 37.3 s brain 17.2 s 28 calls 81 rows
66/260 episodes, 6.71 s/episode, eta 0.36 h
batch libero_spatial:6 A,step real=4/6 27.9 s brain 15.0 s 28 calls 64 rows
70/260 episodes, 6.73 s/episode, eta 0.35 h
[info] using task orders [0, 1, 2, 3, 4, 5, 6, 7, 8, 9]
[info] using task orders [0, 1, 2, 3, 4, 5, 6, 7, 8, 9]
[info] using task orders [0, 1, 2, 3, 4, 5, 6, 7, 8, 9]
[info] using task orders [0, 1, 2, 3, 4, 5, 6, 7, 8, 9]
[info] using task orders [0, 1, 2, 3, 4, 5, 6, 7, 8, 9]
[info] using task orders [0, 1, 2, 3, 4, 5, 6, 7, 8, 9]
[info] using task orders [0, 1, 2, 3, 4, 5, 6, 7, 8, 9]
Local assets not found. Downloading from HuggingFace Hub...Local assets not found. Downloading from HuggingFace Hub...Local assets not found. Downloading from HuggingFace Hub...Local assets not found. Downloading from HuggingFace Hub...



Assets already downloaded at /root/.cache/libero/assetsAssets already downloaded at /root/.cache/libero/assetsAssets already downloaded at /root/.cache/libero/assetsAssets already downloaded at /root/.cache/libero/assets



Local assets not found. Downloading from HuggingFace Hub...
Local assets not found. Downloading from HuggingFace Hub...
Assets already downloaded at /root/.cache/libero/assets
Assets already downloaded at /root/.cache/libero/assets
batch libero_spatial:7 A,step real=6/6 27.4 s brain 12.4 s 13 calls 73 rows
76/260 episodes, 6.58 s/episode, eta 0.34 h
batch libero_spatial:7 A,step real=4/6 27.3 s brain 14.5 s 28 calls 63 rows
80/260 episodes, 6.60 s/episode, eta 0.33 h
[info] using task orders [0, 1, 2, 3, 4, 5, 6, 7, 8, 9]
[info] using task orders [0, 1, 2, 3, 4, 5, 6, 7, 8, 9]
[info] using task orders [0, 1, 2, 3, 4, 5, 6, 7, 8, 9]
[info] using task orders [0, 1, 2, 3, 4, 5, 6, 7, 8, 9]
[info] using task orders [0, 1, 2, 3, 4, 5, 6, 7, 8, 9]
[info] using task orders [0, 1, 2, 3, 4, 5, 6, 7, 8, 9]
[info] using task orders [0, 1, 2, 3, 4, 5, 6, 7, 8, 9]
Local assets not found. Downloading from HuggingFace Hub...Local assets not found. Downloading from HuggingFace Hub...Local assets not found. Downloading from HuggingFace Hub...Local assets not found. Downloading from HuggingFace Hub...Local assets not found. Downloading from HuggingFace Hub...Local assets not found. Downloading from HuggingFace Hub...





Assets already downloaded at /root/.cache/libero/assetsAssets already downloaded at /root/.cache/libero/assetsAssets already downloaded at /root/.cache/libero/assetsAssets already downloaded at /root/.cache/libero/assetsAssets already downloaded at /root/.cache/libero/assetsAssets already downloaded at /root/.cache/libero/assets





batch libero_spatial:8 A,step real=6/6 41.3 s brain 18.8 s 28 calls 94 rows
86/260 episodes, 6.64 s/episode, eta 0.32 h
batch libero_spatial:8 A,step real=4/6 16.0 s brain 8.6 s 13 calls 45 rows
90/260 episodes, 6.53 s/episode, eta 0.31 h
[info] using task orders [0, 1, 2, 3, 4, 5, 6, 7, 8, 9]
[info] using task orders [0, 1, 2, 3, 4, 5, 6, 7, 8, 9]
[info] using task orders [0, 1, 2, 3, 4, 5, 6, 7, 8, 9]
[info] using task orders [0, 1, 2, 3, 4, 5, 6, 7, 8, 9]
[info] using task orders [0, 1, 2, 3, 4, 5, 6, 7, 8, 9]
[info] using task orders [0, 1, 2, 3, 4, 5, 6, 7, 8, 9]
[info] using task orders [0, 1, 2, 3, 4, 5, 6, 7, 8, 9]
Local assets not found. Downloading from HuggingFace Hub...Local assets not found. Downloading from HuggingFace Hub...

Assets already downloaded at /root/.cache/libero/assets
Local assets not found. Downloading from HuggingFace Hub...
Assets already downloaded at /root/.cache/libero/assets
Assets already downloaded at /root/.cache/libero/assets
Local assets not found. Downloading from HuggingFace Hub...
Assets already downloaded at /root/.cache/libero/assets
Local assets not found. Downloading from HuggingFace Hub...
Assets already downloaded at /root/.cache/libero/assets
Local assets not found. Downloading from HuggingFace Hub...
Assets already downloaded at /root/.cache/libero/assets
batch libero_spatial:9 A,step real=6/6 38.1 s brain 18.5 s 28 calls 91 rows
96/260 episodes, 6.54 s/episode, eta 0.30 h
batch libero_spatial:9 A,step real=4/6 27.9 s brain 15.1 s 28 calls 66 rows
100/260 episodes, 6.56 s/episode, eta 0.29 h
[info] using task orders [0, 1, 2, 3, 4, 5, 6, 7, 8, 9]
[info] using task orders [0, 1, 2, 3, 4, 5, 6, 7, 8, 9]
[info] using task orders [0, 1, 2, 3, 4, 5, 6, 7, 8, 9]
[info] using task orders [0, 1, 2, 3, 4, 5, 6, 7, 8, 9]
[info] using task orders [0, 1, 2, 3, 4, 5, 6, 7, 8, 9]
[info] using task orders [0, 1, 2, 3, 4, 5, 6, 7, 8, 9]
[info] using task orders [0, 1, 2, 3, 4, 5, 6, 7, 8, 9]
Local assets not found. Downloading from HuggingFace Hub...Local assets not found. Downloading from HuggingFace Hub...Local assets not found. Downloading from HuggingFace Hub...Local assets not found. Downloading from HuggingFace Hub...



Assets already downloaded at /root/.cache/libero/assetsAssets already downloaded at /root/.cache/libero/assetsAssets already downloaded at /root/.cache/libero/assetsAssets already downloaded at /root/.cache/libero/assets



Local assets not found. Downloading from HuggingFace Hub...
Assets already downloaded at /root/.cache/libero/assets
Local assets not found. Downloading from HuggingFace Hub...
Assets already downloaded at /root/.cache/libero/assets
batch libero_object:0 A,step real=6/6 34.4 s brain 17.6 s 22 calls 96 rows
106/260 episodes, 6.53 s/episode, eta 0.28 h
batch libero_object:0 A,step real=4/6 27.2 s brain 16.0 s 28 calls 75 rows
110/260 episodes, 6.54 s/episode, eta 0.27 h
[info] using task orders [0, 1, 2, 3, 4, 5, 6, 7, 8, 9]
[info] using task orders [0, 1, 2, 3, 4, 5, 6, 7, 8, 9]
[info] using task orders [0, 1, 2, 3, 4, 5, 6, 7, 8, 9]
[info] using task orders [0, 1, 2, 3, 4, 5, 6, 7, 8, 9]
[info] using task orders [0, 1, 2, 3, 4, 5, 6, 7, 8, 9]
[info] using task orders [0, 1, 2, 3, 4, 5, 6, 7, 8, 9]
[info] using task orders [0, 1, 2, 3, 4, 5, 6, 7, 8, 9]
Local assets not found. Downloading from HuggingFace Hub...Local assets not found. Downloading from HuggingFace Hub...

Assets already downloaded at /root/.cache/libero/assetsAssets already downloaded at /root/.cache/libero/assets

Local assets not found. Downloading from HuggingFace Hub...Local assets not found. Downloading from HuggingFace Hub...

Assets already downloaded at /root/.cache/libero/assets
Assets already downloaded at /root/.cache/libero/assets
Local assets not found. Downloading from HuggingFace Hub...Local assets not found. Downloading from HuggingFace Hub...

Assets already downloaded at /root/.cache/libero/assetsAssets already downloaded at /root/.cache/libero/assets

batch libero_object:1 A,step real=6/6 30.4 s brain 15.4 s 18 calls 88 rows
116/260 episodes, 6.48 s/episode, eta 0.26 h
batch libero_object:1 A,step real=4/6 18.1 s brain 11.0 s 16 calls 57 rows
120/260 episodes, 6.42 s/episode, eta 0.25 h
[info] using task orders [0, 1, 2, 3, 4, 5, 6, 7, 8, 9]
[info] using task orders [0, 1, 2, 3, 4, 5, 6, 7, 8, 9]
[info] using task orders [0, 1, 2, 3, 4, 5, 6, 7, 8, 9]
[info] using task orders [0, 1, 2, 3, 4, 5, 6, 7, 8, 9]
[info] using task orders [0, 1, 2, 3, 4, 5, 6, 7, 8, 9]
[info] using task orders [0, 1, 2, 3, 4, 5, 6, 7, 8, 9]
[info] using task orders [0, 1, 2, 3, 4, 5, 6, 7, 8, 9]
Local assets not found. Downloading from HuggingFace Hub...
Assets already downloaded at /root/.cache/libero/assets
Local assets not found. Downloading from HuggingFace Hub...Local assets not found. Downloading from HuggingFace Hub...

Assets already downloaded at /root/.cache/libero/assetsAssets already downloaded at /root/.cache/libero/assets

Local assets not found. Downloading from HuggingFace Hub...
Assets already downloaded at /root/.cache/libero/assets
Local assets not found. Downloading from HuggingFace Hub...
Assets already downloaded at /root/.cache/libero/assets
Local assets not found. Downloading from HuggingFace Hub...
Assets already downloaded at /root/.cache/libero/assets
batch libero_object:2 A,step real=6/6 29.3 s brain 14.8 s 18 calls 83 rows
126/260 episodes, 6.36 s/episode, eta 0.24 h
batch libero_object:2 A,step real=4/6 17.6 s brain 10.5 s 16 calls 54 rows
130/260 episodes, 6.30 s/episode, eta 0.23 h
[info] using task orders [0, 1, 2, 3, 4, 5, 6, 7, 8, 9]
[info] using task orders [0, 1, 2, 3, 4, 5, 6, 7, 8, 9]
[info] using task orders [0, 1, 2, 3, 4, 5, 6, 7, 8, 9]
[info] using task orders [0, 1, 2, 3, 4, 5, 6, 7, 8, 9]
[info] using task orders [0, 1, 2, 3, 4, 5, 6, 7, 8, 9]
[info] using task orders [0, 1, 2, 3, 4, 5, 6, 7, 8, 9]
[info] using task orders [0, 1, 2, 3, 4, 5, 6, 7, 8, 9]
Local assets not found. Downloading from HuggingFace Hub...Local assets not found. Downloading from HuggingFace Hub...
Local assets not found. Downloading from HuggingFace Hub...Local assets not found. Downloading from HuggingFace Hub...


Assets already downloaded at /root/.cache/libero/assets
Assets already downloaded at /root/.cache/libero/assetsAssets already downloaded at /root/.cache/libero/assets

Local assets not found. Downloading from HuggingFace Hub...
Local assets not found. Downloading from HuggingFace Hub...
Assets already downloaded at /root/.cache/libero/assets
Assets already downloaded at /root/.cache/libero/assets
Assets already downloaded at /root/.cache/libero/assets
batch libero_object:3 A,step real=6/6 32.8 s brain 16.6 s 20 calls 93 rows
136/260 episodes, 6.28 s/episode, eta 0.22 h
batch libero_object:3 A,step real=4/6 27.4 s brain 16.7 s 28 calls 81 rows
140/260 episodes, 6.30 s/episode, eta 0.21 h
[info] using task orders [0, 1, 2, 3, 4, 5, 6, 7, 8, 9]
[info] using task orders [0, 1, 2, 3, 4, 5, 6, 7, 8, 9]
[info] using task orders [0, 1, 2, 3, 4, 5, 6, 7, 8, 9]
[info] using task orders [0, 1, 2, 3, 4, 5, 6, 7, 8, 9]
[info] using task orders [0, 1, 2, 3, 4, 5, 6, 7, 8, 9]
[info] using task orders [0, 1, 2, 3, 4, 5, 6, 7, 8, 9]
[info] using task orders [0, 1, 2, 3, 4, 5, 6, 7, 8, 9]
Local assets not found. Downloading from HuggingFace Hub...Local assets not found. Downloading from HuggingFace Hub...Local assets not found. Downloading from HuggingFace Hub...Local assets not found. Downloading from HuggingFace Hub...



Assets already downloaded at /root/.cache/libero/assetsAssets already downloaded at /root/.cache/libero/assetsAssets already downloaded at /root/.cache/libero/assetsAssets already downloaded at /root/.cache/libero/assets



Local assets not found. Downloading from HuggingFace Hub...Local assets not found. Downloading from HuggingFace Hub...

Assets already downloaded at /root/.cache/libero/assetsAssets already downloaded at /root/.cache/libero/assets

batch libero_object:4 A,step real=6/6 39.9 s brain 22.2 s 28 calls 125 rows
146/260 episodes, 6.33 s/episode, eta 0.20 h
batch libero_object:4 A,step real=4/6 28.2 s brain 17.7 s 28 calls 89 rows
150/260 episodes, 6.35 s/episode, eta 0.19 h
[info] using task orders [0, 1, 2, 3, 4, 5, 6, 7, 8, 9]
[info] using task orders [0, 1, 2, 3, 4, 5, 6, 7, 8, 9]
[info] using task orders [0, 1, 2, 3, 4, 5, 6, 7, 8, 9]
[info] using task orders [0, 1, 2, 3, 4, 5, 6, 7, 8, 9]
[info] using task orders [0, 1, 2, 3, 4, 5, 6, 7, 8, 9]
[info] using task orders [0, 1, 2, 3, 4, 5, 6, 7, 8, 9]
[info] using task orders [0, 1, 2, 3, 4, 5, 6, 7, 8, 9]
Local assets not found. Downloading from HuggingFace Hub...
Assets already downloaded at /root/.cache/libero/assetsLocal assets not found. Downloading from HuggingFace Hub...

Assets already downloaded at /root/.cache/libero/assets
Local assets not found. Downloading from HuggingFace Hub...
Local assets not found. Downloading from HuggingFace Hub...
Assets already downloaded at /root/.cache/libero/assetsAssets already downloaded at /root/.cache/libero/assets

Local assets not found. Downloading from HuggingFace Hub...Local assets not found. Downloading from HuggingFace Hub...

Assets already downloaded at /root/.cache/libero/assetsAssets already downloaded at /root/.cache/libero/assets

batch libero_object:5 A,step real=6/6 38.5 s brain 20.6 s 28 calls 111 rows
156/260 episodes, 6.36 s/episode, eta 0.18 h
batch libero_object:5 A,step real=4/6 26.8 s brain 15.2 s 28 calls 70 rows
160/260 episodes, 6.37 s/episode, eta 0.18 h
[info] using task orders [0, 1, 2, 3, 4, 5, 6, 7, 8, 9]
[info] using task orders [0, 1, 2, 3, 4, 5, 6, 7, 8, 9]
[info] using task orders [0, 1, 2, 3, 4, 5, 6, 7, 8, 9]
[info] using task orders [0, 1, 2, 3, 4, 5, 6, 7, 8, 9]
[info] using task orders [0, 1, 2, 3, 4, 5, 6, 7, 8, 9]
[info] using task orders [0, 1, 2, 3, 4, 5, 6, 7, 8, 9]
[info] using task orders [0, 1, 2, 3, 4, 5, 6, 7, 8, 9]
Local assets not found. Downloading from HuggingFace Hub...
Assets already downloaded at /root/.cache/libero/assetsLocal assets not found. Downloading from HuggingFace Hub...

Assets already downloaded at /root/.cache/libero/assets
Local assets not found. Downloading from HuggingFace Hub...
Local assets not found. Downloading from HuggingFace Hub...Local assets not found. Downloading from HuggingFace Hub...

Local assets not found. Downloading from HuggingFace Hub...Assets already downloaded at /root/.cache/libero/assets

Assets already downloaded at /root/.cache/libero/assetsAssets already downloaded at /root/.cache/libero/assets
Assets already downloaded at /root/.cache/libero/assets

batch libero_object:6 A,step real=6/6 31.6 s brain 17.0 s 19 calls 99 rows
166/260 episodes, 6.34 s/episode, eta 0.17 h
batch libero_object:6 A,step real=4/6 21.0 s brain 13.0 s 19 calls 68 rows
170/260 episodes, 6.32 s/episode, eta 0.16 h
[info] using task orders [0, 1, 2, 3, 4, 5, 6, 7, 8, 9]
[info] using task orders [0, 1, 2, 3, 4, 5, 6, 7, 8, 9]
[info] using task orders [0, 1, 2, 3, 4, 5, 6, 7, 8, 9]
[info] using task orders [0, 1, 2, 3, 4, 5, 6, 7, 8, 9]
[info] using task orders [0, 1, 2, 3, 4, 5, 6, 7, 8, 9]
[info] using task orders [0, 1, 2, 3, 4, 5, 6, 7, 8, 9]
[info] using task orders [0, 1, 2, 3, 4, 5, 6, 7, 8, 9]
Local assets not found. Downloading from HuggingFace Hub...Local assets not found. Downloading from HuggingFace Hub...Local assets not found. Downloading from HuggingFace Hub...


Local assets not found. Downloading from HuggingFace Hub...
Assets already downloaded at /root/.cache/libero/assetsAssets already downloaded at /root/.cache/libero/assetsAssets already downloaded at /root/.cache/libero/assets


Assets already downloaded at /root/.cache/libero/assets
Local assets not found. Downloading from HuggingFace Hub...Local assets not found. Downloading from HuggingFace Hub...

Assets already downloaded at /root/.cache/libero/assetsAssets already downloaded at /root/.cache/libero/assets

batch libero_object:7 A,step real=6/6 39.2 s brain 22.3 s 28 calls 124 rows
176/260 episodes, 6.34 s/episode, eta 0.15 h
batch libero_object:7 A,step real=4/6 19.7 s brain 11.7 s 19 calls 58 rows
180/260 episodes, 6.31 s/episode, eta 0.14 h
[info] using task orders [0, 1, 2, 3, 4, 5, 6, 7, 8, 9]
[info] using task orders [0, 1, 2, 3, 4, 5, 6, 7, 8, 9]
[info] using task orders [0, 1, 2, 3, 4, 5, 6, 7, 8, 9]
[info] using task orders [0, 1, 2, 3, 4, 5, 6, 7, 8, 9]
[info] using task orders [0, 1, 2, 3, 4, 5, 6, 7, 8, 9]
[info] using task orders [0, 1, 2, 3, 4, 5, 6, 7, 8, 9]
[info] using task orders [0, 1, 2, 3, 4, 5, 6, 7, 8, 9]
Local assets not found. Downloading from HuggingFace Hub...Local assets not found. Downloading from HuggingFace Hub...Local assets not found. Downloading from HuggingFace Hub...Local assets not found. Downloading from HuggingFace Hub...



Local assets not found. Downloading from HuggingFace Hub...
Assets already downloaded at /root/.cache/libero/assetsAssets already downloaded at /root/.cache/libero/assetsAssets already downloaded at /root/.cache/libero/assetsAssets already downloaded at /root/.cache/libero/assetsLocal assets not found. Downloading from HuggingFace Hub...Assets already downloaded at /root/.cache/libero/assets





Assets already downloaded at /root/.cache/libero/assets
batch libero_object:8 A,step real=6/6 38.7 s brain 21.2 s 28 calls 114 rows
186/260 episodes, 6.32 s/episode, eta 0.13 h
batch libero_object:8 A,step real=4/6 20.7 s brain 12.6 s 20 calls 64 rows
190/260 episodes, 6.30 s/episode, eta 0.12 h
[info] using task orders [0, 1, 2, 3, 4, 5, 6, 7, 8, 9]
[info] using task orders [0, 1, 2, 3, 4, 5, 6, 7, 8, 9]
[info] using task orders [0, 1, 2, 3, 4, 5, 6, 7, 8, 9]
[info] using task orders [0, 1, 2, 3, 4, 5, 6, 7, 8, 9]
[info] using task orders [0, 1, 2, 3, 4, 5, 6, 7, 8, 9]
[info] using task orders [0, 1, 2, 3, 4, 5, 6, 7, 8, 9]
[info] using task orders [0, 1, 2, 3, 4, 5, 6, 7, 8, 9]
Local assets not found. Downloading from HuggingFace Hub...
Assets already downloaded at /root/.cache/libero/assets
Local assets not found. Downloading from HuggingFace Hub...
Local assets not found. Downloading from HuggingFace Hub...
Assets already downloaded at /root/.cache/libero/assets
Assets already downloaded at /root/.cache/libero/assets
Local assets not found. Downloading from HuggingFace Hub...
Assets already downloaded at /root/.cache/libero/assets
Local assets not found. Downloading from HuggingFace Hub...
Assets already downloaded at /root/.cache/libero/assets
Local assets not found. Downloading from HuggingFace Hub...
Assets already downloaded at /root/.cache/libero/assets
batch libero_object:9 A,step real=6/6 40.5 s brain 22.3 s 28 calls 126 rows
196/260 episodes, 6.33 s/episode, eta 0.11 h
batch libero_object:9 A,step real=4/6 27.2 s brain 16.7 s 28 calls 82 rows
200/260 episodes, 6.33 s/episode, eta 0.11 h
[info] using task orders [0, 1, 2, 3, 4, 5, 6, 7, 8, 9]
[info] using task orders [0, 1, 2, 3, 4, 5, 6, 7, 8, 9]
[info] using task orders [0, 1, 2, 3, 4, 5, 6, 7, 8, 9]
[info] using task orders [0, 1, 2, 3, 4, 5, 6, 7, 8, 9]
[info] using task orders [0, 1, 2, 3, 4, 5, 6, 7, 8, 9]
[info] using task orders [0, 1, 2, 3, 4, 5, 6, 7, 8, 9]
[info] using task orders [0, 1, 2, 3, 4, 5, 6, 7, 8, 9]
Local assets not found. Downloading from HuggingFace Hub...Local assets not found. Downloading from HuggingFace Hub...Local assets not found. Downloading from HuggingFace Hub...Local assets not found. Downloading from HuggingFace Hub...



Assets already downloaded at /root/.cache/libero/assetsAssets already downloaded at /root/.cache/libero/assetsAssets already downloaded at /root/.cache/libero/assetsAssets already downloaded at /root/.cache/libero/assets



Local assets not found. Downloading from HuggingFace Hub...Local assets not found. Downloading from HuggingFace Hub...

Assets already downloaded at /root/.cache/libero/assetsAssets already downloaded at /root/.cache/libero/assets

batch libero_goal:1 A,step real=6/6 36.6 s brain 17.3 s 30 calls 77 rows
206/260 episodes, 6.34 s/episode, eta 0.10 h
batch libero_goal:1 A,step real=4/6 25.0 s brain 14.2 s 29 calls 59 rows
210/260 episodes, 6.34 s/episode, eta 0.09 h
[info] using task orders [0, 1, 2, 3, 4, 5, 6, 7, 8, 9]
[info] using task orders [0, 1, 2, 3, 4, 5, 6, 7, 8, 9]
[info] using task orders [0, 1, 2, 3, 4, 5, 6, 7, 8, 9]
[info] using task orders [0, 1, 2, 3, 4, 5, 6, 7, 8, 9]
[info] using task orders [0, 1, 2, 3, 4, 5, 6, 7, 8, 9]
[info] using task orders [0, 1, 2, 3, 4, 5, 6, 7, 8, 9]
[info] using task orders [0, 1, 2, 3, 4, 5, 6, 7, 8, 9]
Local assets not found. Downloading from HuggingFace Hub...
Assets already downloaded at /root/.cache/libero/assets
Local assets not found. Downloading from HuggingFace Hub...
Assets already downloaded at /root/.cache/libero/assets
Local assets not found. Downloading from HuggingFace Hub...
Local assets not found. Downloading from HuggingFace Hub...
Assets already downloaded at /root/.cache/libero/assets
Assets already downloaded at /root/.cache/libero/assets
Local assets not found. Downloading from HuggingFace Hub...
Assets already downloaded at /root/.cache/libero/assets
Local assets not found. Downloading from HuggingFace Hub...
Assets already downloaded at /root/.cache/libero/assets
batch libero_goal:2 A,step real=6/6 35.4 s brain 17.2 s 30 calls 76 rows
216/260 episodes, 6.34 s/episode, eta 0.08 h
batch libero_goal:2 A,step real=4/6 25.5 s brain 14.6 s 30 calls 58 rows
220/260 episodes, 6.34 s/episode, eta 0.07 h
[info] using task orders [0, 1, 2, 3, 4, 5, 6, 7, 8, 9]
[info] using task orders [0, 1, 2, 3, 4, 5, 6, 7, 8, 9]
[info] using task orders [0, 1, 2, 3, 4, 5, 6, 7, 8, 9]
[info] using task orders [0, 1, 2, 3, 4, 5, 6, 7, 8, 9]
[info] using task orders [0, 1, 2, 3, 4, 5, 6, 7, 8, 9]
[info] using task orders [0, 1, 2, 3, 4, 5, 6, 7, 8, 9]
[info] using task orders [0, 1, 2, 3, 4, 5, 6, 7, 8, 9]
Local assets not found. Downloading from HuggingFace Hub...Local assets not found. Downloading from HuggingFace Hub...

Assets already downloaded at /root/.cache/libero/assetsAssets already downloaded at /root/.cache/libero/assets

Local assets not found. Downloading from HuggingFace Hub...
Assets already downloaded at /root/.cache/libero/assets
Local assets not found. Downloading from HuggingFace Hub...
Local assets not found. Downloading from HuggingFace Hub...Local assets not found. Downloading from HuggingFace Hub...

Assets already downloaded at /root/.cache/libero/assets
Assets already downloaded at /root/.cache/libero/assetsAssets already downloaded at /root/.cache/libero/assets

batch libero_goal:4 A,step real=6/6 28.2 s brain 12.8 s 18 calls 66 rows
226/260 episodes, 6.30 s/episode, eta 0.06 h
batch libero_goal:4 A,step real=4/6 13.8 s brain 8.0 s 13 calls 39 rows
230/260 episodes, 6.25 s/episode, eta 0.05 h
[info] using task orders [0, 1, 2, 3, 4, 5, 6, 7, 8, 9]
[info] using task orders [0, 1, 2, 3, 4, 5, 6, 7, 8, 9]
[info] using task orders [0, 1, 2, 3, 4, 5, 6, 7, 8, 9]
[info] using task orders [0, 1, 2, 3, 4, 5, 6, 7, 8, 9]
[info] using task orders [0, 1, 2, 3, 4, 5, 6, 7, 8, 9]
[info] using task orders [0, 1, 2, 3, 4, 5, 6, 7, 8, 9]
[info] using task orders [0, 1, 2, 3, 4, 5, 6, 7, 8, 9]
Local assets not found. Downloading from HuggingFace Hub...Local assets not found. Downloading from HuggingFace Hub...

Local assets not found. Downloading from HuggingFace Hub...
Assets already downloaded at /root/.cache/libero/assetsAssets already downloaded at /root/.cache/libero/assets

Assets already downloaded at /root/.cache/libero/assets
Local assets not found. Downloading from HuggingFace Hub...
Assets already downloaded at /root/.cache/libero/assets
Local assets not found. Downloading from HuggingFace Hub...
Assets already downloaded at /root/.cache/libero/assets
Local assets not found. Downloading from HuggingFace Hub...
Assets already downloaded at /root/.cache/libero/assets
batch libero_goal:6 A,step real=6/6 37.3 s brain 17.9 s 30 calls 80 rows
236/260 episodes, 6.26 s/episode, eta 0.04 h
batch libero_goal:6 A,step real=4/6 26.7 s brain 15.2 s 30 calls 63 rows
240/260 episodes, 6.27 s/episode, eta 0.03 h
[info] using task orders [0, 1, 2, 3, 4, 5, 6, 7, 8, 9]
[info] using task orders [0, 1, 2, 3, 4, 5, 6, 7, 8, 9]
[info] using task orders [0, 1, 2, 3, 4, 5, 6, 7, 8, 9]
[info] using task orders [0, 1, 2, 3, 4, 5, 6, 7, 8, 9]
[info] using task orders [0, 1, 2, 3, 4, 5, 6, 7, 8, 9]
[info] using task orders [0, 1, 2, 3, 4, 5, 6, 7, 8, 9]
[info] using task orders [0, 1, 2, 3, 4, 5, 6, 7, 8, 9]
Local assets not found. Downloading from HuggingFace Hub...Local assets not found. Downloading from HuggingFace Hub...Local assets not found. Downloading from HuggingFace Hub...


Local assets not found. Downloading from HuggingFace Hub...
Assets already downloaded at /root/.cache/libero/assetsAssets already downloaded at /root/.cache/libero/assetsAssets already downloaded at /root/.cache/libero/assets


Assets already downloaded at /root/.cache/libero/assets
Local assets not found. Downloading from HuggingFace Hub...Local assets not found. Downloading from HuggingFace Hub...

Assets already downloaded at /root/.cache/libero/assetsAssets already downloaded at /root/.cache/libero/assets

batch libero_goal:8 A,step real=6/6 22.1 s brain 10.1 s 12 calls 55 rows
246/260 episodes, 6.21 s/episode, eta 0.02 h
batch libero_goal:8 A,step real=4/6 26.4 s brain 14.0 s 30 calls 54 rows
250/260 episodes, 6.22 s/episode, eta 0.02 h
[info] using task orders [0, 1, 2, 3, 4, 5, 6, 7, 8, 9]
[info] using task orders [0, 1, 2, 3, 4, 5, 6, 7, 8, 9]
[info] using task orders [0, 1, 2, 3, 4, 5, 6, 7, 8, 9]
[info] using task orders [0, 1, 2, 3, 4, 5, 6, 7, 8, 9]
[info] using task orders [0, 1, 2, 3, 4, 5, 6, 7, 8, 9]
[info] using task orders [0, 1, 2, 3, 4, 5, 6, 7, 8, 9]
[info] using task orders [0, 1, 2, 3, 4, 5, 6, 7, 8, 9]
Local assets not found. Downloading from HuggingFace Hub...
Assets already downloaded at /root/.cache/libero/assets
Local assets not found. Downloading from HuggingFace Hub...Local assets not found. Downloading from HuggingFace Hub...

Assets already downloaded at /root/.cache/libero/assetsAssets already downloaded at /root/.cache/libero/assets

Local assets not found. Downloading from HuggingFace Hub...
Assets already downloaded at /root/.cache/libero/assets
Local assets not found. Downloading from HuggingFace Hub...Local assets not found. Downloading from HuggingFace Hub...

Assets already downloaded at /root/.cache/libero/assetsAssets already downloaded at /root/.cache/libero/assets

batch libero_goal:9 A,step real=6/6 42.4 s brain 23.9 s 30 calls 133 rows
256/260 episodes, 6.25 s/episode, eta 0.01 h
batch libero_goal:9 A,step real=4/6 29.7 s brain 18.0 s 30 calls 89 rows
260/260 episodes, 6.27 s/episode, eta 0.00 h
[07:58:32] pass 2 skipped: pass 1 exited cleanly, no failed batch
[07:58:32] phase r7, lane p, id 12d (520 episodes): --brain pi05 --kinds step --cells A20,A40 --methods G@ema --inits 0-9
[07:58:32] pass 1: --brain pi05 --kinds step --cells A20,A40 --methods G@ema --inits 0-9 --precision fp32 --n-envs 6 --kbar 0.1566 --t-ramp 5 --k-p 1.0 --tau-k 0.039517 --out results/c1-e4/pod/grid_pi05.jsonl
[robosuite WARNING] No private macro file found! (__init__.py:7)
WARNING:robosuite_logs:No private macro file found!
[robosuite WARNING] It is recommended to use a private macro file (__init__.py:8)
WARNING:robosuite_logs:It is recommended to use a private macro file
[robosuite WARNING] To setup, run: python /workspace/jit-reflex/venv/lib/python3.12/site-packages/robosuite/scripts/setup_macros.py (__init__.py:9)
WARNING:robosuite_logs:To setup, run: python /workspace/jit-reflex/venv/lib/python3.12/site-packages/robosuite/scripts/setup_macros.py
520 episodes to run
Fetching 9 files:   0%|          | 0/9 [00:00<?, ?it/s]Fetching 9 files: 100%|██████████| 9/9 [00:00<00:00, 515.40it/s]
The PI05 model is a direct port of the OpenPI implementation. 
This implementation follows the original OpenPI structure for compatibility. 
Original implementation: https://github.com/Physical-Intelligence/openpi
Loading model from: /workspace/.cache/huggingface/hub/models--lerobot--pi05_libero_finetuned_v044/snapshots/8e174154ef5f6c60a8da12ae99c303d8963138c1
✓ Loaded state dict from model.safetensors
WARNING:root:Vision embedding key might need handling: model.paligemma_with_expert.paligemma.model.vision_tower.vision_model.embeddings.patch_embedding.bias
WARNING:root:Vision embedding key might need handling: model.paligemma_with_expert.paligemma.model.vision_tower.vision_model.embeddings.patch_embedding.weight
All keys loaded successfully!
[info] using task orders [0, 1, 2, 3, 4, 5, 6, 7, 8, 9]
/usr/lib/python3.12/multiprocessing/popen_fork.py:66: DeprecationWarning: This process (pid=262618) is multi-threaded, use of fork() may lead to deadlocks in the child.
  self.pid = os.fork()
[info] using task orders [0, 1, 2, 3, 4, 5, 6, 7, 8, 9]
[info] using task orders [0, 1, 2, 3, 4, 5, 6, 7, 8, 9]
[info] using task orders [0, 1, 2, 3, 4, 5, 6, 7, 8, 9]
[info] using task orders [0, 1, 2, 3, 4, 5, 6, 7, 8, 9]
[info] using task orders [0, 1, 2, 3, 4, 5, 6, 7, 8, 9]
[info] using task orders [0, 1, 2, 3, 4, 5, 6, 7, 8, 9]
Local assets not found. Downloading from HuggingFace Hub...Local assets not found. Downloading from HuggingFace Hub...

Assets already downloaded at /root/.cache/libero/assetsAssets already downloaded at /root/.cache/libero/assets

Local assets not found. Downloading from HuggingFace Hub...Local assets not found. Downloading from HuggingFace Hub...

Assets already downloaded at /root/.cache/libero/assetsAssets already downloaded at /root/.cache/libero/assets

Local assets not found. Downloading from HuggingFace Hub...
Assets already downloaded at /root/.cache/libero/assets
Local assets not found. Downloading from HuggingFace Hub...
Assets already downloaded at /root/.cache/libero/assets
batch libero_spatial:0 A20,step real=6/6 46.8 s brain 20.4 s 28 calls 108 rows
6/520 episodes, 7.99 s/episode, eta 1.14 h
batch libero_spatial:0 A20,step real=4/6 29.1 s brain 15.7 s 28 calls 72 rows
10/520 episodes, 7.70 s/episode, eta 1.09 h
batch libero_spatial:0 A40,step real=6/6 40.7 s brain 25.0 s 28 calls 148 rows
16/520 episodes, 7.35 s/episode, eta 1.03 h
batch libero_spatial:0 A40,step real=4/6 28.8 s brain 15.4 s 28 calls 71 rows
20/520 episodes, 7.32 s/episode, eta 1.02 h
[info] using task orders [0, 1, 2, 3, 4, 5, 6, 7, 8, 9]
[info] using task orders [0, 1, 2, 3, 4, 5, 6, 7, 8, 9]
[info] using task orders [0, 1, 2, 3, 4, 5, 6, 7, 8, 9]
[info] using task orders [0, 1, 2, 3, 4, 5, 6, 7, 8, 9]
[info] using task orders [0, 1, 2, 3, 4, 5, 6, 7, 8, 9]
[info] using task orders [0, 1, 2, 3, 4, 5, 6, 7, 8, 9]
[info] using task orders [0, 1, 2, 3, 4, 5, 6, 7, 8, 9]
Local assets not found. Downloading from HuggingFace Hub...
Local assets not found. Downloading from HuggingFace Hub...Assets already downloaded at /root/.cache/libero/assets

Assets already downloaded at /root/.cache/libero/assets
Local assets not found. Downloading from HuggingFace Hub...
Assets already downloaded at /root/.cache/libero/assets
Local assets not found. Downloading from HuggingFace Hub...
Assets already downloaded at /root/.cache/libero/assets
Local assets not found. Downloading from HuggingFace Hub...
Assets already downloaded at /root/.cache/libero/assets
Local assets not found. Downloading from HuggingFace Hub...
Assets already downloaded at /root/.cache/libero/assets
batch libero_spatial:1 A20,step real=6/6 38.1 s brain 17.6 s 28 calls 85 rows
26/520 episodes, 7.19 s/episode, eta 0.99 h
batch libero_spatial:1 A20,step real=4/6 27.1 s brain 14.4 s 28 calls 61 rows
30/520 episodes, 7.13 s/episode, eta 0.97 h
batch libero_spatial:1 A40,step real=6/6 39.3 s brain 25.4 s 28 calls 151 rows
36/520 episodes, 7.04 s/episode, eta 0.95 h
batch libero_spatial:1 A40,step real=4/6 34.2 s brain 20.3 s 28 calls 112 rows
40/520 episodes, 7.19 s/episode, eta 0.96 h
[info] using task orders [0, 1, 2, 3, 4, 5, 6, 7, 8, 9]
[info] using task orders [0, 1, 2, 3, 4, 5, 6, 7, 8, 9]
[info] using task orders [0, 1, 2, 3, 4, 5, 6, 7, 8, 9]
[info] using task orders [0, 1, 2, 3, 4, 5, 6, 7, 8, 9]
[info] using task orders [0, 1, 2, 3, 4, 5, 6, 7, 8, 9]
[info] using task orders [0, 1, 2, 3, 4, 5, 6, 7, 8, 9]
[info] using task orders [0, 1, 2, 3, 4, 5, 6, 7, 8, 9]
Local assets not found. Downloading from HuggingFace Hub...Local assets not found. Downloading from HuggingFace Hub...Local assets not found. Downloading from HuggingFace Hub...


Local assets not found. Downloading from HuggingFace Hub...
Assets already downloaded at /root/.cache/libero/assetsAssets already downloaded at /root/.cache/libero/assetsAssets already downloaded at /root/.cache/libero/assets


Assets already downloaded at /root/.cache/libero/assets
Local assets not found. Downloading from HuggingFace Hub...Local assets not found. Downloading from HuggingFace Hub...

Assets already downloaded at /root/.cache/libero/assetsAssets already downloaded at /root/.cache/libero/assets

batch libero_spatial:2 A20,step real=6/6 39.3 s brain 18.8 s 28 calls 95 rows
46/520 episodes, 7.15 s/episode, eta 0.94 h
batch libero_spatial:2 A20,step real=4/6 29.3 s brain 16.2 s 28 calls 76 rows
50/520 episodes, 7.17 s/episode, eta 0.94 h
batch libero_spatial:2 A40,step real=6/6 36.7 s brain 22.9 s 28 calls 132 rows
56/520 episodes, 7.06 s/episode, eta 0.91 h
batch libero_spatial:2 A40,step real=4/6 29.2 s brain 16.3 s 28 calls 75 rows
60/520 episodes, 7.07 s/episode, eta 0.90 h
[info] using task orders [0, 1, 2, 3, 4, 5, 6, 7, 8, 9]
[info] using task orders [0, 1, 2, 3, 4, 5, 6, 7, 8, 9]
[info] using task orders [0, 1, 2, 3, 4, 5, 6, 7, 8, 9]
[info] using task orders [0, 1, 2, 3, 4, 5, 6, 7, 8, 9]
[info] using task orders [0, 1, 2, 3, 4, 5, 6, 7, 8, 9]
[info] using task orders [0, 1, 2, 3, 4, 5, 6, 7, 8, 9]
[info] using task orders [0, 1, 2, 3, 4, 5, 6, 7, 8, 9]
Local assets not found. Downloading from HuggingFace Hub...
Assets already downloaded at /root/.cache/libero/assets
Local assets not found. Downloading from HuggingFace Hub...
Local assets not found. Downloading from HuggingFace Hub...Local assets not found. Downloading from HuggingFace Hub...
Local assets not found. Downloading from HuggingFace Hub...

Local assets not found. Downloading from HuggingFace Hub...
Assets already downloaded at /root/.cache/libero/assets
Assets already downloaded at /root/.cache/libero/assets
Assets already downloaded at /root/.cache/libero/assets
Assets already downloaded at /root/.cache/libero/assets
Assets already downloaded at /root/.cache/libero/assets
batch libero_spatial:3 A20,step real=6/6 40.2 s brain 18.8 s 28 calls 94 rows
66/520 episodes, 7.08 s/episode, eta 0.89 h
batch libero_spatial:3 A20,step real=4/6 13.5 s brain 7.1 s 10 calls 37 rows
70/520 episodes, 6.86 s/episode, eta 0.86 h
batch libero_spatial:3 A40,step real=6/6 33.6 s brain 20.6 s 28 calls 111 rows
76/520 episodes, 6.77 s/episode, eta 0.83 h
batch libero_spatial:3 A40,step real=4/6 29.1 s brain 16.1 s 28 calls 75 rows
80/520 episodes, 6.79 s/episode, eta 0.83 h
[info] using task orders [0, 1, 2, 3, 4, 5, 6, 7, 8, 9]
[info] using task orders [0, 1, 2, 3, 4, 5, 6, 7, 8, 9]
[info] using task orders [0, 1, 2, 3, 4, 5, 6, 7, 8, 9]
[info] using task orders [0, 1, 2, 3, 4, 5, 6, 7, 8, 9]
[info] using task orders [0, 1, 2, 3, 4, 5, 6, 7, 8, 9]
[info] using task orders [0, 1, 2, 3, 4, 5, 6, 7, 8, 9]
[info] using task orders [0, 1, 2, 3, 4, 5, 6, 7, 8, 9]
Local assets not found. Downloading from HuggingFace Hub...
Assets already downloaded at /root/.cache/libero/assets
Local assets not found. Downloading from HuggingFace Hub...Local assets not found. Downloading from HuggingFace Hub...

Assets already downloaded at /root/.cache/libero/assets
Assets already downloaded at /root/.cache/libero/assets
Local assets not found. Downloading from HuggingFace Hub...Local assets not found. Downloading from HuggingFace Hub...

Assets already downloaded at /root/.cache/libero/assetsAssets already downloaded at /root/.cache/libero/assets

Local assets not found. Downloading from HuggingFace Hub...
Assets already downloaded at /root/.cache/libero/assets
batch libero_spatial:4 A20,step real=6/6 40.8 s brain 20.8 s 28 calls 109 rows
86/520 episodes, 6.82 s/episode, eta 0.82 h
batch libero_spatial:4 A20,step real=4/6 32.4 s brain 18.9 s 28 calls 97 rows
90/520 episodes, 6.87 s/episode, eta 0.82 h
batch libero_spatial:4 A40,step real=6/6 37.0 s brain 22.8 s 28 calls 129 rows
96/520 episodes, 6.83 s/episode, eta 0.80 h
batch libero_spatial:4 A40,step real=4/6 29.1 s brain 15.5 s 28 calls 69 rows
100/520 episodes, 6.85 s/episode, eta 0.80 h
[info] using task orders [0, 1, 2, 3, 4, 5, 6, 7, 8, 9]
[info] using task orders [0, 1, 2, 3, 4, 5, 6, 7, 8, 9]
[info] using task orders [0, 1, 2, 3, 4, 5, 6, 7, 8, 9]
[info] using task orders [0, 1, 2, 3, 4, 5, 6, 7, 8, 9]
[info] using task orders [0, 1, 2, 3, 4, 5, 6, 7, 8, 9]
[info] using task orders [0, 1, 2, 3, 4, 5, 6, 7, 8, 9]
[info] using task orders [0, 1, 2, 3, 4, 5, 6, 7, 8, 9]
Local assets not found. Downloading from HuggingFace Hub...Local assets not found. Downloading from HuggingFace Hub...Local assets not found. Downloading from HuggingFace Hub...Local assets not found. Downloading from HuggingFace Hub...



Assets already downloaded at /root/.cache/libero/assetsAssets already downloaded at /root/.cache/libero/assetsAssets already downloaded at /root/.cache/libero/assetsAssets already downloaded at /root/.cache/libero/assets



Local assets not found. Downloading from HuggingFace Hub...Local assets not found. Downloading from HuggingFace Hub...

Assets already downloaded at /root/.cache/libero/assetsAssets already downloaded at /root/.cache/libero/assets

batch libero_spatial:5 A20,step real=6/6 48.2 s brain 27.5 s 28 calls 165 rows
106/520 episodes, 6.94 s/episode, eta 0.80 h
batch libero_spatial:5 A20,step real=4/6 32.2 s brain 18.6 s 28 calls 93 rows
110/520 episodes, 6.98 s/episode, eta 0.79 h
batch libero_spatial:5 A40,step real=6/6 41.8 s brain 28.0 s 28 calls 168 rows
116/520 episodes, 6.98 s/episode, eta 0.78 h
batch libero_spatial:5 A40,step real=4/6 34.6 s brain 20.7 s 28 calls 112 rows
120/520 episodes, 7.03 s/episode, eta 0.78 h
[info] using task orders [0, 1, 2, 3, 4, 5, 6, 7, 8, 9]
[info] using task orders [0, 1, 2, 3, 4, 5, 6, 7, 8, 9]
[info] using task orders [0, 1, 2, 3, 4, 5, 6, 7, 8, 9]
[info] using task orders [0, 1, 2, 3, 4, 5, 6, 7, 8, 9]
[info] using task orders [0, 1, 2, 3, 4, 5, 6, 7, 8, 9]
[info] using task orders [0, 1, 2, 3, 4, 5, 6, 7, 8, 9]
[info] using task orders [0, 1, 2, 3, 4, 5, 6, 7, 8, 9]
Local assets not found. Downloading from HuggingFace Hub...Local assets not found. Downloading from HuggingFace Hub...
Assets already downloaded at /root/.cache/libero/assets
Local assets not found. Downloading from HuggingFace Hub...Local assets not found. Downloading from HuggingFace Hub...

Assets already downloaded at /root/.cache/libero/assetsAssets already downloaded at /root/.cache/libero/assets

Local assets not found. Downloading from HuggingFace Hub...
Assets already downloaded at /root/.cache/libero/assets

Assets already downloaded at /root/.cache/libero/assets
Local assets not found. Downloading from HuggingFace Hub...
Assets already downloaded at /root/.cache/libero/assets
batch libero_spatial:6 A20,step real=6/6 42.5 s brain 21.3 s 28 calls 116 rows
126/520 episodes, 7.05 s/episode, eta 0.77 h
batch libero_spatial:6 A20,step real=4/6 29.7 s brain 16.7 s 28 calls 78 rows
130/520 episodes, 7.06 s/episode, eta 0.77 h
batch libero_spatial:6 A40,step real=6/6 36.5 s brain 23.7 s 28 calls 135 rows
136/520 episodes, 7.02 s/episode, eta 0.75 h
batch libero_spatial:6 A40,step real=4/6 31.4 s brain 18.3 s 28 calls 95 rows
140/520 episodes, 7.04 s/episode, eta 0.74 h
[info] using task orders [0, 1, 2, 3, 4, 5, 6, 7, 8, 9]
[info] using task orders [0, 1, 2, 3, 4, 5, 6, 7, 8, 9]
[info] using task orders [0, 1, 2, 3, 4, 5, 6, 7, 8, 9]
[info] using task orders [0, 1, 2, 3, 4, 5, 6, 7, 8, 9]
[info] using task orders [0, 1, 2, 3, 4, 5, 6, 7, 8, 9]
[info] using task orders [0, 1, 2, 3, 4, 5, 6, 7, 8, 9]
[info] using task orders [0, 1, 2, 3, 4, 5, 6, 7, 8, 9]
Local assets not found. Downloading from HuggingFace Hub...
Assets already downloaded at /root/.cache/libero/assets
Local assets not found. Downloading from HuggingFace Hub...
Assets already downloaded at /root/.cache/libero/assets
Local assets not found. Downloading from HuggingFace Hub...
Local assets not found. Downloading from HuggingFace Hub...
Assets already downloaded at /root/.cache/libero/assets
Local assets not found. Downloading from HuggingFace Hub...
Local assets not found. Downloading from HuggingFace Hub...Assets already downloaded at /root/.cache/libero/assets

Assets already downloaded at /root/.cache/libero/assets
Assets already downloaded at /root/.cache/libero/assets
batch libero_spatial:7 A20,step real=6/6 42.0 s brain 19.9 s 28 calls 103 rows
146/520 episodes, 7.06 s/episode, eta 0.73 h
batch libero_spatial:7 A20,step real=4/6 31.6 s brain 18.6 s 28 calls 97 rows
150/520 episodes, 7.08 s/episode, eta 0.73 h
batch libero_spatial:7 A40,step real=6/6 42.0 s brain 27.2 s 28 calls 160 rows
156/520 episodes, 7.08 s/episode, eta 0.72 h
batch libero_spatial:7 A40,step real=4/6 30.9 s brain 16.7 s 28 calls 72 rows
160/520 episodes, 7.09 s/episode, eta 0.71 h
[info] using task orders [0, 1, 2, 3, 4, 5, 6, 7, 8, 9]
[info] using task orders [0, 1, 2, 3, 4, 5, 6, 7, 8, 9]
[info] using task orders [0, 1, 2, 3, 4, 5, 6, 7, 8, 9]
[info] using task orders [0, 1, 2, 3, 4, 5, 6, 7, 8, 9]
[info] using task orders [0, 1, 2, 3, 4, 5, 6, 7, 8, 9]
[info] using task orders [0, 1, 2, 3, 4, 5, 6, 7, 8, 9]
[info] using task orders [0, 1, 2, 3, 4, 5, 6, 7, 8, 9]
Local assets not found. Downloading from HuggingFace Hub...
Local assets not found. Downloading from HuggingFace Hub...
Local assets not found. Downloading from HuggingFace Hub...
Assets already downloaded at /root/.cache/libero/assetsAssets already downloaded at /root/.cache/libero/assets

Assets already downloaded at /root/.cache/libero/assets
Local assets not found. Downloading from HuggingFace Hub...
Assets already downloaded at /root/.cache/libero/assets
Local assets not found. Downloading from HuggingFace Hub...
Assets already downloaded at /root/.cache/libero/assets
Local assets not found. Downloading from HuggingFace Hub...
Assets already downloaded at /root/.cache/libero/assets
batch libero_spatial:8 A20,step real=6/6 44.7 s brain 21.1 s 28 calls 113 rows
166/520 episodes, 7.12 s/episode, eta 0.70 h
batch libero_spatial:8 A20,step real=4/6 34.2 s brain 20.5 s 28 calls 112 rows
170/520 episodes, 7.15 s/episode, eta 0.70 h
batch libero_spatial:8 A40,step real=6/6 37.9 s brain 23.3 s 28 calls 132 rows
176/520 episodes, 7.13 s/episode, eta 0.68 h
batch libero_spatial:8 A40,step real=4/6 30.9 s brain 18.7 s 28 calls 95 rows
180/520 episodes, 7.14 s/episode, eta 0.67 h
[info] using task orders [0, 1, 2, 3, 4, 5, 6, 7, 8, 9]
[info] using task orders [0, 1, 2, 3, 4, 5, 6, 7, 8, 9]
[info] using task orders [0, 1, 2, 3, 4, 5, 6, 7, 8, 9]
[info] using task orders [0, 1, 2, 3, 4, 5, 6, 7, 8, 9]
[info] using task orders [0, 1, 2, 3, 4, 5, 6, 7, 8, 9]
[info] using task orders [0, 1, 2, 3, 4, 5, 6, 7, 8, 9]
[info] using task orders [0, 1, 2, 3, 4, 5, 6, 7, 8, 9]
Local assets not found. Downloading from HuggingFace Hub...Local assets not found. Downloading from HuggingFace Hub...Local assets not found. Downloading from HuggingFace Hub...Local assets not found. Downloading from HuggingFace Hub...



Assets already downloaded at /root/.cache/libero/assetsAssets already downloaded at /root/.cache/libero/assetsAssets already downloaded at /root/.cache/libero/assetsAssets already downloaded at /root/.cache/libero/assets



Local assets not found. Downloading from HuggingFace Hub...Local assets not found. Downloading from HuggingFace Hub...

Assets already downloaded at /root/.cache/libero/assetsAssets already downloaded at /root/.cache/libero/assets

batch libero_spatial:9 A20,step real=6/6 47.0 s brain 24.5 s 28 calls 136 rows
186/520 episodes, 7.17 s/episode, eta 0.67 h
batch libero_spatial:9 A20,step real=4/6 30.7 s brain 17.4 s 28 calls 82 rows
190/520 episodes, 7.19 s/episode, eta 0.66 h
batch libero_spatial:9 A40,step real=6/6 37.9 s brain 24.1 s 28 calls 138 rows
196/520 episodes, 7.16 s/episode, eta 0.64 h
batch libero_spatial:9 A40,step real=4/6 33.5 s brain 20.4 s 28 calls 112 rows
200/520 episodes, 7.18 s/episode, eta 0.64 h
[info] using task orders [0, 1, 2, 3, 4, 5, 6, 7, 8, 9]
[info] using task orders [0, 1, 2, 3, 4, 5, 6, 7, 8, 9]
[info] using task orders [0, 1, 2, 3, 4, 5, 6, 7, 8, 9]
[info] using task orders [0, 1, 2, 3, 4, 5, 6, 7, 8, 9]
[info] using task orders [0, 1, 2, 3, 4, 5, 6, 7, 8, 9]
[info] using task orders [0, 1, 2, 3, 4, 5, 6, 7, 8, 9]
[info] using task orders [0, 1, 2, 3, 4, 5, 6, 7, 8, 9]
Local assets not found. Downloading from HuggingFace Hub...Local assets not found. Downloading from HuggingFace Hub...Local assets not found. Downloading from HuggingFace Hub...

Local assets not found. Downloading from HuggingFace Hub...

Assets already downloaded at /root/.cache/libero/assetsAssets already downloaded at /root/.cache/libero/assetsAssets already downloaded at /root/.cache/libero/assetsAssets already downloaded at /root/.cache/libero/assets



Local assets not found. Downloading from HuggingFace Hub...
Assets already downloaded at /root/.cache/libero/assets
Local assets not found. Downloading from HuggingFace Hub...
Assets already downloaded at /root/.cache/libero/assets
batch libero_object:0 A20,step real=6/6 40.5 s brain 23.0 s 28 calls 127 rows
206/520 episodes, 7.18 s/episode, eta 0.63 h
batch libero_object:0 A20,step real=4/6 26.5 s brain 15.7 s 28 calls 71 rows
210/520 episodes, 7.17 s/episode, eta 0.62 h
batch libero_object:0 A40,step real=6/6 32.7 s brain 21.6 s 28 calls 115 rows
216/520 episodes, 7.12 s/episode, eta 0.60 h
batch libero_object:0 A40,step real=4/6 17.6 s brain 10.6 s 15 calls 57 rows
220/520 episodes, 7.07 s/episode, eta 0.59 h
[info] using task orders [0, 1, 2, 3, 4, 5, 6, 7, 8, 9]
[info] using task orders [0, 1, 2, 3, 4, 5, 6, 7, 8, 9]
[info] using task orders [0, 1, 2, 3, 4, 5, 6, 7, 8, 9]
[info] using task orders [0, 1, 2, 3, 4, 5, 6, 7, 8, 9]
[info] using task orders [0, 1, 2, 3, 4, 5, 6, 7, 8, 9]
[info] using task orders [0, 1, 2, 3, 4, 5, 6, 7, 8, 9]
[info] using task orders [0, 1, 2, 3, 4, 5, 6, 7, 8, 9]
Local assets not found. Downloading from HuggingFace Hub...
Local assets not found. Downloading from HuggingFace Hub...
Assets already downloaded at /root/.cache/libero/assetsAssets already downloaded at /root/.cache/libero/assets

Local assets not found. Downloading from HuggingFace Hub...
Local assets not found. Downloading from HuggingFace Hub...
Local assets not found. Downloading from HuggingFace Hub...Assets already downloaded at /root/.cache/libero/assets
Local assets not found. Downloading from HuggingFace Hub...

Assets already downloaded at /root/.cache/libero/assets
Assets already downloaded at /root/.cache/libero/assets
Assets already downloaded at /root/.cache/libero/assets
batch libero_object:1 A20,step real=6/6 38.8 s brain 20.6 s 28 calls 107 rows
226/520 episodes, 7.07 s/episode, eta 0.58 h
batch libero_object:1 A20,step real=4/6 26.6 s brain 16.4 s 28 calls 71 rows
230/520 episodes, 7.06 s/episode, eta 0.57 h
batch libero_object:1 A40,step real=6/6 37.4 s brain 26.7 s 28 calls 153 rows
236/520 episodes, 7.04 s/episode, eta 0.56 h
batch libero_object:1 A40,step real=4/6 28.7 s brain 18.4 s 28 calls 96 rows
240/520 episodes, 7.04 s/episode, eta 0.55 h
[info] using task orders [0, 1, 2, 3, 4, 5, 6, 7, 8, 9]
[info] using task orders [0, 1, 2, 3, 4, 5, 6, 7, 8, 9]
[info] using task orders [0, 1, 2, 3, 4, 5, 6, 7, 8, 9]
[info] using task orders [0, 1, 2, 3, 4, 5, 6, 7, 8, 9]
[info] using task orders [0, 1, 2, 3, 4, 5, 6, 7, 8, 9]
[info] using task orders [0, 1, 2, 3, 4, 5, 6, 7, 8, 9]
[info] using task orders [0, 1, 2, 3, 4, 5, 6, 7, 8, 9]
Local assets not found. Downloading from HuggingFace Hub...
Assets already downloaded at /root/.cache/libero/assets
Local assets not found. Downloading from HuggingFace Hub...Local assets not found. Downloading from HuggingFace Hub...Local assets not found. Downloading from HuggingFace Hub...Local assets not found. Downloading from HuggingFace Hub...


Local assets not found. Downloading from HuggingFace Hub...

Assets already downloaded at /root/.cache/libero/assetsAssets already downloaded at /root/.cache/libero/assetsAssets already downloaded at /root/.cache/libero/assets

Assets already downloaded at /root/.cache/libero/assets

Assets already downloaded at /root/.cache/libero/assets
batch libero_object:2 A20,step real=6/6 39.5 s brain 21.5 s 28 calls 119 rows
246/520 episodes, 7.04 s/episode, eta 0.54 h
batch libero_object:2 A20,step real=4/6 28.2 s brain 18.6 s 28 calls 95 rows
250/520 episodes, 7.04 s/episode, eta 0.53 h
batch libero_object:2 A40,step real=6/6 33.8 s brain 23.4 s 28 calls 135 rows
256/520 episodes, 7.01 s/episode, eta 0.51 h
batch libero_object:2 A40,step real=4/6 28.5 s brain 18.4 s 28 calls 96 rows
260/520 episodes, 7.01 s/episode, eta 0.51 h
[info] using task orders [0, 1, 2, 3, 4, 5, 6, 7, 8, 9]
[info] using task orders [0, 1, 2, 3, 4, 5, 6, 7, 8, 9]
[info] using task orders [0, 1, 2, 3, 4, 5, 6, 7, 8, 9]
[info] using task orders [0, 1, 2, 3, 4, 5, 6, 7, 8, 9]
[info] using task orders [0, 1, 2, 3, 4, 5, 6, 7, 8, 9]
[info] using task orders [0, 1, 2, 3, 4, 5, 6, 7, 8, 9]
[info] using task orders [0, 1, 2, 3, 4, 5, 6, 7, 8, 9]
Local assets not found. Downloading from HuggingFace Hub...Local assets not found. Downloading from HuggingFace Hub...Local assets not found. Downloading from HuggingFace Hub...Local assets not found. Downloading from HuggingFace Hub...



Assets already downloaded at /root/.cache/libero/assetsAssets already downloaded at /root/.cache/libero/assetsAssets already downloaded at /root/.cache/libero/assetsAssets already downloaded at /root/.cache/libero/assets



Local assets not found. Downloading from HuggingFace Hub...Local assets not found. Downloading from HuggingFace Hub...

Assets already downloaded at /root/.cache/libero/assets
Assets already downloaded at /root/.cache/libero/assets
batch libero_object:3 A20,step real=6/6 42.0 s brain 24.2 s 28 calls 138 rows
266/520 episodes, 7.02 s/episode, eta 0.50 h
batch libero_object:3 A20,step real=4/6 27.6 s brain 16.8 s 28 calls 80 rows
270/520 episodes, 7.02 s/episode, eta 0.49 h
batch libero_object:3 A40,step real=6/6 37.9 s brain 27.8 s 28 calls 168 rows
276/520 episodes, 7.00 s/episode, eta 0.47 h
batch libero_object:3 A40,step real=4/6 29.8 s brain 20.6 s 28 calls 112 rows
280/520 episodes, 7.01 s/episode, eta 0.47 h
[info] using task orders [0, 1, 2, 3, 4, 5, 6, 7, 8, 9]
[info] using task orders [0, 1, 2, 3, 4, 5, 6, 7, 8, 9]
[info] using task orders [0, 1, 2, 3, 4, 5, 6, 7, 8, 9]
[info] using task orders [0, 1, 2, 3, 4, 5, 6, 7, 8, 9]
[info] using task orders [0, 1, 2, 3, 4, 5, 6, 7, 8, 9]
[info] using task orders [0, 1, 2, 3, 4, 5, 6, 7, 8, 9]
[info] using task orders [0, 1, 2, 3, 4, 5, 6, 7, 8, 9]
Local assets not found. Downloading from HuggingFace Hub...Local assets not found. Downloading from HuggingFace Hub...Local assets not found. Downloading from HuggingFace Hub...


Assets already downloaded at /root/.cache/libero/assetsAssets already downloaded at /root/.cache/libero/assets

Assets already downloaded at /root/.cache/libero/assets
Local assets not found. Downloading from HuggingFace Hub...
Assets already downloaded at /root/.cache/libero/assets
Local assets not found. Downloading from HuggingFace Hub...
Assets already downloaded at /root/.cache/libero/assets
Local assets not found. Downloading from HuggingFace Hub...
Assets already downloaded at /root/.cache/libero/assets
batch libero_object:4 A20,step real=6/6 38.5 s brain 21.5 s 28 calls 115 rows
286/520 episodes, 7.00 s/episode, eta 0.46 h
batch libero_object:4 A20,step real=4/6 29.0 s brain 18.6 s 28 calls 99 rows
290/520 episodes, 7.01 s/episode, eta 0.45 h
batch libero_object:4 A40,step real=6/6 31.4 s brain 21.1 s 28 calls 114 rows
296/520 episodes, 6.97 s/episode, eta 0.43 h
batch libero_object:4 A40,step real=4/6 28.3 s brain 18.9 s 28 calls 99 rows
300/520 episodes, 6.97 s/episode, eta 0.43 h
[info] using task orders [0, 1, 2, 3, 4, 5, 6, 7, 8, 9]
[info] using task orders [0, 1, 2, 3, 4, 5, 6, 7, 8, 9]
[info] using task orders [0, 1, 2, 3, 4, 5, 6, 7, 8, 9]
[info] using task orders [0, 1, 2, 3, 4, 5, 6, 7, 8, 9]
[info] using task orders [0, 1, 2, 3, 4, 5, 6, 7, 8, 9]
[info] using task orders [0, 1, 2, 3, 4, 5, 6, 7, 8, 9]
[info] using task orders [0, 1, 2, 3, 4, 5, 6, 7, 8, 9]
Local assets not found. Downloading from HuggingFace Hub...Local assets not found. Downloading from HuggingFace Hub...

Assets already downloaded at /root/.cache/libero/assetsAssets already downloaded at /root/.cache/libero/assets

Local assets not found. Downloading from HuggingFace Hub...
Assets already downloaded at /root/.cache/libero/assets
Local assets not found. Downloading from HuggingFace Hub...
Assets already downloaded at /root/.cache/libero/assets
Local assets not found. Downloading from HuggingFace Hub...Local assets not found. Downloading from HuggingFace Hub...

Assets already downloaded at /root/.cache/libero/assets
Assets already downloaded at /root/.cache/libero/assets
batch libero_object:5 A20,step real=6/6 44.2 s brain 26.1 s 28 calls 154 rows
306/520 episodes, 6.99 s/episode, eta 0.42 h
batch libero_object:5 A20,step real=4/6 27.0 s brain 17.1 s 28 calls 82 rows
310/520 episodes, 6.98 s/episode, eta 0.41 h
batch libero_object:5 A40,step real=6/6 38.5 s brain 27.9 s 28 calls 168 rows
316/520 episodes, 6.97 s/episode, eta 0.40 h
batch libero_object:5 A40,step real=4/6 31.1 s brain 20.5 s 28 calls 112 rows
320/520 episodes, 6.98 s/episode, eta 0.39 h
[info] using task orders [0, 1, 2, 3, 4, 5, 6, 7, 8, 9]
[info] using task orders [0, 1, 2, 3, 4, 5, 6, 7, 8, 9]
[info] using task orders [0, 1, 2, 3, 4, 5, 6, 7, 8, 9]
[info] using task orders [0, 1, 2, 3, 4, 5, 6, 7, 8, 9]
[info] using task orders [0, 1, 2, 3, 4, 5, 6, 7, 8, 9]
[info] using task orders [0, 1, 2, 3, 4, 5, 6, 7, 8, 9]
[info] using task orders [0, 1, 2, 3, 4, 5, 6, 7, 8, 9]
Local assets not found. Downloading from HuggingFace Hub...Local assets not found. Downloading from HuggingFace Hub...
Local assets not found. Downloading from HuggingFace Hub...

Assets already downloaded at /root/.cache/libero/assets
Assets already downloaded at /root/.cache/libero/assets
Assets already downloaded at /root/.cache/libero/assets
Local assets not found. Downloading from HuggingFace Hub...
Local assets not found. Downloading from HuggingFace Hub...
Assets already downloaded at /root/.cache/libero/assets
Assets already downloaded at /root/.cache/libero/assets
Local assets not found. Downloading from HuggingFace Hub...
Assets already downloaded at /root/.cache/libero/assets
batch libero_object:6 A20,step real=6/6 43.0 s brain 24.9 s 28 calls 144 rows
326/520 episodes, 6.99 s/episode, eta 0.38 h
batch libero_object:6 A20,step real=4/6 25.1 s brain 16.0 s 28 calls 72 rows
330/520 episodes, 6.98 s/episode, eta 0.37 h
batch libero_object:6 A40,step real=6/6 32.9 s brain 22.8 s 28 calls 129 rows
336/520 episodes, 6.96 s/episode, eta 0.36 h
batch libero_object:6 A40,step real=4/6 27.6 s brain 17.7 s 28 calls 87 rows
340/520 episodes, 6.96 s/episode, eta 0.35 h
[info] using task orders [0, 1, 2, 3, 4, 5, 6, 7, 8, 9]
[info] using task orders [0, 1, 2, 3, 4, 5, 6, 7, 8, 9]
[info] using task orders [0, 1, 2, 3, 4, 5, 6, 7, 8, 9]
[info] using task orders [0, 1, 2, 3, 4, 5, 6, 7, 8, 9]
[info] using task orders [0, 1, 2, 3, 4, 5, 6, 7, 8, 9]
[info] using task orders [0, 1, 2, 3, 4, 5, 6, 7, 8, 9]
[info] using task orders [0, 1, 2, 3, 4, 5, 6, 7, 8, 9]
Local assets not found. Downloading from HuggingFace Hub...Local assets not found. Downloading from HuggingFace Hub...Local assets not found. Downloading from HuggingFace Hub...Local assets not found. Downloading from HuggingFace Hub...



Assets already downloaded at /root/.cache/libero/assetsAssets already downloaded at /root/.cache/libero/assetsAssets already downloaded at /root/.cache/libero/assetsAssets already downloaded at /root/.cache/libero/assets



Local assets not found. Downloading from HuggingFace Hub...Local assets not found. Downloading from HuggingFace Hub...

Assets already downloaded at /root/.cache/libero/assetsAssets already downloaded at /root/.cache/libero/assets

batch libero_object:7 A20,step real=6/6 43.2 s brain 26.0 s 28 calls 153 rows
346/520 episodes, 6.97 s/episode, eta 0.34 h
batch libero_object:7 A20,step real=4/6 27.1 s brain 17.2 s 28 calls 82 rows
350/520 episodes, 6.97 s/episode, eta 0.33 h
batch libero_object:7 A40,step real=6/6 35.2 s brain 24.3 s 28 calls 141 rows
356/520 episodes, 6.95 s/episode, eta 0.32 h
batch libero_object:7 A40,step real=4/6 28.4 s brain 18.9 s 28 calls 99 rows
360/520 episodes, 6.95 s/episode, eta 0.31 h
[info] using task orders [0, 1, 2, 3, 4, 5, 6, 7, 8, 9]
[info] using task orders [0, 1, 2, 3, 4, 5, 6, 7, 8, 9]
[info] using task orders [0, 1, 2, 3, 4, 5, 6, 7, 8, 9]
[info] using task orders [0, 1, 2, 3, 4, 5, 6, 7, 8, 9]
[info] using task orders [0, 1, 2, 3, 4, 5, 6, 7, 8, 9]
[info] using task orders [0, 1, 2, 3, 4, 5, 6, 7, 8, 9]
[info] using task orders [0, 1, 2, 3, 4, 5, 6, 7, 8, 9]
Local assets not found. Downloading from HuggingFace Hub...
Assets already downloaded at /root/.cache/libero/assets
Local assets not found. Downloading from HuggingFace Hub...Local assets not found. Downloading from HuggingFace Hub...

Assets already downloaded at /root/.cache/libero/assetsAssets already downloaded at /root/.cache/libero/assets

Local assets not found. Downloading from HuggingFace Hub...
Assets already downloaded at /root/.cache/libero/assets
Local assets not found. Downloading from HuggingFace Hub...
Assets already downloaded at /root/.cache/libero/assets
Local assets not found. Downloading from HuggingFace Hub...
Assets already downloaded at /root/.cache/libero/assets
batch libero_object:8 A20,step real=6/6 37.0 s brain 19.9 s 28 calls 105 rows
366/520 episodes, 6.94 s/episode, eta 0.30 h
batch libero_object:8 A20,step real=4/6 26.1 s brain 15.9 s 28 calls 73 rows
370/520 episodes, 6.94 s/episode, eta 0.29 h
batch libero_object:8 A40,step real=6/6 29.7 s brain 20.3 s 28 calls 105 rows
376/520 episodes, 6.91 s/episode, eta 0.28 h
batch libero_object:8 A40,step real=4/6 28.2 s brain 17.6 s 28 calls 87 rows
380/520 episodes, 6.91 s/episode, eta 0.27 h
[info] using task orders [0, 1, 2, 3, 4, 5, 6, 7, 8, 9]
[info] using task orders [0, 1, 2, 3, 4, 5, 6, 7, 8, 9]
[info] using task orders [0, 1, 2, 3, 4, 5, 6, 7, 8, 9]
[info] using task orders [0, 1, 2, 3, 4, 5, 6, 7, 8, 9]
[info] using task orders [0, 1, 2, 3, 4, 5, 6, 7, 8, 9]
[info] using task orders [0, 1, 2, 3, 4, 5, 6, 7, 8, 9]
[info] using task orders [0, 1, 2, 3, 4, 5, 6, 7, 8, 9]
Local assets not found. Downloading from HuggingFace Hub...
Assets already downloaded at /root/.cache/libero/assets
Local assets not found. Downloading from HuggingFace Hub...
Assets already downloaded at /root/.cache/libero/assets
Local assets not found. Downloading from HuggingFace Hub...
Assets already downloaded at /root/.cache/libero/assets
Local assets not found. Downloading from HuggingFace Hub...
Local assets not found. Downloading from HuggingFace Hub...
Assets already downloaded at /root/.cache/libero/assets
Assets already downloaded at /root/.cache/libero/assets
Local assets not found. Downloading from HuggingFace Hub...
Assets already downloaded at /root/.cache/libero/assets
batch libero_object:9 A20,step real=6/6 38.8 s brain 20.8 s 28 calls 110 rows
386/520 episodes, 6.91 s/episode, eta 0.26 h
batch libero_object:9 A20,step real=4/6 26.0 s brain 16.8 s 28 calls 81 rows
390/520 episodes, 6.90 s/episode, eta 0.25 h
batch libero_object:9 A40,step real=6/6 36.4 s brain 26.0 s 28 calls 153 rows
396/520 episodes, 6.89 s/episode, eta 0.24 h
batch libero_object:9 A40,step real=4/6 29.1 s brain 18.8 s 28 calls 99 rows
400/520 episodes, 6.89 s/episode, eta 0.23 h
[info] using task orders [0, 1, 2, 3, 4, 5, 6, 7, 8, 9]
[info] using task orders [0, 1, 2, 3, 4, 5, 6, 7, 8, 9]
[info] using task orders [0, 1, 2, 3, 4, 5, 6, 7, 8, 9]
[info] using task orders [0, 1, 2, 3, 4, 5, 6, 7, 8, 9]
[info] using task orders [0, 1, 2, 3, 4, 5, 6, 7, 8, 9]
[info] using task orders [0, 1, 2, 3, 4, 5, 6, 7, 8, 9]
[info] using task orders [0, 1, 2, 3, 4, 5, 6, 7, 8, 9]
Local assets not found. Downloading from HuggingFace Hub...Local assets not found. Downloading from HuggingFace Hub...
Assets already downloaded at /root/.cache/libero/assets

Assets already downloaded at /root/.cache/libero/assets
Local assets not found. Downloading from HuggingFace Hub...
Assets already downloaded at /root/.cache/libero/assets
Local assets not found. Downloading from HuggingFace Hub...
Assets already downloaded at /root/.cache/libero/assets
Local assets not found. Downloading from HuggingFace Hub...
Assets already downloaded at /root/.cache/libero/assets
Local assets not found. Downloading from HuggingFace Hub...
Assets already downloaded at /root/.cache/libero/assets
batch libero_goal:1 A20,step real=6/6 39.2 s brain 19.4 s 30 calls 96 rows
406/520 episodes, 6.89 s/episode, eta 0.22 h
batch libero_goal:1 A20,step real=4/6 30.5 s brain 19.2 s 30 calls 99 rows
410/520 episodes, 6.90 s/episode, eta 0.21 h
batch libero_goal:1 A40,step real=6/6 34.1 s brain 21.5 s 30 calls 117 rows
416/520 episodes, 6.88 s/episode, eta 0.20 h
batch libero_goal:1 A40,step real=4/6 30.3 s brain 19.0 s 30 calls 99 rows
420/520 episodes, 6.89 s/episode, eta 0.19 h
[info] using task orders [0, 1, 2, 3, 4, 5, 6, 7, 8, 9]
[info] using task orders [0, 1, 2, 3, 4, 5, 6, 7, 8, 9]
[info] using task orders [0, 1, 2, 3, 4, 5, 6, 7, 8, 9]
[info] using task orders [0, 1, 2, 3, 4, 5, 6, 7, 8, 9]
[info] using task orders [0, 1, 2, 3, 4, 5, 6, 7, 8, 9]
[info] using task orders [0, 1, 2, 3, 4, 5, 6, 7, 8, 9]
[info] using task orders [0, 1, 2, 3, 4, 5, 6, 7, 8, 9]
Local assets not found. Downloading from HuggingFace Hub...Local assets not found. Downloading from HuggingFace Hub...

Assets already downloaded at /root/.cache/libero/assetsAssets already downloaded at /root/.cache/libero/assets

Local assets not found. Downloading from HuggingFace Hub...
Assets already downloaded at /root/.cache/libero/assets
Local assets not found. Downloading from HuggingFace Hub...
Assets already downloaded at /root/.cache/libero/assets
Local assets not found. Downloading from HuggingFace Hub...
Assets already downloaded at /root/.cache/libero/assets
Local assets not found. Downloading from HuggingFace Hub...
Assets already downloaded at /root/.cache/libero/assets
batch libero_goal:2 A20,step real=6/6 42.4 s brain 24.2 s 30 calls 138 rows
426/520 episodes, 6.90 s/episode, eta 0.18 h
batch libero_goal:2 A20,step real=4/6 27.4 s brain 17.2 s 30 calls 79 rows
430/520 episodes, 6.90 s/episode, eta 0.17 h
batch libero_goal:2 A40,step real=6/6 36.1 s brain 24.2 s 30 calls 138 rows
436/520 episodes, 6.89 s/episode, eta 0.16 h
batch libero_goal:2 A40,step real=4/6 28.2 s brain 17.5 s 30 calls 79 rows
440/520 episodes, 6.89 s/episode, eta 0.15 h
[info] using task orders [0, 1, 2, 3, 4, 5, 6, 7, 8, 9]
[info] using task orders [0, 1, 2, 3, 4, 5, 6, 7, 8, 9]
[info] using task orders [0, 1, 2, 3, 4, 5, 6, 7, 8, 9]
[info] using task orders [0, 1, 2, 3, 4, 5, 6, 7, 8, 9]
[info] using task orders [0, 1, 2, 3, 4, 5, 6, 7, 8, 9]
[info] using task orders [0, 1, 2, 3, 4, 5, 6, 7, 8, 9]
[info] using task orders [0, 1, 2, 3, 4, 5, 6, 7, 8, 9]
Local assets not found. Downloading from HuggingFace Hub...
Local assets not found. Downloading from HuggingFace Hub...
Assets already downloaded at /root/.cache/libero/assets
Assets already downloaded at /root/.cache/libero/assets
Local assets not found. Downloading from HuggingFace Hub...
Local assets not found. Downloading from HuggingFace Hub...Local assets not found. Downloading from HuggingFace Hub...

Assets already downloaded at /root/.cache/libero/assets
Local assets not found. Downloading from HuggingFace Hub...
Assets already downloaded at /root/.cache/libero/assetsAssets already downloaded at /root/.cache/libero/assets

Assets already downloaded at /root/.cache/libero/assets
batch libero_goal:4 A20,step real=6/6 38.0 s brain 19.4 s 30 calls 94 rows
446/520 episodes, 6.88 s/episode, eta 0.14 h
batch libero_goal:4 A20,step real=4/6 25.5 s brain 14.2 s 30 calls 56 rows
450/520 episodes, 6.88 s/episode, eta 0.13 h
batch libero_goal:4 A40,step real=6/6 34.0 s brain 22.0 s 30 calls 117 rows
456/520 episodes, 6.86 s/episode, eta 0.12 h
batch libero_goal:4 A40,step real=4/6 25.3 s brain 13.9 s 30 calls 55 rows
460/520 episodes, 6.86 s/episode, eta 0.11 h
[info] using task orders [0, 1, 2, 3, 4, 5, 6, 7, 8, 9]
[info] using task orders [0, 1, 2, 3, 4, 5, 6, 7, 8, 9]
[info] using task orders [0, 1, 2, 3, 4, 5, 6, 7, 8, 9]
[info] using task orders [0, 1, 2, 3, 4, 5, 6, 7, 8, 9]
[info] using task orders [0, 1, 2, 3, 4, 5, 6, 7, 8, 9]
[info] using task orders [0, 1, 2, 3, 4, 5, 6, 7, 8, 9]
[info] using task orders [0, 1, 2, 3, 4, 5, 6, 7, 8, 9]
Local assets not found. Downloading from HuggingFace Hub...
Local assets not found. Downloading from HuggingFace Hub...
Assets already downloaded at /root/.cache/libero/assets
Assets already downloaded at /root/.cache/libero/assets
Local assets not found. Downloading from HuggingFace Hub...
Assets already downloaded at /root/.cache/libero/assets
Local assets not found. Downloading from HuggingFace Hub...
Assets already downloaded at /root/.cache/libero/assets
Local assets not found. Downloading from HuggingFace Hub...
Assets already downloaded at /root/.cache/libero/assets
Local assets not found. Downloading from HuggingFace Hub...
Assets already downloaded at /root/.cache/libero/assets
batch libero_goal:6 A20,step real=6/6 45.4 s brain 27.0 s 30 calls 158 rows
466/520 episodes, 6.87 s/episode, eta 0.10 h
batch libero_goal:6 A20,step real=4/6 33.2 s brain 22.1 s 30 calls 120 rows
470/520 episodes, 6.89 s/episode, eta 0.10 h
batch libero_goal:6 A40,step real=6/6 38.9 s brain 26.9 s 30 calls 159 rows
476/520 episodes, 6.88 s/episode, eta 0.08 h
batch libero_goal:6 A40,step real=4/6 30.9 s brain 19.8 s 30 calls 100 rows
480/520 episodes, 6.89 s/episode, eta 0.08 h
[info] using task orders [0, 1, 2, 3, 4, 5, 6, 7, 8, 9]
[info] using task orders [0, 1, 2, 3, 4, 5, 6, 7, 8, 9]
[info] using task orders [0, 1, 2, 3, 4, 5, 6, 7, 8, 9]
[info] using task orders [0, 1, 2, 3, 4, 5, 6, 7, 8, 9]
[info] using task orders [0, 1, 2, 3, 4, 5, 6, 7, 8, 9]
[info] using task orders [0, 1, 2, 3, 4, 5, 6, 7, 8, 9]
[info] using task orders [0, 1, 2, 3, 4, 5, 6, 7, 8, 9]
Local assets not found. Downloading from HuggingFace Hub...Local assets not found. Downloading from HuggingFace Hub...Local assets not found. Downloading from HuggingFace Hub...Local assets not found. Downloading from HuggingFace Hub...Local assets not found. Downloading from HuggingFace Hub...Local assets not found. Downloading from HuggingFace Hub...





Assets already downloaded at /root/.cache/libero/assetsAssets already downloaded at /root/.cache/libero/assetsAssets already downloaded at /root/.cache/libero/assetsAssets already downloaded at /root/.cache/libero/assetsAssets already downloaded at /root/.cache/libero/assetsAssets already downloaded at /root/.cache/libero/assets





batch libero_goal:8 A20,step real=6/6 40.2 s brain 21.7 s 30 calls 113 rows
486/520 episodes, 6.89 s/episode, eta 0.07 h
batch libero_goal:8 A20,step real=4/6 29.7 s brain 17.1 s 30 calls 77 rows
490/520 episodes, 6.89 s/episode, eta 0.06 h
batch libero_goal:8 A40,step real=6/6 33.3 s brain 21.4 s 30 calls 114 rows
496/520 episodes, 6.88 s/episode, eta 0.05 h
batch libero_goal:8 A40,step real=4/6 31.4 s brain 19.7 s 30 calls 98 rows
500/520 episodes, 6.89 s/episode, eta 0.04 h
[info] using task orders [0, 1, 2, 3, 4, 5, 6, 7, 8, 9]
[info] using task orders [0, 1, 2, 3, 4, 5, 6, 7, 8, 9]
[info] using task orders [0, 1, 2, 3, 4, 5, 6, 7, 8, 9]
[info] using task orders [0, 1, 2, 3, 4, 5, 6, 7, 8, 9]
[info] using task orders [0, 1, 2, 3, 4, 5, 6, 7, 8, 9]
[info] using task orders [0, 1, 2, 3, 4, 5, 6, 7, 8, 9]
[info] using task orders [0, 1, 2, 3, 4, 5, 6, 7, 8, 9]
Local assets not found. Downloading from HuggingFace Hub...
Assets already downloaded at /root/.cache/libero/assets
Local assets not found. Downloading from HuggingFace Hub...
Assets already downloaded at /root/.cache/libero/assets
Local assets not found. Downloading from HuggingFace Hub...
Assets already downloaded at /root/.cache/libero/assets
Local assets not found. Downloading from HuggingFace Hub...
Local assets not found. Downloading from HuggingFace Hub...Assets already downloaded at /root/.cache/libero/assets

Local assets not found. Downloading from HuggingFace Hub...
Assets already downloaded at /root/.cache/libero/assets
Assets already downloaded at /root/.cache/libero/assets
batch libero_goal:9 A20,step real=6/6 44.0 s brain 25.8 s 30 calls 149 rows
506/520 episodes, 6.90 s/episode, eta 0.03 h
batch libero_goal:9 A20,step real=4/6 27.7 s brain 16.3 s 30 calls 72 rows
510/520 episodes, 6.90 s/episode, eta 0.02 h
batch libero_goal:9 A40,step real=6/6 36.9 s brain 26.0 s 30 calls 150 rows
516/520 episodes, 6.89 s/episode, eta 0.01 h
batch libero_goal:9 A40,step real=4/6 31.6 s brain 20.3 s 30 calls 108 rows
520/520 episodes, 6.89 s/episode, eta 0.00 h
[09:00:59] pass 2 skipped: pass 1 exited cleanly, no failed batch
